id,name,column,handle,url,verdict,detail,action
1401815,"Aagaard, Jacob",chesscom,GMJacobAagaard,https://www.chess.com/member/GMJacobAagaard,alive,200,no action
1401815,"Aagaard, Jacob",chesscomPlayer,jacob-aagaard,https://www.chess.com/players/jacob-aagaard,alive,200,no action
1401815,"Aagaard, Jacob",chessgames,35994,https://www.chessgames.com/perl/chessplayer?pid=35994,alive,200,no action
1401815,"Aagaard, Jacob",lichess,JacobAagaard,https://lichess.org/@/JacobAagaard,alive,200,no action
45059756,Aarav Dengla,chesscomPlayer,aarav-dengla,https://www.chess.com/players/aarav-dengla,alive,200,no action
45048975,Aaryan Varshney,chesscomPlayer,aaryan-varshney,https://www.chess.com/players/aaryan-varshney,alive,200,no action
13402960,"Abasov, Nijat",chesscom,AbasovN,https://www.chess.com/member/AbasovN,alive,200,no action
13402960,"Abasov, Nijat",chesscomPlayer,nijat-abasov,https://www.chess.com/players/nijat-abasov,alive,200,no action
13402960,"Abasov, Nijat",chessgames,110381,https://www.chessgames.com/perl/chessplayer?pid=110381,alive,200,no action
13402960,"Abasov, Nijat",lichess,AbasovN,https://lichess.org/@/AbasovN,unknown,rate limited (HTTP 429),"rate-limited or server error - not judged, will be retried"
13402960,"Abasov, Nijat",facebook,abasov.nijat,,unchecked,returns HTTP 400 to all automated requests,cannot be tested from a server - left in place
13402960,"Abasov, Nijat",instagram,abasovnijat,,unchecked,login wall answers 200 for missing profiles,cannot be tested from a server - left in place
12501000,"Abbasifar, Hasan",chesscomPlayer,hasan-abbasifar,https://www.chess.com/players/hasan-abbasifar,alive,200,no action
12501000,"Abbasifar, Hasan",chessgames,58114,https://www.chessgames.com/perl/chessplayer?pid=58114,alive,200,no action
13400665,"Abbasov, Farid",chesscomPlayer,farid-abbasov,https://www.chess.com/players/farid-abbasov,alive,200,no action
13400665,"Abbasov, Farid",chessgames,49449,https://www.chessgames.com/perl/chessplayer?pid=49449,alive,200,no action
14206323,"Abdisalimov, Abdimalik",chesscom,Abdimalik_Abdisalimov,https://www.chess.com/member/Abdimalik_Abdisalimov,alive,200,no action
14206323,"Abdisalimov, Abdimalik",chesscomPlayer,abdumalik1912,https://www.chess.com/players/abdumalik1912,dead,HTTP 404,removed from roster.csv - replace with the current handle if you find one
14206323,"Abdisalimov, Abdimalik",chessgames,158375,https://www.chessgames.com/perl/chessplayer?pid=158375,alive,200,no action
14206323,"Abdisalimov, Abdimalik",lichess,Abdisalimov,https://lichess.org/@/Abdisalimov,dead,HTTP 404,removed from roster.csv - replace with the current handle if you find one
13703544,"Abdumalik, Zhansaya",chesscom,ZAbdumalik,https://www.chess.com/member/ZAbdumalik,alive,200,no action
13703544,"Abdumalik, Zhansaya",chesscomPlayer,zhansaya-abdumalik,https://www.chess.com/players/zhansaya-abdumalik,alive,200,no action
13703544,"Abdumalik, Zhansaya",chessgames,113680,https://www.chessgames.com/perl/chessplayer?pid=113680,alive,200,no action
13703544,"Abdumalik, Zhansaya",website,http://www.chessacademy.kz,http://www.chessacademy.kz,alive,200,no action
13703544,"Abdumalik, Zhansaya",facebook,zhansaya.abdumalik,,unchecked,returns HTTP 400 to all automated requests,cannot be tested from a server - left in place
13703544,"Abdumalik, Zhansaya",instagram,zhansaya_abdumalik,,unchecked,login wall answers 200 for missing profiles,cannot be tested from a server - left in place
13703544,"Abdumalik, Zhansaya",twitch,ZAbdumalik,,unchecked,app shell answers 200 for missing channels,cannot be tested from a server - left in place
14204118,"Abdusattorov, Nodirbek",chesscom,ChessWarrior7197,https://www.chess.com/member/ChessWarrior7197,alive,200,no action
14204118,"Abdusattorov, Nodirbek",chesscomPlayer,nodirbek-abdusattorov,https://www.chess.com/players/nodirbek-abdusattorov,alive,200,no action
14204118,"Abdusattorov, Nodirbek",chessgames,149949,https://www.chessgames.com/perl/chessplayer?pid=149949,alive,200,no action
14204118,"Abdusattorov, Nodirbek",lichess,chesswarrior04,https://lichess.org/@/chesswarrior04,unknown,rate limited (HTTP 429),"rate-limited or server error - not judged, will be retried"
14204118,"Abdusattorov, Nodirbek",website,https://nodirbekchess.com/uz/,https://nodirbekchess.com/uz/,alive,200,no action
14204118,"Abdusattorov, Nodirbek",instagram,abdusattorov_nodirbek_official,,unchecked,login wall answers 200 for missing profiles,cannot be tested from a server - left in place
14204118,"Abdusattorov, Nodirbek",youtube,UCcAU5XhWBJj8fDmGDZ6S-JQ,,unchecked,consent page answers 200 for missing channels,cannot be tested from a server - left in place
14204118,"Abdusattorov, Nodirbek",twitch,chesswarrior2004,,unchecked,app shell answers 200 for missing channels,cannot be tested from a server - left in place
614890,"Abergel, Thal",chesscom,Kovkov,https://www.chess.com/member/Kovkov,alive,200,no action
614890,"Abergel, Thal",chesscomPlayer,thal-abergel,https://www.chess.com/players/thal-abergel,alive,200,no action
614890,"Abergel, Thal",chessgames,51933,https://www.chessgames.com/perl/chessplayer?pid=51933,alive,200,no action
614890,"Abergel, Thal",lichess,FunkyChess,https://lichess.org/@/FunkyChess,unknown,rate limited (HTTP 429),"rate-limited or server error - not judged, will be retried"
900206,"Abramović, Boško",chesscomPlayer,bosko-abramovic,https://www.chess.com/players/bosko-abramovic,alive,200,no action
900206,"Abramović, Boško",chessgames,15490,https://www.chessgames.com/perl/chessplayer?pid=15490,alive,200,no action
3502589,"Abreu Delgado, Aryam",chesscom,AryamAbreu,https://www.chess.com/member/AryamAbreu,alive,200,no action
3502589,"Abreu Delgado, Aryam",chesscomPlayer,aryam-abreu-delgado,https://www.chess.com/players/aryam-abreu-delgado,alive,200,no action
3502589,"Abreu Delgado, Aryam",chessgames,49086,https://www.chessgames.com/perl/chessplayer?pid=49086,alive,200,no action
708020,"Acs, Peter",chesscomPlayer,peter-acs,https://www.chess.com/players/peter-acs,alive,200,no action
708020,"Acs, Peter",chessgames,31033,https://www.chessgames.com/perl/chessplayer?pid=31033,alive,200,no action
727709,"Aczel, Gergely",chesscomPlayer,gergely-aczel,https://www.chess.com/players/gergely-aczel,alive,200,no action
727709,"Aczel, Gergely",chessgames,139197,https://www.chessgames.com/perl/chessplayer?pid=139197,alive,200,no action
400041,"Adams, Michael",chesscom,GMMickeyAdams,https://www.chess.com/member/GMMickeyAdams,alive,200,no action
400041,"Adams, Michael",chesscomPlayer,michael-adams,https://www.chess.com/players/michael-adams,alive,200,no action
400041,"Adams, Michael",chessgames,10900,https://www.chessgames.com/perl/chessplayer?pid=10900,alive,200,no action
400041,"Adams, Michael",x,MickeyAdamsGM,https://x.com/MickeyAdamsGM,alive,200,no action
400041,"Adams, Michael",website,https://michaeladamschess.co.uk,https://michaeladamschess.co.uk,alive,200,no action
5018471,"Adhiban, B.",chesscom,fireheart92,https://www.chess.com/member/fireheart92,alive,200,no action
5018471,"Adhiban, B.",chesscomPlayer,baskaran-adhiban,https://www.chess.com/players/baskaran-adhiban,alive,200,no action
5018471,"Adhiban, B.",chessgames,117280,https://www.chessgames.com/perl/chessplayer?pid=117280,alive,200,no action
5018471,"Adhiban, B.",x,adhibanchess,https://x.com/adhibanchess,alive,200,no action
5018471,"Adhiban, B.",facebook,adhiban,,unchecked,returns HTTP 400 to all automated requests,cannot be tested from a server - left in place
5018471,"Adhiban, B.",instagram,adhibanchess,,unchecked,login wall answers 200 for missing profiles,cannot be tested from a server - left in place
35042025,Aditya Mittal,chesscom,vinniethepooh,https://www.chess.com/member/vinniethepooh,alive,200,no action
35042025,Aditya Mittal,chesscomPlayer,aditya-mittal,https://www.chess.com/players/aditya-mittal,alive,200,no action
35042025,Aditya Mittal,chessgames,155275,https://www.chessgames.com/perl/chessplayer?pid=155275,alive,200,no action
10601619,"Adly, Ahmed",chesscom,A-Adly,https://www.chess.com/member/A-Adly,alive,200,no action
10601619,"Adly, Ahmed",chesscomPlayer,ahmed-adly,https://www.chess.com/players/ahmed-adly,alive,200,no action
10601619,"Adly, Ahmed",chessgames,49127,https://www.chessgames.com/perl/chessplayer?pid=49127,alive,200,no action
10601619,"Adly, Ahmed",lichess,GMadly,https://lichess.org/@/GMadly,unknown,rate limited (HTTP 429),"rate-limited or server error - not judged, will be retried"
700096,"Adorján, András",chesscomPlayer,andras-adorjan,https://www.chess.com/players/andras-adorjan,alive,200,no action
700096,"Adorján, András",chessgames,14589,https://www.chessgames.com/perl/chessplayer?pid=14589,alive,200,no action
24183555,"Afanasiev, Nikita",chesscom,Rainmond,https://www.chess.com/member/Rainmond,alive,200,no action
24183555,"Afanasiev, Nikita",chesscomPlayer,nikita-afanasiev,https://www.chess.com/players/nikita-afanasiev,unknown,rate limited (HTTP 429),"rate-limited or server error - not judged, will be retried"
24183555,"Afanasiev, Nikita",chessgames,141302,https://www.chessgames.com/perl/chessplayer?pid=141302,alive,200,no action
24183555,"Afanasiev, Nikita",lichess,Hotprimus,https://lichess.org/@/Hotprimus,unknown,rate limited (HTTP 429),"rate-limited or server error - not judged, will be retried"
13401718,"Agaragimov, Djakhangir",chesscomPlayer,djakhangir-agaragimov,https://www.chess.com/players/djakhangir-agaragimov,unknown,rate limited (HTTP 429),"rate-limited or server error - not judged, will be retried"
13401718,"Agaragimov, Djakhangir",chessgames,80801,https://www.chessgames.com/perl/chessplayer?pid=80801,alive,200,no action
1500015,"Agdestein, Simen",chesscom,Grukjr,https://www.chess.com/member/Grukjr,alive,200,no action
1500015,"Agdestein, Simen",chesscomPlayer,simen-agdestein,https://www.chess.com/players/simen-agdestein,unknown,rate limited (HTTP 429),"rate-limited or server error - not judged, will be retried"
1500015,"Agdestein, Simen",chessgames,14040,https://www.chessgames.com/perl/chessplayer?pid=14040,alive,200,no action
13400215,"Aghamaliyev, Cemil",chesscom,gmgamil,https://www.chess.com/member/gmgamil,alive,200,no action
13400215,"Aghamaliyev, Cemil",chesscomPlayer,gamil-agamaliev,https://www.chess.com/players/gamil-agamaliev,unknown,rate limited (HTTP 429),"rate-limited or server error - not judged, will be retried"
13400215,"Aghamaliyev, Cemil",chessgames,98974,https://www.chessgames.com/perl/chessplayer?pid=98974,alive,200,no action
13302841,"Aghasaryan, Robert",chesscom,GMChessrob,https://www.chess.com/member/GMChessrob,alive,200,no action
13302841,"Aghasaryan, Robert",chesscomPlayer,robert-aghasaryan,https://www.chess.com/players/robert-aghasaryan,unknown,rate limited (HTTP 429),"rate-limited or server error - not judged, will be retried"
13302841,"Aghasaryan, Robert",chessgames,113373,https://www.chessgames.com/perl/chessplayer?pid=113373,alive,200,no action
13302841,"Aghasaryan, Robert",lichess,Dr_Chessrob,https://lichess.org/@/Dr_Chessrob,alive,200,no action
13708309,"Agmanov, Zhandos",chesscomPlayer,zhandos-agmanov,https://www.chess.com/players/zhandos-agmanov,unknown,rate limited (HTTP 429),"rate-limited or server error - not judged, will be retried"
13708309,"Agmanov, Zhandos",chessgames,154678,https://www.chessgames.com/perl/chessplayer?pid=154678,alive,200,no action
1705024,"Agrest, Evgenij",chesscom,etserga,https://www.chess.com/member/etserga,alive,200,no action
1705024,"Agrest, Evgenij",chesscomPlayer,evgeny-agrest,https://www.chess.com/players/evgeny-agrest,unknown,rate limited (HTTP 429),"rate-limited or server error - not judged, will be retried"
1705024,"Agrest, Evgenij",chessgames,18229,https://www.chessgames.com/perl/chessplayer?pid=18229,alive,200,no action
3508455,"Aguero Jimenez, Luis Lazaro",chesscomPlayer,luis-lazaro-aguero-jimenez,https://www.chess.com/players/luis-lazaro-aguero-jimenez,unknown,rate limited (HTTP 429),"rate-limited or server error - not judged, will be retried"
3508455,"Aguero Jimenez, Luis Lazaro",chessgames,133278,https://www.chessgames.com/perl/chessplayer?pid=133278,alive,200,no action
8103178,"Ahmad, Al Khatib",chesscom,ahmad_alkhatib11,https://www.chess.com/member/ahmad_alkhatib11,alive,200,no action
8103178,"Ahmad, Al Khatib",chesscomPlayer,al-khatib-ahmad,https://www.chess.com/players/al-khatib-ahmad,unknown,rate limited (HTTP 429),"rate-limited or server error - not judged, will be retried"
8103178,"Ahmad, Al Khatib",chessgames,128025,https://www.chessgames.com/perl/chessplayer?pid=128025,alive,200,no action
13413007,"Ahmadzada, Ahmad",chesscomPlayer,ahmad-ahmadzada,https://www.chess.com/players/ahmad-ahmadzada,unknown,rate limited (HTTP 429),"rate-limited or server error - not judged, will be retried"
13413007,"Ahmadzada, Ahmad",chessgames,154706,https://www.chessgames.com/perl/chessplayer?pid=154706,alive,200,no action
14109069,"Ajrapetjan, Yuriy",chesscom,yuriy88,https://www.chess.com/member/yuriy88,alive,200,no action
14109069,"Ajrapetjan, Yuriy",chesscomPlayer,yuriy-ajrapetjan,https://www.chess.com/players/yuriy-ajrapetjan,unknown,rate limited (HTTP 429),"rate-limited or server error - not judged, will be retried"
14109069,"Ajrapetjan, Yuriy",chessgames,87001,https://www.chessgames.com/perl/chessplayer?pid=87001,alive,200,no action
5040299,Akash G,chesscom,gakashchess,https://www.chess.com/member/gakashchess,alive,200,no action
5040299,Akash G,chesscomPlayer,akash-g,https://www.chess.com/players/akash-g,unknown,rate limited (HTTP 429),"rate-limited or server error - not judged, will be retried"
5040299,Akash G,chessgames,141946,https://www.chessgames.com/perl/chessplayer?pid=141946,alive,200,no action
4131045,"Akbaev, Kazbek",chesscomPlayer,kazbek-akbaev,https://www.chess.com/players/kazbek-akbaev,unknown,rate limited (HTTP 429),"rate-limited or server error - not judged, will be retried"
4131045,"Akbaev, Kazbek",chessgames,76737,https://www.chessgames.com/perl/chessplayer?pid=76737,alive,200,no action
1700120,"Akesson, Ralf",chesscom,Ralf61,https://www.chess.com/member/Ralf61,alive,200,no action
1700120,"Akesson, Ralf",chesscomPlayer,ralf-akesson,https://www.chess.com/players/ralf-akesson,unknown,rate limited (HTTP 429),"rate-limited or server error - not judged, will be retried"
1700120,"Akesson, Ralf",chessgames,21594,https://www.chessgames.com/perl/chessplayer?pid=21594,alive,200,no action
13300580,"Akobian, Varuzhan",chesscom,GMAkobianSTL,https://www.chess.com/member/GMAkobianSTL,alive,200,no action
13300580,"Akobian, Varuzhan",chesscomPlayer,varuzhan-akobian,https://www.chess.com/players/varuzhan-akobian,unknown,rate limited (HTTP 429),"rate-limited or server error - not judged, will be retried"
13300580,"Akobian, Varuzhan",chessgames,51148,https://www.chessgames.com/perl/chessplayer?pid=51148,alive,200,no action
13300580,"Akobian, Varuzhan",website,http://www.akobian.com,http://www.akobian.com,alive,200,no action
13300032,"Akopian, Vladimir",chesscom,GMValeduser,https://www.chess.com/member/GMValeduser,alive,200,no action
13300032,"Akopian, Vladimir",chesscomPlayer,vladimir-akopian,https://www.chess.com/players/vladimir-akopian,unknown,rate limited (HTTP 429),"rate-limited or server error - not judged, will be retried"
13300032,"Akopian, Vladimir",chessgames,14125,https://www.chessgames.com/perl/chessplayer?pid=14125,alive,200,no action
5012414,"Akshayraj, Kore",chesscom,Akshayraj_Kore,https://www.chess.com/member/Akshayraj_Kore,alive,200,no action
5012414,"Akshayraj, Kore",chesscomPlayer,akshayraj-kore,https://www.chess.com/players/akshayraj-kore,unknown,rate limited (HTTP 429),"rate-limited or server error - not judged, will be retried"
5012414,"Akshayraj, Kore",chessgames,79905,https://www.chessgames.com/perl/chessplayer?pid=79905,alive,200,no action
12100030,"Al-Mudahka, Mohd",chesscomPlayer,mohammed-al-modiahki,https://www.chess.com/players/mohammed-al-modiahki,unknown,rate limited (HTTP 429),"rate-limited or server error - not judged, will be retried"
12100030,"Al-Mudahka, Mohd",chessgames,41384,https://www.chessgames.com/perl/chessplayer?pid=41384,alive,200,no action
12100196,"Al-Sayed, Mohammed",chesscom,gmalsayed,https://www.chess.com/member/gmalsayed,alive,200,no action
12100196,"Al-Sayed, Mohammed",chesscomPlayer,mohamad-naser-al-sayed,https://www.chess.com/players/mohamad-naser-al-sayed,unknown,rate limited (HTTP 429),"rate-limited or server error - not judged, will be retried"
12100196,"Al-Sayed, Mohammed",chessgames,49491,https://www.chessgames.com/perl/chessplayer?pid=49491,alive,200,no action
4120612,"Alavkin, Arseny",chesscom,Niktlt,https://www.chess.com/member/Niktlt,alive,200,no action
4120612,"Alavkin, Arseny",chesscomPlayer,arseny-alavkin,https://www.chess.com/players/arseny-alavkin,unknown,rate limited (HTTP 429),"rate-limited or server error - not judged, will be retried"
4120612,"Alavkin, Arseny",chessgames,50144,https://www.chessgames.com/perl/chessplayer?pid=50144,alive,200,no action
3518736,"Albornoz Cabrera, Carlos Daniel",chesscom,CarlosAlbornoz,https://www.chess.com/member/CarlosAlbornoz,alive,200,no action
3518736,"Albornoz Cabrera, Carlos Daniel",chesscomPlayer,carlos-daniel-albornoz-cabrera,https://www.chess.com/players/carlos-daniel-albornoz-cabrera,unknown,rate limited (HTTP 429),"rate-limited or server error - not judged, will be retried"
3518736,"Albornoz Cabrera, Carlos Daniel",chessgames,157841,https://www.chessgames.com/perl/chessplayer?pid=157841,alive,200,no action
3518736,"Albornoz Cabrera, Carlos Daniel",facebook,GMCarlosDanielAlbornozCabrera,,unchecked,returns HTTP 400 to all automated requests,cannot be tested from a server - left in place
3518736,"Albornoz Cabrera, Carlos Daniel",instagram,carlosdanielalbornozcabrera,,unchecked,login wall answers 200 for missing profiles,cannot be tested from a server - left in place
2000156,"Alburt, Lev",chesscomPlayer,lev-alburt,https://www.chess.com/players/lev-alburt,unknown,rate limited (HTTP 429),"rate-limited or server error - not judged, will be retried"
2000156,"Alburt, Lev",chessgames,15271,https://www.chessgames.com/perl/chessplayer?pid=15271,alive,200,no action
13500139,"Aleksandrov, Aleksej",chesscom,aleksandrovaleksei,https://www.chess.com/member/aleksandrovaleksei,alive,200,no action
13500139,"Aleksandrov, Aleksej",chesscomPlayer,aleksej-aleksandrov,https://www.chess.com/players/aleksej-aleksandrov,unknown,rate limited (HTTP 429),"rate-limited or server error - not judged, will be retried"
13500139,"Aleksandrov, Aleksej",chessgames,17278,https://www.chessgames.com/perl/chessplayer?pid=17278,alive,200,no action
13500139,"Aleksandrov, Aleksej",lichess,ALEKSANDROV73,https://lichess.org/@/ALEKSANDROV73,unknown,rate limited (HTTP 429),"rate-limited or server error - not judged, will be retried"
4135539,"Alekseenko, Kirill",chesscom,BilodeauA,https://www.chess.com/member/BilodeauA,alive,200,no action
4135539,"Alekseenko, Kirill",chesscomPlayer,kirill-alekseenko,https://www.chess.com/players/kirill-alekseenko,unknown,rate limited (HTTP 429),"rate-limited or server error - not judged, will be retried"
4135539,"Alekseenko, Kirill",chessgames,117648,https://www.chessgames.com/perl/chessplayer?pid=117648,alive,200,no action
4135539,"Alekseenko, Kirill",facebook,kirill.alekseenko.3,,unchecked,returns HTTP 400 to all automated requests,cannot be tested from a server - left in place
4135539,"Alekseenko, Kirill",instagram,kirill.alexx,,unchecked,login wall answers 200 for missing profiles,cannot be tested from a server - left in place
4138147,"Alekseev, Evgeny",chesscom,evgchess5,https://www.chess.com/member/evgchess5,alive,200,no action
4138147,"Alekseev, Evgeny",chesscomPlayer,evgeny-alekseev,https://www.chess.com/players/evgeny-alekseev,unknown,rate limited (HTTP 429),"rate-limited or server error - not judged, will be retried"
4138147,"Alekseev, Evgeny",chessgames,68679,https://www.chessgames.com/perl/chessplayer?pid=68679,alive,200,no action
4277023,"Alexakis, Dimitris",chesscom,tacticthunder,https://www.chess.com/member/tacticthunder,alive,200,no action
4277023,"Alexakis, Dimitris",chesscomPlayer,dimitris-alexakis,https://www.chess.com/players/dimitris-alexakis,unknown,rate limited (HTTP 429),"rate-limited or server error - not judged, will be retried"
6300529,"Ali Marandi, Cemil Can",chesscom,Last7Samurai,https://www.chess.com/member/Last7Samurai,alive,200,no action
6300529,"Ali Marandi, Cemil Can",chesscomPlayer,cemil-can-ali-marandi,https://www.chess.com/players/cemil-can-ali-marandi,alive,200,no action
6300529,"Ali Marandi, Cemil Can",chessgames,131631,https://www.chessgames.com/perl/chessplayer?pid=131631,alive,200,no action
6300529,"Ali Marandi, Cemil Can",lichess,Last7Samurai,https://lichess.org/@/Last7Samurai,unknown,rate limited (HTTP 429),"rate-limited or server error - not judged, will be retried"
702293,"Almasi, Zoltan",chesscomPlayer,zoltan-almasi,https://www.chess.com/players/zoltan-almasi,unknown,rate limited (HTTP 429),"rate-limited or server error - not judged, will be retried"
702293,"Almasi, Zoltan",chessgames,14210,https://www.chessgames.com/perl/chessplayer?pid=14210,alive,200,no action
3503313,"Almeida Quintana, Omar",chesscom,GMALMEIDA,https://www.chess.com/member/GMALMEIDA,alive,200,no action
3503313,"Almeida Quintana, Omar",chesscomPlayer,omar-almeida-quintana,https://www.chess.com/players/omar-almeida-quintana,unknown,rate limited (HTTP 429),"rate-limited or server error - not judged, will be retried"
3503313,"Almeida Quintana, Omar",chessgames,49104,https://www.chessgames.com/perl/chessplayer?pid=49104,alive,200,no action
2270544,"Alonso Rosell, Alvar",chesscom,iwanyu,https://www.chess.com/member/iwanyu,alive,200,no action
2270544,"Alonso Rosell, Alvar",chesscomPlayer,alvar-alonso-rosell,https://www.chess.com/players/alvar-alonso-rosell,unknown,rate limited (HTTP 429),"rate-limited or server error - not judged, will be retried"
2270544,"Alonso Rosell, Alvar",chessgames,96082,https://www.chessgames.com/perl/chessplayer?pid=96082,alive,200,no action
105198,"Alonso, Salvador",chesscom,gaizca,https://www.chess.com/member/gaizca,alive,200,no action
105198,"Alonso, Salvador",chesscomPlayer,salvador-alonso,https://www.chess.com/players/salvador-alonso,alive,200,no action
105198,"Alonso, Salvador",chessgames,20995,https://www.chessgames.com/perl/chessplayer?pid=20995,alive,200,no action
2252627,"Alsina Leal, Daniel",chesscomPlayer,daniel-alsina-leal,https://www.chess.com/players/daniel-alsina-leal,unknown,rate limited (HTTP 429),"rate-limited or server error - not judged, will be retried"
2252627,"Alsina Leal, Daniel",chessgames,53885,https://www.chessgames.com/perl/chessplayer?pid=53885,alive,200,no action
2801906,"Alterman, Boris",chesscomPlayer,boris-alterman,https://www.chess.com/players/boris-alterman,unknown,rate limited (HTTP 429),"rate-limited or server error - not judged, will be retried"
2801906,"Alterman, Boris",chessgames,17034,https://www.chessgames.com/perl/chessplayer?pid=17034,alive,200,no action
3507408,"Alvarez Pedraza, Aramis",chesscom,pollo2016,https://www.chess.com/member/pollo2016,alive,200,no action
3507408,"Alvarez Pedraza, Aramis",chesscomPlayer,aramis-alvarez-pedraza,https://www.chess.com/players/aramis-alvarez-pedraza,unknown,rate limited (HTTP 429),"rate-limited or server error - not judged, will be retried"
3507408,"Alvarez Pedraza, Aramis",chessgames,109958,https://www.chessgames.com/perl/chessplayer?pid=109958,alive,200,no action
14000652,"Amanov, Mesgen",chesscom,mesgen,https://www.chess.com/member/mesgen,alive,200,no action
14000652,"Amanov, Mesgen",chesscomPlayer,mesgen-amanov,https://www.chess.com/players/mesgen-amanov,unknown,rate limited (HTTP 429),"rate-limited or server error - not judged, will be retried"
14000652,"Amanov, Mesgen",chessgames,56753,https://www.chessgames.com/perl/chessplayer?pid=56753,alive,200,no action
1533533,"Amar, Elham",chesscom,Twitch_ElhamBlitz05,https://www.chess.com/member/Twitch_ElhamBlitz05,alive,200,no action
1533533,"Amar, Elham",chesscomPlayer,elham-abdrlauf,https://www.chess.com/players/elham-abdrlauf,unknown,rate limited (HTTP 429),"rate-limited or server error - not judged, will be retried"
1533533,"Amar, Elham",chessgames,160425,https://www.chessgames.com/perl/chessplayer?pid=160425,alive,200,no action
1533533,"Amar, Elham",x,abdrlauf,https://x.com/abdrlauf,alive,200,no action
10601457,"Amin, Bassem",chesscom,Dr-Bassem,https://www.chess.com/member/Dr-Bassem,alive,200,no action
10601457,"Amin, Bassem",chesscomPlayer,bassem-amin,https://www.chess.com/players/bassem-amin,unknown,rate limited (HTTP 429),"rate-limited or server error - not judged, will be retried"
10601457,"Amin, Bassem",chessgames,87335,https://www.chessgames.com/perl/chessplayer?pid=87335,alive,200,no action
10601457,"Amin, Bassem",x,GMBassemAmin,https://x.com/GMBassemAmin,alive,200,no action
10601457,"Amin, Bassem",facebook,GMBassemAmin,,unchecked,returns HTTP 400 to all automated requests,cannot be tested from a server - left in place
10601457,"Amin, Bassem",instagram,gm_bassem_amin,,unchecked,login wall answers 200 for missing profiles,cannot be tested from a server - left in place
10601457,"Amin, Bassem",youtube,UC7tkW4B7RUEQmBbMPcMriEQ,,unchecked,consent page answers 200 for missing channels,cannot be tested from a server - left in place
14700077,"Amonatov, Farrukh",chesscom,Farrukh_Amonatov,https://www.chess.com/member/Farrukh_Amonatov,alive,200,no action
14700077,"Amonatov, Farrukh",chesscomPlayer,farrukh-amonatov,https://www.chess.com/players/farrukh-amonatov,unknown,rate limited (HTTP 429),"rate-limited or server error - not judged, will be retried"
14700077,"Amonatov, Farrukh",chessgames,50168,https://www.chessgames.com/perl/chessplayer?pid=50168,alive,200,no action
4204077,"Anagnostopoulos, Dimitri",chesscomPlayer,dimitri-anagnostopoulos,https://www.chess.com/players/dimitri-anagnostopoulos,unknown,rate limited (HTTP 429),"rate-limited or server error - not judged, will be retried"
4204077,"Anagnostopoulos, Dimitri",chessgames,53956,https://www.chessgames.com/perl/chessplayer?pid=53956,alive,200,no action
5000017,"Anand, Viswanathan",chesscom,TheVish,https://www.chess.com/member/TheVish,alive,200,no action
5000017,"Anand, Viswanathan",chesscomPlayer,viswanathan-anand,https://www.chess.com/players/viswanathan-anand,alive,200,no action
5000017,"Anand, Viswanathan",chessgames,12088,https://www.chessgames.com/perl/chessplayer?pid=12088,alive,200,no action
5000017,"Anand, Viswanathan",lichess,Mas_Vishy,https://lichess.org/@/Mas_Vishy,alive,200,no action
5000017,"Anand, Viswanathan",x,vishy64theking,https://x.com/vishy64theking,alive,200,no action
5000017,"Anand, Viswanathan",instagram,vishy.mindmaster,,unchecked,login wall answers 200 for missing profiles,cannot be tested from a server - left in place
1413864,"Andersen, Mads",chesscomPlayer,mads-andersen,https://www.chess.com/players/mads-andersen,unknown,rate limited (HTTP 429),"rate-limited or server error - not judged, will be retried"
1413864,"Andersen, Mads",chessgames,105215,https://www.chessgames.com/perl/chessplayer?pid=105215,alive,200,no action
1700014,"Andersson, Ulf",chesscomPlayer,ulf-andersson,https://www.chess.com/players/ulf-andersson,unknown,rate limited (HTTP 429),"rate-limited or server error - not judged, will be retried"
1700014,"Andersson, Ulf",chessgames,12112,https://www.chessgames.com/perl/chessplayer?pid=12112,alive,200,no action
14103400,"Andreev, Eduard",chesscom,Gmedmundo,https://www.chess.com/member/Gmedmundo,alive,200,no action
14103400,"Andreev, Eduard",chesscomPlayer,eduard-andreev,https://www.chess.com/players/eduard-andreev,unknown,rate limited (HTTP 429),"rate-limited or server error - not judged, will be retried"
14103400,"Andreev, Eduard",chessgames,56967,https://www.chessgames.com/perl/chessplayer?pid=56967,alive,200,no action
4158814,"Andreikin, Dmitry",chesscom,FairChess_on_YouTube,https://www.chess.com/member/FairChess_on_YouTube,alive,200,no action
4158814,"Andreikin, Dmitry",chesscomPlayer,dmitry-andreikin,https://www.chess.com/players/dmitry-andreikin,alive,200,no action
4158814,"Andreikin, Dmitry",chessgames,49702,https://www.chessgames.com/perl/chessplayer?pid=49702,alive,200,no action
4158814,"Andreikin, Dmitry",lichess,Vladimirovich9000,https://lichess.org/@/Vladimirovich9000,alive,200,no action
4158814,"Andreikin, Dmitry",instagram,vladimirovich9000,,unchecked,login wall answers 200 for missing profiles,cannot be tested from a server - left in place
4158814,"Andreikin, Dmitry",youtube,UC_y-BTpEOK3p1RUVpx71KYg,,unchecked,consent page answers 200 for missing channels,cannot be tested from a server - left in place
13302000,"Andriasian, Zaven",chesscom,Zaven_ChessMood,https://www.chess.com/member/Zaven_ChessMood,alive,200,no action
13302000,"Andriasian, Zaven",chesscomPlayer,zaven-andriasian,https://www.chess.com/players/zaven-andriasian,unknown,rate limited (HTTP 429),"rate-limited or server error - not judged, will be retried"
13302000,"Andriasian, Zaven",chessgames,84227,https://www.chessgames.com/perl/chessplayer?pid=84227,alive,200,no action
13302000,"Andriasian, Zaven",lichess,Zaven_ChessMood,https://lichess.org/@/Zaven_ChessMood,alive,200,no action
602612,"Anic, Darko",chesscom,zadarchess,https://www.chess.com/member/zadarchess,alive,200,no action
602612,"Anic, Darko",chesscomPlayer,darko-anic,https://www.chess.com/players/darko-anic,unknown,rate limited (HTTP 429),"rate-limited or server error - not judged, will be retried"
602612,"Anic, Darko",chessgames,17308,https://www.chessgames.com/perl/chessplayer?pid=17308,alive,200,no action
4135229,"Anisimov, Pavel",chesscom,PaulfromSPb,https://www.chess.com/member/PaulfromSPb,alive,200,no action
4135229,"Anisimov, Pavel",chesscomPlayer,pavel-anisimov,https://www.chess.com/players/pavel-anisimov,unknown,rate limited (HTTP 429),"rate-limited or server error - not judged, will be retried"
4135229,"Anisimov, Pavel",chessgames,49079,https://www.chessgames.com/perl/chessplayer?pid=49079,alive,200,no action
4135229,"Anisimov, Pavel",lichess,PaulfromSPb,https://lichess.org/@/PaulfromSPb,alive,200,no action
700754,"Anka, Emil",chesscom,EmilAnka,https://www.chess.com/member/EmilAnka,alive,200,no action
700754,"Anka, Emil",chesscomPlayer,emil-anka,https://www.chess.com/players/emil-anka,alive,200,no action
700754,"Anka, Emil",chessgames,18196,https://www.chessgames.com/perl/chessplayer?pid=18196,alive,200,no action
5023335,"Ankit, R. Rajpara",chesscom,Checkmate_107,https://www.chess.com/member/Checkmate_107,alive,200,no action
5023335,"Ankit, R. Rajpara",chesscomPlayer,ankit-rajpara,https://www.chess.com/players/ankit-rajpara,unknown,rate limited (HTTP 429),"rate-limited or server error - not judged, will be retried"
5023335,"Ankit, R. Rajpara",chessgames,117473,https://www.chessgames.com/perl/chessplayer?pid=117473,alive,200,no action
14000563,"Annaberdiyev, Meylis",chesscomPlayer,meilis-annaberdiev,https://www.chess.com/players/meilis-annaberdiev,unknown,rate limited (HTTP 429),"rate-limited or server error - not judged, will be retried"
14000563,"Annaberdiyev, Meylis",chessgames,53982,https://www.chessgames.com/perl/chessplayer?pid=53982,alive,200,no action
14000016,"Annageldyev, Orazly",chesscomPlayer,orazly-annageldyev,https://www.chess.com/players/orazly-annageldyev,unknown,rate limited (HTTP 429),"rate-limited or server error - not judged, will be retried"
14000016,"Annageldyev, Orazly",chessgames,53020,https://www.chessgames.com/perl/chessplayer?pid=53020,alive,200,no action
14000032,"Annakov, Babakuli",chesscomPlayer,babakuli-annakov,https://www.chess.com/players/babakuli-annakov,unknown,rate limited (HTTP 429),"rate-limited or server error - not judged, will be retried"
14000032,"Annakov, Babakuli",chessgames,19874,https://www.chessgames.com/perl/chessplayer?pid=19874,alive,200,no action
13715658,"Ansat, Aldiyar",chesscomPlayer,aldiyar-ansat,https://www.chess.com/players/aldiyar-ansat,alive,200,no action
13715658,"Ansat, Aldiyar",chessgames,156478,https://www.chessgames.com/perl/chessplayer?pid=156478,alive,200,no action
13715658,"Ansat, Aldiyar",lichess,Chefot,https://lichess.org/@/Chefot,dead,HTTP 404,removed from roster.csv - replace with the current handle if you find one
717312,"Antal, Gergely",chesscomPlayer,gergely-antal,https://www.chess.com/players/gergely-antal,unknown,rate limited (HTTP 429),"rate-limited or server error - not judged, will be retried"
717312,"Antal, Gergely",chessgames,50407,https://www.chessgames.com/perl/chessplayer?pid=50407,alive,200,no action
901008,"Antic, Dejan",chesscom,GMAntic,https://www.chess.com/member/GMAntic,alive,200,no action
901008,"Antic, Dejan",chesscomPlayer,dejan-antic,https://www.chess.com/players/dejan-antic,unknown,rate limited (HTTP 429),"rate-limited or server error - not judged, will be retried"
901008,"Antic, Dejan",chessgames,28784,https://www.chessgames.com/perl/chessplayer?pid=28784,alive,200,no action
4107012,"Antipov, Mikhail Al.",chesscom,Antipov_Mikhail_Al,https://www.chess.com/member/Antipov_Mikhail_Al,alive,200,no action
4107012,"Antipov, Mikhail Al.",chesscomPlayer,mikhail-al-antipov,https://www.chess.com/players/mikhail-al-antipov,unknown,rate limited (HTTP 429),"rate-limited or server error - not judged, will be retried"
4107012,"Antipov, Mikhail Al.",chessgames,121886,https://www.chessgames.com/perl/chessplayer?pid=121886,alive,200,no action
2285525,"Anton Guijarro, David",chesscom,tptagain,https://www.chess.com/member/tptagain,alive,200,no action
2285525,"Anton Guijarro, David",chesscomPlayer,david-anton-guijarro,https://www.chess.com/players/david-anton-guijarro,alive,200,no action
2285525,"Anton Guijarro, David",chessgames,131813,https://www.chessgames.com/perl/chessplayer?pid=131813,alive,200,no action
1111078,"Antoniewski, Rafal",chesscom,GMBellicose,https://www.chess.com/member/GMBellicose,alive,200,no action
1111078,"Antoniewski, Rafal",chesscomPlayer,rafal-antoniewski,https://www.chess.com/players/rafal-antoniewski,unknown,rate limited (HTTP 429),"rate-limited or server error - not judged, will be retried"
1111078,"Antoniewski, Rafal",chessgames,55107,https://www.chessgames.com/perl/chessplayer?pid=55107,alive,200,no action
5200032,"Antonio, Rogelio Jr",chesscom,gmjoey1,https://www.chess.com/member/gmjoey1,alive,200,no action
5200032,"Antonio, Rogelio Jr",chesscomPlayer,rogelio-antonio-jr,https://www.chess.com/players/rogelio-antonio-jr,unknown,rate limited (HTTP 429),"rate-limited or server error - not judged, will be retried"
5200032,"Antonio, Rogelio Jr",chessgames,14444,https://www.chessgames.com/perl/chessplayer?pid=14444,alive,200,no action
5200032,"Antonio, Rogelio Jr",lichess,GMJOEY93,https://lichess.org/@/GMJOEY93,dead,HTTP 404,removed from roster.csv - replace with the current handle if you find one
1900013,"Antunes, Antonio",chesscomPlayer,antonio-antunes,https://www.chess.com/players/antonio-antunes,unknown,rate limited (HTTP 429),"rate-limited or server error - not judged, will be retried"
1900013,"Antunes, Antonio",chessgames,16998,https://www.chessgames.com/perl/chessplayer?pid=16998,alive,200,no action
5024366,"Anurag, Mhamal",chesscom,Anurag328,https://www.chess.com/member/Anurag328,alive,200,no action
5024366,"Anurag, Mhamal",chesscomPlayer,anurag-mhamal,https://www.chess.com/players/anurag-mhamal,alive,200,no action
5024366,"Anurag, Mhamal",chessgames,117406,https://www.chessgames.com/perl/chessplayer?pid=117406,alive,200,no action
600164,"Apicella, Manuel",chesscom,Hyxiom,https://www.chess.com/member/Hyxiom,alive,200,no action
600164,"Apicella, Manuel",chesscomPlayer,manuel-apicella,https://www.chess.com/players/manuel-apicella,unknown,rate limited (HTTP 429),"rate-limited or server error - not judged, will be retried"
600164,"Apicella, Manuel",chessgames,27273,https://www.chessgames.com/perl/chessplayer?pid=27273,alive,200,no action
4600924,"Appel, Ralf",chesscomPlayer,ralf-appel,https://www.chess.com/players/ralf-appel,unknown,rate limited (HTTP 429),"rate-limited or server error - not judged, will be retried"
4600924,"Appel, Ralf",chessgames,26324,https://www.chessgames.com/perl/chessplayer?pid=26324,alive,200,no action
13600168,"Arakhamia-Grant, Ketevan",chesscom,KetiGrant,https://www.chess.com/member/KetiGrant,alive,200,no action
13600168,"Arakhamia-Grant, Ketevan",chesscomPlayer,ketevan-arakhamia-grant,https://www.chess.com/players/ketevan-arakhamia-grant,unknown,rate limited (HTTP 429),"rate-limited or server error - not judged, will be retried"
13600168,"Arakhamia-Grant, Ketevan",chessgames,12540,https://www.chessgames.com/perl/chessplayer?pid=12540,alive,200,no action
5072786,"Aravindh, Chithambaram VR.",chesscom,Vaathi_Coming,https://www.chess.com/member/Vaathi_Coming,alive,200,no action
5072786,"Aravindh, Chithambaram VR.",chesscomPlayer,aravindh-chithambaram,https://www.chess.com/players/aravindh-chithambaram,alive,200,no action
5072786,"Aravindh, Chithambaram VR.",chessgames,131329,https://www.chessgames.com/perl/chessplayer?pid=131329,alive,200,no action
5072786,"Aravindh, Chithambaram VR.",lichess,hitter1999,https://lichess.org/@/hitter1999,alive,200,no action
4403177,"Arenas, David",chesscom,davidarenas1224,https://www.chess.com/member/davidarenas1224,alive,200,no action
4403177,"Arenas, David",chesscomPlayer,david-arenas,https://www.chess.com/players/david-arenas,unknown,rate limited (HTTP 429),"rate-limited or server error - not judged, will be retried"
4403177,"Arenas, David",chessgames,118551,https://www.chessgames.com/perl/chessplayer?pid=118551,alive,200,no action
4403177,"Arenas, David",x,mi_arenas,https://x.com/mi_arenas,alive,200,no action
3500012,"Arencibia Rodriguez, Walter",chesscom,Arencibia,https://www.chess.com/member/Arencibia,alive,200,no action
3500012,"Arencibia Rodriguez, Walter",chesscomPlayer,walter-arencibia-rodriguez,https://www.chess.com/players/walter-arencibia-rodriguez,unknown,rate limited (HTTP 429),"rate-limited or server error - not judged, will be retried"
3500012,"Arencibia Rodriguez, Walter",chessgames,29190,https://www.chessgames.com/perl/chessplayer?pid=29190,alive,200,no action
14109530,"Areshchenko, Alexander",chesscomPlayer,alexander-areshchenko,https://www.chess.com/players/alexander-areshchenko,unknown,rate limited (HTTP 429),"rate-limited or server error - not judged, will be retried"
14109530,"Areshchenko, Alexander",chessgames,10862,https://www.chessgames.com/perl/chessplayer?pid=10862,alive,200,no action
2205092,"Arizmendi Martinez, Julen Luis",chesscomPlayer,julen-luis-arizmendi-martinez,https://www.chess.com/players/julen-luis-arizmendi-martinez,unknown,rate limited (HTTP 429),"rate-limited or server error - not judged, will be retried"
2205092,"Arizmendi Martinez, Julen Luis",chessgames,49105,https://www.chessgames.com/perl/chessplayer?pid=49105,alive,200,no action
35018701,Arjun Kalyan,chesscom,Anonymous1762,https://www.chess.com/member/Anonymous1762,dead,HTTP 404,removed from roster.csv - replace with the current handle if you find one
35018701,Arjun Kalyan,chesscomPlayer,arjun-kalyan,https://www.chess.com/players/arjun-kalyan,alive,200,no action
35018701,Arjun Kalyan,chessgames,155085,https://www.chessgames.com/perl/chessplayer?pid=155085,alive,200,no action
400270,"Arkell, Keith C",chesscom,KeithArkell,https://www.chess.com/member/KeithArkell,alive,200,no action
400270,"Arkell, Keith C",chesscomPlayer,keith-c-arkell,https://www.chess.com/players/keith-c-arkell,unknown,rate limited (HTTP 429),"rate-limited or server error - not judged, will be retried"
400270,"Arkell, Keith C",chessgames,13774,https://www.chessgames.com/perl/chessplayer?pid=13774,alive,200,no action
400270,"Arkell, Keith C",lichess,Atomrod,https://lichess.org/@/Atomrod,alive,200,no action
4101146,"Arkhipov, Sergey",chesscomPlayer,sergey-arkhipov,https://www.chess.com/players/sergey-arkhipov,unknown,rate limited (HTTP 429),"rate-limited or server error - not judged, will be retried"
4101146,"Arkhipov, Sergey",chessgames,16948,https://www.chessgames.com/perl/chessplayer?pid=16948,alive,200,no action
2300036,"Arnason, Jon L",chesscom,Dumbo32,https://www.chess.com/member/Dumbo32,alive,200,no action
2300036,"Arnason, Jon L",chesscomPlayer,jon-l-arnason,https://www.chess.com/players/jon-l-arnason,unknown,rate limited (HTTP 429),"rate-limited or server error - not judged, will be retried"
2300036,"Arnason, Jon L",chessgames,13837,https://www.chessgames.com/perl/chessplayer?pid=13837,alive,200,no action
2907127,"Arnaudov, G. Petar",chesscom,ArnaudovP,https://www.chess.com/member/ArnaudovP,dead,HTTP 404,removed from roster.csv - replace with the current handle if you find one
2907127,"Arnaudov, G. Petar",chesscomPlayer,g-petar-arnaudov,https://www.chess.com/players/g-petar-arnaudov,alive,200,no action
2907127,"Arnaudov, G. Petar",chessgames,106854,https://www.chessgames.com/perl/chessplayer?pid=106854,alive,200,no action
2907127,"Arnaudov, G. Petar",lichess,PArnaudov,https://lichess.org/@/PArnaudov,alive,200,no action
2022320,"Arnold, Marc",chesscom,MarcTArnold,https://www.chess.com/member/MarcTArnold,alive,200,no action
2022320,"Arnold, Marc",chesscomPlayer,marc-tyler-arnold,https://www.chess.com/players/marc-tyler-arnold,unknown,rate limited (HTTP 429),"rate-limited or server error - not judged, will be retried"
2022320,"Arnold, Marc",chessgames,57309,https://www.chessgames.com/perl/chessplayer?pid=57309,alive,200,no action
13300474,"Aronian, Levon",chesscom,LevonAronian,https://www.chess.com/member/LevonAronian,alive,200,no action
13300474,"Aronian, Levon",chesscomPlayer,levon-aronian,https://www.chess.com/players/levon-aronian,unknown,rate limited (HTTP 429),"rate-limited or server error - not judged, will be retried"
13300474,"Aronian, Levon",chessgames,17316,https://www.chessgames.com/perl/chessplayer?pid=17316,alive,200,no action
13300474,"Aronian, Levon",x,LevAronian,https://x.com/LevAronian,alive,200,no action
13300474,"Aronian, Levon",facebook,LevAronian,,unchecked,returns HTTP 400 to all automated requests,cannot be tested from a server - left in place
13300474,"Aronian, Levon",youtube,UCpuYLVa9hMbgaw6O7YNkp7A,,unchecked,consent page answers 200 for missing channels,cannot be tested from a server - left in place
25072846,Aronyak Ghosh,chesscom,Aronyak1,https://www.chess.com/member/Aronyak1,alive,200,no action
25072846,Aronyak Ghosh,chesscomPlayer,aronyak-ghosh,https://www.chess.com/players/aronyak-ghosh,unknown,rate limited (HTTP 429),"rate-limited or server error - not judged, will be retried"
25072846,Aronyak Ghosh,chessgames,160798,https://www.chessgames.com/perl/chessplayer?pid=160798,alive,200,no action
25072846,Aronyak Ghosh,lichess,Aronyak1,https://lichess.org/@/Aronyak1,alive,200,no action
25072846,Aronyak Ghosh,facebook,aronyak.chess,,unchecked,returns HTTP 400 to all automated requests,cannot be tested from a server - left in place
13601865,"Aroshidze, Levan",chesscom,brightthunder,https://www.chess.com/member/brightthunder,alive,200,no action
13601865,"Aroshidze, Levan",chesscomPlayer,levan-aroshidze,https://www.chess.com/players/levan-aroshidze,alive,200,no action
13601865,"Aroshidze, Levan",chessgames,50109,https://www.chessgames.com/perl/chessplayer?pid=50109,alive,200,no action
13601865,"Aroshidze, Levan",lichess,Demon-Hunter,https://lichess.org/@/Demon-Hunter,alive,200,no action
2283352,"Arribas Lopez, Angel",chesscom,FatUpss,https://www.chess.com/member/FatUpss,alive,200,no action
2283352,"Arribas Lopez, Angel",chesscomPlayer,angel-arribas-lopez,https://www.chess.com/players/angel-arribas-lopez,unknown,rate limited (HTTP 429),"rate-limited or server error - not judged, will be retried"
2283352,"Arribas Lopez, Angel",chessgames,95922,https://www.chessgames.com/perl/chessplayer?pid=95922,alive,200,no action
24101605,"Artemiev, Vladislav",chesscom,Sibelephant,https://www.chess.com/member/Sibelephant,alive,200,no action
24101605,"Artemiev, Vladislav",chesscomPlayer,vladislav-artemiev,https://www.chess.com/players/vladislav-artemiev,unknown,rate limited (HTTP 429),"rate-limited or server error - not judged, will be retried"
24101605,"Artemiev, Vladislav",chessgames,137614,https://www.chessgames.com/perl/chessplayer?pid=137614,alive,200,no action
24101605,"Artemiev, Vladislav",lichess,Konevlad,https://lichess.org/@/Konevlad,alive,200,no action
5011167,"Arun Prasad, S.",chesscom,gmarunchess,https://www.chess.com/member/gmarunchess,alive,200,no action
5011167,"Arun Prasad, S.",chesscomPlayer,subramanian-arun-prasad,https://www.chess.com/players/subramanian-arun-prasad,unknown,rate limited (HTTP 429),"rate-limited or server error - not judged, will be retried"
5011167,"Arun Prasad, S.",chessgames,80800,https://www.chessgames.com/perl/chessplayer?pid=80800,alive,200,no action
5011167,"Arun Prasad, S.",website,https://gmarunchess.com,https://gmarunchess.com,alive,200,no action
13601741,"Arutinian, David",chesscom,David_Arutinian,https://www.chess.com/member/David_Arutinian,alive,200,no action
13601741,"Arutinian, David",chesscomPlayer,david-arutinian,https://www.chess.com/players/david-arutinian,alive,200,no action
13601741,"Arutinian, David",chessgames,50088,https://www.chessgames.com/perl/chessplayer?pid=50088,alive,200,no action
13601741,"Arutinian, David",lichess,Davjan,https://lichess.org/@/Davjan,alive,200,no action
5084423,Aryan Chopra,chesscom,Deadeye10,https://www.chess.com/member/Deadeye10,alive,200,no action
5084423,Aryan Chopra,chesscomPlayer,aryan-chopra,https://www.chess.com/players/aryan-chopra,unknown,rate limited (HTTP 429),"rate-limited or server error - not judged, will be retried"
5084423,Aryan Chopra,chessgames,117361,https://www.chessgames.com/perl/chessplayer?pid=117361,alive,200,no action
13300660,"Arzumanian, Georgii",chesscomPlayer,georgy-arsumanjan,https://www.chess.com/players/georgy-arsumanjan,unknown,rate limited (HTTP 429),"rate-limited or server error - not judged, will be retried"
13300660,"Arzumanian, Georgii",chessgames,56969,https://www.chessgames.com/perl/chessplayer?pid=56969,alive,200,no action
13300660,"Arzumanian, Georgii",x,momuss,https://x.com/momuss,alive,200,no action
13405764,"Asadli, Vugar",chesscom,AsadliVugar,https://www.chess.com/member/AsadliVugar,alive,200,no action
13405764,"Asadli, Vugar",chesscomPlayer,vugar-asadli,https://www.chess.com/players/vugar-asadli,unknown,rate limited (HTTP 429),"rate-limited or server error - not judged, will be retried"
13405764,"Asadli, Vugar",chessgames,153015,https://www.chessgames.com/perl/chessplayer?pid=153015,alive,200,no action
13700049,"Asanov, Bolat",chesscomPlayer,bolat-asanov,https://www.chess.com/players/bolat-asanov,alive,200,no action
13700049,"Asanov, Bolat",chessgames,16903,https://www.chessgames.com/perl/chessplayer?pid=16903,alive,200,no action
2001012,"Ashley, Maurice",chesscom,GMAshley,https://www.chess.com/member/GMAshley,alive,200,no action
2001012,"Ashley, Maurice",chesscomPlayer,maurice-ashley,https://www.chess.com/players/maurice-ashley,unknown,rate limited (HTTP 429),"rate-limited or server error - not judged, will be retried"
2001012,"Ashley, Maurice",chessgames,21714,https://www.chessgames.com/perl/chessplayer?pid=21714,alive,200,no action
2001012,"Ashley, Maurice",x,MauriceAshley,https://x.com/MauriceAshley,alive,200,no action
2001012,"Ashley, Maurice",website,https://mauriceashley.com/,https://mauriceashley.com/,alive,200,no action
2001012,"Ashley, Maurice",facebook,grandmastermauricea,,unchecked,returns HTTP 400 to all automated requests,cannot be tested from a server - left in place
2001012,"Ashley, Maurice",instagram,mauriceashleychess,,unchecked,login wall answers 200 for missing profiles,cannot be tested from a server - left in place
2001012,"Ashley, Maurice",twitch,GMAshley,,unchecked,app shell answers 200 for missing channels,cannot be tested from a server - left in place
5018137,"Ashwin, Jayaram",chesscom,LadheezWousharounm,https://www.chess.com/member/LadheezWousharounm,alive,200,no action
5018137,"Ashwin, Jayaram",chesscomPlayer,jayaram-ashwin,https://www.chess.com/players/jayaram-ashwin,unknown,rate limited (HTTP 429),"rate-limited or server error - not judged, will be retried"
5018137,"Ashwin, Jayaram",chessgames,113316,https://www.chessgames.com/perl/chessplayer?pid=113316,alive,200,no action
2260735,"Asis Gargatagli, Hipolito",chesscom,Guachiney,https://www.chess.com/member/Guachiney,alive,200,no action
2260735,"Asis Gargatagli, Hipolito",chesscomPlayer,hipolito-asis-gargatagli,https://www.chess.com/players/hipolito-asis-gargatagli,unknown,rate limited (HTTP 429),"rate-limited or server error - not judged, will be retried"
2260735,"Asis Gargatagli, Hipolito",chessgames,98806,https://www.chessgames.com/perl/chessplayer?pid=98806,alive,200,no action
2260735,"Asis Gargatagli, Hipolito",lichess,ChermanTrawz,https://lichess.org/@/ChermanTrawz,alive,200,no action
4141229,"Askarov, Marat",chesscomPlayer,marat-askarov,https://www.chess.com/players/marat-askarov,unknown,rate limited (HTTP 429),"rate-limited or server error - not judged, will be retried"
4141229,"Askarov, Marat",chessgames,78952,https://www.chessgames.com/perl/chessplayer?pid=78952,alive,200,no action
13708694,"Assaubayeva, Bibisara",chesscom,SaraBlackPanther,https://www.chess.com/member/SaraBlackPanther,alive,200,no action
13708694,"Assaubayeva, Bibisara",chesscomPlayer,bibisara-assaubayeva,https://www.chess.com/players/bibisara-assaubayeva,alive,200,no action
13708694,"Assaubayeva, Bibisara",chessgames,147741,https://www.chessgames.com/perl/chessplayer?pid=147741,alive,200,no action
14001101,"Atabayev, Maksat",chesscom,Maksat-94,https://www.chess.com/member/Maksat-94,alive,200,no action
14001101,"Atabayev, Maksat",chesscomPlayer,maksat-atabayev,https://www.chess.com/players/maksat-atabayev,unknown,rate limited (HTTP 429),"rate-limited or server error - not judged, will be retried"
14001101,"Atabayev, Maksat",chessgames,109538,https://www.chessgames.com/perl/chessplayer?pid=109538,alive,200,no action
14001101,"Atabayev, Maksat",lichess,Maksat-94,https://lichess.org/@/Maksat-94,alive,200,no action
14000571,"Atabayev, Saparmyrat",chesscom,AtabayevSaparmyrat,https://www.chess.com/member/AtabayevSaparmyrat,alive,200,no action
14000571,"Atabayev, Saparmyrat",chesscomPlayer,saparmyrat-atabayev,https://www.chess.com/players/saparmyrat-atabayev,unknown,rate limited (HTTP 429),"rate-limited or server error - not judged, will be retried"
14000571,"Atabayev, Saparmyrat",chessgames,129552,https://www.chessgames.com/perl/chessplayer?pid=129552,alive,200,no action
14001128,"Atabayev, Yusup",chesscomPlayer,yusup-atabayev,https://www.chess.com/players/yusup-atabayev,unknown,rate limited (HTTP 429),"rate-limited or server error - not judged, will be retried"
14001128,"Atabayev, Yusup",chessgames,127367,https://www.chessgames.com/perl/chessplayer?pid=127367,alive,200,no action
14401487,"Atalik, Suat",chesscom,Atalik,https://www.chess.com/member/Atalik,alive,200,no action
14401487,"Atalik, Suat",chesscomPlayer,suat-atalik,https://www.chess.com/players/suat-atalik,alive,200,no action
14401487,"Atalik, Suat",chessgames,17359,https://www.chessgames.com/perl/chessplayer?pid=17359,alive,200,no action
2623897,"Atanasov, Anthony",chesscomPlayer,anthony-atanasov,https://www.chess.com/players/anthony-atanasov,unknown,rate limited (HTTP 429),"rate-limited or server error - not judged, will be retried"
4101529,"Averbakh, Yuri L.",chesscomPlayer,yuri-averbakh,https://www.chess.com/players/yuri-averbakh,unknown,rate limited (HTTP 429),"rate-limited or server error - not judged, will be retried"
4101529,"Averbakh, Yuri L.",chessgames,20559,https://www.chessgames.com/perl/chessplayer?pid=20559,alive,200,no action
14109743,"Aveskulov, Valeriy",chesscom,LuckyTiger,https://www.chess.com/member/LuckyTiger,alive,200,no action
14109743,"Aveskulov, Valeriy",chesscomPlayer,valeriy-aveskulov,https://www.chess.com/players/valeriy-aveskulov,unknown,rate limited (HTTP 429),"rate-limited or server error - not judged, will be retried"
14109743,"Aveskulov, Valeriy",chessgames,99144,https://www.chessgames.com/perl/chessplayer?pid=99144,alive,200,no action
14109743,"Aveskulov, Valeriy",lichess,AttackWithBlack,https://lichess.org/@/AttackWithBlack,alive,200,no action
14109743,"Aveskulov, Valeriy",x,ChessTao,https://x.com/ChessTao,alive,200,no action
4437128,"Avila Pavas, Santiago",chesscom,Caracternin123,https://www.chess.com/member/Caracternin123,alive,200,no action
4437128,"Avila Pavas, Santiago",chesscomPlayer,santiago-avila-pavas,https://www.chess.com/players/santiago-avila-pavas,alive,200,no action
4437128,"Avila Pavas, Santiago",chessgames,156035,https://www.chessgames.com/perl/chessplayer?pid=156035,alive,200,no action
2803895,"Avrukh, Boris",chesscom,Contora,https://www.chess.com/member/Contora,alive,200,no action
2803895,"Avrukh, Boris",chesscomPlayer,boris-avrukh,https://www.chess.com/players/boris-avrukh,unknown,rate limited (HTTP 429),"rate-limited or server error - not judged, will be retried"
2803895,"Avrukh, Boris",chessgames,18270,https://www.chessgames.com/perl/chessplayer?pid=18270,alive,200,no action
2803895,"Avrukh, Boris",website,http://avrukhboris.wordpress.com/,http://avrukhboris.wordpress.com/,alive,200,no action
13501470,"Azarov, Sergei",chesscom,SergeiAza,https://www.chess.com/member/SergeiAza,alive,200,no action
13501470,"Azarov, Sergei",chesscomPlayer,sergei-azarov,https://www.chess.com/players/sergei-azarov,unknown,rate limited (HTTP 429),"rate-limited or server error - not judged, will be retried"
13501470,"Azarov, Sergei",chessgames,17281,https://www.chessgames.com/perl/chessplayer?pid=17281,alive,200,no action
13601326,"Azmaiparashvili, Zurab",chesscom,ZURAAZMAI,https://www.chess.com/member/ZURAAZMAI,alive,200,no action
13601326,"Azmaiparashvili, Zurab",chesscomPlayer,zurab-azmaiparashvili,https://www.chess.com/players/zurab-azmaiparashvili,unknown,rate limited (HTTP 429),"rate-limited or server error - not judged, will be retried"
13601326,"Azmaiparashvili, Zurab",chessgames,14175,https://www.chessgames.com/perl/chessplayer?pid=14175,alive,200,no action
13400681,"Babaev, Rashad",chesscom,Rabachess,https://www.chess.com/member/Rabachess,alive,200,no action
13400681,"Babaev, Rashad",chesscomPlayer,rashad-babaev,https://www.chess.com/players/rashad-babaev,alive,200,no action
13400681,"Babaev, Rashad",chessgames,51727,https://www.chessgames.com/perl/chessplayer?pid=51727,alive,200,no action
13400681,"Babaev, Rashad",website,https://rashadbabaev.com/,https://rashadbabaev.com/,alive,200,no action
13301993,"Babujian, Levon",chesscomPlayer,levon-babujian,https://www.chess.com/players/levon-babujian,unknown,rate limited (HTTP 429),"rate-limited or server error - not judged, will be retried"
13301993,"Babujian, Levon",chessgames,93765,https://www.chessgames.com/perl/chessplayer?pid=93765,alive,200,no action
301264,"Babula, Vlastimil",chesscomPlayer,vlastimil-babula,https://www.chess.com/players/vlastimil-babula,unknown,rate limited (HTTP 429),"rate-limited or server error - not judged, will be retried"
301264,"Babula, Vlastimil",chessgames,19825,https://www.chessgames.com/perl/chessplayer?pid=19825,alive,200,no action
2500914,"Baburin, Alexander",chesscomPlayer,alexander-baburin,https://www.chess.com/players/alexander-baburin,unknown,rate limited (HTTP 429),"rate-limited or server error - not judged, will be retried"
2500914,"Baburin, Alexander",chessgames,14466,https://www.chessgames.com/perl/chessplayer?pid=14466,alive,200,no action
3507416,"Bacallao Alonso, Yusnel",chesscom,Bacallao2019,https://www.chess.com/member/Bacallao2019,alive,200,no action
3507416,"Bacallao Alonso, Yusnel",chesscomPlayer,yusnel-bacallao-alonso,https://www.chess.com/players/yusnel-bacallao-alonso,unknown,rate limited (HTTP 429),"rate-limited or server error - not judged, will be retried"
3507416,"Bacallao Alonso, Yusnel",chessgames,131801,https://www.chessgames.com/perl/chessplayer?pid=131801,alive,200,no action
3507416,"Bacallao Alonso, Yusnel",lichess,Bacallao2019,https://lichess.org/@/Bacallao2019,alive,200,no action
3700488,"Bachmann, Axel",chesscom,chito89,https://www.chess.com/member/chito89,alive,200,no action
3700488,"Bachmann, Axel",chesscomPlayer,axel-bachmann,https://www.chess.com/players/axel-bachmann,alive,200,no action
3700488,"Bachmann, Axel",chessgames,56835,https://www.chessgames.com/perl/chessplayer?pid=56835,alive,200,no action
3700488,"Bachmann, Axel",lichess,ABachmann,https://lichess.org/@/ABachmann,alive,200,no action
605506,"Bacrot, Etienne",chesscom,baki83,https://www.chess.com/member/baki83,alive,200,no action
605506,"Bacrot, Etienne",chesscomPlayer,etienne-bacrot,https://www.chess.com/players/etienne-bacrot,unknown,rate limited (HTTP 429),"rate-limited or server error - not judged, will be retried"
605506,"Bacrot, Etienne",chessgames,29565,https://www.chessgames.com/perl/chessplayer?pid=29565,alive,200,no action
605506,"Bacrot, Etienne",lichess,AlphaEchecs,https://lichess.org/@/AlphaEchecs,dead,HTTP 404,removed from roster.csv - replace with the current handle if you find one
1200038,"Badea, Bela",chesscomPlayer,bela-badea,https://www.chess.com/players/bela-badea,unknown,rate limited (HTTP 429),"rate-limited or server error - not judged, will be retried"
1200038,"Badea, Bela",chessgames,15837,https://www.chessgames.com/perl/chessplayer?pid=15837,alive,200,no action
13600133,"Bagaturov, Giorgi",chesscom,strelec64,https://www.chess.com/member/strelec64,alive,200,no action
13600133,"Bagaturov, Giorgi",chesscomPlayer,giorgi-bagaturov,https://www.chess.com/players/giorgi-bagaturov,unknown,rate limited (HTTP 429),"rate-limited or server error - not judged, will be retried"
13600133,"Bagaturov, Giorgi",chessgames,24690,https://www.chessgames.com/perl/chessplayer?pid=24690,alive,200,no action
13303139,"Baghdasaryan, Vahe",chesscom,Apocalyps999,https://www.chess.com/member/Apocalyps999,alive,200,no action
13303139,"Baghdasaryan, Vahe",chesscomPlayer,vahe-baghdasaryan,https://www.chess.com/players/vahe-baghdasaryan,alive,200,no action
13303139,"Baghdasaryan, Vahe",chessgames,125328,https://www.chessgames.com/perl/chessplayer?pid=125328,alive,200,no action
12500283,"Bagheri, Amir",chesscom,AmirBagheri78,https://www.chess.com/member/AmirBagheri78,alive,200,no action
12500283,"Bagheri, Amir",chesscomPlayer,amir-bagheri,https://www.chess.com/players/amir-bagheri,unknown,rate limited (HTTP 429),"rate-limited or server error - not judged, will be retried"
12500283,"Bagheri, Amir",chessgames,51001,https://www.chessgames.com/perl/chessplayer?pid=51001,alive,200,no action
13400401,"Bagirov, Rufat",chesscomPlayer,rufat-bagirov,https://www.chess.com/players/rufat-bagirov,unknown,rate limited (HTTP 429),"rate-limited or server error - not judged, will be retried"
13400401,"Bagirov, Rufat",chessgames,36767,https://www.chessgames.com/perl/chessplayer?pid=36767,alive,200,no action
14104954,"Bagrationi, Alexander",chesscom,Faustregel,https://www.chess.com/member/Faustregel,alive,200,no action
14104954,"Bagrationi, Alexander",chesscomPlayer,alexander-bagrationi,https://www.chess.com/players/alexander-bagrationi,unknown,rate limited (HTTP 429),"rate-limited or server error - not judged, will be retried"
14104954,"Bagrationi, Alexander",chessgames,128389,https://www.chessgames.com/perl/chessplayer?pid=128389,alive,200,no action
8602280,"Bai, Jinshi",chesscom,kaka666,https://www.chess.com/member/kaka666,alive,200,no action
8602280,"Bai, Jinshi",chesscomPlayer,bai-jinshi,https://www.chess.com/players/bai-jinshi,alive,200,no action
8602280,"Bai, Jinshi",chessgames,141238,https://www.chessgames.com/perl/chessplayer?pid=141238,alive,200,no action
14142317,"Baidetskyi, Valentin",chesscom,UlQI0RRA,https://www.chess.com/member/UlQI0RRA,alive,200,no action
14142317,"Baidetskyi, Valentin",chesscomPlayer,valentin-baidetskyi,https://www.chess.com/players/valentin-baidetskyi,unknown,rate limited (HTTP 429),"rate-limited or server error - not judged, will be retried"
14142317,"Baidetskyi, Valentin",chessgames,161017,https://www.chessgames.com/perl/chessplayer?pid=161017,alive,200,no action
655830,"Bailet, Pierre",chesscomPlayer,pierre-bailet,https://www.chess.com/players/pierre-bailet,unknown,rate limited (HTTP 429),"rate-limited or server error - not judged, will be retried"
655830,"Bailet, Pierre",chessgames,130290,https://www.chessgames.com/perl/chessplayer?pid=130290,alive,200,no action
13403028,"Bajarani, Ulvi",chesscom,ulvi95,https://www.chess.com/member/ulvi95,alive,200,no action
13403028,"Bajarani, Ulvi",chesscomPlayer,ulvi-bajarani,https://www.chess.com/players/ulvi-bajarani,unknown,rate limited (HTTP 429),"rate-limited or server error - not judged, will be retried"
13403028,"Bajarani, Ulvi",chessgames,103191,https://www.chessgames.com/perl/chessplayer?pid=103191,alive,200,no action
14102196,"Baklan, Vladimir",chesscom,bakki78,https://www.chess.com/member/bakki78,alive,200,no action
14102196,"Baklan, Vladimir",chesscomPlayer,vladimir-baklan,https://www.chess.com/players/vladimir-baklan,alive,200,no action
14102196,"Baklan, Vladimir",chessgames,64696,https://www.chessgames.com/perl/chessplayer?pid=64696,alive,200,no action
5004195,"Bakre, Tejas",chesscom,Tarhercule,https://www.chess.com/member/Tarhercule,alive,200,no action
5004195,"Bakre, Tejas",chesscomPlayer,tejas-bakre,https://www.chess.com/players/tejas-bakre,unknown,rate limited (HTTP 429),"rate-limited or server error - not judged, will be retried"
5004195,"Bakre, Tejas",chessgames,49122,https://www.chessgames.com/perl/chessplayer?pid=49122,alive,200,no action
2064871,"Balakrishnan, Praveen",chesscom,praveenb2002,https://www.chess.com/member/praveenb2002,alive,200,no action
2064871,"Balakrishnan, Praveen",chesscomPlayer,praveen-balakrishnan,https://www.chess.com/players/praveen-balakrishnan,unknown,rate limited (HTTP 429),"rate-limited or server error - not judged, will be retried"
2064871,"Balakrishnan, Praveen",chessgames,157406,https://www.chessgames.com/perl/chessplayer?pid=157406,unknown,rate limited (HTTP 429),"rate-limited or server error - not judged, will be retried"
4100263,"Balashov, Yuri S",chesscomPlayer,yuri-s-balashov,https://www.chess.com/players/yuri-s-balashov,unknown,rate limited (HTTP 429),"rate-limited or server error - not judged, will be retried"
4100263,"Balashov, Yuri S",chessgames,16914,https://www.chessgames.com/perl/chessplayer?pid=16914,unknown,rate limited (HTTP 429),"rate-limited or server error - not judged, will be retried"
4688210,"Baldauf, Marco",chesscom,regular_legs,https://www.chess.com/member/regular_legs,alive,200,no action
4688210,"Baldauf, Marco",chesscomPlayer,marco-baldauf,https://www.chess.com/players/marco-baldauf,unknown,rate limited (HTTP 429),"rate-limited or server error - not judged, will be retried"
4688210,"Baldauf, Marco",chessgames,54713,https://www.chessgames.com/perl/chessplayer?pid=54713,unknown,rate limited (HTTP 429),"rate-limited or server error - not judged, will be retried"
1610201,"Balinov, Ilia",chesscomPlayer,ilija-balinow,https://www.chess.com/players/ilija-balinow,alive,200,no action
1610201,"Balinov, Ilia",chessgames,34260,https://www.chessgames.com/perl/chessplayer?pid=34260,unknown,rate limited (HTTP 429),"rate-limited or server error - not judged, will be retried"
718939,"Balogh, Csaba",chesscomPlayer,csaba-balogh,https://www.chess.com/players/csaba-balogh,unknown,rate limited (HTTP 429),"rate-limited or server error - not judged, will be retried"
718939,"Balogh, Csaba",chessgames,52611,https://www.chessgames.com/perl/chessplayer?pid=52611,unknown,rate limited (HTTP 429),"rate-limited or server error - not judged, will be retried"
4202031,"Banikas, Hristos",chesscom,HristosBanikas,https://www.chess.com/member/HristosBanikas,alive,200,no action
4202031,"Banikas, Hristos",chesscomPlayer,hristos-banikas,https://www.chess.com/players/hristos-banikas,unknown,rate limited (HTTP 429),"rate-limited or server error - not judged, will be retried"
4202031,"Banikas, Hristos",chessgames,41086,https://www.chessgames.com/perl/chessplayer?pid=41086,unknown,rate limited (HTTP 429),"rate-limited or server error - not judged, will be retried"
4202031,"Banikas, Hristos",lichess,Arnelos,https://lichess.org/@/Arnelos,unknown,rate limited (HTTP 429),"rate-limited or server error - not judged, will be retried"
722413,"Banusz, Tamas",chesscom,bancsoo,https://www.chess.com/member/bancsoo,alive,200,no action
722413,"Banusz, Tamas",chesscomPlayer,tamas-banusz,https://www.chess.com/players/tamas-banusz,unknown,rate limited (HTTP 429),"rate-limited or server error - not judged, will be retried"
722413,"Banusz, Tamas",chessgames,49807,https://www.chessgames.com/perl/chessplayer?pid=49807,unknown,rate limited (HTTP 429),"rate-limited or server error - not judged, will be retried"
4667719,"Baramidze, David",chesscom,DavidBaramidze,https://www.chess.com/member/DavidBaramidze,alive,200,no action
4667719,"Baramidze, David",chesscomPlayer,david-baramidze,https://www.chess.com/players/david-baramidze,alive,200,no action
4667719,"Baramidze, David",chessgames,49249,https://www.chessgames.com/perl/chessplayer?pid=49249,unknown,rate limited (HTTP 429),"rate-limited or server error - not judged, will be retried"
2115824,"Barbosa, Evandro Amorim",chesscomPlayer,evandro-amorim-barbosa,https://www.chess.com/players/evandro-amorim-barbosa,unknown,rate limited (HTTP 429),"rate-limited or server error - not judged, will be retried"
2115824,"Barbosa, Evandro Amorim",chessgames,118678,https://www.chessgames.com/perl/chessplayer?pid=118678,unknown,rate limited (HTTP 429),"rate-limited or server error - not judged, will be retried"
5201640,"Barbosa, Oliver",chesscom,barzed,https://www.chess.com/member/barzed,alive,200,no action
5201640,"Barbosa, Oliver",chesscomPlayer,oliver-barbosa,https://www.chess.com/players/oliver-barbosa,unknown,rate limited (HTTP 429),"rate-limited or server error - not judged, will be retried"
5201640,"Barbosa, Oliver",chessgames,121501,https://www.chessgames.com/perl/chessplayer?pid=121501,unknown,rate limited (HTTP 429),"rate-limited or server error - not judged, will be retried"
5201640,"Barbosa, Oliver",website,https://gmbarbosachess.com,https://gmbarbosachess.com,alive,200,no action
5200059,"Barcenilla, Rogelio",chesscom,GM_Barcenilla,https://www.chess.com/member/GM_Barcenilla,alive,200,no action
5200059,"Barcenilla, Rogelio",chesscomPlayer,rogelio-barcenilla,https://www.chess.com/players/rogelio-barcenilla,unknown,rate limited (HTTP 429),"rate-limited or server error - not judged, will be retried"
5200059,"Barcenilla, Rogelio",chessgames,37970,https://www.chessgames.com/perl/chessplayer?pid=37970,unknown,rate limited (HTTP 429),"rate-limited or server error - not judged, will be retried"
5200059,"Barcenilla, Rogelio",facebook,GM.Rogelio.Barcenilla.Jr,,unchecked,returns HTTP 400 to all automated requests,cannot be tested from a server - left in place
4100140,"Bareev, Evgeny",chesscom,pompey831,https://www.chess.com/member/pompey831,alive,200,no action
4100140,"Bareev, Evgeny",chesscomPlayer,evgeny-bareev,https://www.chess.com/players/evgeny-bareev,alive,200,no action
4100140,"Bareev, Evgeny",chessgames,16299,https://www.chessgames.com/perl/chessplayer?pid=16299,unknown,rate limited (HTTP 429),"rate-limited or server error - not judged, will be retried"
4100140,"Bareev, Evgeny",lichess,Bareev21,https://lichess.org/@/Bareev21,unknown,rate limited (HTTP 429),"rate-limited or server error - not judged, will be retried"
900214,"Barlov, Dragan",chesscomPlayer,dragan-barlov,https://www.chess.com/players/dragan-barlov,unknown,rate limited (HTTP 429),"rate-limited or server error - not judged, will be retried"
900214,"Barlov, Dragan",chessgames,41145,https://www.chessgames.com/perl/chessplayer?pid=41145,unknown,rate limited (HTTP 429),"rate-limited or server error - not judged, will be retried"
2809958,"Baron, Tal",chesscom,Tal-Baron,https://www.chess.com/member/Tal-Baron,alive,200,no action
2809958,"Baron, Tal",chesscomPlayer,tal-baron,https://www.chess.com/players/tal-baron,unknown,rate limited (HTTP 429),"rate-limited or server error - not judged, will be retried"
2809958,"Baron, Tal",chessgames,110934,https://www.chessgames.com/perl/chessplayer?pid=110934,unknown,rate limited (HTTP 429),"rate-limited or server error - not judged, will be retried"
4401824,"Barrientos, Sergio E",chesscom,GmSergioBarrientos,https://www.chess.com/member/GmSergioBarrientos,alive,200,no action
4401824,"Barrientos, Sergio E",chesscomPlayer,sergio-e-barrientos,https://www.chess.com/players/sergio-e-barrientos,unknown,rate limited (HTTP 429),"rate-limited or server error - not judged, will be retried"
4401824,"Barrientos, Sergio E",chessgames,86015,https://www.chessgames.com/perl/chessplayer?pid=86015,unknown,rate limited (HTTP 429),"rate-limited or server error - not judged, will be retried"
14200082,"Barsov, Alexei",chesscomPlayer,alexei-barsov,https://www.chess.com/players/alexei-barsov,alive,200,no action
14200082,"Barsov, Alexei",chessgames,39734,https://www.chessgames.com/perl/chessplayer?pid=39734,unknown,rate limited (HTTP 429),"rate-limited or server error - not judged, will be retried"
1112635,"Bartel, Mateusz",chesscom,Matibar,https://www.chess.com/member/Matibar,alive,200,no action
1112635,"Bartel, Mateusz",chesscomPlayer,mateusz-bartel,https://www.chess.com/players/mateusz-bartel,unknown,rate limited (HTTP 429),"rate-limited or server error - not judged, will be retried"
1112635,"Bartel, Mateusz",chessgames,54619,https://www.chessgames.com/perl/chessplayer?pid=54619,unknown,rate limited (HTTP 429),"rate-limited or server error - not judged, will be retried"
5000025,"Barua, Dibyendu",chesscom,Dibyendu_Barua,https://www.chess.com/member/Dibyendu_Barua,alive,200,no action
5000025,"Barua, Dibyendu",chesscomPlayer,dibyendu-barua,https://www.chess.com/players/dibyendu-barua,unknown,rate limited (HTTP 429),"rate-limited or server error - not judged, will be retried"
5000025,"Barua, Dibyendu",chessgames,46236,https://www.chessgames.com/perl/chessplayer?pid=46236,unknown,rate limited (HTTP 429),"rate-limited or server error - not judged, will be retried"
7100094,"Barus, Cerdas",chesscomPlayer,cerdas-barus,https://www.chess.com/players/cerdas-barus,unknown,rate limited (HTTP 429),"rate-limited or server error - not judged, will be retried"
7100094,"Barus, Cerdas",chessgames,14559,https://www.chessgames.com/perl/chessplayer?pid=14559,unknown,rate limited (HTTP 429),"rate-limited or server error - not judged, will be retried"
14117207,"Baryshpolets, Andrey",chesscom,AndrBaryshpolets,https://www.chess.com/member/AndrBaryshpolets,alive,200,no action
14117207,"Baryshpolets, Andrey",chesscomPlayer,andrey-baryshpolets,https://www.chess.com/players/andrey-baryshpolets,alive,200,no action
14117207,"Baryshpolets, Andrey",chessgames,99228,https://www.chessgames.com/perl/chessplayer?pid=99228,unknown,rate limited (HTTP 429),"rate-limited or server error - not judged, will be retried"
866970,"Basso, Pier Luigi",chesscomPlayer,pier-luigi-basso,https://www.chess.com/players/pier-luigi-basso,unknown,rate limited (HTTP 429),"rate-limited or server error - not judged, will be retried"
866970,"Basso, Pier Luigi",chessgames,129394,https://www.chessgames.com/perl/chessplayer?pid=129394,unknown,rate limited (HTTP 429),"rate-limited or server error - not judged, will be retried"
4900847,"Batchuluun, Tsegmed",chesscom,GM_Batchuluun,https://www.chess.com/member/GM_Batchuluun,alive,200,no action
4900847,"Batchuluun, Tsegmed",chesscomPlayer,tsegmed-batchuluun,https://www.chess.com/players/tsegmed-batchuluun,unknown,rate limited (HTTP 429),"rate-limited or server error - not judged, will be retried"
4900847,"Batchuluun, Tsegmed",chessgames,56771,https://www.chessgames.com/perl/chessplayer?pid=56771,unknown,rate limited (HTTP 429),"rate-limited or server error - not judged, will be retried"
4900847,"Batchuluun, Tsegmed",lichess,Batchuluun_Tsegmed,https://lichess.org/@/Batchuluun_Tsegmed,unknown,ConnectionResetError,"rate-limited or server error - not judged, will be retried"
13602993,"Batsiashvili, Nino",chesscom,Bacyanide,https://www.chess.com/member/Bacyanide,alive,200,no action
13602993,"Batsiashvili, Nino",chesscomPlayer,nino-batsiashvili,https://www.chess.com/players/nino-batsiashvili,unknown,rate limited (HTTP 429),"rate-limited or server error - not judged, will be retried"
13602993,"Batsiashvili, Nino",chessgames,50118,https://www.chessgames.com/perl/chessplayer?pid=50118,unknown,rate limited (HTTP 429),"rate-limited or server error - not judged, will be retried"
4902920,"Batsuren, Dambasuren",chesscom,baag,https://www.chess.com/member/baag,alive,200,no action
4902920,"Batsuren, Dambasuren",chesscomPlayer,dambasuren-batsuren,https://www.chess.com/players/dambasuren-batsuren,unknown,rate limited (HTTP 429),"rate-limited or server error - not judged, will be retried"
4902920,"Batsuren, Dambasuren",chessgames,156034,https://www.chessgames.com/perl/chessplayer?pid=156034,unknown,rate limited (HTTP 429),"rate-limited or server error - not judged, will be retried"
14000237,"Batyrov, Sapar",chesscomPlayer,sapar-batyrov,https://www.chess.com/players/sapar-batyrov,alive,200,no action
14000237,"Batyrov, Sapar",chessgames,53984,https://www.chessgames.com/perl/chessplayer?pid=53984,unknown,rate limited (HTTP 429),"rate-limited or server error - not judged, will be retried"
603767,"Bauer, Christian",chesscom,crazyboy26,https://www.chess.com/member/crazyboy26,alive,200,no action
603767,"Bauer, Christian",chesscomPlayer,christian-bauer,https://www.chess.com/players/christian-bauer,unknown,rate limited (HTTP 429),"rate-limited or server error - not judged, will be retried"
603767,"Bauer, Christian",chessgames,65385,https://www.chessgames.com/perl/chessplayer?pid=65385,unknown,rate limited (HTTP 429),"rate-limited or server error - not judged, will be retried"
3501728,"Becerra Rivero, Julio",chesscom,Julio_Becerra,https://www.chess.com/member/Julio_Becerra,alive,200,no action
3501728,"Becerra Rivero, Julio",chesscomPlayer,julio-becerra-rivero,https://www.chess.com/players/julio-becerra-rivero,unknown,rate limited (HTTP 429),"rate-limited or server error - not judged, will be retried"
3501728,"Becerra Rivero, Julio",chessgames,83274,https://www.chessgames.com/perl/chessplayer?pid=83274,unknown,rate limited (HTTP 429),"rate-limited or server error - not judged, will be retried"
4137752,"Bedia, Melor",chesscomPlayer,melor-bedia,https://www.chess.com/players/melor-bedia,unknown,rate limited (HTTP 429),"rate-limited or server error - not judged, will be retried"
4137752,"Bedia, Melor",chessgames,136967,https://www.chessgames.com/perl/chessplayer?pid=136967,unknown,rate limited (HTTP 429),"rate-limited or server error - not judged, will be retried"
1030108,"Beerdsen, Thomas",chesscom,kleinebeer98,https://www.chess.com/member/kleinebeer98,alive,200,no action
1030108,"Beerdsen, Thomas",chesscomPlayer,thomas-beerdsen,https://www.chess.com/players/thomas-beerdsen,alive,200,no action
1030108,"Beerdsen, Thomas",chessgames,131183,https://www.chessgames.com/perl/chessplayer?pid=131183,unknown,rate limited (HTTP 429),"rate-limited or server error - not judged, will be retried"
1030108,"Beerdsen, Thomas",lichess,MeneerMandje,https://lichess.org/@/MeneerMandje,unknown,ConnectionResetError,"rate-limited or server error - not judged, will be retried"
14210207,"Begmuratov, Khumoyun",chesscomPlayer,khumoyun-begmuratov,https://www.chess.com/players/khumoyun-begmuratov,unknown,rate limited (HTTP 429),"rate-limited or server error - not judged, will be retried"
1613782,"Beim, Valeri",chesscomPlayer,valeri-beim,https://www.chess.com/players/valeri-beim,unknown,rate limited (HTTP 429),"rate-limited or server error - not judged, will be retried"
1613782,"Beim, Valeri",chessgames,27701,https://www.chessgames.com/perl/chessplayer?pid=27701,unknown,rate limited (HTTP 429),"rate-limited or server error - not judged, will be retried"
1613782,"Beim, Valeri",facebook,valeri.beim,,unchecked,returns HTTP 400 to all automated requests,cannot be tested from a server - left in place
14602377,"Beliavsky, Alexander G",chesscomPlayer,alexander-beliavsky,https://www.chess.com/players/alexander-beliavsky,unknown,rate limited (HTTP 429),"rate-limited or server error - not judged, will be retried"
14602377,"Beliavsky, Alexander G",chessgames,13755,https://www.chessgames.com/perl/chessplayer?pid=13755,unknown,rate limited (HTTP 429),"rate-limited or server error - not judged, will be retried"
4103904,"Belikov, Vladimir",chesscomPlayer,vladimir-belikov,https://www.chess.com/players/vladimir-belikov,alive,200,no action
4103904,"Belikov, Vladimir",chessgames,23199,https://www.chessgames.com/perl/chessplayer?pid=23199,unknown,rate limited (HTTP 429),"rate-limited or server error - not judged, will be retried"
600229,"Belkhodja, Slim",chesscomPlayer,slim-belkhodja,https://www.chess.com/players/slim-belkhodja,unknown,rate limited (HTTP 429),"rate-limited or server error - not judged, will be retried"
600229,"Belkhodja, Slim",chessgames,25883,https://www.chessgames.com/perl/chessplayer?pid=25883,unknown,rate limited (HTTP 429),"rate-limited or server error - not judged, will be retried"
696358,"Bellahcene, Bilel",chesscom,bilelou,https://www.chess.com/member/bilelou,alive,200,no action
696358,"Bellahcene, Bilel",chesscomPlayer,bilel-bellahcene,https://www.chess.com/players/bilel-bellahcene,unknown,rate limited (HTTP 429),"rate-limited or server error - not judged, will be retried"
696358,"Bellahcene, Bilel",chessgames,117615,https://www.chessgames.com/perl/chessplayer?pid=117615,unknown,rate limited (HTTP 429),"rate-limited or server error - not judged, will be retried"
2200031,"Bellon Lopez, Juan Manuel",chesscomPlayer,juan-manuel-bellon-lopez,https://www.chess.com/players/juan-manuel-bellon-lopez,unknown,rate limited (HTTP 429),"rate-limited or server error - not judged, will be retried"
2200031,"Bellon Lopez, Juan Manuel",chessgames,15394,https://www.chessgames.com/perl/chessplayer?pid=15394,unknown,rate limited (HTTP 429),"rate-limited or server error - not judged, will be retried"
4174003,"Belous, Vladimir",chesscom,Openyagami,https://www.chess.com/member/Openyagami,dead,HTTP 404,removed from roster.csv - replace with the current handle if you find one
4174003,"Belous, Vladimir",chesscomPlayer,vladimir-belous,https://www.chess.com/players/vladimir-belous,alive,200,no action
4174003,"Belous, Vladimir",chessgames,109122,https://www.chessgames.com/perl/chessplayer?pid=109122,unknown,rate limited (HTTP 429),"rate-limited or server error - not judged, will be retried"
4132394,"Belov, Vladimir",chesscom,VB84,https://www.chess.com/member/VB84,alive,200,no action
4132394,"Belov, Vladimir",chesscomPlayer,vladimir-belov,https://www.chess.com/players/vladimir-belov,unknown,rate limited (HTTP 429),"rate-limited or server error - not judged, will be retried"
4132394,"Belov, Vladimir",chessgames,10963,https://www.chessgames.com/perl/chessplayer?pid=10963,unknown,rate limited (HTTP 429),"rate-limited or server error - not judged, will be retried"
4132394,"Belov, Vladimir",website,http://study-chess.ru/en/,http://study-chess.ru/en/,dead,HTTP 404,removed from roster.csv - replace with the current handle if you find one
4120213,"Belozerov, Andrei",chesscom,Andrei_Belozerov,https://www.chess.com/member/Andrei_Belozerov,alive,200,no action
4120213,"Belozerov, Andrei",chesscomPlayer,andrei-belozerov,https://www.chess.com/players/andrei-belozerov,unknown,rate limited (HTTP 429),"rate-limited or server error - not judged, will be retried"
4120213,"Belozerov, Andrei",chessgames,49034,https://www.chessgames.com/perl/chessplayer?pid=49034,unknown,rate limited (HTTP 429),"rate-limited or server error - not judged, will be retried"
4120213,"Belozerov, Andrei",lichess,AndreyBelozerov,https://lichess.org/@/AndreyBelozerov,unknown,ConnectionResetError,"rate-limited or server error - not judged, will be retried"
13603086,"Benidze, Davit",chesscomPlayer,davit-benidze,https://www.chess.com/players/davit-benidze,unknown,rate limited (HTTP 429),"rate-limited or server error - not judged, will be retried"
13603086,"Benidze, Davit",chessgames,54769,https://www.chessgames.com/perl/chessplayer?pid=54769,unknown,rate limited (HTTP 429),"rate-limited or server error - not judged, will be retried"
2000091,"Benjamin, Joel",chesscom,gmjoel,https://www.chess.com/member/gmjoel,alive,200,no action
2000091,"Benjamin, Joel",chesscomPlayer,joel-benjamin,https://www.chess.com/players/joel-benjamin,unknown,rate limited (HTTP 429),"rate-limited or server error - not judged, will be retried"
2000091,"Benjamin, Joel",chessgames,42951,https://www.chessgames.com/perl/chessplayer?pid=42951,unknown,rate limited (HTTP 429),"rate-limited or server error - not judged, will be retried"
722960,"Berczes, David",chesscom,Coach_Davido,https://www.chess.com/member/Coach_Davido,alive,200,no action
722960,"Berczes, David",chesscomPlayer,david-berczes,https://www.chess.com/players/david-berczes,alive,200,no action
722960,"Berczes, David",chessgames,49798,https://www.chessgames.com/perl/chessplayer?pid=49798,unknown,rate limited (HTTP 429),"rate-limited or server error - not judged, will be retried"
722960,"Berczes, David",lichess,Harvard_Chess,https://lichess.org/@/Harvard_Chess,unknown,ConnectionResetError,"rate-limited or server error - not judged, will be retried"
3516016,"Berdayes Ason, Dylan Isidro",chesscom,As0nchess,https://www.chess.com/member/As0nchess,alive,200,no action
3516016,"Berdayes Ason, Dylan Isidro",chesscomPlayer,dylan-isidro-berdayes-ason,https://www.chess.com/players/dylan-isidro-berdayes-ason,unknown,rate limited (HTTP 429),"rate-limited or server error - not judged, will be retried"
4105249,"Berdichevski, Igor",chesscomPlayer,igor-berdichevski,https://www.chess.com/players/igor-berdichevski,alive,200,no action
4105249,"Berdichevski, Igor",chessgames,60090,https://www.chessgames.com/perl/chessplayer?pid=60090,unknown,rate limited (HTTP 429),"rate-limited or server error - not judged, will be retried"
14101440,"Berelowitsch, Alexander",chesscomPlayer,alexander-berelovich,https://www.chess.com/players/alexander-berelovich,unknown,rate limited (HTTP 429),"rate-limited or server error - not judged, will be retried"
14101440,"Berelowitsch, Alexander",chessgames,26769,https://www.chessgames.com/perl/chessplayer?pid=26769,unknown,rate limited (HTTP 429),"rate-limited or server error - not judged, will be retried"
1204920,"Berescu, Alin-Mile",chesscomPlayer,alin-mile-berescu,https://www.chess.com/players/alin-mile-berescu,unknown,rate limited (HTTP 429),"rate-limited or server error - not judged, will be retried"
1204920,"Berescu, Alin-Mile",chessgames,38789,https://www.chessgames.com/perl/chessplayer?pid=38789,unknown,rate limited (HTTP 429),"rate-limited or server error - not judged, will be retried"
1704060,"Berg, Emanuel",chesscom,Arvika,https://www.chess.com/member/Arvika,alive,200,no action
1704060,"Berg, Emanuel",chesscomPlayer,emanuel-berg,https://www.chess.com/players/emanuel-berg,alive,200,no action
1704060,"Berg, Emanuel",chessgames,19787,https://www.chessgames.com/perl/chessplayer?pid=19787,unknown,rate limited (HTTP 429),"rate-limited or server error - not judged, will be retried"
718572,"Berkes, Ferenc",chesscomPlayer,ferenc-berkes,https://www.chess.com/players/ferenc-berkes,unknown,rate limited (HTTP 429),"rate-limited or server error - not judged, will be retried"
718572,"Berkes, Ferenc",chessgames,49184,https://www.chessgames.com/perl/chessplayer?pid=49184,unknown,rate limited (HTTP 429),"rate-limited or server error - not judged, will be retried"
718572,"Berkes, Ferenc",facebook,ferenc.berkes.144,,unchecked,returns HTTP 400 to all automated requests,cannot be tested from a server - left in place
14100371,"Bernadskiy, Vitaliy",chesscom,VitaliyBernadskiy,https://www.chess.com/member/VitaliyBernadskiy,alive,200,no action
14100371,"Bernadskiy, Vitaliy",chesscomPlayer,vitaliy-bernadskiy,https://www.chess.com/players/vitaliy-bernadskiy,unknown,rate limited (HTTP 429),"rate-limited or server error - not judged, will be retried"
14100371,"Bernadskiy, Vitaliy",chessgames,128843,https://www.chessgames.com/perl/chessplayer?pid=128843,unknown,rate limited (HTTP 429),"rate-limited or server error - not judged, will be retried"
14100371,"Bernadskiy, Vitaliy",facebook,vitaliy.bernadskiy,,unchecked,returns HTTP 400 to all automated requests,cannot be tested from a server - left in place
311995,"Bernasek, Jan",chesscom,berny643,https://www.chess.com/member/berny643,alive,200,no action
311995,"Bernasek, Jan",chesscomPlayer,jan-bernasek,https://www.chess.com/players/jan-bernasek,unknown,rate limited (HTTP 429),"rate-limited or server error - not judged, will be retried"
311995,"Bernasek, Jan",chessgames,54636,https://www.chessgames.com/perl/chessplayer?pid=54636,unknown,rate limited (HTTP 429),"rate-limited or server error - not judged, will be retried"
4105451,"Beshukov, Sergei",chesscom,beebucks,https://www.chess.com/member/beebucks,alive,200,no action
4105451,"Beshukov, Sergei",chesscomPlayer,sergei-beshukov,https://www.chess.com/players/sergei-beshukov,alive,200,no action
4105451,"Beshukov, Sergei",chessgames,24442,https://www.chessgames.com/perl/chessplayer?pid=24442,unknown,rate limited (HTTP 429),"rate-limited or server error - not judged, will be retried"
4105257,"Bezgodov, Alexei",chesscomPlayer,alexei-bezgodov,https://www.chess.com/players/alexei-bezgodov,unknown,rate limited (HTTP 429),"rate-limited or server error - not judged, will be retried"
4105257,"Bezgodov, Alexei",chessgames,44655,https://www.chessgames.com/perl/chessplayer?pid=44655,unknown,rate limited (HTTP 429),"rate-limited or server error - not judged, will be retried"
4601718,"Bezold, Michael",chesscom,FeuerwehrmannSam,https://www.chess.com/member/FeuerwehrmannSam,alive,200,no action
4601718,"Bezold, Michael",chesscomPlayer,michael-bezold,https://www.chess.com/players/michael-bezold,unknown,rate limited (HTTP 429),"rate-limited or server error - not judged, will be retried"
4601718,"Bezold, Michael",chessgames,14553,https://www.chessgames.com/perl/chessplayer?pid=14553,unknown,rate limited (HTTP 429),"rate-limited or server error - not judged, will be retried"
46634827,Bharath Subramaniyam H,chesscom,FGHSMN,https://www.chess.com/member/FGHSMN,alive,200,no action
46634827,Bharath Subramaniyam H,chesscomPlayer,bharath-subramaniyam,https://www.chess.com/players/bharath-subramaniyam,unknown,rate limited (HTTP 429),"rate-limited or server error - not judged, will be retried"
46634827,Bharath Subramaniyam H,chessgames,160614,https://www.chessgames.com/perl/chessplayer?pid=160614,unknown,rate limited (HTTP 429),"rate-limited or server error - not judged, will be retried"
2011352,"Bhat, Vinay",chesscom,vbhat,https://www.chess.com/member/vbhat,alive,200,no action
2011352,"Bhat, Vinay",chesscomPlayer,vinay-bhat,https://www.chess.com/players/vinay-bhat,alive,200,no action
2011352,"Bhat, Vinay",chessgames,19912,https://www.chessgames.com/perl/chessplayer?pid=19912,unknown,rate limited (HTTP 429),"rate-limited or server error - not judged, will be retried"
4901541,"Bilguun, Sumiya",chesscom,BilguunSu,https://www.chess.com/member/BilguunSu,alive,200,no action
4901541,"Bilguun, Sumiya",chesscomPlayer,sumiya-bilguun,https://www.chess.com/players/sumiya-bilguun,alive,200,no action
4901541,"Bilguun, Sumiya",chessgames,141947,https://www.chessgames.com/perl/chessplayer?pid=141947,unknown,rate limited (HTTP 429),"rate-limited or server error - not judged, will be retried"
4901541,"Bilguun, Sumiya",lichess,Bilguun_Sumiya,https://lichess.org/@/Bilguun_Sumiya,unknown,ConnectionResetError,"rate-limited or server error - not judged, will be retried"
4676670,"Bindrich, Falko",chesscom,Janosik,https://www.chess.com/member/Janosik,alive,200,no action
4676670,"Bindrich, Falko",chesscomPlayer,falko-bindrich,https://www.chess.com/players/falko-bindrich,alive,200,no action
4676670,"Bindrich, Falko",chessgames,68357,https://www.chessgames.com/perl/chessplayer?pid=68357,unknown,rate limited (HTTP 429),"rate-limited or server error - not judged, will be retried"
4600045,"Bischoff, Klaus",chesscomPlayer,klaus-bischoff,https://www.chess.com/players/klaus-bischoff,alive,200,no action
4600045,"Bischoff, Klaus",chessgames,11605,https://www.chessgames.com/perl/chessplayer?pid=11605,unknown,rate limited (HTTP 429),"rate-limited or server error - not judged, will be retried"
14400294,"Bistric, Faruk",chesscomPlayer,faruk-bistric,https://www.chess.com/players/faruk-bistric,unknown,rate limited (HTTP 429),"rate-limited or server error - not judged, will be retried"
14400294,"Bistric, Faruk",chessgames,14989,https://www.chessgames.com/perl/chessplayer?pid=14989,unknown,rate limited (HTTP 429),"rate-limited or server error - not judged, will be retried"
5201110,"Bitoon, Richard",chesscom,STARMATEcc,https://www.chess.com/member/STARMATEcc,dead,HTTP 404,removed from roster.csv - replace with the current handle if you find one
5201110,"Bitoon, Richard",chesscomPlayer,richard-bitoon,https://www.chess.com/players/richard-bitoon,unknown,rate limited (HTTP 429),"rate-limited or server error - not judged, will be retried"
5201110,"Bitoon, Richard",chessgames,55510,https://www.chessgames.com/perl/chessplayer?pid=55510,unknown,rate limited (HTTP 429),"rate-limited or server error - not judged, will be retried"
2000431,"Biyiasas, Peter",chesscomPlayer,peter-biyiasas,https://www.chess.com/players/peter-biyiasas,alive,200,no action
2000431,"Biyiasas, Peter",chessgames,43987,https://www.chessgames.com/perl/chessplayer?pid=43987,unknown,rate limited (HTTP 429),"rate-limited or server error - not judged, will be retried"
1444948,"Bjerre, Jonas Buhl",chesscom,lilleper1,https://www.chess.com/member/lilleper1,alive,200,no action
1444948,"Bjerre, Jonas Buhl",chesscomPlayer,jonas-buhl-bjerre,https://www.chess.com/players/jonas-buhl-bjerre,unknown,rate limited (HTTP 429),"rate-limited or server error - not judged, will be retried"
1444948,"Bjerre, Jonas Buhl",chessgames,147966,https://www.chessgames.com/perl/chessplayer?pid=147966,unknown,rate limited (HTTP 429),"rate-limited or server error - not judged, will be retried"
900885,"Blagojevic, Dragisa",chesscom,BlagiD,https://www.chess.com/member/BlagiD,alive,200,no action
900885,"Blagojevic, Dragisa",chesscomPlayer,dragisa-blagojevic,https://www.chess.com/players/dragisa-blagojevic,unknown,rate limited (HTTP 429),"rate-limited or server error - not judged, will be retried"
900885,"Blagojevic, Dragisa",chessgames,26711,https://www.chessgames.com/perl/chessplayer?pid=26711,unknown,rate limited (HTTP 429),"rate-limited or server error - not judged, will be retried"
900885,"Blagojevic, Dragisa",lichess,Blagi,https://lichess.org/@/Blagi,unknown,ConnectionResetError,"rate-limited or server error - not judged, will be retried"
300047,"Blatny, Pavel",chesscomPlayer,pavel-blatny,https://www.chess.com/players/pavel-blatny,unknown,rate limited (HTTP 429),"rate-limited or server error - not judged, will be retried"
300047,"Blatny, Pavel",chessgames,10113,https://www.chessgames.com/perl/chessplayer?pid=10113,unknown,rate limited (HTTP 429),"rate-limited or server error - not judged, will be retried"
1107836,"Blehm, Pawel",chesscomPlayer,pawel-blehm,https://www.chess.com/players/pawel-blehm,alive,200,no action
1107836,"Blehm, Pawel",chessgames,49429,https://www.chessgames.com/perl/chessplayer?pid=49429,unknown,rate limited (HTTP 429),"rate-limited or server error - not judged, will be retried"
1632051,"Blohberger, Felix",chesscom,FelixBlohberger,https://www.chess.com/member/FelixBlohberger,alive,200,no action
1632051,"Blohberger, Felix",chesscomPlayer,felix-blohberger,https://www.chess.com/players/felix-blohberger,unknown,rate limited (HTTP 429),"rate-limited or server error - not judged, will be retried"
1632051,"Blohberger, Felix",chessgames,157209,https://www.chessgames.com/perl/chessplayer?pid=157209,unknown,rate limited (HTTP 429),"rate-limited or server error - not judged, will be retried"
1632051,"Blohberger, Felix",x,gmblohberger,https://x.com/gmblohberger,alive,200,no action
1632051,"Blohberger, Felix",website,https://www.felixblohberger.com/,https://www.felixblohberger.com/,alive,200,no action
1632051,"Blohberger, Felix",instagram,felixblohberger,,unchecked,login wall answers 200 for missing profiles,cannot be tested from a server - left in place
1632051,"Blohberger, Felix",youtube,UChMDqGQuTEyKI0YehYEiV7g,,unchecked,consent page answers 200 for missing channels,cannot be tested from a server - left in place
1709437,"Blomqvist, Erik",chesscom,ErikBlomqvist,https://www.chess.com/member/ErikBlomqvist,alive,200,no action
1709437,"Blomqvist, Erik",chesscomPlayer,erik-blomqvist,https://www.chess.com/players/erik-blomqvist,unknown,rate limited (HTTP 429),"rate-limited or server error - not judged, will be retried"
1709437,"Blomqvist, Erik",chessgames,100464,https://www.chessgames.com/perl/chessplayer?pid=100464,unknown,rate limited (HTTP 429),"rate-limited or server error - not judged, will be retried"
1709437,"Blomqvist, Erik",lichess,ErikBlomqvist,https://lichess.org/@/ErikBlomqvist,unknown,ConnectionResetError,"rate-limited or server error - not judged, will be retried"
24651516,"Bluebaum, Matthias",chesscom,Msb2,https://www.chess.com/member/Msb2,alive,200,no action
24651516,"Bluebaum, Matthias",chesscomPlayer,matthias-bluebaum,https://www.chess.com/players/matthias-bluebaum,unknown,rate limited (HTTP 429),"rate-limited or server error - not judged, will be retried"
24651516,"Bluebaum, Matthias",chessgames,117666,https://www.chessgames.com/perl/chessplayer?pid=117666,unknown,rate limited (HTTP 429),"rate-limited or server error - not judged, will be retried"
24651516,"Bluebaum, Matthias",lichess,msb2,https://lichess.org/@/msb2,unknown,ConnectionResetError,"rate-limited or server error - not judged, will be retried"
24651516,"Bluebaum, Matthias",twitch,keinsehrstarkerspieler,,unchecked,app shell answers 200 for missing channels,cannot be tested from a server - left in place
2603608,"Bluvshtein, Mark",chesscomPlayer,mark-bluvshtein,https://www.chess.com/players/mark-bluvshtein,unknown,rate limited (HTTP 429),"rate-limited or server error - not judged, will be retried"
2603608,"Bluvshtein, Mark",chessgames,52035,https://www.chessgames.com/perl/chessplayer?pid=52035,unknown,rate limited (HTTP 429),"rate-limited or server error - not judged, will be retried"
1106880,"Bobras, Piotr",chesscomPlayer,piotr-bobras,https://www.chess.com/players/piotr-bobras,alive,200,no action
1106880,"Bobras, Piotr",chessgames,36652,https://www.chessgames.com/perl/chessplayer?pid=36652,unknown,rate limited (HTTP 429),"rate-limited or server error - not judged, will be retried"
4138716,"Bocharov, Dmitry",chesscom,BocharovD,https://www.chess.com/member/BocharovD,alive,200,no action
4138716,"Bocharov, Dmitry",chesscomPlayer,dmitry-bocharov,https://www.chess.com/players/dmitry-bocharov,unknown,rate limited (HTTP 429),"rate-limited or server error - not judged, will be retried"
4138716,"Bocharov, Dmitry",chessgames,50317,https://www.chessgames.com/perl/chessplayer?pid=50317,unknown,rate limited (HTTP 429),"rate-limited or server error - not judged, will be retried"
4138716,"Bocharov, Dmitry",lichess,Nichega,https://lichess.org/@/Nichega,unknown,ConnectionResetError,"rate-limited or server error - not judged, will be retried"
4180887,"Bocharov, Ivan",chesscomPlayer,ivan-bocharov,https://www.chess.com/players/ivan-bocharov,unknown,rate limited (HTTP 429),"rate-limited or server error - not judged, will be retried"
4180887,"Bocharov, Ivan",chessgames,136046,https://www.chessgames.com/perl/chessplayer?pid=136046,unknown,rate limited (HTTP 429),"rate-limited or server error - not judged, will be retried"
4180887,"Bocharov, Ivan",lichess,Bocharov-Ivan,https://lichess.org/@/Bocharov-Ivan,unknown,ConnectionResetError,"rate-limited or server error - not judged, will be retried"
4611268,"Boensch, Uwe",chesscomPlayer,uwe-boensch,https://www.chess.com/players/uwe-boensch,unknown,rate limited (HTTP 429),"rate-limited or server error - not judged, will be retried"
4611268,"Boensch, Uwe",chessgames,11607,https://www.chessgames.com/perl/chessplayer?pid=11607,unknown,rate limited (HTTP 429),"rate-limited or server error - not judged, will be retried"
14119137,"Bogdanov, Egor",chesscom,vizumatv4hoda,https://www.chess.com/member/vizumatv4hoda,alive,200,no action
14119137,"Bogdanov, Egor",chesscomPlayer,egor-bogdanov,https://www.chess.com/players/egor-bogdanov,alive,200,no action
14119137,"Bogdanov, Egor",chessgames,153640,https://www.chessgames.com/perl/chessplayer?pid=153640,unknown,rate limited (HTTP 429),"rate-limited or server error - not judged, will be retried"
15000206,"Bogdanovski, Vlatko",chesscomPlayer,vlatko-bogdanovski,https://www.chess.com/players/vlatko-bogdanovski,unknown,rate limited (HTTP 429),"rate-limited or server error - not judged, will be retried"
15000206,"Bogdanovski, Vlatko",chessgames,24731,https://www.chessgames.com/perl/chessplayer?pid=24731,unknown,rate limited (HTTP 429),"rate-limited or server error - not judged, will be retried"
4692055,"Bogner, Sebastian",chesscom,Dynamikus,https://www.chess.com/member/Dynamikus,alive,200,no action
4692055,"Bogner, Sebastian",chesscomPlayer,sebastian-bogner,https://www.chess.com/players/sebastian-bogner,unknown,rate limited (HTTP 429),"rate-limited or server error - not judged, will be retried"
4692055,"Bogner, Sebastian",chessgames,80306,https://www.chessgames.com/perl/chessplayer?pid=80306,unknown,rate limited (HTTP 429),"rate-limited or server error - not judged, will be retried"
4692055,"Bogner, Sebastian",lichess,Dynamikus,https://lichess.org/@/Dynamikus,unknown,ConnectionResetError,"rate-limited or server error - not judged, will be retried"
4692055,"Bogner, Sebastian",website,http://www.sebastianbogner.com,http://www.sebastianbogner.com,alive,200,no action
4692055,"Bogner, Sebastian",twitch,GMDynamikus,,unchecked,app shell answers 200 for missing channels,cannot be tested from a server - left in place
931152,"Bogosavljevic, Boban",chesscom,BobanBogosavljevic,https://www.chess.com/member/BobanBogosavljevic,alive,200,no action
931152,"Bogosavljevic, Boban",chesscomPlayer,boban-bogosavljevic,https://www.chess.com/players/boban-bogosavljevic,unknown,rate limited (HTTP 429),"rate-limited or server error - not judged, will be retried"
931152,"Bogosavljevic, Boban",chessgames,95970,https://www.chessgames.com/perl/chessplayer?pid=95970,unknown,rate limited (HTTP 429),"rate-limited or server error - not judged, will be retried"
2904292,"Bojkov, Dejan",chesscom,dbojkov,https://www.chess.com/member/dbojkov,alive,200,no action
2904292,"Bojkov, Dejan",chesscomPlayer,dejan-bojkov,https://www.chess.com/players/dejan-bojkov,alive,200,no action
2904292,"Bojkov, Dejan",chessgames,48977,https://www.chessgames.com/perl/chessplayer?pid=48977,unknown,rate limited (HTTP 429),"rate-limited or server error - not judged, will be retried"
2904292,"Bojkov, Dejan",x,dejanbojkov,https://x.com/dejanbojkov,alive,200,no action
1017063,"Bok, Benjamin",chesscom,GMBenjaminBok,https://www.chess.com/member/GMBenjaminBok,alive,200,no action
1017063,"Bok, Benjamin",chesscomPlayer,benjamin-bok,https://www.chess.com/players/benjamin-bok,unknown,rate limited (HTTP 429),"rate-limited or server error - not judged, will be retried"
1017063,"Bok, Benjamin",chessgames,113413,https://www.chessgames.com/perl/chessplayer?pid=113413,unknown,rate limited (HTTP 429),"rate-limited or server error - not judged, will be retried"
1017063,"Bok, Benjamin",lichess,BenjaminBokTwitch,https://lichess.org/@/BenjaminBokTwitch,unknown,ConnectionResetError,"rate-limited or server error - not judged, will be retried"
1017063,"Bok, Benjamin",x,GMBenjaminBok,https://x.com/GMBenjaminBok,alive,200,no action
1017063,"Bok, Benjamin",instagram,benjamin_bok,,unchecked,login wall answers 200 for missing profiles,cannot be tested from a server - left in place
1017063,"Bok, Benjamin",youtube,UCesIGoLFM-W4RW1ZFhySofA,,unchecked,consent page answers 200 for missing channels,cannot be tested from a server - left in place
1017063,"Bok, Benjamin",twitch,GMBenjaminBok,,unchecked,app shell answers 200 for missing channels,cannot be tested from a server - left in place
13900048,"Bologan, Victor",chesscom,NewBornNow,https://www.chess.com/member/NewBornNow,alive,200,no action
13900048,"Bologan, Victor",chesscomPlayer,victor-bologan,https://www.chess.com/players/victor-bologan,unknown,rate limited (HTTP 429),"rate-limited or server error - not judged, will be retried"
13900048,"Bologan, Victor",chessgames,14216,https://www.chessgames.com/perl/chessplayer?pid=14216,unknown,rate limited (HTTP 429),"rate-limited or server error - not judged, will be retried"
2066149,"Bora, Safal",chesscomPlayer,safal-bora,https://www.chess.com/players/safal-bora,unknown,rate limited (HTTP 429),"rate-limited or server error - not judged, will be retried"
2066149,"Bora, Safal",chessgames,151691,https://www.chessgames.com/perl/chessplayer?pid=151691,unknown,rate limited (HTTP 429),"rate-limited or server error - not judged, will be retried"
3500160,"Borges Matos, Juan",chesscomPlayer,juan-borges-mateos,https://www.chess.com/players/juan-borges-mateos,alive,200,no action
3500160,"Borges Matos, Juan",chessgames,25648,https://www.chessgames.com/perl/chessplayer?pid=25648,unknown,rate limited (HTTP 429),"rate-limited or server error - not judged, will be retried"
14603152,"Borisek, Jure",chesscom,GM_Donatello,https://www.chess.com/member/GM_Donatello,alive,200,no action
14603152,"Borisek, Jure",chesscomPlayer,jure-borisek,https://www.chess.com/players/jure-borisek,unknown,rate limited (HTTP 429),"rate-limited or server error - not judged, will be retried"
14603152,"Borisek, Jure",chessgames,35978,https://www.chessgames.com/perl/chessplayer?pid=35978,unknown,rate limited (HTTP 429),"rate-limited or server error - not judged, will be retried"
722340,"Boros, Denes",chesscom,BlueWizzard,https://www.chess.com/member/BlueWizzard,alive,200,no action
722340,"Boros, Denes",chesscomPlayer,denes-boros,https://www.chess.com/players/denes-boros,unknown,rate limited (HTTP 429),"rate-limited or server error - not judged, will be retried"
722340,"Boros, Denes",chessgames,49801,https://www.chessgames.com/perl/chessplayer?pid=49801,unknown,rate limited (HTTP 429),"rate-limited or server error - not judged, will be retried"
722340,"Boros, Denes",x,Gmasterg4,https://x.com/Gmasterg4,alive,200,no action
14102811,"Borovikov, Vladislav",chesscomPlayer,vladislav-borovikov,https://www.chess.com/players/vladislav-borovikov,unknown,rate limited (HTTP 429),"rate-limited or server error - not judged, will be retried"
14102811,"Borovikov, Vladislav",chessgames,10825,https://www.chessgames.com/perl/chessplayer?pid=10825,unknown,rate limited (HTTP 429),"rate-limited or server error - not judged, will be retried"
14120828,"Bortnyk, Olexandr",chesscom,Oleksandr_Bortnyk,https://www.chess.com/member/Oleksandr_Bortnyk,alive,200,no action
14120828,"Bortnyk, Olexandr",chesscomPlayer,oleksandr-bortnyk,https://www.chess.com/players/oleksandr-bortnyk,alive,200,no action
14120828,"Bortnyk, Olexandr",chessgames,117639,https://www.chessgames.com/perl/chessplayer?pid=117639,unknown,rate limited (HTTP 429),"rate-limited or server error - not judged, will be retried"
14120828,"Bortnyk, Olexandr",lichess,Night-King96,https://lichess.org/@/Night-King96,unknown,ConnectionResetError,"rate-limited or server error - not judged, will be retried"
14120828,"Bortnyk, Olexandr",x,BortnykChess,https://x.com/BortnykChess,alive,200,no action
2800055,"Boruchovsky, Avital",chesscom,AvitalBor,https://www.chess.com/member/AvitalBor,alive,200,no action
2800055,"Boruchovsky, Avital",chesscomPlayer,avital-boruchovsky,https://www.chess.com/players/avital-boruchovsky,unknown,rate limited (HTTP 429),"rate-limited or server error - not judged, will be retried"
2800055,"Boruchovsky, Avital",chessgames,113368,https://www.chessgames.com/perl/chessplayer?pid=113368,unknown,rate limited (HTTP 429),"rate-limited or server error - not judged, will be retried"
14507927,"Bosiocic, Marin",chesscom,Bosiocic,https://www.chess.com/member/Bosiocic,alive,200,no action
14507927,"Bosiocic, Marin",chesscomPlayer,marin-bosiocic,https://www.chess.com/players/marin-bosiocic,unknown,rate limited (HTTP 429),"rate-limited or server error - not judged, will be retried"
14507927,"Bosiocic, Marin",chessgames,54641,https://www.chessgames.com/perl/chessplayer?pid=54641,unknown,rate limited (HTTP 429),"rate-limited or server error - not judged, will be retried"
14507927,"Bosiocic, Marin",lichess,MarinBosiocic,https://lichess.org/@/MarinBosiocic,unknown,ConnectionResetError,"rate-limited or server error - not judged, will be retried"
5500010,"Bouaziz, Slim",chesscomPlayer,slim-bouaziz,https://www.chess.com/players/slim-bouaziz,unknown,rate limited (HTTP 429),"rate-limited or server error - not judged, will be retried"
5500010,"Bouaziz, Slim",chessgames,16990,https://www.chessgames.com/perl/chessplayer?pid=16990,unknown,rate limited (HTTP 429),"rate-limited or server error - not judged, will be retried"
45102422,"Boyer, Mahel",chesscom,kingofthenil,https://www.chess.com/member/kingofthenil,alive,200,no action
45102422,"Boyer, Mahel",chesscomPlayer,mahel-boyer,https://www.chess.com/players/mahel-boyer,unknown,rate limited (HTTP 429),"rate-limited or server error - not judged, will be retried"
1011014,"Brandenburg, Daan",chesscom,daanbrandenburg,https://www.chess.com/member/daanbrandenburg,alive,200,no action
1011014,"Brandenburg, Daan",chesscomPlayer,daan-brandenburg,https://www.chess.com/players/daan-brandenburg,alive,200,no action
1011014,"Brandenburg, Daan",chessgames,70008,https://www.chessgames.com/perl/chessplayer?pid=70008,unknown,rate limited (HTTP 429),"rate-limited or server error - not judged, will be retried"
1011014,"Brandenburg, Daan",lichess,DaanBrandenburg,https://lichess.org/@/DaanBrandenburg,unknown,rate limited (HTTP 429),"rate-limited or server error - not judged, will be retried"
4663527,"Braun, Arik",chesscom,Baby_Legs,https://www.chess.com/member/Baby_Legs,alive,200,no action
4663527,"Braun, Arik",chesscomPlayer,arik-braun,https://www.chess.com/players/arik-braun,unknown,rate limited (HTTP 429),"rate-limited or server error - not judged, will be retried"
4663527,"Braun, Arik",chessgames,50268,https://www.chessgames.com/perl/chessplayer?pid=50268,unknown,rate limited (HTTP 429),"rate-limited or server error - not judged, will be retried"
913723,"Brenjo, Slavisa",chesscomPlayer,slavisa-brenjo,https://www.chess.com/players/slavisa-brenjo,unknown,rate limited (HTTP 429),"rate-limited or server error - not judged, will be retried"
913723,"Brenjo, Slavisa",chessgames,28626,https://www.chessgames.com/perl/chessplayer?pid=28626,unknown,rate limited (HTTP 429),"rate-limited or server error - not judged, will be retried"
600245,"Bricard, Emmanuel",chesscomPlayer,emmanuel-bricard,https://www.chess.com/players/emmanuel-bricard,unknown,rate limited (HTTP 429),"rate-limited or server error - not judged, will be retried"
600245,"Bricard, Emmanuel",chessgames,10970,https://www.chessgames.com/perl/chessplayer?pid=10970,unknown,rate limited (HTTP 429),"rate-limited or server error - not judged, will be retried"
14506688,"Brkic, Ante",chesscom,DinoPopuslic,https://www.chess.com/member/DinoPopuslic,dead,HTTP 404,removed from roster.csv - replace with the current handle if you find one
14506688,"Brkic, Ante",chesscomPlayer,ante-brkic,https://www.chess.com/players/ante-brkic,alive,200,no action
14506688,"Brkic, Ante",chessgames,49227,https://www.chessgames.com/perl/chessplayer?pid=49227,unknown,rate limited (HTTP 429),"rate-limited or server error - not judged, will be retried"
2073250,"Brodsky, David",chesscom,Binary010,https://www.chess.com/member/Binary010,alive,200,no action
2073250,"Brodsky, David",chesscomPlayer,david-brodsky,https://www.chess.com/players/david-brodsky,unknown,rate limited (HTTP 429),"rate-limited or server error - not judged, will be retried"
2073250,"Brodsky, David",chessgames,147571,https://www.chessgames.com/perl/chessplayer?pid=147571,unknown,rate limited (HTTP 429),"rate-limited or server error - not judged, will be retried"
14100932,"Brodsky, Michail",chesscom,konservator69,https://www.chess.com/member/konservator69,alive,200,no action
14100932,"Brodsky, Michail",chesscomPlayer,mykhajlo-brodskyj,https://www.chess.com/players/mykhajlo-brodskyj,unknown,rate limited (HTTP 429),"rate-limited or server error - not judged, will be retried"
14100932,"Brodsky, Michail",chessgames,18168,https://www.chessgames.com/perl/chessplayer?pid=18168,unknown,rate limited (HTTP 429),"rate-limited or server error - not judged, will be retried"
4635248,"Bromberger, Stefan",chesscomPlayer,stefan-bromberger,https://www.chess.com/players/stefan-bromberger,unknown,rate limited (HTTP 429),"rate-limited or server error - not judged, will be retried"
4635248,"Bromberger, Stefan",chessgames,50823,https://www.chessgames.com/perl/chessplayer?pid=50823,unknown,rate limited (HTTP 429),"rate-limited or server error - not judged, will be retried"
2037602,"Brown, Michael",chesscom,michaelq2d5,https://www.chess.com/member/michaelq2d5,alive,200,no action
2037602,"Brown, Michael",chesscomPlayer,michael-william-brown,https://www.chess.com/players/michael-william-brown,alive,200,no action
2037602,"Brown, Michael",chessgames,131360,https://www.chessgames.com/perl/chessplayer?pid=131360,unknown,rate limited (HTTP 429),"rate-limited or server error - not judged, will be retried"
813613,"Brunello, Sabino",chesscom,SabinoBrunello,https://www.chess.com/member/SabinoBrunello,alive,200,no action
813613,"Brunello, Sabino",chesscomPlayer,sabino-brunello,https://www.chess.com/players/sabino-brunello,unknown,rate limited (HTTP 429),"rate-limited or server error - not judged, will be retried"
813613,"Brunello, Sabino",chessgames,95809,https://www.chessgames.com/perl/chessplayer?pid=95809,unknown,rate limited (HTTP 429),"rate-limited or server error - not judged, will be retried"
813613,"Brunello, Sabino",facebook,GM-Sabino-Brunello-1477684022529185,,unchecked,returns HTTP 400 to all automated requests,cannot be tested from a server - left in place
1300024,"Brunner, Lucas",chesscomPlayer,lucas-brunner,https://www.chess.com/players/lucas-brunner,unknown,rate limited (HTTP 429),"rate-limited or server error - not judged, will be retried"
1300024,"Brunner, Lucas",chessgames,15157,https://www.chessgames.com/perl/chessplayer?pid=15157,unknown,rate limited (HTTP 429),"rate-limited or server error - not judged, will be retried"
3503739,"Bruzon Batista, Lazaro",chesscom,GMLazaroBruzon,https://www.chess.com/member/GMLazaroBruzon,alive,200,no action
3503739,"Bruzon Batista, Lazaro",chesscomPlayer,lazaro-bruzon-batista,https://www.chess.com/players/lazaro-bruzon-batista,unknown,rate limited (HTTP 429),"rate-limited or server error - not judged, will be retried"
3503739,"Bruzon Batista, Lazaro",chessgames,49084,https://www.chessgames.com/perl/chessplayer?pid=49084,unknown,rate limited (HTTP 429),"rate-limited or server error - not judged, will be retried"
3503739,"Bruzon Batista, Lazaro",lichess,LazaroBruzon,https://lichess.org/@/LazaroBruzon,unknown,rate limited (HTTP 429),"rate-limited or server error - not judged, will be retried"
4165314,"Bryakin, Mikhail",chesscomPlayer,mikhail-bryakin,https://www.chess.com/players/mikhail-bryakin,alive,200,no action
4165314,"Bryakin, Mikhail",chessgames,118154,https://www.chessgames.com/perl/chessplayer?pid=118154,unknown,rate limited (HTTP 429),"rate-limited or server error - not judged, will be retried"
4165314,"Bryakin, Mikhail",lichess,Bryakin_Mikhail,https://lichess.org/@/Bryakin_Mikhail,unknown,rate limited (HTTP 429),"rate-limited or server error - not judged, will be retried"
1700219,"Brynell, Stellan",chesscom,GoingKronos,https://www.chess.com/member/GoingKronos,alive,200,no action
1700219,"Brynell, Stellan",chesscomPlayer,stellan-brynell,https://www.chess.com/players/stellan-brynell,unknown,rate limited (HTTP 429),"rate-limited or server error - not judged, will be retried"
1700219,"Brynell, Stellan",chessgames,18139,https://www.chessgames.com/perl/chessplayer?pid=18139,unknown,rate limited (HTTP 429),"rate-limited or server error - not judged, will be retried"
1700219,"Brynell, Stellan",lichess,Canuara,https://lichess.org/@/Canuara,unknown,rate limited (HTTP 429),"rate-limited or server error - not judged, will be retried"
4133285,"Bryzgalin, Kirill",chesscom,Norival,https://www.chess.com/member/Norival,alive,200,no action
4133285,"Bryzgalin, Kirill",chesscomPlayer,kirill-bryzgalin,https://www.chess.com/players/kirill-bryzgalin,unknown,rate limited (HTTP 429),"rate-limited or server error - not judged, will be retried"
4133285,"Bryzgalin, Kirill",chessgames,53176,https://www.chessgames.com/perl/chessplayer?pid=53176,unknown,rate limited (HTTP 429),"rate-limited or server error - not judged, will be retried"
8601445,"Bu, Xiangzhi",chesscom,chesswolf1210,https://www.chess.com/member/chesswolf1210,alive,200,no action
8601445,"Bu, Xiangzhi",chesscomPlayer,bu-xiangzhi,https://www.chess.com/players/bu-xiangzhi,unknown,rate limited (HTTP 429),"rate-limited or server error - not judged, will be retried"
8601445,"Bu, Xiangzhi",chessgames,10762,https://www.chessgames.com/perl/chessplayer?pid=10762,unknown,rate limited (HTTP 429),"rate-limited or server error - not judged, will be retried"
960047,"Budisavljevic, Luka",chesscom,LuckyLuka04,https://www.chess.com/member/LuckyLuka04,dead,HTTP 404,removed from roster.csv - replace with the current handle if you find one
960047,"Budisavljevic, Luka",chesscomPlayer,luka-budisavljevic,https://www.chess.com/players/luka-budisavljevic,unknown,rate limited (HTTP 429),"rate-limited or server error - not judged, will be retried"
960047,"Budisavljevic, Luka",chessgames,156111,https://www.chessgames.com/perl/chessplayer?pid=156111,unknown,rate limited (HTTP 429),"rate-limited or server error - not judged, will be retried"
4651340,"Buhmann, Rainer",chesscom,GM_Buhmann,https://www.chess.com/member/GM_Buhmann,alive,200,no action
4651340,"Buhmann, Rainer",chesscomPlayer,rainer-buhmann,https://www.chess.com/players/rainer-buhmann,alive,200,no action
4651340,"Buhmann, Rainer",chessgames,51575,https://www.chessgames.com/perl/chessplayer?pid=51575,unknown,rate limited (HTTP 429),"rate-limited or server error - not judged, will be retried"
4651340,"Buhmann, Rainer",lichess,Buhmann,https://lichess.org/@/Buhmann,unknown,rate limited (HTTP 429),"rate-limited or server error - not judged, will be retried"
12400726,Bui Vinh,chesscom,Bui2512,https://www.chess.com/member/Bui2512,alive,200,no action
12400726,Bui Vinh,chesscomPlayer,vinh-bui,https://www.chess.com/players/vinh-bui,unknown,rate limited (HTTP 429),"rate-limited or server error - not judged, will be retried"
12400726,Bui Vinh,chessgames,79483,https://www.chessgames.com/perl/chessplayer?pid=79483,unknown,rate limited (HTTP 429),"rate-limited or server error - not judged, will be retried"
14600030,"Bukic, Enver",chesscomPlayer,enver-bukic,https://www.chess.com/players/enver-bukic,unknown,rate limited (HTTP 429),"rate-limited or server error - not judged, will be retried"
14600030,"Bukic, Enver",chessgames,42487,https://www.chessgames.com/perl/chessplayer?pid=42487,unknown,rate limited (HTTP 429),"rate-limited or server error - not judged, will be retried"
4634284,"Bunzmann, Dimitrij",chesscomPlayer,dimitri-bunzmann,https://www.chess.com/players/dimitri-bunzmann,unknown,rate limited (HTTP 429),"rate-limited or server error - not judged, will be retried"
4634284,"Bunzmann, Dimitrij",chessgames,52728,https://www.chessgames.com/perl/chessplayer?pid=52728,unknown,rate limited (HTTP 429),"rate-limited or server error - not judged, will be retried"
1010697,"Burg, Twan",chesscom,Twannibal,https://www.chess.com/member/Twannibal,alive,200,no action
1010697,"Burg, Twan",chesscomPlayer,twan-burg,https://www.chess.com/players/twan-burg,alive,200,no action
1010697,"Burg, Twan",chessgames,95505,https://www.chessgames.com/perl/chessplayer?pid=95505,unknown,rate limited (HTTP 429),"rate-limited or server error - not judged, will be retried"
2070901,"Burke, John M",chesscom,JMB2010,https://www.chess.com/member/JMB2010,alive,200,no action
2070901,"Burke, John M",chesscomPlayer,john-m-burke,https://www.chess.com/players/john-m-burke,unknown,rate limited (HTTP 429),"rate-limited or server error - not judged, will be retried"
2070901,"Burke, John M",chessgames,153600,https://www.chessgames.com/perl/chessplayer?pid=153600,unknown,rate limited (HTTP 429),"rate-limited or server error - not judged, will be retried"
4105109,"Burmakin, Vladimir",chesscom,burbur555,https://www.chess.com/member/burbur555,alive,200,no action
4105109,"Burmakin, Vladimir",chesscomPlayer,vladimir-burmakin,https://www.chess.com/players/vladimir-burmakin,unknown,rate limited (HTTP 429),"rate-limited or server error - not judged, will be retried"
4105109,"Burmakin, Vladimir",chessgames,27079,https://www.chessgames.com/perl/chessplayer?pid=27079,unknown,rate limited (HTTP 429),"rate-limited or server error - not judged, will be retried"
2806991,"Bykhovsky, Anatoly",chesscom,abykhovsky,https://www.chess.com/member/abykhovsky,alive,200,no action
2806991,"Bykhovsky, Anatoly",chesscomPlayer,anatoly-bykhovsky,https://www.chess.com/players/anatoly-bykhovsky,unknown,rate limited (HTTP 429),"rate-limited or server error - not judged, will be retried"
2806991,"Bykhovsky, Anatoly",chessgames,26957,https://www.chessgames.com/perl/chessplayer?pid=26957,unknown,rate limited (HTTP 429),"rate-limited or server error - not judged, will be retried"
4101057,"Bykhovsky, Avigdor",chesscom,reutik,https://www.chess.com/member/reutik,alive,200,no action
4101057,"Bykhovsky, Avigdor",chesscomPlayer,avigdor-bykhovsky,https://www.chess.com/players/avigdor-bykhovsky,alive,200,no action
4101057,"Bykhovsky, Avigdor",chessgames,99141,https://www.chessgames.com/perl/chessplayer?pid=99141,unknown,rate limited (HTTP 429),"rate-limited or server error - not judged, will be retried"
4101057,"Bykhovsky, Avigdor",lichess,AVIGDOR1,https://lichess.org/@/AVIGDOR1,unknown,rate limited (HTTP 429),"rate-limited or server error - not judged, will be retried"
3502783,"Cabrera, Alexis",chesscomPlayer,alexis-cabrera,https://www.chess.com/players/alexis-cabrera,unknown,rate limited (HTTP 429),"rate-limited or server error - not judged, will be retried"
3502783,"Cabrera, Alexis",chessgames,36714,https://www.chessgames.com/perl/chessplayer?pid=36714,unknown,rate limited (HTTP 429),"rate-limited or server error - not judged, will be retried"
3502783,"Cabrera, Alexis",lichess,Minos44,https://lichess.org/@/Minos44,unknown,rate limited (HTTP 429),"rate-limited or server error - not judged, will be retried"
900249,"Cabrilo, Goran",chesscomPlayer,goran-cabrilo,https://www.chess.com/players/goran-cabrilo,unknown,rate limited (HTTP 429),"rate-limited or server error - not judged, will be retried"
900249,"Cabrilo, Goran",chessgames,21337,https://www.chessgames.com/perl/chessplayer?pid=21337,unknown,rate limited (HTTP 429),"rate-limited or server error - not judged, will be retried"
100013,"Campora, Daniel H.",chesscomPlayer,daniel-h-campora,https://www.chess.com/players/daniel-h-campora,unknown,rate limited (HTTP 429),"rate-limited or server error - not judged, will be retried"
100013,"Campora, Daniel H.",chessgames,15798,https://www.chessgames.com/perl/chessplayer?pid=15798,unknown,rate limited (HTTP 429),"rate-limited or server error - not judged, will be retried"
3400034,"Campos Moreno, Javier B.",chesscomPlayer,javier-benito-campos-moreno,https://www.chess.com/players/javier-benito-campos-moreno,alive,200,no action
3400034,"Campos Moreno, Javier B.",chessgames,48907,https://www.chessgames.com/perl/chessplayer?pid=48907,unknown,rate limited (HTTP 429),"rate-limited or server error - not judged, will be retried"
6302181,"Can, Emre",chesscom,MirMan90,https://www.chess.com/member/MirMan90,alive,200,no action
6302181,"Can, Emre",chesscomPlayer,emre-can,https://www.chess.com/players/emre-can,unknown,rate limited (HTTP 429),"rate-limited or server error - not judged, will be retried"
6302181,"Can, Emre",chessgames,56847,https://www.chessgames.com/perl/chessplayer?pid=56847,unknown,rate limited (HTTP 429),"rate-limited or server error - not judged, will be retried"
6383742,"Can, Isik",chesscom,IsikCan,https://www.chess.com/member/IsikCan,alive,200,no action
6383742,"Can, Isik",chesscomPlayer,isik-can,https://www.chess.com/players/isik-can,unknown,rate limited (HTTP 429),"rate-limited or server error - not judged, will be retried"
6383742,"Can, Isik",chessgames,140397,https://www.chessgames.com/perl/chessplayer?pid=140397,unknown,rate limited (HTTP 429),"rate-limited or server error - not judged, will be retried"
725056,"Cao, Sang",chesscomPlayer,cao-sang,https://www.chess.com/players/cao-sang,unknown,rate limited (HTTP 429),"rate-limited or server error - not judged, will be retried"
725056,"Cao, Sang",chessgames,49443,https://www.chessgames.com/perl/chessplayer?pid=49443,unknown,rate limited (HTTP 429),"rate-limited or server error - not judged, will be retried"
4430492,"Cardoso Cardoso, Jose Gabriel",chesscom,TheBigBoss04,https://www.chess.com/member/TheBigBoss04,alive,200,no action
4430492,"Cardoso Cardoso, Jose Gabriel",chesscomPlayer,jose-gabriel-cardoso-cardoso,https://www.chess.com/players/jose-gabriel-cardoso-cardoso,unknown,rate limited (HTTP 429),"rate-limited or server error - not judged, will be retried"
4430492,"Cardoso Cardoso, Jose Gabriel",chessgames,156104,https://www.chessgames.com/perl/chessplayer?pid=156104,unknown,rate limited (HTTP 429),"rate-limited or server error - not judged, will be retried"
4430492,"Cardoso Cardoso, Jose Gabriel",lichess,Drthebigboss,https://lichess.org/@/Drthebigboss,unknown,rate limited (HTTP 429),"rate-limited or server error - not judged, will be retried"
1503014,"Carlsen, Magnus",chesscom,MagnusCarlsen,https://www.chess.com/member/MagnusCarlsen,alive,200,no action
1503014,"Carlsen, Magnus",chesscomPlayer,magnus-carlsen,https://www.chess.com/players/magnus-carlsen,alive,200,no action
1503014,"Carlsen, Magnus",chessgames,52948,https://www.chessgames.com/perl/chessplayer?pid=52948,unknown,rate limited (HTTP 429),"rate-limited or server error - not judged, will be retried"
1503014,"Carlsen, Magnus",lichess,DrNykterstein,https://lichess.org/@/DrNykterstein,alive,200,no action
1503014,"Carlsen, Magnus",x,MagnusCarlsen,https://x.com/MagnusCarlsen,alive,200,no action
1503014,"Carlsen, Magnus",website,https://magnuscarlsen.com,https://magnuscarlsen.com,alive,200,no action
1503014,"Carlsen, Magnus",facebook,magnuschess,,unchecked,returns HTTP 400 to all automated requests,cannot be tested from a server - left in place
1503014,"Carlsen, Magnus",instagram,magnus_carlsen,,unchecked,login wall answers 200 for missing profiles,cannot be tested from a server - left in place
1503014,"Carlsen, Magnus",youtube,UCbdcpQ5uPPymv7Ea0nnFfOw,,unchecked,consent page answers 200 for missing channels,cannot be tested from a server - left in place
1705814,"Carlsson, Pontus",chesscom,GMPontusCarlsson,https://www.chess.com/member/GMPontusCarlsson,alive,200,no action
1705814,"Carlsson, Pontus",chesscomPlayer,pontus-carlsson,https://www.chess.com/players/pontus-carlsson,unknown,rate limited (HTTP 429),"rate-limited or server error - not judged, will be retried"
1705814,"Carlsson, Pontus",chessgames,50058,https://www.chessgames.com/perl/chessplayer?pid=50058,unknown,rate limited (HTTP 429),"rate-limited or server error - not judged, will be retried"
1705814,"Carlsson, Pontus",x,GMCarlsson,https://x.com/GMCarlsson,alive,200,no action
1705814,"Carlsson, Pontus",website,https://pontus-carlsson.com/,https://pontus-carlsson.com/,alive,200,no action
2020009,"Caruana, Fabiano",chesscom,FabianoCaruana,https://www.chess.com/member/FabianoCaruana,alive,200,no action
2020009,"Caruana, Fabiano",chesscomPlayer,fabiano-caruana,https://www.chess.com/players/fabiano-caruana,unknown,rate limited (HTTP 429),"rate-limited or server error - not judged, will be retried"
2020009,"Caruana, Fabiano",chessgames,76172,https://www.chessgames.com/perl/chessplayer?pid=76172,unknown,rate limited (HTTP 429),"rate-limited or server error - not judged, will be retried"
2020009,"Caruana, Fabiano",x,FabianoCaruana,https://x.com/FabianoCaruana,alive,200,no action
2020009,"Caruana, Fabiano",website,http://www.caruanachess.com,http://www.caruanachess.com,dead,domain does not resolve,removed from roster.csv - replace with the current handle if you find one
2020009,"Caruana, Fabiano",facebook,CaruanaChess,,unchecked,returns HTTP 400 to all automated requests,cannot be tested from a server - left in place
2020009,"Caruana, Fabiano",instagram,fabianocaruana,,unchecked,login wall answers 200 for missing profiles,cannot be tested from a server - left in place
2020009,"Caruana, Fabiano",twitch,gmfabianocaruana,,unchecked,app shell answers 200 for missing channels,cannot be tested from a server - left in place
2807394,"Caspi, Israel",chesscom,CaspiIsrael,https://www.chess.com/member/CaspiIsrael,alive,200,no action
2807394,"Caspi, Israel",chesscomPlayer,israel-caspi,https://www.chess.com/players/israel-caspi,unknown,rate limited (HTTP 429),"rate-limited or server error - not judged, will be retried"
2807394,"Caspi, Israel",chessgames,54722,https://www.chessgames.com/perl/chessplayer?pid=54722,unknown,rate limited (HTTP 429),"rate-limited or server error - not judged, will be retried"
3800954,"Castaneda, Georgui",chesscom,Kastanieda_Georgui,https://www.chess.com/member/Kastanieda_Georgui,alive,200,no action
3800954,"Castaneda, Georgui",chesscomPlayer,georgui-castaneda,https://www.chess.com/players/georgui-castaneda,alive,200,no action
3800954,"Castaneda, Georgui",chessgames,120884,https://www.chessgames.com/perl/chessplayer?pid=120884,unknown,rate limited (HTTP 429),"rate-limited or server error - not judged, will be retried"
3800954,"Castaneda, Georgui",website,https://chessrussian.ru/about/trainers/70/,https://chessrussian.ru/about/trainers/70/,dead,HTTP 404,removed from roster.csv - replace with the current handle if you find one
3404650,"Castellanos Rodriguez, Renier",chesscom,ThinkingSquares,https://www.chess.com/member/ThinkingSquares,alive,200,no action
3404650,"Castellanos Rodriguez, Renier",chesscomPlayer,renier-castellanos-rodriguez,https://www.chess.com/players/renier-castellanos-rodriguez,unknown,rate limited (HTTP 429),"rate-limited or server error - not judged, will be retried"
3404650,"Castellanos Rodriguez, Renier",chessgames,88633,https://www.chessgames.com/perl/chessplayer?pid=88633,unknown,rate limited (HTTP 429),"rate-limited or server error - not judged, will be retried"
600075,"Chabanon, Jean-Luc",chesscom,Chabanon,https://www.chess.com/member/Chabanon,alive,200,no action
600075,"Chabanon, Jean-Luc",chesscomPlayer,jean-luc-chabanon,https://www.chess.com/players/jean-luc-chabanon,unknown,rate limited (HTTP 429),"rate-limited or server error - not judged, will be retried"
600075,"Chabanon, Jean-Luc",chessgames,51919,https://www.chessgames.com/perl/chessplayer?pid=51919,unknown,rate limited (HTTP 429),"rate-limited or server error - not judged, will be retried"
4167392,"Chadaev, Nikolai",chesscom,ChadaevNikolay,https://www.chess.com/member/ChadaevNikolay,alive,200,no action
4167392,"Chadaev, Nikolai",chesscomPlayer,nikolai-chadaev,https://www.chess.com/players/nikolai-chadaev,unknown,rate limited (HTTP 429),"rate-limited or server error - not judged, will be retried"
4167392,"Chadaev, Nikolai",chessgames,105526,https://www.chessgames.com/perl/chessplayer?pid=105526,unknown,rate limited (HTTP 429),"rate-limited or server error - not judged, will be retried"
4167392,"Chadaev, Nikolai",website,http://gmchadaev.ru/,http://gmchadaev.ru/,alive,200,no action
5004225,"Chanda, Sandipan",chesscomPlayer,chanda-sandipan,https://www.chess.com/players/chanda-sandipan,unknown,rate limited (HTTP 429),"rate-limited or server error - not judged, will be retried"
5004225,"Chanda, Sandipan",chessgames,53011,https://www.chessgames.com/perl/chessplayer?pid=53011,unknown,rate limited (HTTP 429),"rate-limited or server error - not judged, will be retried"
5004225,"Chanda, Sandipan",lichess,Kutastha,https://lichess.org/@/Kutastha,alive,200,no action
400050,"Chandler, Murray G",chesscomPlayer,murray-g-chandler,https://www.chess.com/players/murray-g-chandler,unknown,rate limited (HTTP 429),"rate-limited or server error - not judged, will be retried"
400050,"Chandler, Murray G",chessgames,11788,https://www.chessgames.com/perl/chessplayer?pid=11788,unknown,rate limited (HTTP 429),"rate-limited or server error - not judged, will be retried"
25006711,"Chandra, Akshat",chesscomPlayer,akshat-chandra,https://www.chess.com/players/akshat-chandra,unknown,rate limited (HTTP 429),"rate-limited or server error - not judged, will be retried"
25006711,"Chandra, Akshat",chessgames,139516,https://www.chessgames.com/perl/chessplayer?pid=139516,unknown,rate limited (HTTP 429),"rate-limited or server error - not judged, will be retried"
25006711,"Chandra, Akshat",lichess,BabaRamdev,https://lichess.org/@/BabaRamdev,alive,200,no action
25006711,"Chandra, Akshat",website,http://akshatchandra.com,http://akshatchandra.com,alive,200,no action
2602504,"Charbonneau, Pascal",chesscom,RealPascalC,https://www.chess.com/member/RealPascalC,alive,200,no action
2602504,"Charbonneau, Pascal",chesscomPlayer,pascal-charbonneau,https://www.chess.com/players/pascal-charbonneau,unknown,rate limited (HTTP 429),"rate-limited or server error - not judged, will be retried"
2602504,"Charbonneau, Pascal",chessgames,49591,https://www.chessgames.com/perl/chessplayer?pid=49591,unknown,rate limited (HTTP 429),"rate-limited or server error - not judged, will be retried"
2602504,"Charbonneau, Pascal",website,https://www.gmpascal.com,https://www.gmpascal.com,alive,200,no action
13500767,"Charnushevich, Aliaksei",chesscomPlayer,aliaksei-charnushevich,https://www.chess.com/players/aliaksei-charnushevich,alive,200,no action
13500767,"Charnushevich, Aliaksei",chessgames,125297,https://www.chessgames.com/perl/chessplayer?pid=125297,unknown,rate limited (HTTP 429),"rate-limited or server error - not judged, will be retried"
30908477,"Chasin, Nico",chesscom,TheNicoChasin,https://www.chess.com/member/TheNicoChasin,alive,200,no action
30908477,"Chasin, Nico",chesscomPlayer,nico-chasin,https://www.chess.com/players/nico-chasin,unknown,rate limited (HTTP 429),"rate-limited or server error - not judged, will be retried"
2900440,"Chatalbashev, Boris",chesscomPlayer,boris-chatalbashev,https://www.chess.com/players/boris-chatalbashev,unknown,rate limited (HTTP 429),"rate-limited or server error - not judged, will be retried"
2900440,"Chatalbashev, Boris",chessgames,44896,https://www.chessgames.com/perl/chessplayer?pid=44896,unknown,rate limited (HTTP 429),"rate-limited or server error - not judged, will be retried"
2069342,"Checa, Nicolas",chesscom,SPEEDSKATER,https://www.chess.com/member/SPEEDSKATER,alive,200,no action
2069342,"Checa, Nicolas",chesscomPlayer,nicolas-d-checa,https://www.chess.com/players/nicolas-d-checa,unknown,rate limited (HTTP 429),"rate-limited or server error - not judged, will be retried"
2069342,"Checa, Nicolas",chessgames,155733,https://www.chessgames.com/perl/chessplayer?pid=155733,unknown,rate limited (HTTP 429),"rate-limited or server error - not judged, will be retried"
4100859,"Chekhov, Valery A",chesscomPlayer,valery-a-chekhov,https://www.chess.com/players/valery-a-chekhov,unknown,rate limited (HTTP 429),"rate-limited or server error - not judged, will be retried"
4100859,"Chekhov, Valery A",chessgames,15410,https://www.chessgames.com/perl/chessplayer?pid=15410,unknown,rate limited (HTTP 429),"rate-limited or server error - not judged, will be retried"
4300033,"Cheng, Bobby",chesscom,slackadaisacal,https://www.chess.com/member/slackadaisacal,alive,200,no action
4300033,"Cheng, Bobby",chesscomPlayer,bobby-cheng,https://www.chess.com/players/bobby-cheng,alive,200,no action
4300033,"Cheng, Bobby",chessgames,111775,https://www.chessgames.com/perl/chessplayer?pid=111775,unknown,rate limited (HTTP 429),"rate-limited or server error - not judged, will be retried"
2905540,"Cheparinov, Ivan",chesscom,GMCheparinov,https://www.chess.com/member/GMCheparinov,alive,200,no action
2905540,"Cheparinov, Ivan",chesscomPlayer,ivan-cheparinov,https://www.chess.com/players/ivan-cheparinov,alive,200,no action
2905540,"Cheparinov, Ivan",chessgames,10930,https://www.chessgames.com/perl/chessplayer?pid=10930,unknown,rate limited (HTTP 429),"rate-limited or server error - not judged, will be retried"
2905540,"Cheparinov, Ivan",lichess,Chepursias,https://lichess.org/@/Chepursias,alive,200,no action
4117301,"Cherniaev, Alexander",chesscomPlayer,alexander-cherniaev,https://www.chess.com/players/alexander-cherniaev,unknown,rate limited (HTTP 429),"rate-limited or server error - not judged, will be retried"
4117301,"Cherniaev, Alexander",chessgames,27642,https://www.chessgames.com/perl/chessplayer?pid=27642,unknown,rate limited (HTTP 429),"rate-limited or server error - not judged, will be retried"
715620,"Chernin, Alexander",chesscomPlayer,alexander-chernin,https://www.chess.com/players/alexander-chernin,unknown,rate limited (HTTP 429),"rate-limited or server error - not judged, will be retried"
715620,"Chernin, Alexander",chessgames,13898,https://www.chessgames.com/perl/chessplayer?pid=13898,unknown,rate limited (HTTP 429),"rate-limited or server error - not judged, will be retried"
4167406,"Chernobay, Artem",chesscom,Chernobay_Artem,https://www.chess.com/member/Chernobay_Artem,alive,200,no action
4167406,"Chernobay, Artem",chesscomPlayer,artem-chernobay,https://www.chess.com/players/artem-chernobay,unknown,rate limited (HTTP 429),"rate-limited or server error - not judged, will be retried"
4167406,"Chernobay, Artem",chessgames,107168,https://www.chessgames.com/perl/chessplayer?pid=107168,unknown,rate limited (HTTP 429),"rate-limited or server error - not judged, will be retried"
4117328,"Chernyshov, Konstantin",chesscomPlayer,konstantin-chernyshov,https://www.chess.com/players/konstantin-chernyshov,alive,200,no action
4117328,"Chernyshov, Konstantin",chessgames,18185,https://www.chessgames.com/perl/chessplayer?pid=18185,unknown,rate limited (HTTP 429),"rate-limited or server error - not judged, will be retried"
13300717,"Chibukhchian, Artur",chesscomPlayer,artur-chibukhchian,https://www.chess.com/players/artur-chibukhchian,unknown,rate limited (HTTP 429),"rate-limited or server error - not judged, will be retried"
13300717,"Chibukhchian, Artur",chessgames,50061,https://www.chessgames.com/perl/chessplayer?pid=50061,unknown,rate limited (HTTP 429),"rate-limited or server error - not judged, will be retried"
13600036,"Chiburdanidze, Maia",chesscomPlayer,maia-chiburdanidze,https://www.chess.com/players/maia-chiburdanidze,unknown,rate limited (HTTP 429),"rate-limited or server error - not judged, will be retried"
13600036,"Chiburdanidze, Maia",chessgames,16894,https://www.chessgames.com/perl/chessplayer?pid=16894,unknown,rate limited (HTTP 429),"rate-limited or server error - not judged, will be retried"
13600036,"Chiburdanidze, Maia",x,GMChiburdanidze,https://x.com/GMChiburdanidze,alive,200,no action
4108116,"Chigaev, Maksim",chesscom,Fandorine,https://www.chess.com/member/Fandorine,alive,200,no action
4108116,"Chigaev, Maksim",chesscomPlayer,maksim-chigaev,https://www.chess.com/players/maksim-chigaev,unknown,rate limited (HTTP 429),"rate-limited or server error - not judged, will be retried"
4108116,"Chigaev, Maksim",chessgames,117641,https://www.chessgames.com/perl/chessplayer?pid=117641,unknown,rate limited (HTTP 429),"rate-limited or server error - not judged, will be retried"
4108116,"Chigaev, Maksim",lichess,Fandorine96,https://lichess.org/@/Fandorine96,alive,200,no action
1211668,"Chirila, Ioan-Cristian",chesscom,TheCount,https://www.chess.com/member/TheCount,alive,200,no action
1211668,"Chirila, Ioan-Cristian",chesscomPlayer,ioan-cristian-chirila,https://www.chess.com/players/ioan-cristian-chirila,alive,200,no action
1211668,"Chirila, Ioan-Cristian",chessgames,54750,https://www.chessgames.com/perl/chessplayer?pid=54750,unknown,rate limited (HTTP 429),"rate-limited or server error - not judged, will be retried"
1211668,"Chirila, Ioan-Cristian",x,CristianChirila,https://x.com/CristianChirila,alive,200,no action
1211668,"Chirila, Ioan-Cristian",website,https://cristianchirila.com/,https://cristianchirila.com/,alive,200,no action
1211668,"Chirila, Ioan-Cristian",twitch,CountLive,,unchecked,app shell answers 200 for missing channels,cannot be tested from a server - left in place
1512668,"Christiansen, Johan-Sebastian",chesscom,JSPrepz,https://www.chess.com/member/JSPrepz,alive,200,no action
1512668,"Christiansen, Johan-Sebastian",chesscomPlayer,johan-sebastian-christiansen,https://www.chess.com/players/johan-sebastian-christiansen,unknown,rate limited (HTTP 429),"rate-limited or server error - not judged, will be retried"
1512668,"Christiansen, Johan-Sebastian",chessgames,128432,https://www.chessgames.com/perl/chessplayer?pid=128432,unknown,rate limited (HTTP 429),"rate-limited or server error - not judged, will be retried"
1512668,"Christiansen, Johan-Sebastian",lichess,Johanssc,https://lichess.org/@/Johanssc,alive,200,no action
1512668,"Christiansen, Johan-Sebastian",x,GMJSChr,https://x.com/GMJSChr,alive,200,no action
1512668,"Christiansen, Johan-Sebastian",instagram,johansorliec,,unchecked,login wall answers 200 for missing profiles,cannot be tested from a server - left in place
2000059,"Christiansen, Larry",chesscomPlayer,larry-christiansen,https://www.chess.com/players/larry-christiansen,unknown,rate limited (HTTP 429),"rate-limited or server error - not judged, will be retried"
2000059,"Christiansen, Larry",chessgames,15040,https://www.chessgames.com/perl/chessplayer?pid=15040,unknown,rate limited (HTTP 429),"rate-limited or server error - not judged, will be retried"
201260,"Chuchelov, Vladimir",chesscomPlayer,vladimir-chuchelov,https://www.chess.com/players/vladimir-chuchelov,unknown,rate limited (HTTP 429),"rate-limited or server error - not judged, will be retried"
201260,"Chuchelov, Vladimir",chessgames,19829,https://www.chessgames.com/perl/chessplayer?pid=19829,unknown,rate limited (HTTP 429),"rate-limited or server error - not judged, will be retried"
1700588,"Cicak, Slavko",chesscomPlayer,slavko-cicak,https://www.chess.com/players/slavko-cicak,alive,200,no action
1700588,"Cicak, Slavko",chessgames,24056,https://www.chessgames.com/perl/chessplayer?pid=24056,unknown,rate limited (HTTP 429),"rate-limited or server error - not judged, will be retried"
2253488,"Cifuentes Parada, Roberto",chesscomPlayer,roberto-cifuentes-parada,https://www.chess.com/players/roberto-cifuentes-parada,alive,200,no action
2253488,"Cifuentes Parada, Roberto",chessgames,25624,https://www.chessgames.com/perl/chessplayer?pid=25624,unknown,rate limited (HTTP 429),"rate-limited or server error - not judged, will be retried"
12801259,"Cmilyte, Viktorija",chesscomPlayer,viktorija-cmilyte,https://www.chess.com/players/viktorija-cmilyte,unknown,rate limited (HTTP 429),"rate-limited or server error - not judged, will be retried"
12801259,"Cmilyte, Viktorija",chessgames,51512,https://www.chessgames.com/perl/chessplayer?pid=51512,unknown,rate limited (HTTP 429),"rate-limited or server error - not judged, will be retried"
12801259,"Cmilyte, Viktorija",x,VCmilyte,https://x.com/VCmilyte,alive,200,no action
15000729,"Colovic, Aleksandar",chesscom,alexcolovic,https://www.chess.com/member/alexcolovic,alive,200,no action
15000729,"Colovic, Aleksandar",chesscomPlayer,aleksandar-colovic,https://www.chess.com/players/aleksandar-colovic,unknown,rate limited (HTTP 429),"rate-limited or server error - not judged, will be retried"
15000729,"Colovic, Aleksandar",chessgames,44745,https://www.chessgames.com/perl/chessplayer?pid=44745,unknown,rate limited (HTTP 429),"rate-limited or server error - not judged, will be retried"
15000729,"Colovic, Aleksandar",x,GMAlexColovic,https://x.com/GMAlexColovic,alive,200,no action
2200325,"Comas Fabrego, Lluis",chesscomPlayer,lluis-comas-fabrego,https://www.chess.com/players/lluis-comas-fabrego,unknown,rate limited (HTTP 429),"rate-limited or server error - not judged, will be retried"
2200325,"Comas Fabrego, Lluis",chessgames,13795,https://www.chessgames.com/perl/chessplayer?pid=13795,unknown,rate limited (HTTP 429),"rate-limited or server error - not judged, will be retried"
400181,"Conquest, Stuart C",chesscomPlayer,stuart-c-conquest,https://www.chess.com/players/stuart-c-conquest,alive,200,no action
400181,"Conquest, Stuart C",chessgames,11659,https://www.chessgames.com/perl/chessplayer?pid=11659,unknown,rate limited (HTTP 429),"rate-limited or server error - not judged, will be retried"
400181,"Conquest, Stuart C",x,stuthefox,https://x.com/stuthefox,alive,200,no action
3801497,"Cordova, Emilio",chesscom,emiliocordova,https://www.chess.com/member/emiliocordova,alive,200,no action
3801497,"Cordova, Emilio",chesscomPlayer,emilio-cordova,https://www.chess.com/players/emilio-cordova,alive,200,no action
3801497,"Cordova, Emilio",chessgames,88717,https://www.chessgames.com/perl/chessplayer?pid=88717,unknown,rate limited (HTTP 429),"rate-limited or server error - not judged, will be retried"
3814017,"Cori Quispe, Kevin Joel",chesscomPlayer,kevin-joel-cori-quispe,https://www.chess.com/players/kevin-joel-cori-quispe,unknown,rate limited (HTTP 429),"rate-limited or server error - not judged, will be retried"
3814017,"Cori Quispe, Kevin Joel",chessgames,156961,https://www.chessgames.com/perl/chessplayer?pid=156961,unknown,rate limited (HTTP 429),"rate-limited or server error - not judged, will be retried"
3802272,"Cori, Jorge",chesscom,machupichu10,https://www.chess.com/member/machupichu10,alive,200,no action
3802272,"Cori, Jorge",chesscomPlayer,jorge-cori,https://www.chess.com/players/jorge-cori,unknown,rate limited (HTTP 429),"rate-limited or server error - not judged, will be retried"
3802272,"Cori, Jorge",chessgames,109850,https://www.chessgames.com/perl/chessplayer?pid=109850,unknown,rate limited (HTTP 429),"rate-limited or server error - not judged, will be retried"
620084,"Cornette, Matthieu",chesscom,Tocras,https://www.chess.com/member/Tocras,alive,200,no action
620084,"Cornette, Matthieu",chesscomPlayer,matthieu-cornette,https://www.chess.com/players/matthieu-cornette,unknown,rate limited (HTTP 429),"rate-limited or server error - not judged, will be retried"
620084,"Cornette, Matthieu",chessgames,49265,https://www.chessgames.com/perl/chessplayer?pid=49265,unknown,rate limited (HTTP 429),"rate-limited or server error - not judged, will be retried"
3506690,"Corrales Jimenez, Fidel",chesscom,gmcorrales,https://www.chess.com/member/gmcorrales,alive,200,no action
3506690,"Corrales Jimenez, Fidel",chesscomPlayer,fidel-corrales-jimenez,https://www.chess.com/players/fidel-corrales-jimenez,alive,200,no action
3506690,"Corrales Jimenez, Fidel",chessgames,113313,https://www.chessgames.com/perl/chessplayer?pid=113313,unknown,rate limited (HTTP 429),"rate-limited or server error - not judged, will be retried"
3506690,"Corrales Jimenez, Fidel",lichess,ficorrales,https://lichess.org/@/ficorrales,alive,200,no action
16213955,"Costa, Leonardo",chesscomPlayer,leonardo-costa,https://www.chess.com/players/leonardo-costa,unknown,rate limited (HTTP 429),"rate-limited or server error - not judged, will be retried"
16213955,"Costa, Leonardo",chessgames,184414,https://www.chessgames.com/perl/chessplayer?pid=184414,unknown,rate limited (HTTP 429),"rate-limited or server error - not judged, will be retried"
1700030,"Cramling, Pia",chesscom,Piacramling,https://www.chess.com/member/Piacramling,alive,200,no action
1700030,"Cramling, Pia",chesscomPlayer,pia-cramling,https://www.chess.com/players/pia-cramling,unknown,rate limited (HTTP 429),"rate-limited or server error - not judged, will be retried"
1700030,"Cramling, Pia",chessgames,14280,https://www.chessgames.com/perl/chessplayer?pid=14280,unknown,rate limited (HTTP 429),"rate-limited or server error - not judged, will be retried"
1700030,"Cramling, Pia",x,PiaCramling,https://x.com/PiaCramling,alive,200,no action
1201271,"Crisan, Alexandru",chesscomPlayer,alexandru-crisan,https://www.chess.com/players/alexandru-crisan,unknown,rate limited (HTTP 429),"rate-limited or server error - not judged, will be retried"
1201271,"Crisan, Alexandru",chessgames,28252,https://www.chessgames.com/perl/chessplayer?pid=28252,unknown,rate limited (HTTP 429),"rate-limited or server error - not judged, will be retried"
3801969,"Cruz, Cristhian",chesscom,cristhiancruzsanchez,https://www.chess.com/member/cristhiancruzsanchez,alive,200,no action
3801969,"Cruz, Cristhian",chesscomPlayer,cristhian-cruz,https://www.chess.com/players/cristhian-cruz,alive,200,no action
3801969,"Cruz, Cristhian",chessgames,103442,https://www.chessgames.com/perl/chessplayer?pid=103442,unknown,rate limited (HTTP 429),"rate-limited or server error - not judged, will be retried"
4401190,"Cuartas, Jaime Alexander",chesscomPlayer,jaime-alexander-cuartas,https://www.chess.com/players/jaime-alexander-cuartas,unknown,rate limited (HTTP 429),"rate-limited or server error - not judged, will be retried"
4401190,"Cuartas, Jaime Alexander",chessgames,49557,https://www.chessgames.com/perl/chessplayer?pid=49557,unknown,rate limited (HTTP 429),"rate-limited or server error - not judged, will be retried"
3700267,"Cubas, Jose",chesscom,Cubitas,https://www.chess.com/member/Cubitas,alive,200,no action
3700267,"Cubas, Jose",chesscomPlayer,jose-fernando-cubas,https://www.chess.com/players/jose-fernando-cubas,unknown,rate limited (HTTP 429),"rate-limited or server error - not judged, will be retried"
3700267,"Cubas, Jose",chessgames,88798,https://www.chessgames.com/perl/chessplayer?pid=88798,unknown,rate limited (HTTP 429),"rate-limited or server error - not judged, will be retried"
2255570,"Cuenca Jimenez, Jose Fernando",chesscom,cuencajugon,https://www.chess.com/member/cuencajugon,dead,HTTP 404,removed from roster.csv - replace with the current handle if you find one
2255570,"Cuenca Jimenez, Jose Fernando",chesscomPlayer,jose-fernando-cuenca-jimenez,https://www.chess.com/players/jose-fernando-cuenca-jimenez,unknown,rate limited (HTTP 429),"rate-limited or server error - not judged, will be retried"
2255570,"Cuenca Jimenez, Jose Fernando",chessgames,96015,https://www.chessgames.com/perl/chessplayer?pid=96015,unknown,rate limited (HTTP 429),"rate-limited or server error - not judged, will be retried"
7101554,"Cuhendi, Sean Winshand",chesscomPlayer,sean-winshand-cuhendi,https://www.chess.com/players/sean-winshand-cuhendi,unknown,rate limited (HTTP 429),"rate-limited or server error - not judged, will be retried"
7101554,"Cuhendi, Sean Winshand",chessgames,141246,https://www.chessgames.com/perl/chessplayer?pid=141246,unknown,rate limited (HTTP 429),"rate-limited or server error - not judged, will be retried"
307424,"Cvek, Robert",chesscomPlayer,robert-cvek,https://www.chess.com/players/robert-cvek,alive,200,no action
307424,"Cvek, Robert",chessgames,49664,https://www.chessgames.com/perl/chessplayer?pid=49664,unknown,rate limited (HTTP 429),"rate-limited or server error - not judged, will be retried"
14500086,"Cvitan, Ognjen",chesscom,TerorPtica,https://www.chess.com/member/TerorPtica,alive,200,no action
14500086,"Cvitan, Ognjen",chesscomPlayer,ognjen-cvitan,https://www.chess.com/players/ognjen-cvitan,unknown,rate limited (HTTP 429),"rate-limited or server error - not judged, will be retried"
14500086,"Cvitan, Ognjen",chessgames,14093,https://www.chessgames.com/perl/chessplayer?pid=14093,unknown,rate limited (HTTP 429),"rate-limited or server error - not judged, will be retried"
1108760,"Cyborowski, Lukasz",chesscom,gmcyborek,https://www.chess.com/member/gmcyborek,alive,200,no action
1108760,"Cyborowski, Lukasz",chesscomPlayer,lukasz-cyborowski,https://www.chess.com/players/lukasz-cyborowski,unknown,rate limited (HTTP 429),"rate-limited or server error - not judged, will be retried"
1108760,"Cyborowski, Lukasz",chessgames,49447,https://www.chessgames.com/perl/chessplayer?pid=49447,unknown,rate limited (HTTP 429),"rate-limited or server error - not judged, will be retried"
1121219,"Czarnota, Pawel",chesscom,PawelCzarnota,https://www.chess.com/member/PawelCzarnota,alive,200,no action
1121219,"Czarnota, Pawel",chesscomPlayer,pawel-czarnota,https://www.chess.com/players/pawel-czarnota,unknown,rate limited (HTTP 429),"rate-limited or server error - not judged, will be retried"
1121219,"Czarnota, Pawel",chessgames,54666,https://www.chessgames.com/perl/chessplayer?pid=54666,unknown,rate limited (HTTP 429),"rate-limited or server error - not judged, will be retried"
1121219,"Czarnota, Pawel",website,http://gmczarnota.pl/,http://gmczarnota.pl/,alive,200,no action
705268,"Czebe, Attila",chesscom,attilaczebe,https://www.chess.com/member/attilaczebe,alive,200,no action
705268,"Czebe, Attila",chesscomPlayer,attila-czebe,https://www.chess.com/players/attila-czebe,alive,200,no action
705268,"Czebe, Attila",chessgames,41880,https://www.chessgames.com/perl/chessplayer?pid=41880,unknown,rate limited (HTTP 429),"rate-limited or server error - not judged, will be retried"
2090759,"Daggupati, Balaji",chesscomPlayer,balaji-daggupati,https://www.chess.com/players/balaji-daggupati,unknown,rate limited (HTTP 429),"rate-limited or server error - not judged, will be retried"
2090759,"Daggupati, Balaji",chessgames,159561,https://www.chessgames.com/perl/chessplayer?pid=159561,unknown,rate limited (HTTP 429),"rate-limited or server error - not judged, will be retried"
8608156,"Dai, Changren",chesscomPlayer,dai-changren,https://www.chess.com/players/dai-changren,unknown,rate limited (HTTP 429),"rate-limited or server error - not judged, will be retried"
8608156,"Dai, Changren",chessgames,152729,https://www.chessgames.com/perl/chessplayer?pid=152729,unknown,rate limited (HTTP 429),"rate-limited or server error - not judged, will be retried"
1005030,"Dambacher, Martijn",chesscomPlayer,martijn-dambacher,https://www.chess.com/players/martijn-dambacher,unknown,rate limited (HTTP 429),"rate-limited or server error - not judged, will be retried"
1005030,"Dambacher, Martijn",chessgames,57153,https://www.chessgames.com/perl/chessplayer?pid=57153,unknown,rate limited (HTTP 429),"rate-limited or server error - not judged, will be retried"
900125,"Damljanovic, Branko",chesscomPlayer,branko-damljanovic,https://www.chess.com/players/branko-damljanovic,alive,200,no action
900125,"Damljanovic, Branko",chessgames,38691,https://www.chessgames.com/perl/chessplayer?pid=38691,unknown,rate limited (HTTP 429),"rate-limited or server error - not judged, will be retried"
12576468,"Daneshvar, Bardiya",chesscom,Bradiya-daneshvar,https://www.chess.com/member/Bradiya-daneshvar,dead,HTTP 404,removed from roster.csv - replace with the current handle if you find one
12576468,"Daneshvar, Bardiya",chesscomPlayer,bardiya-daneshvar,https://www.chess.com/players/bardiya-daneshvar,unknown,rate limited (HTTP 429),"rate-limited or server error - not judged, will be retried"
12576468,"Daneshvar, Bardiya",chessgames,156259,https://www.chessgames.com/perl/chessplayer?pid=156259,unknown,rate limited (HTTP 429),"rate-limited or server error - not judged, will be retried"
13300210,"Danielian, Elina",chesscom,ClassyEl,https://www.chess.com/member/ClassyEl,alive,200,no action
13300210,"Danielian, Elina",chesscomPlayer,elina-danielian,https://www.chess.com/players/elina-danielian,unknown,rate limited (HTTP 429),"rate-limited or server error - not judged, will be retried"
13300210,"Danielian, Elina",chessgames,26789,https://www.chessgames.com/perl/chessplayer?pid=26789,unknown,rate limited (HTTP 429),"rate-limited or server error - not judged, will be retried"
13300210,"Danielian, Elina",lichess,ClassyEl,https://lichess.org/@/ClassyEl,alive,200,no action
13300210,"Danielian, Elina",x,Elinachess,https://x.com/Elinachess,alive,200,no action
13300210,"Danielian, Elina",website,http://www.elinachess.com/index.php,http://www.elinachess.com/index.php,dead,domain does not resolve,removed from roster.csv - replace with the current handle if you find one
13300210,"Danielian, Elina",facebook,elina.danielian,,unchecked,returns HTTP 400 to all automated requests,cannot be tested from a server - left in place
1400185,"Danielsen, Henrik",chesscomPlayer,henrik-danielsen,https://www.chess.com/players/henrik-danielsen,alive,200,no action
1400185,"Danielsen, Henrik",chessgames,56533,https://www.chessgames.com/perl/chessplayer?pid=56533,unknown,rate limited (HTTP 429),"rate-limited or server error - not judged, will be retried"
4144031,"Danin, Alexandre",chesscom,stuwdrey,https://www.chess.com/member/stuwdrey,alive,200,no action
4144031,"Danin, Alexandre",chesscomPlayer,alexandre-danin,https://www.chess.com/players/alexandre-danin,unknown,rate limited (HTTP 429),"rate-limited or server error - not judged, will be retried"
4144031,"Danin, Alexandre",chessgames,85097,https://www.chessgames.com/perl/chessplayer?pid=85097,unknown,rate limited (HTTP 429),"rate-limited or server error - not judged, will be retried"
12400084,"Dao, Thien Hai",chesscomPlayer,thien-hai-dao,https://www.chess.com/players/thien-hai-dao,alive,200,no action
12400084,"Dao, Thien Hai",chessgames,19910,https://www.chessgames.com/perl/chessplayer?pid=19910,unknown,rate limited (HTTP 429),"rate-limited or server error - not judged, will be retried"
240990,"Dardha, Daniel",chesscom,DanielDardha2005,https://www.chess.com/member/DanielDardha2005,alive,200,no action
240990,"Dardha, Daniel",chesscomPlayer,daniel-dardha,https://www.chess.com/players/daniel-dardha,unknown,rate limited (HTTP 429),"rate-limited or server error - not judged, will be retried"
240990,"Dardha, Daniel",chessgames,153978,https://www.chessgames.com/perl/chessplayer?pid=153978,unknown,rate limited (HTTP 429),"rate-limited or server error - not judged, will be retried"
4600150,"Darga, Klaus",chesscomPlayer,klaus-darga,https://www.chess.com/players/klaus-darga,unknown,rate limited (HTTP 429),"rate-limited or server error - not judged, will be retried"
4600150,"Darga, Klaus",chessgames,22965,https://www.chessgames.com/perl/chessplayer?pid=22965,unknown,rate limited (HTTP 429),"rate-limited or server error - not judged, will be retried"
12502200,"Darini, Pouria",chesscom,Fighterman91,https://www.chess.com/member/Fighterman91,alive,200,no action
12502200,"Darini, Pouria",chesscomPlayer,pouria-darini,https://www.chess.com/players/pouria-darini,unknown,rate limited (HTTP 429),"rate-limited or server error - not judged, will be retried"
12502200,"Darini, Pouria",chessgames,103177,https://www.chessgames.com/perl/chessplayer?pid=103177,unknown,rate limited (HTTP 429),"rate-limited or server error - not judged, will be retried"
12502200,"Darini, Pouria",lichess,Fighterman91,https://lichess.org/@/Fighterman91,alive,200,no action
5034426,"Das, Sayantan",chesscom,Shoytan,https://www.chess.com/member/Shoytan,alive,200,no action
5034426,"Das, Sayantan",chesscomPlayer,sayantan-das,https://www.chess.com/players/sayantan-das,unknown,rate limited (HTTP 429),"rate-limited or server error - not judged, will be retried"
5034426,"Das, Sayantan",chessgames,117399,https://www.chessgames.com/perl/chessplayer?pid=117399,unknown,rate limited (HTTP 429),"rate-limited or server error - not judged, will be retried"
5034426,"Das, Sayantan",lichess,Agontuk,https://lichess.org/@/Agontuk,alive,200,no action
6300014,"Dastan, Muhammed Batuhan",chesscom,Turkchess1905,https://www.chess.com/member/Turkchess1905,alive,200,no action
6300014,"Dastan, Muhammed Batuhan",chesscomPlayer,muhammed-batuhan-dastan,https://www.chess.com/players/muhammed-batuhan-dastan,alive,200,no action
6300014,"Dastan, Muhammed Batuhan",chessgames,134832,https://www.chessgames.com/perl/chessplayer?pid=134832,unknown,rate limited (HTTP 429),"rate-limited or server error - not judged, will be retried"
4623606,"Dautov, Rustem",chesscomPlayer,rustem-dautov,https://www.chess.com/players/rustem-dautov,unknown,rate limited (HTTP 429),"rate-limited or server error - not judged, will be retried"
4623606,"Dautov, Rustem",chessgames,14285,https://www.chessgames.com/perl/chessplayer?pid=14285,unknown,rate limited (HTTP 429),"rate-limited or server error - not judged, will be retried"
4000013,"David, Alberto",chesscomPlayer,alberto-david,https://www.chess.com/players/alberto-david,unknown,rate limited (HTTP 429),"rate-limited or server error - not judged, will be retried"
4000013,"David, Alberto",chessgames,57000,https://www.chessgames.com/perl/chessplayer?pid=57000,unknown,rate limited (HTTP 429),"rate-limited or server error - not judged, will be retried"
404420,"Davies, Nigel R",chesscom,NigelD,https://www.chess.com/member/NigelD,alive,200,no action
404420,"Davies, Nigel R",chesscomPlayer,nigel-r-davies,https://www.chess.com/players/nigel-r-davies,unknown,rate limited (HTTP 429),"rate-limited or server error - not judged, will be retried"
404420,"Davies, Nigel R",chessgames,13886,https://www.chessgames.com/perl/chessplayer?pid=13886,unknown,rate limited (HTTP 429),"rate-limited or server error - not judged, will be retried"
13308327,"Davtyan, Artur",chesscom,Artur0208,https://www.chess.com/member/Artur0208,alive,200,no action
13308327,"Davtyan, Artur",chesscomPlayer,artur-davtyan,https://www.chess.com/players/artur-davtyan,alive,200,no action
2000105,"De Firmian, Nick",chesscomPlayer,nick-de-firmian,https://www.chess.com/players/nick-de-firmian,unknown,rate limited (HTTP 429),"rate-limited or server error - not judged, will be retried"
2000105,"De Firmian, Nick",chessgames,15656,https://www.chessgames.com/perl/chessplayer?pid=15656,unknown,rate limited (HTTP 429),"rate-limited or server error - not judged, will be retried"
3501833,"De La Paz Perdomo, Frank",chesscomPlayer,frank-de-la-paz-perdomo,https://www.chess.com/players/frank-de-la-paz-perdomo,unknown,rate limited (HTTP 429),"rate-limited or server error - not judged, will be retried"
3501833,"De La Paz Perdomo, Frank",chessgames,49098,https://www.chessgames.com/perl/chessplayer?pid=49098,unknown,rate limited (HTTP 429),"rate-limited or server error - not judged, will be retried"
6900224,"De La Riva Aguado, Oscar",chesscom,oskychess,https://www.chess.com/member/oskychess,alive,200,no action
6900224,"De La Riva Aguado, Oscar",chesscomPlayer,oscar-de-la-riva-aguado,https://www.chess.com/players/oscar-de-la-riva-aguado,unknown,rate limited (HTTP 429),"rate-limited or server error - not judged, will be retried"
6900224,"De La Riva Aguado, Oscar",chessgames,49948,https://www.chessgames.com/perl/chessplayer?pid=49948,unknown,rate limited (HTTP 429),"rate-limited or server error - not judged, will be retried"
2200040,"De La Villa Garcia, Jesus Maria",chesscomPlayer,jesus-maria-de-la-villa-garcia,https://www.chess.com/players/jesus-maria-de-la-villa-garcia,alive,200,no action
2200040,"De La Villa Garcia, Jesus Maria",chessgames,16285,https://www.chessgames.com/perl/chessplayer?pid=16285,unknown,rate limited (HTTP 429),"rate-limited or server error - not judged, will be retried"
1003909,"De Vreugt, Dennis",chesscomPlayer,dennis-de-vreugt,https://www.chess.com/players/dennis-de-vreugt,unknown,rate limited (HTTP 429),"rate-limited or server error - not judged, will be retried"
1003909,"De Vreugt, Dennis",chessgames,75392,https://www.chessgames.com/perl/chessplayer?pid=75392,unknown,rate limited (HTTP 429),"rate-limited or server error - not judged, will be retried"
1226380,"Deac, Bogdan-Daniel",chesscom,BogdanDeac,https://www.chess.com/member/BogdanDeac,alive,200,no action
1226380,"Deac, Bogdan-Daniel",chesscomPlayer,bogdan-daniel-deac,https://www.chess.com/players/bogdan-daniel-deac,unknown,rate limited (HTTP 429),"rate-limited or server error - not judged, will be retried"
1226380,"Deac, Bogdan-Daniel",chessgames,139343,https://www.chessgames.com/perl/chessplayer?pid=139343,unknown,rate limited (HTTP 429),"rate-limited or server error - not judged, will be retried"
1226380,"Deac, Bogdan-Daniel",lichess,deacbogdan1,https://lichess.org/@/deacbogdan1,alive,200,no action
5024854,"Debashis, Das",chesscom,debashisdebs,https://www.chess.com/member/debashisdebs,alive,200,no action
5024854,"Debashis, Das",chesscomPlayer,debashis-das,https://www.chess.com/players/debashis-das,unknown,rate limited (HTTP 429),"rate-limited or server error - not judged, will be retried"
5024854,"Debashis, Das",chessgames,117327,https://www.chessgames.com/perl/chessplayer?pid=117327,unknown,rate limited (HTTP 429),"rate-limited or server error - not judged, will be retried"
5011132,Deepan Chakkravarthy J.,chesscom,emperor87,https://www.chess.com/member/emperor87,alive,200,no action
5011132,Deepan Chakkravarthy J.,chesscomPlayer,deepan-chakkravarthy-j,https://www.chess.com/players/deepan-chakkravarthy-j,alive,200,no action
5011132,Deepan Chakkravarthy J.,chessgames,56570,https://www.chessgames.com/perl/chessplayer?pid=56570,unknown,rate limited (HTTP 429),"rate-limited or server error - not judged, will be retried"
600270,"Degraeve, Jean-Marc",chesscom,jim2600,https://www.chess.com/member/jim2600,alive,200,no action
600270,"Degraeve, Jean-Marc",chesscomPlayer,jean-marc-degraeve,https://www.chess.com/players/jean-marc-degraeve,unknown,rate limited (HTTP 429),"rate-limited or server error - not judged, will be retried"
600270,"Degraeve, Jean-Marc",chessgames,21943,https://www.chessgames.com/perl/chessplayer?pid=21943,unknown,rate limited (HTTP 429),"rate-limited or server error - not judged, will be retried"
14186640,"Dehtiarov, Roman",chesscomPlayer,galaxyroman,https://www.chess.com/players/galaxyroman,unknown,rate limited (HTTP 429),"rate-limited or server error - not judged, will be retried"
14186640,"Dehtiarov, Roman",chessgames,185192,https://www.chessgames.com/perl/chessplayer?pid=185192,unknown,rate limited (HTTP 429),"rate-limited or server error - not judged, will be retried"
2203138,"Del Rio De Angelis, Salvador Gabriel",chesscom,rikitin,https://www.chess.com/member/rikitin,alive,200,no action
2203138,"Del Rio De Angelis, Salvador Gabriel",chesscomPlayer,salvador-g-del-rio-de-angelis,https://www.chess.com/players/salvador-g-del-rio-de-angelis,unknown,rate limited (HTTP 429),"rate-limited or server error - not judged, will be retried"
2203138,"Del Rio De Angelis, Salvador Gabriel",chessgames,88543,https://www.chessgames.com/perl/chessplayer?pid=88543,unknown,rate limited (HTTP 429),"rate-limited or server error - not judged, will be retried"
2900394,"Delchev, Aleksander",chesscom,GMAlex1971,https://www.chess.com/member/GMAlex1971,alive,200,no action
2900394,"Delchev, Aleksander",chesscomPlayer,aleksander-delchev,https://www.chess.com/players/aleksander-delchev,alive,200,no action
2900394,"Delchev, Aleksander",chessgames,20994,https://www.chessgames.com/perl/chessplayer?pid=20994,unknown,rate limited (HTTP 429),"rate-limited or server error - not judged, will be retried"
3503631,"Delgado Ramirez, Neuris",chesscom,neurisdr,https://www.chess.com/member/neurisdr,alive,200,no action
3503631,"Delgado Ramirez, Neuris",chesscomPlayer,neuris-delgado-ramirez,https://www.chess.com/players/neuris-delgado-ramirez,unknown,rate limited (HTTP 429),"rate-limited or server error - not judged, will be retried"
3503631,"Delgado Ramirez, Neuris",chessgames,110640,https://www.chessgames.com/perl/chessplayer?pid=110640,unknown,rate limited (HTTP 429),"rate-limited or server error - not judged, will be retried"
632023,"Delorme, Axel",chesscomPlayer,axel-delorme,https://www.chess.com/players/axel-delorme,unknown,rate limited (HTTP 429),"rate-limited or server error - not judged, will be retried"
632023,"Delorme, Axel",chessgames,75135,https://www.chessgames.com/perl/chessplayer?pid=75135,unknown,rate limited (HTTP 429),"rate-limited or server error - not judged, will be retried"
632023,"Delorme, Axel",lichess,Chessyphenix,https://lichess.org/@/Chessyphenix,alive,200,no action
4160258,"Demchenko, Anton",chesscom,Anton_Demchenko,https://www.chess.com/member/Anton_Demchenko,alive,200,no action
4160258,"Demchenko, Anton",chesscomPlayer,anton-demchenko,https://www.chess.com/players/anton-demchenko,unknown,rate limited (HTTP 429),"rate-limited or server error - not judged, will be retried"
4160258,"Demchenko, Anton",chessgames,101982,https://www.chessgames.com/perl/chessplayer?pid=101982,unknown,rate limited (HTTP 429),"rate-limited or server error - not judged, will be retried"
4160258,"Demchenko, Anton",lichess,Demchenko_Anton,https://lichess.org/@/Demchenko_Anton,alive,200,no action
4197143,"Demidov, Mikhail",chesscom,kuli4ik,https://www.chess.com/member/kuli4ik,alive,200,no action
4197143,"Demidov, Mikhail",chesscomPlayer,mikhail-demidov,https://www.chess.com/players/mikhail-demidov,unknown,rate limited (HTTP 429),"rate-limited or server error - not judged, will be retried"
4197143,"Demidov, Mikhail",chessgames,132040,https://www.chessgames.com/perl/chessplayer?pid=132040,unknown,rate limited (HTTP 429),"rate-limited or server error - not judged, will be retried"
4197143,"Demidov, Mikhail",lichess,funny_chess,https://lichess.org/@/funny_chess,alive,200,no action
642274,"Demuth, Adrien",chesscom,Lapitch,https://www.chess.com/member/Lapitch,alive,200,no action
642274,"Demuth, Adrien",chesscomPlayer,adrien-demuth,https://www.chess.com/players/adrien-demuth,alive,200,no action
642274,"Demuth, Adrien",chessgames,96050,https://www.chessgames.com/perl/chessplayer?pid=96050,unknown,rate limited (HTTP 429),"rate-limited or server error - not judged, will be retried"
642274,"Demuth, Adrien",lichess,AdriD,https://lichess.org/@/AdriD,dead,HTTP 404,removed from roster.csv - replace with the current handle if you find one
4700236,"Dervishi, Erald",chesscomPlayer,erald-dervishi,https://www.chess.com/players/erald-dervishi,unknown,rate limited (HTTP 429),"rate-limited or server error - not judged, will be retried"
4700236,"Dervishi, Erald",chessgames,17817,https://www.chessgames.com/perl/chessplayer?pid=17817,unknown,rate limited (HTTP 429),"rate-limited or server error - not judged, will be retried"
16236432,"Deuer, Marius",chesscom,Steegersee,https://www.chess.com/member/Steegersee,alive,200,no action
16236432,"Deuer, Marius",chesscomPlayer,marius-deuer,https://www.chess.com/players/marius-deuer,unknown,rate limited (HTTP 429),"rate-limited or server error - not judged, will be retried"
16236432,"Deuer, Marius",chessgames,168903,https://www.chessgames.com/perl/chessplayer?pid=168903,unknown,rate limited (HTTP 429),"rate-limited or server error - not judged, will be retried"
4121260,"Deviatkin, Andrei",chesscom,DeviatkinAndrey,https://www.chess.com/member/DeviatkinAndrey,alive,200,no action
4121260,"Deviatkin, Andrei",chesscomPlayer,andrei-deviatkin,https://www.chess.com/players/andrei-deviatkin,unknown,rate limited (HTTP 429),"rate-limited or server error - not judged, will be retried"
4121260,"Deviatkin, Andrei",chessgames,56700,https://www.chessgames.com/perl/chessplayer?pid=56700,unknown,rate limited (HTTP 429),"rate-limited or server error - not judged, will be retried"
203882,"Dgebuadze, Alexandre",chesscomPlayer,alexandre-dgebuadze,https://www.chess.com/players/alexandre-dgebuadze,alive,200,no action
203882,"Dgebuadze, Alexandre",chessgames,17930,https://www.chessgames.com/perl/chessplayer?pid=17930,unknown,rate limited (HTTP 429),"rate-limited or server error - not judged, will be retried"
2108356,"Diamant, Andre",chesscom,Zugazuando,https://www.chess.com/member/Zugazuando,dead,HTTP 404,removed from roster.csv - replace with the current handle if you find one
2108356,"Diamant, Andre",chesscomPlayer,andre-diamant,https://www.chess.com/players/andre-diamant,unknown,rate limited (HTTP 429),"rate-limited or server error - not judged, will be retried"
2108356,"Diamant, Andre",chessgames,56827,https://www.chessgames.com/perl/chessplayer?pid=56827,unknown,rate limited (HTTP 429),"rate-limited or server error - not judged, will be retried"
2108356,"Diamant, Andre",twitch,cexequemate,,unchecked,app shell answers 200 for missing channels,cannot be tested from a server - left in place
1612468,"Diermair, Andreas",chesscomPlayer,andreas-diermair,https://www.chess.com/players/andreas-diermair,unknown,rate limited (HTTP 429),"rate-limited or server error - not judged, will be retried"
1612468,"Diermair, Andreas",chessgames,54628,https://www.chessgames.com/perl/chessplayer?pid=54628,unknown,rate limited (HTTP 429),"rate-limited or server error - not judged, will be retried"
2908549,"Dimitrov, Radoslav",chesscomPlayer,radoslav-dimitrov,https://www.chess.com/players/radoslav-dimitrov,unknown,rate limited (HTTP 429),"rate-limited or server error - not judged, will be retried"
2908549,"Dimitrov, Radoslav",chessgames,113933,https://www.chessgames.com/perl/chessplayer?pid=113933,unknown,rate limited (HTTP 429),"rate-limited or server error - not judged, will be retried"
2900050,"Dimitrov, Vladimir",chesscomPlayer,vladimir-dimitrov,https://www.chess.com/players/vladimir-dimitrov,alive,200,no action
2900050,"Dimitrov, Vladimir",chessgames,15686,https://www.chessgames.com/perl/chessplayer?pid=15686,unknown,rate limited (HTTP 429),"rate-limited or server error - not judged, will be retried"
8603677,"Ding, Liren",chesscom,Chefshouse,https://www.chess.com/member/Chefshouse,alive,200,no action
8603677,"Ding, Liren",chesscomPlayer,ding-liren,https://www.chess.com/players/ding-liren,unknown,rate limited (HTTP 429),"rate-limited or server error - not judged, will be retried"
8603677,"Ding, Liren",chessgames,52629,https://www.chessgames.com/perl/chessplayer?pid=52629,unknown,rate limited (HTTP 429),"rate-limited or server error - not judged, will be retried"
35006916,Divya Deshmukh,chesscom,DivyaDeshmukh23,https://www.chess.com/member/DivyaDeshmukh23,alive,200,no action
35006916,Divya Deshmukh,chesscomPlayer,divya-deshmukh,https://www.chess.com/players/divya-deshmukh,unknown,rate limited (HTTP 429),"rate-limited or server error - not judged, will be retried"
35006916,Divya Deshmukh,chessgames,156163,https://www.chessgames.com/perl/chessplayer?pid=156163,unknown,rate limited (HTTP 429),"rate-limited or server error - not judged, will be retried"
35006916,Divya Deshmukh,instagram,divyachess,,unchecked,login wall answers 200 for missing profiles,cannot be tested from a server - left in place
14500124,"Dizdar, Goran",chesscomPlayer,goran-dizdar,https://www.chess.com/players/goran-dizdar,unknown,rate limited (HTTP 429),"rate-limited or server error - not judged, will be retried"
14500124,"Dizdar, Goran",chessgames,17775,https://www.chessgames.com/perl/chessplayer?pid=17775,unknown,rate limited (HTTP 429),"rate-limited or server error - not judged, will be retried"
14400049,"Dizdarevic, Emir",chesscom,LOVAC58,https://www.chess.com/member/LOVAC58,alive,200,no action
14400049,"Dizdarevic, Emir",chesscomPlayer,emir-dizdarevic,https://www.chess.com/players/emir-dizdarevic,alive,200,no action
14400049,"Dizdarevic, Emir",chessgames,19662,https://www.chessgames.com/perl/chessplayer?pid=19662,unknown,rate limited (HTTP 429),"rate-limited or server error - not judged, will be retried"
922412,"Djukic, Nikola",chesscom,StephenDedalus83,https://www.chess.com/member/StephenDedalus83,alive,200,no action
922412,"Djukic, Nikola",chesscomPlayer,nikola-djukic,https://www.chess.com/players/nikola-djukic,unknown,rate limited (HTTP 429),"rate-limited or server error - not judged, will be retried"
922412,"Djukic, Nikola",chessgames,49597,https://www.chessgames.com/perl/chessplayer?pid=49597,unknown,rate limited (HTTP 429),"rate-limited or server error - not judged, will be retried"
1500082,"Djurhuus, Rune",chesscomPlayer,rune-djurhuus,https://www.chess.com/players/rune-djurhuus,alive,200,no action
1500082,"Djurhuus, Rune",chessgames,13810,https://www.chessgames.com/perl/chessplayer?pid=13810,unknown,rate limited (HTTP 429),"rate-limited or server error - not judged, will be retried"
1500082,"Djurhuus, Rune",x,RuneDjurhuus,https://x.com/RuneDjurhuus,alive,200,no action
900133,"Djuric, Stefan",chesscomPlayer,stefan-djuric,https://www.chess.com/players/stefan-djuric,unknown,rate limited (HTTP 429),"rate-limited or server error - not judged, will be retried"
900133,"Djuric, Stefan",chessgames,17573,https://www.chessgames.com/perl/chessplayer?pid=17573,unknown,rate limited (HTTP 429),"rate-limited or server error - not judged, will be retried"
2000075,"Dlugy, Maxim",chesscom,MaximDlugy,https://www.chess.com/member/MaximDlugy,alive,200,no action
2000075,"Dlugy, Maxim",chesscomPlayer,maxim-dlugy,https://www.chess.com/players/maxim-dlugy,unknown,rate limited (HTTP 429),"rate-limited or server error - not judged, will be retried"
2000075,"Dlugy, Maxim",chessgames,15486,https://www.chessgames.com/perl/chessplayer?pid=15486,unknown,rate limited (HTTP 429),"rate-limited or server error - not judged, will be retried"
2000075,"Dlugy, Maxim",website,http://www.dlugy.com,http://www.dlugy.com,alive,200,no action
4136594,"Dobrov, Vladimir",chesscom,VladDobrov,https://www.chess.com/member/VladDobrov,alive,200,no action
4136594,"Dobrov, Vladimir",chesscomPlayer,vladimir-dobrov,https://www.chess.com/players/vladimir-dobrov,alive,200,no action
4136594,"Dobrov, Vladimir",chessgames,51451,https://www.chessgames.com/perl/chessplayer?pid=51451,unknown,rate limited (HTTP 429),"rate-limited or server error - not judged, will be retried"
4136594,"Dobrov, Vladimir",twitch,tortugachess,,unchecked,app shell answers 200 for missing channels,cannot be tested from a server - left in place
4627253,"Doettling, Fabian",chesscomPlayer,fabian-doettling,https://www.chess.com/players/fabian-doettling,unknown,rate limited (HTTP 429),"rate-limited or server error - not judged, will be retried"
4627253,"Doettling, Fabian",chessgames,49812,https://www.chessgames.com/perl/chessplayer?pid=49812,unknown,rate limited (HTTP 429),"rate-limited or server error - not judged, will be retried"
4100476,"Dokhoian, Yury",chesscomPlayer,yury-dokhoian,https://www.chess.com/players/yury-dokhoian,unknown,rate limited (HTTP 429),"rate-limited or server error - not judged, will be retried"
4100476,"Dokhoian, Yury",chessgames,17837,https://www.chessgames.com/perl/chessplayer?pid=17837,unknown,rate limited (HTTP 429),"rate-limited or server error - not judged, will be retried"
4100093,"Dolmatov, Sergey",chesscomPlayer,sergey-dolmatov,https://www.chess.com/players/sergey-dolmatov,unknown,rate limited (HTTP 429),"rate-limited or server error - not judged, will be retried"
4100093,"Dolmatov, Sergey",chessgames,14018,https://www.chessgames.com/perl/chessplayer?pid=14018,unknown,rate limited (HTTP 429),"rate-limited or server error - not judged, will be retried"
3503240,"Dominguez Perez, Leinier",chesscom,Sebastian,https://www.chess.com/member/Sebastian,alive,200,no action
3503240,"Dominguez Perez, Leinier",chesscomPlayer,leinier-dominguez-perez,https://www.chess.com/players/leinier-dominguez-perez,unknown,rate limited (HTTP 429),"rate-limited or server error - not judged, will be retried"
3503240,"Dominguez Perez, Leinier",chessgames,49080,https://www.chessgames.com/perl/chessplayer?pid=49080,unknown,rate limited (HTTP 429),"rate-limited or server error - not judged, will be retried"
3503240,"Dominguez Perez, Leinier",x,chessleinier,https://x.com/chessleinier,alive,200,no action
3503240,"Dominguez Perez, Leinier",website,https://chessleinier.com,https://chessleinier.com,alive,200,no action
3503240,"Dominguez Perez, Leinier",facebook,chessleinier,,unchecked,returns HTTP 400 to all automated requests,cannot be tested from a server - left in place
24103608,"Domogaev, Sergey",chesscom,sergey071164,https://www.chess.com/member/sergey071164,alive,200,no action
24103608,"Domogaev, Sergey",chesscomPlayer,sergey-domogaev,https://www.chess.com/players/sergey-domogaev,alive,200,no action
24103608,"Domogaev, Sergey",chessgames,134031,https://www.chessgames.com/perl/chessplayer?pid=134031,unknown,rate limited (HTTP 429),"rate-limited or server error - not judged, will be retried"
24603295,"Donchenko, Alexander",chesscom,Alexander_Donchenko,https://www.chess.com/member/Alexander_Donchenko,alive,200,no action
24603295,"Donchenko, Alexander",chesscomPlayer,alexander-donchenko,https://www.chess.com/players/alexander-donchenko,unknown,rate limited (HTTP 429),"rate-limited or server error - not judged, will be retried"
24603295,"Donchenko, Alexander",chessgames,129292,https://www.chessgames.com/perl/chessplayer?pid=129292,unknown,rate limited (HTTP 429),"rate-limited or server error - not judged, will be retried"
24603295,"Donchenko, Alexander",lichess,Alexander_Donchenko,https://lichess.org/@/Alexander_Donchenko,alive,200,no action
2900025,"Donchev, Dimitar I.",chesscomPlayer,dimitar-i-donchev,https://www.chess.com/players/dimitar-i-donchev,unknown,rate limited (HTTP 429),"rate-limited or server error - not judged, will be retried"
2900025,"Donchev, Dimitar I.",chessgames,14336,https://www.chessgames.com/perl/chessplayer?pid=14336,unknown,rate limited (HTTP 429),"rate-limited or server error - not judged, will be retried"
604011,"Dorfman, Iossif",chesscomPlayer,josif-dorfman,https://www.chess.com/players/josif-dorfman,unknown,rate limited (HTTP 429),"rate-limited or server error - not judged, will be retried"
604011,"Dorfman, Iossif",chessgames,65418,https://www.chessgames.com/perl/chessplayer?pid=65418,unknown,rate limited (HTTP 429),"rate-limited or server error - not judged, will be retried"
628050,"Dourerassou, Jonathan",chesscom,cassoulet,https://www.chess.com/member/cassoulet,alive,200,no action
628050,"Dourerassou, Jonathan",chesscomPlayer,jonathan-dourerassou,https://www.chess.com/players/jonathan-dourerassou,alive,200,no action
628050,"Dourerassou, Jonathan",chessgames,56825,https://www.chessgames.com/perl/chessplayer?pid=56825,unknown,rate limited (HTTP 429),"rate-limited or server error - not judged, will be retried"
728446,"dr. Balog, Imre",chesscom,Imre91,https://www.chess.com/member/Imre91,alive,200,no action
728446,"dr. Balog, Imre",chesscomPlayer,imre-balog,https://www.chess.com/players/imre-balog,unknown,rate limited (HTTP 429),"rate-limited or server error - not judged, will be retried"
728446,"dr. Balog, Imre",chessgames,106667,https://www.chessgames.com/perl/chessplayer?pid=106667,unknown,rate limited (HTTP 429),"rate-limited or server error - not judged, will be retried"
728446,"dr. Balog, Imre",lichess,DarthMccartney,https://lichess.org/@/DarthMccartney,alive,200,no action
1634852,"Dragnev, Valentin",chesscom,assezde36,https://www.chess.com/member/assezde36,dead,HTTP 404,removed from roster.csv - replace with the current handle if you find one
1634852,"Dragnev, Valentin",chesscomPlayer,valentin-dragnev,https://www.chess.com/players/valentin-dragnev,unknown,rate limited (HTTP 429),"rate-limited or server error - not judged, will be retried"
1634852,"Dragnev, Valentin",chessgames,152143,https://www.chessgames.com/perl/chessplayer?pid=152143,unknown,rate limited (HTTP 429),"rate-limited or server error - not judged, will be retried"
1134167,"Dragun, Kamil",chesscom,Drags95,https://www.chess.com/member/Drags95,alive,200,no action
1134167,"Dragun, Kamil",chesscomPlayer,kamil-dragun,https://www.chess.com/players/kamil-dragun,unknown,rate limited (HTTP 429),"rate-limited or server error - not judged, will be retried"
1134167,"Dragun, Kamil",chessgames,105804,https://www.chessgames.com/perl/chessplayer?pid=105804,unknown,rate limited (HTTP 429),"rate-limited or server error - not judged, will be retried"
900397,"Drasko, Milan",chesscomPlayer,milan-drasko,https://www.chess.com/players/milan-drasko,alive,200,no action
900397,"Drasko, Milan",chessgames,21344,https://www.chessgames.com/perl/chessplayer?pid=21344,unknown,rate limited (HTTP 429),"rate-limited or server error - not judged, will be retried"
944335,"Draskovic, Luka",chesscom,DraskovicL,https://www.chess.com/member/DraskovicL,alive,200,no action
944335,"Draskovic, Luka",chesscomPlayer,luka-draskovic,https://www.chess.com/players/luka-draskovic,unknown,rate limited (HTTP 429),"rate-limited or server error - not judged, will be retried"
944335,"Draskovic, Luka",chessgames,117696,https://www.chessgames.com/perl/chessplayer?pid=117696,unknown,rate limited (HTTP 429),"rate-limited or server error - not judged, will be retried"
944335,"Draskovic, Luka",lichess,Draske,https://lichess.org/@/Draske,alive,200,no action
901172,"Drazic, Sinisa",chesscomPlayer,sinisa-drazic,https://www.chess.com/players/sinisa-drazic,unknown,rate limited (HTTP 429),"rate-limited or server error - not judged, will be retried"
901172,"Drazic, Sinisa",chessgames,41668,https://www.chessgames.com/perl/chessplayer?pid=41668,unknown,rate limited (HTTP 429),"rate-limited or server error - not judged, will be retried"
4100107,"Dreev, Aleksey",chesscom,Igrok3069,https://www.chess.com/member/Igrok3069,alive,200,no action
4100107,"Dreev, Aleksey",chesscomPlayer,aleksey-dreev,https://www.chess.com/players/aleksey-dreev,unknown,rate limited (HTTP 429),"rate-limited or server error - not judged, will be retried"
4100107,"Dreev, Aleksey",chessgames,12136,https://www.chessgames.com/perl/chessplayer?pid=12136,unknown,rate limited (HTTP 429),"rate-limited or server error - not judged, will be retried"
2903261,"Drenchev, Petar",chesscom,drenchev,https://www.chess.com/member/drenchev,alive,200,no action
2903261,"Drenchev, Petar",chesscomPlayer,petar-drenchev,https://www.chess.com/players/petar-drenchev,alive,200,no action
2903261,"Drenchev, Petar",chessgames,48969,https://www.chessgames.com/perl/chessplayer?pid=48969,unknown,rate limited (HTTP 429),"rate-limited or server error - not judged, will be retried"
5015197,"Dronavalli, Harika",chesscom,Elegance_Riks,https://www.chess.com/member/Elegance_Riks,alive,200,no action
5015197,"Dronavalli, Harika",chesscomPlayer,harika-dronavalli,https://www.chess.com/players/harika-dronavalli,unknown,rate limited (HTTP 429),"rate-limited or server error - not judged, will be retried"
5015197,"Dronavalli, Harika",chessgames,54964,https://www.chessgames.com/perl/chessplayer?pid=54964,unknown,rate limited (HTTP 429),"rate-limited or server error - not judged, will be retried"
5015197,"Dronavalli, Harika",x,HarikaDronavali,https://x.com/HarikaDronavali,alive,200,no action
14107180,"Drozdovskij, Yuri",chesscomPlayer,yuri-drozdovskij,https://www.chess.com/players/yuri-drozdovskij,unknown,rate limited (HTTP 429),"rate-limited or server error - not judged, will be retried"
14107180,"Drozdovskij, Yuri",chessgames,54599,https://www.chessgames.com/perl/chessplayer?pid=54599,unknown,rate limited (HTTP 429),"rate-limited or server error - not judged, will be retried"
14915650,"Druska, Juraj",chesscom,druskacik,https://www.chess.com/member/druskacik,alive,200,no action
14915650,"Druska, Juraj",chesscomPlayer,juraj-druska,https://www.chess.com/players/juraj-druska,unknown,rate limited (HTTP 429),"rate-limited or server error - not judged, will be retried"
14915650,"Druska, Juraj",chessgames,132981,https://www.chessgames.com/perl/chessplayer?pid=132981,unknown,rate limited (HTTP 429),"rate-limited or server error - not judged, will be retried"
24171735,"Drygalov, Andrey",chesscom,Angry_Twin,https://www.chess.com/member/Angry_Twin,alive,200,no action
24171735,"Drygalov, Andrey",chesscomPlayer,andrey-drygalov,https://www.chess.com/players/andrey-drygalov,alive,200,no action
24171735,"Drygalov, Andrey",chessgames,154671,https://www.chessgames.com/perl/chessplayer?pid=154671,unknown,rate limited (HTTP 429),"rate-limited or server error - not judged, will be retried"
24171735,"Drygalov, Andrey",lichess,AndrewHoma,https://lichess.org/@/AndrewHoma,alive,200,no action
24171743,"Drygalov, Sergey",chesscom,sergoy,https://www.chess.com/member/sergoy,alive,200,no action
24171743,"Drygalov, Sergey",chesscomPlayer,sergey-drygalov,https://www.chess.com/players/sergey-drygalov,unknown,rate limited (HTTP 429),"rate-limited or server error - not judged, will be retried"
24171743,"Drygalov, Sergey",chessgames,154682,https://www.chessgames.com/perl/chessplayer?pid=154682,unknown,rate limited (HTTP 429),"rate-limited or server error - not judged, will be retried"
24126055,"Dubov, Daniil",chesscom,Duhless,https://www.chess.com/member/Duhless,alive,200,no action
24126055,"Dubov, Daniil",chesscomPlayer,daniil-dubov,https://www.chess.com/players/daniil-dubov,alive,200,no action
24126055,"Dubov, Daniil",chessgames,113399,https://www.chessgames.com/perl/chessplayer?pid=113399,unknown,rate limited (HTTP 429),"rate-limited or server error - not judged, will be retried"
24126055,"Dubov, Daniil",lichess,svodmevko,https://lichess.org/@/svodmevko,alive,200,no action
24126055,"Dubov, Daniil",instagram,blitzorddd,,unchecked,login wall answers 200 for missing profiles,cannot be tested from a server - left in place
1170546,"Duda, Jan-Krzysztof",chesscom,Polish_fighter3000,https://www.chess.com/member/Polish_fighter3000,alive,200,no action
1170546,"Duda, Jan-Krzysztof",chesscomPlayer,jan-krzysztof-duda,https://www.chess.com/players/jan-krzysztof-duda,unknown,rate limited (HTTP 429),"rate-limited or server error - not judged, will be retried"
1170546,"Duda, Jan-Krzysztof",chessgames,126603,https://www.chessgames.com/perl/chessplayer?pid=126603,unknown,rate limited (HTTP 429),"rate-limited or server error - not judged, will be retried"
1170546,"Duda, Jan-Krzysztof",x,GM_JKDuda,https://x.com/GM_JKDuda,alive,200,no action
34184934,"Dudin, Gleb",chesscomPlayer,gleb-dudin,https://www.chess.com/players/gleb-dudin,unknown,rate limited (HTTP 429),"rate-limited or server error - not judged, will be retried"
34184934,"Dudin, Gleb",chessgames,156892,https://www.chessgames.com/perl/chessplayer?pid=156892,unknown,rate limited (HTTP 429),"rate-limited or server error - not judged, will be retried"
34184934,"Dudin, Gleb",lichess,AylorSnow,https://lichess.org/@/AylorSnow,alive,200,no action
13402935,"Durarbayli, Vasif",chesscom,Durarbayli,https://www.chess.com/member/Durarbayli,alive,200,no action
13402935,"Durarbayli, Vasif",chesscomPlayer,vasif-durarbayli,https://www.chess.com/players/vasif-durarbayli,alive,200,no action
13402935,"Durarbayli, Vasif",chessgames,103347,https://www.chessgames.com/perl/chessplayer?pid=103347,unknown,rate limited (HTTP 429),"rate-limited or server error - not judged, will be retried"
13402935,"Durarbayli, Vasif",lichess,Durarbayli,https://lichess.org/@/Durarbayli,unknown,rate limited (HTTP 429),"rate-limited or server error - not judged, will be retried"
13402935,"Durarbayli, Vasif",x,durarbayli,https://x.com/durarbayli,alive,200,no action
13402935,"Durarbayli, Vasif",website,https://durarbayli.com/,https://durarbayli.com/,alive,200,no action
13402935,"Durarbayli, Vasif",instagram,gmdurarbayli,,unchecked,login wall answers 200 for missing profiles,cannot be tested from a server - left in place
13402935,"Durarbayli, Vasif",youtube,UCBQEiBxzWtcmNTlUAFC50AA,,unchecked,consent page answers 200 for missing channels,cannot be tested from a server - left in place
13402935,"Durarbayli, Vasif",twitch,GMDurarbayli,,unchecked,app shell answers 200 for missing channels,cannot be tested from a server - left in place
817570,"Dvirnyy, Danyyil",chesscom,Lestofante90,https://www.chess.com/member/Lestofante90,alive,200,no action
817570,"Dvirnyy, Danyyil",chesscomPlayer,danyyil-dvirnyy,https://www.chess.com/players/danyyil-dvirnyy,alive,200,no action
817570,"Dvirnyy, Danyyil",chessgames,112584,https://www.chessgames.com/perl/chessplayer?pid=112584,unknown,rate limited (HTTP 429),"rate-limited or server error - not judged, will be retried"
817570,"Dvirnyy, Danyyil",lichess,L04d1ng,https://lichess.org/@/L04d1ng,unknown,rate limited (HTTP 429),"rate-limited or server error - not judged, will be retried"
817570,"Dvirnyy, Danyyil",x,DDvirnyy,https://x.com/DDvirnyy,dead,HTTP 404,removed from roster.csv - replace with the current handle if you find one
817570,"Dvirnyy, Danyyil",facebook,dvirnyychess,,unchecked,returns HTTP 400 to all automated requests,cannot be tested from a server - left in place
4100379,"Dvoirys, Semen I.",chesscomPlayer,semen-i-dvoirys,https://www.chess.com/players/semen-i-dvoirys,unknown,rate limited (HTTP 429),"rate-limited or server error - not judged, will be retried"
4100379,"Dvoirys, Semen I.",chessgames,17737,https://www.chessgames.com/perl/chessplayer?pid=17737,unknown,rate limited (HTTP 429),"rate-limited or server error - not judged, will be retried"
4119800,"Dyachkov, Sergej",chesscomPlayer,sergej-dyachkov,https://www.chess.com/players/sergej-dyachkov,alive,200,no action
4119800,"Dyachkov, Sergej",chessgames,43465,https://www.chessgames.com/perl/chessplayer?pid=43465,unknown,rate limited (HTTP 429),"rate-limited or server error - not judged, will be retried"
13500031,"Dydyshko, Viacheslav",chesscomPlayer,viacheslav-dydyshko,https://www.chess.com/players/viacheslav-dydyshko,unknown,rate limited (HTTP 429),"rate-limited or server error - not judged, will be retried"
13500031,"Dydyshko, Viacheslav",chessgames,19904,https://www.chessgames.com/perl/chessplayer?pid=19904,unknown,rate limited (HTTP 429),"rate-limited or server error - not judged, will be retried"
13601903,"Dzagnidze, Nana",chesscom,lili_ani,https://www.chess.com/member/lili_ani,alive,200,no action
13601903,"Dzagnidze, Nana",chesscomPlayer,nana-dzagnidze,https://www.chess.com/players/nana-dzagnidze,unknown,rate limited (HTTP 429),"rate-limited or server error - not judged, will be retried"
13601903,"Dzagnidze, Nana",chessgames,50064,https://www.chessgames.com/perl/chessplayer?pid=50064,unknown,rate limited (HTTP 429),"rate-limited or server error - not judged, will be retried"
4136209,"Dzhakaev, Dzhakay",chesscomPlayer,dzhakay-dzhakaev,https://www.chess.com/players/dzhakay-dzhakaev,unknown,rate limited (HTTP 429),"rate-limited or server error - not judged, will be retried"
4136209,"Dzhakaev, Dzhakay",chessgames,56710,https://www.chessgames.com/perl/chessplayer?pid=56710,unknown,rate limited (HTTP 429),"rate-limited or server error - not judged, will be retried"
14200236,"Dzhumaev, Marat",chesscomPlayer,marat-dzhumaev,https://www.chess.com/players/marat-dzhumaev,alive,200,no action
14200236,"Dzhumaev, Marat",chessgames,96473,https://www.chessgames.com/perl/chessplayer?pid=96473,unknown,rate limited (HTTP 429),"rate-limited or server error - not judged, will be retried"
2000113,"Dzindzichashvili, Roman",chesscom,JRLOK,https://www.chess.com/member/JRLOK,alive,200,no action
2000113,"Dzindzichashvili, Roman",chesscomPlayer,roman-dzindzichashvili,https://www.chess.com/players/roman-dzindzichashvili,alive,200,no action
2000113,"Dzindzichashvili, Roman",chessgames,14270,https://www.chessgames.com/perl/chessplayer?pid=14270,unknown,rate limited (HTTP 429),"rate-limited or server error - not judged, will be retried"
1112953,"Dziuba, Marcin",chesscom,GMMarcinDziuba,https://www.chess.com/member/GMMarcinDziuba,alive,200,no action
1112953,"Dziuba, Marcin",chesscomPlayer,marcin-dziuba,https://www.chess.com/players/marcin-dziuba,unknown,rate limited (HTTP 429),"rate-limited or server error - not judged, will be retried"
1112953,"Dziuba, Marcin",chessgames,51581,https://www.chessgames.com/perl/chessplayer?pid=51581,unknown,rate limited (HTTP 429),"rate-limited or server error - not judged, will be retried"
1112953,"Dziuba, Marcin",lichess,Dziubsen,https://lichess.org/@/Dziubsen,unknown,rate limited (HTTP 429),"rate-limited or server error - not judged, will be retried"
1600168,"Dückstein, Andreas",chesscomPlayer,andreas-dueckstein,https://www.chess.com/players/andreas-dueckstein,unknown,rate limited (HTTP 429),"rate-limited or server error - not judged, will be retried"
1600168,"Dückstein, Andreas",chessgames,28531,https://www.chessgames.com/perl/chessplayer?pid=28531,unknown,rate limited (HTTP 429),"rate-limited or server error - not judged, will be retried"
633429,"Edouard, Romain",chesscom,Mugzyyy,https://www.chess.com/member/Mugzyyy,alive,200,no action
633429,"Edouard, Romain",chesscomPlayer,romain-edouard,https://www.chess.com/players/romain-edouard,unknown,rate limited (HTTP 429),"rate-limited or server error - not judged, will be retried"
633429,"Edouard, Romain",chessgames,95988,https://www.chessgames.com/perl/chessplayer?pid=95988,unknown,rate limited (HTTP 429),"rate-limited or server error - not judged, will be retried"
633429,"Edouard, Romain",x,romain_edouard,https://x.com/romain_edouard,alive,200,no action
14107201,"Efimenko, Zahar",chesscom,Saxar85,https://www.chess.com/member/Saxar85,alive,200,no action
14107201,"Efimenko, Zahar",chesscomPlayer,zahar-efimenko,https://www.chess.com/players/zahar-efimenko,alive,200,no action
14107201,"Efimenko, Zahar",chessgames,49257,https://www.chessgames.com/perl/chessplayer?pid=49257,unknown,rate limited (HTTP 429),"rate-limited or server error - not judged, will be retried"
806404,"Efimov, Igor",chesscom,Nikame,https://www.chess.com/member/Nikame,alive,200,no action
806404,"Efimov, Igor",chesscomPlayer,igor-efimov,https://www.chess.com/players/igor-efimov,unknown,rate limited (HTTP 429),"rate-limited or server error - not judged, will be retried"
806404,"Efimov, Igor",chessgames,17660,https://www.chessgames.com/perl/chessplayer?pid=17660,unknown,rate limited (HTTP 429),"rate-limited or server error - not judged, will be retried"
4500016,"Ehlvest, Jaan",chesscom,Malev212,https://www.chess.com/member/Malev212,alive,200,no action
4500016,"Ehlvest, Jaan",chesscomPlayer,jaan-ehlvest,https://www.chess.com/players/jaan-ehlvest,unknown,rate limited (HTTP 429),"rate-limited or server error - not judged, will be retried"
4500016,"Ehlvest, Jaan",chessgames,10065,https://www.chessgames.com/perl/chessplayer?pid=10065,unknown,rate limited (HTTP 429),"rate-limited or server error - not judged, will be retried"
4500016,"Ehlvest, Jaan",lichess,Ehlvest,https://lichess.org/@/Ehlvest,unknown,rate limited (HTTP 429),"rate-limited or server error - not judged, will be retried"
14100053,"Eingorn, Vereslav S",chesscomPlayer,vereslav-s-eingorn,https://www.chess.com/players/vereslav-s-eingorn,unknown,rate limited (HTTP 429),"rate-limited or server error - not judged, will be retried"
14100053,"Eingorn, Vereslav S",chessgames,18056,https://www.chessgames.com/perl/chessplayer?pid=18056,unknown,rate limited (HTTP 429),"rate-limited or server error - not judged, will be retried"
2106981,"El Debs, Felipe de Cresce",chesscom,elefante33,https://www.chess.com/member/elefante33,alive,200,no action
2106981,"El Debs, Felipe de Cresce",chesscomPlayer,felipe-de-cresce-el-debs,https://www.chess.com/players/felipe-de-cresce-el-debs,unknown,rate limited (HTTP 429),"rate-limited or server error - not judged, will be retried"
2106981,"El Debs, Felipe de Cresce",chessgames,115185,https://www.chessgames.com/perl/chessplayer?pid=115185,unknown,rate limited (HTTP 429),"rate-limited or server error - not judged, will be retried"
10600140,"El Gindy, Essam",chesscomPlayer,essam-el-gindy,https://www.chess.com/players/essam-el-gindy,alive,200,no action
10600140,"El Gindy, Essam",chessgames,80337,https://www.chessgames.com/perl/chessplayer?pid=80337,unknown,rate limited (HTTP 429),"rate-limited or server error - not judged, will be retried"
3517470,"Elias Reyes, Jorge Roberto",chesscom,JorgeElias99,https://www.chess.com/member/JorgeElias99,alive,200,no action
3517470,"Elias Reyes, Jorge Roberto",chesscomPlayer,jorge-roberto-elias-reyes,https://www.chess.com/players/jorge-roberto-elias-reyes,unknown,rate limited (HTTP 429),"rate-limited or server error - not judged, will be retried"
3517470,"Elias Reyes, Jorge Roberto",chessgames,156960,https://www.chessgames.com/perl/chessplayer?pid=156960,unknown,rate limited (HTTP 429),"rate-limited or server error - not judged, will be retried"
3517470,"Elias Reyes, Jorge Roberto",lichess,Elias19999,https://lichess.org/@/Elias19999,dead,HTTP 404,removed from roster.csv - replace with the current handle if you find one
14102951,"Eljanov, Pavel",chesscom,eljanov,https://www.chess.com/member/eljanov,alive,200,no action
14102951,"Eljanov, Pavel",chesscomPlayer,pavel-eljanov,https://www.chess.com/players/pavel-eljanov,unknown,rate limited (HTTP 429),"rate-limited or server error - not judged, will be retried"
14102951,"Eljanov, Pavel",chessgames,49456,https://www.chessgames.com/perl/chessplayer?pid=49456,unknown,rate limited (HTTP 429),"rate-limited or server error - not judged, will be retried"
14102951,"Eljanov, Pavel",lichess,KeyzerSose,https://lichess.org/@/KeyzerSose,unknown,rate limited (HTTP 429),"rate-limited or server error - not judged, will be retried"
14102951,"Eljanov, Pavel",x,Eljanov,https://x.com/Eljanov,alive,200,no action
14102951,"Eljanov, Pavel",facebook,eljanov,,unchecked,returns HTTP 400 to all automated requests,cannot be tested from a server - left in place
14102951,"Eljanov, Pavel",twitch,eljanovlive,,unchecked,app shell answers 200 for missing channels,cannot be tested from a server - left in place
400254,"Emms, John M",chesscomPlayer,john-m-emms,https://www.chess.com/players/john-m-emms,alive,200,no action
400254,"Emms, John M",chessgames,37142,https://www.chessgames.com/perl/chessplayer?pid=37142,unknown,rate limited (HTTP 429),"rate-limited or server error - not judged, will be retried"
2907712,"Enchev, Ivajlo",chesscom,I_Enchev,https://www.chess.com/member/I_Enchev,alive,200,no action
2907712,"Enchev, Ivajlo",chesscomPlayer,ivajlo-enchev,https://www.chess.com/players/ivajlo-enchev,alive,200,no action
2907712,"Enchev, Ivajlo",chessgames,96077,https://www.chessgames.com/perl/chessplayer?pid=96077,unknown,rate limited (HTTP 429),"rate-limited or server error - not judged, will be retried"
2907712,"Enchev, Ivajlo",lichess,I_Enchev,https://lichess.org/@/I_Enchev,unknown,rate limited (HTTP 429),"rate-limited or server error - not judged, will be retried"
4611314,"Enders, Peter",chesscomPlayer,peter-enders,https://www.chess.com/players/peter-enders,alive,200,no action
4611314,"Enders, Peter",chessgames,11632,https://www.chessgames.com/perl/chessplayer?pid=11632,unknown,rate limited (HTTP 429),"rate-limited or server error - not judged, will be retried"
12961523,"Engel, Luis",chesscom,hoffentlichreichts,https://www.chess.com/member/hoffentlichreichts,alive,200,no action
12961523,"Engel, Luis",chesscomPlayer,luis-engel,https://www.chess.com/players/luis-engel,unknown,rate limited (HTTP 429),"rate-limited or server error - not judged, will be retried"
12961523,"Engel, Luis",chessgames,147497,https://www.chessgames.com/perl/chessplayer?pid=147497,unknown,rate limited (HTTP 429),"rate-limited or server error - not judged, will be retried"
4162714,"Epishin, Vladimir",chesscomPlayer,vladimir-epishin,https://www.chess.com/players/vladimir-epishin,alive,200,no action
4162714,"Epishin, Vladimir",chessgames,11675,https://www.chessgames.com/perl/chessplayer?pid=11675,unknown,rate limited (HTTP 429),"rate-limited or server error - not judged, will be retried"
6301495,"Erdogdu, Aziz Mert",chesscom,Margency,https://www.chess.com/member/Margency,alive,200,no action
6301495,"Erdogdu, Aziz Mert",chesscomPlayer,mert-erdogdu,https://www.chess.com/players/mert-erdogdu,unknown,rate limited (HTTP 429),"rate-limited or server error - not judged, will be retried"
6301495,"Erdogdu, Aziz Mert",chessgames,57238,https://www.chessgames.com/perl/chessplayer?pid=57238,unknown,rate limited (HTTP 429),"rate-limited or server error - not judged, will be retried"
6301495,"Erdogdu, Aziz Mert",lichess,Maurevert,https://lichess.org/@/Maurevert,alive,200,no action
44599790,"Erdogmus, Yagiz Kaan",chesscomPlayer,yagiz-kaan-erdogmus,https://www.chess.com/players/yagiz-kaan-erdogmus,unknown,rate limited (HTTP 429),"rate-limited or server error - not judged, will be retried"
44599790,"Erdogmus, Yagiz Kaan",chessgames,184142,https://www.chessgames.com/perl/chessplayer?pid=184142,unknown,rate limited (HTTP 429),"rate-limited or server error - not judged, will be retried"
719978,"Erdos, Viktor",chesscom,Magicmaster17,https://www.chess.com/member/Magicmaster17,alive,200,no action
719978,"Erdos, Viktor",chesscomPlayer,viktor-erdos,https://www.chess.com/players/viktor-erdos,unknown,rate limited (HTTP 429),"rate-limited or server error - not judged, will be retried"
719978,"Erdos, Viktor",chessgames,56768,https://www.chessgames.com/perl/chessplayer?pid=56768,unknown,rate limited (HTTP 429),"rate-limited or server error - not judged, will be retried"
2805642,"Erenburg, Sergey",chesscom,Sergey_Erenburg,https://www.chess.com/member/Sergey_Erenburg,alive,200,no action
2805642,"Erenburg, Sergey",chesscomPlayer,sergey-erenburg,https://www.chess.com/players/sergey-erenburg,alive,200,no action
2805642,"Erenburg, Sergey",chessgames,51144,https://www.chessgames.com/perl/chessplayer?pid=51144,unknown,rate limited (HTTP 429),"rate-limited or server error - not judged, will be retried"
2805642,"Erenburg, Sergey",facebook,sergey.erenburg,,unchecked,returns HTTP 400 to all automated requests,cannot be tested from a server - left in place
35009192,Erigaisi Arjun,chesscom,GHANDEEVAM2003,https://www.chess.com/member/GHANDEEVAM2003,alive,200,no action
35009192,Erigaisi Arjun,chesscomPlayer,arjun-erigaisi,https://www.chess.com/players/arjun-erigaisi,unknown,rate limited (HTTP 429),"rate-limited or server error - not judged, will be retried"
35009192,Erigaisi Arjun,chessgames,154314,https://www.chessgames.com/perl/chessplayer?pid=154314,unknown,rate limited (HTTP 429),"rate-limited or server error - not judged, will be retried"
35009192,Erigaisi Arjun,lichess,Inventing_Invention,https://lichess.org/@/Inventing_Invention,alive,200,no action
35009192,Erigaisi Arjun,x,ArjunErigaisi,https://x.com/ArjunErigaisi,alive,200,no action
35009192,Erigaisi Arjun,instagram,arjun_erigaisi,,unchecked,login wall answers 200 for missing profiles,cannot be tested from a server - left in place
2900106,"Ermenkov, Evgenij",chesscomPlayer,evgenij-ermenkov,https://www.chess.com/players/evgenij-ermenkov,unknown,rate limited (HTTP 429),"rate-limited or server error - not judged, will be retried"
2900106,"Ermenkov, Evgenij",chessgames,17581,https://www.chessgames.com/perl/chessplayer?pid=17581,unknown,rate limited (HTTP 429),"rate-limited or server error - not judged, will be retried"
1004689,"Ernst, Sipke",chesscom,SipkeErnst,https://www.chess.com/member/SipkeErnst,alive,200,no action
1004689,"Ernst, Sipke",chesscomPlayer,sipke-ernst,https://www.chess.com/players/sipke-ernst,unknown,rate limited (HTTP 429),"rate-limited or server error - not judged, will be retried"
1004689,"Ernst, Sipke",chessgames,36626,https://www.chessgames.com/perl/chessplayer?pid=36626,unknown,rate limited (HTTP 429),"rate-limited or server error - not judged, will be retried"
1700065,"Ernst, Thomas",chesscomPlayer,thomas-ernst,https://www.chess.com/players/thomas-ernst,alive,200,no action
1700065,"Ernst, Thomas",chessgames,14452,https://www.chessgames.com/perl/chessplayer?pid=14452,unknown,rate limited (HTTP 429),"rate-limited or server error - not judged, will be retried"
14109328,"Eryomenko, Volodymyr",chesscomPlayer,volodymyr-eryomenko,https://www.chess.com/players/volodymyr-eryomenko,unknown,rate limited (HTTP 429),"rate-limited or server error - not judged, will be retried"
14109328,"Eryomenko, Volodymyr",chessgames,71685,https://www.chessgames.com/perl/chessplayer?pid=71685,unknown,rate limited (HTTP 429),"rate-limited or server error - not judged, will be retried"
3819566,"Escalante Ramirez, Brian",chesscom,BrianEscalante,https://www.chess.com/member/BrianEscalante,alive,200,no action
3819566,"Escalante Ramirez, Brian",chesscomPlayer,brian-sebasti-escalante-ramirez,https://www.chess.com/players/brian-sebasti-escalante-ramirez,unknown,rate limited (HTTP 429),"rate-limited or server error - not judged, will be retried"
3819566,"Escalante Ramirez, Brian",chessgames,155664,https://www.chessgames.com/perl/chessplayer?pid=155664,unknown,rate limited (HTTP 429),"rate-limited or server error - not judged, will be retried"
3819566,"Escalante Ramirez, Brian",lichess,Brian46,https://lichess.org/@/Brian46,unknown,rate limited (HTTP 429),"rate-limited or server error - not judged, will be retried"
4400801,"Escobar Forero, Alder",chesscom,adiosabu,https://www.chess.com/member/adiosabu,alive,200,no action
4400801,"Escobar Forero, Alder",chesscomPlayer,alder-escobar-forero,https://www.chess.com/players/alder-escobar-forero,unknown,rate limited (HTTP 429),"rate-limited or server error - not judged, will be retried"
4400801,"Escobar Forero, Alder",chessgames,99393,https://www.chessgames.com/perl/chessplayer?pid=99393,unknown,rate limited (HTTP 429),"rate-limited or server error - not judged, will be retried"
6302114,"Esen, Baris",chesscomPlayer,baris-esen,https://www.chess.com/players/baris-esen,unknown,rate limited (HTTP 429),"rate-limited or server error - not judged, will be retried"
6302114,"Esen, Baris",chessgames,50242,https://www.chessgames.com/perl/chessplayer?pid=50242,unknown,rate limited (HTTP 429),"rate-limited or server error - not judged, will be retried"
24175439,"Esipenko, Andrey",chesscom,Andreikka,https://www.chess.com/member/Andreikka,alive,200,no action
24175439,"Esipenko, Andrey",chesscomPlayer,andrey-esipenko,https://www.chess.com/players/andrey-esipenko,alive,200,no action
24175439,"Esipenko, Andrey",chessgames,138628,https://www.chessgames.com/perl/chessplayer?pid=138628,unknown,rate limited (HTTP 429),"rate-limited or server error - not judged, will be retried"
24175439,"Esipenko, Andrey",instagram,andrey__esipenko,,unchecked,login wall answers 200 for missing profiles,cannot be tested from a server - left in place
4611276,"Espig, Lutz",chesscomPlayer,lutz-espig,https://www.chess.com/players/lutz-espig,unknown,rate limited (HTTP 429),"rate-limited or server error - not judged, will be retried"
4611276,"Espig, Lutz",chessgames,14467,https://www.chessgames.com/perl/chessplayer?pid=14467,unknown,rate limited (HTTP 429),"rate-limited or server error - not judged, will be retried"
3507424,"Espinosa Veloz, Ermes",chesscom,Ermito2020,https://www.chess.com/member/Ermito2020,alive,200,no action
3507424,"Espinosa Veloz, Ermes",chesscomPlayer,ermes-espinosa-veloz,https://www.chess.com/players/ermes-espinosa-veloz,unknown,rate limited (HTTP 429),"rate-limited or server error - not judged, will be retried"
3507424,"Espinosa Veloz, Ermes",chessgames,109959,https://www.chessgames.com/perl/chessplayer?pid=109959,unknown,rate limited (HTTP 429),"rate-limited or server error - not judged, will be retried"
3507424,"Espinosa Veloz, Ermes",lichess,Ermito,https://lichess.org/@/Ermito,unknown,rate limited (HTTP 429),"rate-limited or server error - not judged, will be retried"
4139275,"Evdokimov, Alexander A.",chesscom,alexander-evdokimov,https://www.chess.com/member/alexander-evdokimov,alive,200,no action
4139275,"Evdokimov, Alexander A.",chesscomPlayer,alexander-a-evdokimov,https://www.chess.com/players/alexander-a-evdokimov,unknown,rate limited (HTTP 429),"rate-limited or server error - not judged, will be retried"
4139275,"Evdokimov, Alexander A.",chessgames,111124,https://www.chessgames.com/perl/chessplayer?pid=111124,unknown,rate limited (HTTP 429),"rate-limited or server error - not judged, will be retried"
8605840,"Fang, Yuxiang",chesscomPlayer,fang-yuxiang,https://www.chess.com/players/fang-yuxiang,alive,200,no action
8605840,"Fang, Yuxiang",chessgames,142552,https://www.chessgames.com/perl/chessplayer?pid=142552,unknown,rate limited (HTTP 429),"rate-limited or server error - not judged, will be retried"
700134,"Faragó, Iván",chesscomPlayer,ivan-farago,https://www.chess.com/players/ivan-farago,unknown,rate limited (HTTP 429),"rate-limited or server error - not judged, will be retried"
700134,"Faragó, Iván",chessgames,12209,https://www.chessgames.com/perl/chessplayer?pid=12209,unknown,rate limited (HTTP 429),"rate-limited or server error - not judged, will be retried"
615935,"Fargere, Francois",chesscomPlayer,francois-fargere,https://www.chess.com/players/francois-fargere,alive,200,no action
615935,"Fargere, Francois",chessgames,53863,https://www.chessgames.com/perl/chessplayer?pid=53863,unknown,rate limited (HTTP 429),"rate-limited or server error - not judged, will be retried"
615935,"Fargere, Francois",lichess,IPORC-MATAFAK,https://lichess.org/@/IPORC-MATAFAK,unknown,rate limited (HTTP 429),"rate-limited or server error - not judged, will be retried"
10613129,"Fawzy, Adham",chesscom,Adham_Fawzy,https://www.chess.com/member/Adham_Fawzy,alive,200,no action
10613129,"Fawzy, Adham",chesscomPlayer,adham-fawzy,https://www.chess.com/players/adham-fawzy,unknown,rate limited (HTTP 429),"rate-limited or server error - not judged, will be retried"
10613129,"Fawzy, Adham",chessgames,152694,https://www.chessgames.com/perl/chessplayer?pid=152694,unknown,rate limited (HTTP 429),"rate-limited or server error - not judged, will be retried"
14102536,"Fedorchuk, Sergey A.",chesscomPlayer,sergey-a-fedorchuk,https://www.chess.com/players/sergey-a-fedorchuk,unknown,rate limited (HTTP 429),"rate-limited or server error - not judged, will be retried"
14102536,"Fedorchuk, Sergey A.",chessgames,38807,https://www.chessgames.com/perl/chessplayer?pid=38807,unknown,rate limited (HTTP 429),"rate-limited or server error - not judged, will be retried"
13500465,"Fedorov, Alexei",chesscom,ALeFedorov,https://www.chess.com/member/ALeFedorov,alive,200,no action
13500465,"Fedorov, Alexei",chesscomPlayer,alexei-fedorov,https://www.chess.com/players/alexei-fedorov,alive,200,no action
13500465,"Fedorov, Alexei",chessgames,10754,https://www.chessgames.com/perl/chessplayer?pid=10754,unknown,rate limited (HTTP 429),"rate-limited or server error - not judged, will be retried"
2000083,"Fedorowicz, John",chesscomPlayer,john-fedorowicz,https://www.chess.com/players/john-fedorowicz,unknown,rate limited (HTTP 429),"rate-limited or server error - not judged, will be retried"
2000083,"Fedorowicz, John",chessgames,14905,https://www.chessgames.com/perl/chessplayer?pid=14905,unknown,rate limited (HTTP 429),"rate-limited or server error - not judged, will be retried"
24130737,"Fedoseev, Vladimir",chesscom,Bigfish1995,https://www.chess.com/member/Bigfish1995,alive,200,no action
24130737,"Fedoseev, Vladimir",chesscomPlayer,vladimir-fedoseev,https://www.chess.com/players/vladimir-fedoseev,unknown,rate limited (HTTP 429),"rate-limited or server error - not judged, will be retried"
24130737,"Fedoseev, Vladimir",chessgames,108200,https://www.chessgames.com/perl/chessplayer?pid=108200,unknown,rate limited (HTTP 429),"rate-limited or server error - not judged, will be retried"
24130737,"Fedoseev, Vladimir",lichess,Feokl1995,https://lichess.org/@/Feokl1995,unknown,rate limited (HTTP 429),"rate-limited or server error - not judged, will be retried"
24130737,"Fedoseev, Vladimir",instagram,vladimirfedoseev_official,,unchecked,login wall answers 200 for missing profiles,cannot be tested from a server - left in place
107069,"Felgaer, Ruben",chesscom,rfelgaer,https://www.chess.com/member/rfelgaer,alive,200,no action
107069,"Felgaer, Ruben",chesscomPlayer,ruben-felgaer,https://www.chess.com/players/ruben-felgaer,alive,200,no action
107069,"Felgaer, Ruben",chessgames,21001,https://www.chessgames.com/perl/chessplayer?pid=21001,unknown,rate limited (HTTP 429),"rate-limited or server error - not judged, will be retried"
634654,"Feller, Sebastien",chesscom,HustleStandard,https://www.chess.com/member/HustleStandard,alive,200,no action
634654,"Feller, Sebastien",chesscomPlayer,sebastien-feller,https://www.chess.com/players/sebastien-feller,unknown,rate limited (HTTP 429),"rate-limited or server error - not judged, will be retried"
634654,"Feller, Sebastien",chessgames,95862,https://www.chessgames.com/perl/chessplayer?pid=95862,unknown,rate limited (HTTP 429),"rate-limited or server error - not judged, will be retried"
634654,"Feller, Sebastien",lichess,CtFletch57,https://lichess.org/@/CtFletch57,dead,HTTP 404,removed from roster.csv - replace with the current handle if you find one
14500299,"Fercec, Nenad",chesscomPlayer,nenad-fercec,https://www.chess.com/players/nenad-fercec,alive,200,no action
14500299,"Fercec, Nenad",chessgames,37717,https://www.chessgames.com/perl/chessplayer?pid=37717,unknown,rate limited (HTTP 429),"rate-limited or server error - not judged, will be retried"
1900021,"Fernandes, Antonio",chesscomPlayer,antonio-fernandes,https://www.chess.com/players/antonio-fernandes,unknown,rate limited (HTTP 429),"rate-limited or server error - not judged, will be retried"
1900021,"Fernandes, Antonio",chessgames,27782,https://www.chessgames.com/perl/chessplayer?pid=27782,unknown,rate limited (HTTP 429),"rate-limited or server error - not judged, will be retried"
2200023,"Fernandez Garcia, Jose Luis 1954",chesscomPlayer,jose-luis-fernandez-garcia,https://www.chess.com/players/jose-luis-fernandez-garcia,unknown,rate limited (HTTP 429),"rate-limited or server error - not judged, will be retried"
2200023,"Fernandez Garcia, Jose Luis 1954",chessgames,27779,https://www.chessgames.com/perl/chessplayer?pid=27779,unknown,rate limited (HTTP 429),"rate-limited or server error - not judged, will be retried"
2214679,"Fernandez Romero, Ernesto",chesscomPlayer,ernesto-fernandez-romero,https://www.chess.com/players/ernesto-fernandez-romero,unknown,rate limited (HTTP 429),"rate-limited or server error - not judged, will be retried"
2214679,"Fernandez Romero, Ernesto",chessgames,52608,https://www.chessgames.com/perl/chessplayer?pid=52608,unknown,rate limited (HTTP 429),"rate-limited or server error - not judged, will be retried"
2214679,"Fernandez Romero, Ernesto",lichess,ErnestoFernandez,https://lichess.org/@/ErnestoFernandez,dead,HTTP 404,removed from roster.csv - replace with the current handle if you find one
2015390,"Fernandez, Daniel",chesscomPlayer,daniel-fernandez,https://www.chess.com/players/daniel-fernandez,alive,200,no action
2015390,"Fernandez, Daniel",chessgames,69188,https://www.chessgames.com/perl/chessplayer?pid=69188,unknown,rate limited (HTTP 429),"rate-limited or server error - not judged, will be retried"
2015390,"Fernandez, Daniel",lichess,D-Fernandez,https://lichess.org/@/D-Fernandez,unknown,rate limited (HTTP 429),"rate-limited or server error - not judged, will be retried"
5801605,"Fernandez, Daniel Howard",chesscom,LuckIsMySkill,https://www.chess.com/member/LuckIsMySkill,alive,200,no action
5801605,"Fernandez, Daniel Howard",chesscomPlayer,daniel-howard-fernandez,https://www.chess.com/players/daniel-howard-fernandez,unknown,rate limited (HTTP 429),"rate-limited or server error - not judged, will be retried"
5801605,"Fernandez, Daniel Howard",chessgames,114158,https://www.chessgames.com/perl/chessplayer?pid=114158,unknown,rate limited (HTTP 429),"rate-limited or server error - not judged, will be retried"
1910850,"Ferreira, Jorge Viterbo",chesscom,JVFerreira,https://www.chess.com/member/JVFerreira,alive,200,no action
1910850,"Ferreira, Jorge Viterbo",chesscomPlayer,jorge-viterbo-ferreira,https://www.chess.com/players/jorge-viterbo-ferreira,unknown,rate limited (HTTP 429),"rate-limited or server error - not judged, will be retried"
1910850,"Ferreira, Jorge Viterbo",chessgames,128818,https://www.chessgames.com/perl/chessplayer?pid=128818,unknown,rate limited (HTTP 429),"rate-limited or server error - not judged, will be retried"
14103109,"Feygin, Michael",chesscomPlayer,michael-feygin,https://www.chess.com/players/michael-feygin,unknown,rate limited (HTTP 429),"rate-limited or server error - not judged, will be retried"
14103109,"Feygin, Michael",chessgames,49354,https://www.chessgames.com/perl/chessplayer?pid=49354,unknown,rate limited (HTTP 429),"rate-limited or server error - not judged, will be retried"
2107139,"Fier, Alexandr",chesscom,A-Fier,https://www.chess.com/member/A-Fier,alive,200,no action
2107139,"Fier, Alexandr",chesscomPlayer,alexandr-fier,https://www.chess.com/players/alexandr-fier,unknown,rate limited (HTTP 429),"rate-limited or server error - not judged, will be retried"
2107139,"Fier, Alexandr",chessgames,88826,https://www.chessgames.com/perl/chessplayer?pid=88826,unknown,rate limited (HTTP 429),"rate-limited or server error - not judged, will be retried"
2107139,"Fier, Alexandr",lichess,Microwaver,https://lichess.org/@/Microwaver,unknown,ConnectionResetError,"rate-limited or server error - not judged, will be retried"
2107139,"Fier, Alexandr",twitch,GMAlexFier,,unchecked,app shell answers 200 for missing channels,cannot be tested from a server - left in place
14200988,"Filippov, Anton",chesscom,Filippov_Anton,https://www.chess.com/member/Filippov_Anton,alive,200,no action
14200988,"Filippov, Anton",chesscomPlayer,anton-filippov,https://www.chess.com/players/anton-filippov,alive,200,no action
14200988,"Filippov, Anton",chessgames,61592,https://www.chessgames.com/perl/chessplayer?pid=61592,unknown,rate limited (HTTP 429),"rate-limited or server error - not judged, will be retried"
4117654,"Filippov, Valerij",chesscomPlayer,valerij-filippov,https://www.chess.com/players/valerij-filippov,unknown,rate limited (HTTP 429),"rate-limited or server error - not judged, will be retried"
4117654,"Filippov, Valerij",chessgames,17239,https://www.chessgames.com/perl/chessplayer?pid=17239,unknown,rate limited (HTTP 429),"rate-limited or server error - not judged, will be retried"
2000261,"Finegold, Benjamin",chesscom,GMBenjaminFinegold,https://www.chess.com/member/GMBenjaminFinegold,alive,200,no action
2000261,"Finegold, Benjamin",chesscomPlayer,benjamin-finegold,https://www.chess.com/players/benjamin-finegold,unknown,rate limited (HTTP 429),"rate-limited or server error - not judged, will be retried"
2000261,"Finegold, Benjamin",chessgames,27532,https://www.chessgames.com/perl/chessplayer?pid=27532,unknown,rate limited (HTTP 429),"rate-limited or server error - not judged, will be retried"
2000261,"Finegold, Benjamin",lichess,CCSCATL,https://lichess.org/@/CCSCATL,unknown,ConnectionResetError,"rate-limited or server error - not judged, will be retried"
2000261,"Finegold, Benjamin",x,ben_finegold,https://x.com/ben_finegold,alive,200,no action
2000261,"Finegold, Benjamin",twitch,GMBenjaminFinegold,,unchecked,app shell answers 200 for missing channels,cannot be tested from a server - left in place
23718293,"Finek, Vaclav",chesscomPlayer,vaclav-finek,https://www.chess.com/players/vaclav-finek,unknown,rate limited (HTTP 429),"rate-limited or server error - not judged, will be retried"
2801957,"Finkel, Alexander",chesscomPlayer,alexander-finkel,https://www.chess.com/players/alexander-finkel,alive,200,no action
2801957,"Finkel, Alexander",chessgames,47329,https://www.chessgames.com/perl/chessplayer?pid=47329,unknown,rate limited (HTTP 429),"rate-limited or server error - not judged, will be retried"
6305881,"Firat, Burak",chesscom,Buffy7,https://www.chess.com/member/Buffy7,alive,200,no action
6305881,"Firat, Burak",chesscomPlayer,burak-firat,https://www.chess.com/players/burak-firat,unknown,rate limited (HTTP 429),"rate-limited or server error - not judged, will be retried"
6305881,"Firat, Burak",chessgames,113243,https://www.chessgames.com/perl/chessplayer?pid=113243,unknown,rate limited (HTTP 429),"rate-limited or server error - not judged, will be retried"
14104490,"Firman, Nazar",chesscom,kuchma777,https://www.chess.com/member/kuchma777,alive,200,no action
14104490,"Firman, Nazar",chesscomPlayer,nazar-firman,https://www.chess.com/players/nazar-firman,unknown,rate limited (HTTP 429),"rate-limited or server error - not judged, will be retried"
14104490,"Firman, Nazar",chessgames,70369,https://www.chessgames.com/perl/chessplayer?pid=70369,unknown,rate limited (HTTP 429),"rate-limited or server error - not judged, will be retried"
12573981,"Firouzja, Alireza",chesscom,Firouzja2003,https://www.chess.com/member/Firouzja2003,alive,200,no action
12573981,"Firouzja, Alireza",chesscomPlayer,alireza-firouzja,https://www.chess.com/players/alireza-firouzja,unknown,rate limited (HTTP 429),"rate-limited or server error - not judged, will be retried"
12573981,"Firouzja, Alireza",chessgames,152702,https://www.chessgames.com/perl/chessplayer?pid=152702,unknown,rate limited (HTTP 429),"rate-limited or server error - not judged, will be retried"
12573981,"Firouzja, Alireza",lichess,alireza2003,https://lichess.org/@/alireza2003,unknown,ConnectionResetError,"rate-limited or server error - not judged, will be retried"
12573981,"Firouzja, Alireza",x,AlirezaFirouzja,https://x.com/AlirezaFirouzja,alive,200,no action
12573981,"Firouzja, Alireza",instagram,alirezafirouzja,,unchecked,login wall answers 200 for missing profiles,cannot be tested from a server - left in place
12573981,"Firouzja, Alireza",youtube,UCW0z4BV0PGCcRmSWS2vua3w,,unchecked,consent page answers 200 for missing channels,cannot be tested from a server - left in place
12573981,"Firouzja, Alireza",twitch,AlirezaFirouzja,,unchecked,app shell answers 200 for missing channels,cannot be tested from a server - left in place
14102803,"Fish, Gennadij",chesscomPlayer,gennadij-fish,https://www.chess.com/players/gennadij-fish,alive,200,no action
14102803,"Fish, Gennadij",chessgames,49258,https://www.chessgames.com/perl/chessplayer?pid=49258,unknown,rate limited (HTTP 429),"rate-limited or server error - not judged, will be retried"
2000377,"Fishbein, Alexander",chesscom,Fishbein-NJ,https://www.chess.com/member/Fishbein-NJ,alive,200,no action
2000377,"Fishbein, Alexander",chesscomPlayer,alexander-fishbein,https://www.chess.com/players/alexander-fishbein,unknown,rate limited (HTTP 429),"rate-limited or server error - not judged, will be retried"
2000377,"Fishbein, Alexander",chessgames,13766,https://www.chessgames.com/perl/chessplayer?pid=13766,unknown,rate limited (HTTP 429),"rate-limited or server error - not judged, will be retried"
2000377,"Fishbein, Alexander",website,http://www.gmalexfishbein.com/,http://www.gmalexfishbein.com/,alive,200,no action
400165,"Flear, Glenn C",chesscomPlayer,glenn-c-flear,https://www.chess.com/players/glenn-c-flear,unknown,rate limited (HTTP 429),"rate-limited or server error - not judged, will be retried"
400165,"Flear, Glenn C",chessgames,13822,https://www.chessgames.com/perl/chessplayer?pid=13822,unknown,rate limited (HTTP 429),"rate-limited or server error - not judged, will be retried"
621650,"Flom, Gabriel",chesscomPlayer,gabriel-flom,https://www.chess.com/players/gabriel-flom,unknown,rate limited (HTTP 429),"rate-limited or server error - not judged, will be retried"
621650,"Flom, Gabriel",chessgames,68647,https://www.chessgames.com/perl/chessplayer?pid=68647,unknown,rate limited (HTTP 429),"rate-limited or server error - not judged, will be retried"
3408027,"Flores Rios, Mauricio",chesscom,mauricioflores,https://www.chess.com/member/mauricioflores,alive,200,no action
3408027,"Flores Rios, Mauricio",chesscomPlayer,mauricio-flores-rios,https://www.chess.com/players/mauricio-flores-rios,unknown,rate limited (HTTP 429),"rate-limited or server error - not judged, will be retried"
3408027,"Flores Rios, Mauricio",chessgames,103429,https://www.chessgames.com/perl/chessplayer?pid=103429,unknown,rate limited (HTTP 429),"rate-limited or server error - not judged, will be retried"
108049,"Flores, Diego",chesscom,messiboca,https://www.chess.com/member/messiboca,alive,200,no action
108049,"Flores, Diego",chesscomPlayer,diego-flores,https://www.chess.com/players/diego-flores,alive,200,no action
108049,"Flores, Diego",chessgames,53050,https://www.chessgames.com/perl/chessplayer?pid=53050,unknown,rate limited (HTTP 429),"rate-limited or server error - not judged, will be retried"
717274,"Flumbort, Andras Dr.",chesscomPlayer,dr-andras-flumbort,https://www.chess.com/players/dr-andras-flumbort,unknown,rate limited (HTTP 429),"rate-limited or server error - not judged, will be retried"
717274,"Flumbort, Andras Dr.",chessgames,50235,https://www.chessgames.com/perl/chessplayer?pid=50235,unknown,rate limited (HTTP 429),"rate-limited or server error - not judged, will be retried"
723762,"Fodor, Tamas Jr.",chesscom,fodorpoti,https://www.chess.com/member/fodorpoti,alive,200,no action
723762,"Fodor, Tamas Jr.",chesscomPlayer,tamas-jr-fodor,https://www.chess.com/players/tamas-jr-fodor,unknown,rate limited (HTTP 429),"rate-limited or server error - not judged, will be retried"
723762,"Fodor, Tamas Jr.",chessgames,106715,https://www.chessgames.com/perl/chessplayer?pid=106715,unknown,rate limited (HTTP 429),"rate-limited or server error - not judged, will be retried"
700363,"Fogarasi, Tibor",chesscomPlayer,tibor-fogarasi,https://www.chess.com/players/tibor-fogarasi,unknown,rate limited (HTTP 429),"rate-limited or server error - not judged, will be retried"
700363,"Fogarasi, Tibor",chessgames,19066,https://www.chessgames.com/perl/chessplayer?pid=19066,unknown,rate limited (HTTP 429),"rate-limited or server error - not judged, will be retried"
4100590,"Fominyh, Alexander",chesscomPlayer,alexander-fominyh,https://www.chess.com/players/alexander-fominyh,alive,200,no action
4100590,"Fominyh, Alexander",chessgames,23216,https://www.chessgames.com/perl/chessplayer?pid=23216,unknown,rate limited (HTTP 429),"rate-limited or server error - not judged, will be retried"
605590,"Fontaine, Robert",chesscom,RobertFontaine,https://www.chess.com/member/RobertFontaine,alive,200,no action
605590,"Fontaine, Robert",chesscomPlayer,robert-fontaine,https://www.chess.com/players/robert-fontaine,alive,200,no action
605590,"Fontaine, Robert",chessgames,17364,https://www.chessgames.com/perl/chessplayer?pid=17364,unknown,rate limited (HTTP 429),"rate-limited or server error - not judged, will be retried"
2288230,"Forcen Esteban, Daniel",chesscom,dforcen,https://www.chess.com/member/dforcen,alive,200,no action
2288230,"Forcen Esteban, Daniel",chesscomPlayer,daniel-forcen-esteban,https://www.chess.com/players/daniel-forcen-esteban,unknown,rate limited (HTTP 429),"rate-limited or server error - not judged, will be retried"
2288230,"Forcen Esteban, Daniel",chessgames,132195,https://www.chessgames.com/perl/chessplayer?pid=132195,unknown,rate limited (HTTP 429),"rate-limited or server error - not judged, will be retried"
2209381,"Franco Ocampos, Zenón",chesscom,SpasskyPY,https://www.chess.com/member/SpasskyPY,alive,200,no action
2209381,"Franco Ocampos, Zenón",chesscomPlayer,zenon-franco-ocampos,https://www.chess.com/players/zenon-franco-ocampos,unknown,rate limited (HTTP 429),"rate-limited or server error - not judged, will be retried"
2209381,"Franco Ocampos, Zenón",chessgames,49088,https://www.chessgames.com/perl/chessplayer?pid=49088,unknown,rate limited (HTTP 429),"rate-limited or server error - not judged, will be retried"
608742,"Fressinet, Laurent",chesscom,Zlatan56,https://www.chess.com/member/Zlatan56,alive,200,no action
608742,"Fressinet, Laurent",chesscomPlayer,laurent-fressinet,https://www.chess.com/players/laurent-fressinet,unknown,rate limited (HTTP 429),"rate-limited or server error - not judged, will be retried"
608742,"Fressinet, Laurent",chessgames,28654,https://www.chessgames.com/perl/chessplayer?pid=28654,unknown,rate limited (HTTP 429),"rate-limited or server error - not judged, will be retried"
11600454,"Fridman, Daniel",chesscom,Tormoz,https://www.chess.com/member/Tormoz,alive,200,no action
11600454,"Fridman, Daniel",chesscomPlayer,daniel-fridman,https://www.chess.com/players/daniel-fridman,alive,200,no action
11600454,"Fridman, Daniel",chessgames,42773,https://www.chessgames.com/perl/chessplayer?pid=42773,unknown,rate limited (HTTP 429),"rate-limited or server error - not judged, will be retried"
2017199,"Friedel, Joshua",chesscom,jfriedel,https://www.chess.com/member/jfriedel,alive,200,no action
2017199,"Friedel, Joshua",chesscomPlayer,joshua-friedel,https://www.chess.com/players/joshua-friedel,unknown,rate limited (HTTP 429),"rate-limited or server error - not judged, will be retried"
2017199,"Friedel, Joshua",chessgames,10172,https://www.chessgames.com/perl/chessplayer?pid=10172,unknown,rate limited (HTTP 429),"rate-limited or server error - not judged, will be retried"
4151976,"Frolyanov, Dmitry",chesscom,Frolyanov_D,https://www.chess.com/member/Frolyanov_D,alive,200,no action
4151976,"Frolyanov, Dmitry",chesscomPlayer,dmitry-frolyanov,https://www.chess.com/players/dmitry-frolyanov,unknown,rate limited (HTTP 429),"rate-limited or server error - not judged, will be retried"
4151976,"Frolyanov, Dmitry",chessgames,53204,https://www.chessgames.com/perl/chessplayer?pid=53204,unknown,rate limited (HTTP 429),"rate-limited or server error - not judged, will be retried"
14900017,"Ftacnik, Lubomir",chesscom,Ftacnikl,https://www.chess.com/member/Ftacnikl,alive,200,no action
14900017,"Ftacnik, Lubomir",chesscomPlayer,lubomir-ftacnik,https://www.chess.com/players/lubomir-ftacnik,unknown,rate limited (HTTP 429),"rate-limited or server error - not judged, will be retried"
14900017,"Ftacnik, Lubomir",chessgames,17586,https://www.chessgames.com/perl/chessplayer?pid=17586,unknown,rate limited (HTTP 429),"rate-limited or server error - not judged, will be retried"
4600967,"Gabriel, Christian",chesscomPlayer,christian-gabriel,https://www.chess.com/players/christian-gabriel,alive,200,no action
4600967,"Gabriel, Christian",chessgames,11615,https://www.chessgames.com/perl/chessplayer?pid=11615,unknown,rate limited (HTTP 429),"rate-limited or server error - not judged, will be retried"
4131002,"Gabrielian, Artur",chesscom,Gabrielian_Artur,https://www.chess.com/member/Gabrielian_Artur,alive,200,no action
4131002,"Gabrielian, Artur",chesscomPlayer,artur-gabrielian,https://www.chess.com/players/artur-gabrielian,unknown,rate limited (HTTP 429),"rate-limited or server error - not judged, will be retried"
4131002,"Gabrielian, Artur",chessgames,80502,https://www.chessgames.com/perl/chessplayer?pid=80502,unknown,rate limited (HTTP 429),"rate-limited or server error - not judged, will be retried"
4131002,"Gabrielian, Artur",lichess,Gabrielian,https://lichess.org/@/Gabrielian,unknown,ConnectionResetError,"rate-limited or server error - not judged, will be retried"
13303732,"Gabuzyan, Hovhannes",chesscom,GABUZYAN_CHESSMOOD,https://www.chess.com/member/GABUZYAN_CHESSMOOD,alive,200,no action
13303732,"Gabuzyan, Hovhannes",chesscomPlayer,hovhannes-gabuzyan,https://www.chess.com/players/hovhannes-gabuzyan,unknown,rate limited (HTTP 429),"rate-limited or server error - not judged, will be retried"
13303732,"Gabuzyan, Hovhannes",chessgames,118175,https://www.chessgames.com/perl/chessplayer?pid=118175,unknown,rate limited (HTTP 429),"rate-limited or server error - not judged, will be retried"
13303732,"Gabuzyan, Hovhannes",lichess,GABUZYAN_CHESSMOOD,https://lichess.org/@/GABUZYAN_CHESSMOOD,unknown,ConnectionResetError,"rate-limited or server error - not judged, will be retried"
13303732,"Gabuzyan, Hovhannes",x,GM_Gabzuyan,https://x.com/GM_Gabzuyan,dead,HTTP 404,removed from roster.csv - replace with the current handle if you find one
13404938,"Gadimbayli, Abdulla",chesscom,GadimbayliA,https://www.chess.com/member/GadimbayliA,alive,200,no action
13404938,"Gadimbayli, Abdulla",chesscomPlayer,abdulla-gadimbayli,https://www.chess.com/players/abdulla-gadimbayli,unknown,rate limited (HTTP 429),"rate-limited or server error - not judged, will be retried"
13404938,"Gadimbayli, Abdulla",chessgames,151476,https://www.chessgames.com/perl/chessplayer?pid=151476,unknown,rate limited (HTTP 429),"rate-limited or server error - not judged, will be retried"
13404938,"Gadimbayli, Abdulla",lichess,Abik02,https://lichess.org/@/Abik02,unknown,ConnectionResetError,"rate-limited or server error - not judged, will be retried"
13404938,"Gadimbayli, Abdulla",facebook,AbdullaGadimbayliOfficial,,unchecked,returns HTTP 400 to all automated requests,cannot be tested from a server - left in place
5037883,"Gagare, Shardul",chesscomPlayer,shardul-annasaheb-gagare,https://www.chess.com/players/shardul-annasaheb-gagare,unknown,rate limited (HTTP 429),"rate-limited or server error - not judged, will be retried"
5037883,"Gagare, Shardul",chessgames,117246,https://www.chessgames.com/perl/chessplayer?pid=117246,unknown,rate limited (HTTP 429),"rate-limited or server error - not judged, will be retried"
13601652,"Gagunashvili, Merab",chesscom,Gaguna,https://www.chess.com/member/Gaguna,alive,200,no action
13601652,"Gagunashvili, Merab",chesscomPlayer,merab-gagunashvili,https://www.chess.com/players/merab-gagunashvili,unknown,rate limited (HTTP 429),"rate-limited or server error - not judged, will be retried"
13601652,"Gagunashvili, Merab",chessgames,81413,https://www.chessgames.com/perl/chessplayer?pid=81413,unknown,rate limited (HTTP 429),"rate-limited or server error - not judged, will be retried"
1116207,"Gajewski, Grzegorz",chesscom,Gajuchess,https://www.chess.com/member/Gajuchess,alive,200,no action
1116207,"Gajewski, Grzegorz",chesscomPlayer,grzegorz-gajewski,https://www.chess.com/players/grzegorz-gajewski,unknown,rate limited (HTTP 429),"rate-limited or server error - not judged, will be retried"
1116207,"Gajewski, Grzegorz",chessgames,54613,https://www.chessgames.com/perl/chessplayer?pid=54613,unknown,rate limited (HTTP 429),"rate-limited or server error - not judged, will be retried"
5123119,"Galaviz Medina, Sion Radamantys",chesscomPlayer,sion-radamantys-galaviz-medina,https://www.chess.com/players/sion-radamantys-galaviz-medina,unknown,rate limited (HTTP 429),"rate-limited or server error - not judged, will be retried"
13300067,"Galdunts, Sergey",chesscomPlayer,sergey-galdunts,https://www.chess.com/players/sergey-galdunts,unknown,rate limited (HTTP 429),"rate-limited or server error - not judged, will be retried"
13300067,"Galdunts, Sergey",chessgames,17881,https://www.chessgames.com/perl/chessplayer?pid=17881,unknown,rate limited (HTTP 429),"rate-limited or server error - not judged, will be retried"
1900072,"Galego, Luis",chesscomPlayer,luis-galego,https://www.chess.com/players/luis-galego,alive,200,no action
1900072,"Galego, Luis",chessgames,19616,https://www.chessgames.com/perl/chessplayer?pid=19616,unknown,rate limited (HTTP 429),"rate-limited or server error - not judged, will be retried"
4120426,"Galkin, Alexander",chesscom,gm_aag,https://www.chess.com/member/gm_aag,alive,200,no action
4120426,"Galkin, Alexander",chesscomPlayer,alexander-galkin,https://www.chess.com/players/alexander-galkin,unknown,rate limited (HTTP 429),"rate-limited or server error - not judged, will be retried"
4120426,"Galkin, Alexander",chessgames,18290,https://www.chessgames.com/perl/chessplayer?pid=18290,unknown,rate limited (HTTP 429),"rate-limited or server error - not judged, will be retried"
1303422,"Gallagher, Joseph G.",chesscomPlayer,joseph-g-gallagher,https://www.chess.com/players/joseph-g-gallagher,unknown,rate limited (HTTP 429),"rate-limited or server error - not judged, will be retried"
1303422,"Gallagher, Joseph G.",chessgames,31026,https://www.chessgames.com/perl/chessplayer?pid=31026,unknown,rate limited (HTTP 429),"rate-limited or server error - not judged, will be retried"
4402669,"Gallego Alcaraz, Andres Felipe",chesscom,afgano29,https://www.chess.com/member/afgano29,alive,200,no action
4402669,"Gallego Alcaraz, Andres Felipe",chesscomPlayer,andres-felipe-gallego-alcaraz,https://www.chess.com/players/andres-felipe-gallego-alcaraz,unknown,rate limited (HTTP 429),"rate-limited or server error - not judged, will be retried"
4402669,"Gallego Alcaraz, Andres Felipe",chessgames,124531,https://www.chessgames.com/perl/chessplayer?pid=124531,unknown,rate limited (HTTP 429),"rate-limited or server error - not judged, will be retried"
14165414,"Galperin, Platon",chesscom,GalperinPlaton,https://www.chess.com/member/GalperinPlaton,alive,200,no action
14165414,"Galperin, Platon",chesscomPlayer,platon-galperin,https://www.chess.com/players/platon-galperin,alive,200,no action
14165414,"Galperin, Platon",chessgames,157832,https://www.chessgames.com/perl/chessplayer?pid=157832,unknown,rate limited (HTTP 429),"rate-limited or server error - not judged, will be retried"
707244,"Galyas, Miklos",chesscom,Gyapiking,https://www.chess.com/member/Gyapiking,alive,200,no action
707244,"Galyas, Miklos",chesscomPlayer,miklos-galyas,https://www.chess.com/players/miklos-galyas,unknown,rate limited (HTTP 429),"rate-limited or server error - not judged, will be retried"
707244,"Galyas, Miklos",chessgames,38796,https://www.chessgames.com/perl/chessplayer?pid=38796,unknown,rate limited (HTTP 429),"rate-limited or server error - not judged, will be retried"
707244,"Galyas, Miklos",lichess,Gyapiking,https://lichess.org/@/Gyapiking,unknown,ConnectionResetError,"rate-limited or server error - not judged, will be retried"
5002150,"Ganguly, Surya Shekhar",chesscom,suryaganguly,https://www.chess.com/member/suryaganguly,alive,200,no action
5002150,"Ganguly, Surya Shekhar",chesscomPlayer,surya-shekhar-ganguly,https://www.chess.com/players/surya-shekhar-ganguly,unknown,rate limited (HTTP 429),"rate-limited or server error - not judged, will be retried"
5002150,"Ganguly, Surya Shekhar",chessgames,49536,https://www.chessgames.com/perl/chessplayer?pid=49536,unknown,rate limited (HTTP 429),"rate-limited or server error - not judged, will be retried"
5002150,"Ganguly, Surya Shekhar",x,suryachess64,https://x.com/suryachess64,alive,200,no action
8602387,"Gao, Rui",chesscomPlayer,gao-rui,https://www.chess.com/players/gao-rui,unknown,rate limited (HTTP 429),"rate-limited or server error - not judged, will be retried"
8602387,"Gao, Rui",chessgames,98957,https://www.chessgames.com/perl/chessplayer?pid=98957,unknown,rate limited (HTTP 429),"rate-limited or server error - not judged, will be retried"
13600125,"Gaprindashvili, Nona",chesscomPlayer,nona-gaprindashvili,https://www.chess.com/players/nona-gaprindashvili,alive,200,no action
13600125,"Gaprindashvili, Nona",chessgames,16111,https://www.chessgames.com/perl/chessplayer?pid=16111,unknown,rate limited (HTTP 429),"rate-limited or server error - not judged, will be retried"
13601091,"Gaprindashvili, Valeriane",chesscomPlayer,valeriane-gaprindashvili,https://www.chess.com/players/valeriane-gaprindashvili,unknown,rate limited (HTTP 429),"rate-limited or server error - not judged, will be retried"
13601091,"Gaprindashvili, Valeriane",chessgames,17312,https://www.chessgames.com/perl/chessplayer?pid=17312,unknown,rate limited (HTTP 429),"rate-limited or server error - not judged, will be retried"
3500179,"Garcia Martinez, Silvino",chesscomPlayer,silvino-garcia-martinez,https://www.chess.com/players/silvino-garcia-martinez,unknown,rate limited (HTTP 429),"rate-limited or server error - not judged, will be retried"
3500179,"Garcia Martinez, Silvino",chessgames,29478,https://www.chessgames.com/perl/chessplayer?pid=29478,unknown,rate limited (HTTP 429),"rate-limited or server error - not judged, will be retried"
110124,"Garcia Palermo, Carlos Horacio",chesscomPlayer,carlos-garcia-palermo,https://www.chess.com/players/carlos-garcia-palermo,unknown,rate limited (HTTP 429),"rate-limited or server error - not judged, will be retried"
110124,"Garcia Palermo, Carlos Horacio",chessgames,81333,https://www.chessgames.com/perl/chessplayer?pid=81333,unknown,rate limited (HTTP 429),"rate-limited or server error - not judged, will be retried"
3509265,"Garcia Pantoja, Roberto",chesscom,rogapa,https://www.chess.com/member/rogapa,alive,200,no action
3509265,"Garcia Pantoja, Roberto",chesscomPlayer,roberto-garcia-pantoja,https://www.chess.com/players/roberto-garcia-pantoja,alive,200,no action
3509265,"Garcia Pantoja, Roberto",chessgames,133275,https://www.chessgames.com/perl/chessplayer?pid=133275,unknown,rate limited (HTTP 429),"rate-limited or server error - not judged, will be retried"
3509265,"Garcia Pantoja, Roberto",lichess,chessiando,https://lichess.org/@/chessiando,unknown,ConnectionResetError,"rate-limited or server error - not judged, will be retried"
14200937,"Gareyev, Timur",chesscom,TimurGareyev,https://www.chess.com/member/TimurGareyev,alive,200,no action
14200937,"Gareyev, Timur",chesscomPlayer,timur-gareyev,https://www.chess.com/players/timur-gareyev,unknown,rate limited (HTTP 429),"rate-limited or server error - not judged, will be retried"
14200937,"Gareyev, Timur",chessgames,56780,https://www.chessgames.com/perl/chessplayer?pid=56780,unknown,rate limited (HTTP 429),"rate-limited or server error - not judged, will be retried"
32011601,"Garriga Cazorla, Pere",chesscom,PereGarrigaCazorla,https://www.chess.com/member/PereGarrigaCazorla,alive,200,no action
32011601,"Garriga Cazorla, Pere",chesscomPlayer,pere-garriga-cazorla,https://www.chess.com/players/pere-garriga-cazorla,unknown,rate limited (HTTP 429),"rate-limited or server error - not judged, will be retried"
32011601,"Garriga Cazorla, Pere",chessgames,153889,https://www.chessgames.com/perl/chessplayer?pid=153889,unknown,rate limited (HTTP 429),"rate-limited or server error - not judged, will be retried"
14104466,"Gasanov, Eldar",chesscomPlayer,eldar-gasanov,https://www.chess.com/players/eldar-gasanov,unknown,rate limited (HTTP 429),"rate-limited or server error - not judged, will be retried"
14104466,"Gasanov, Eldar",chessgames,10880,https://www.chessgames.com/perl/chessplayer?pid=10880,unknown,rate limited (HTTP 429),"rate-limited or server error - not judged, will be retried"
3902463,"Gascon Del Nogal, Jose Rafael",chesscom,GasconChess-YouTube,https://www.chess.com/member/GasconChess-YouTube,dead,HTTP 404,removed from roster.csv - replace with the current handle if you find one
3902463,"Gascon Del Nogal, Jose Rafael",chesscomPlayer,jose-rafael-gascon-del-nogal,https://www.chess.com/players/jose-rafael-gascon-del-nogal,unknown,rate limited (HTTP 429),"rate-limited or server error - not judged, will be retried"
3902463,"Gascon Del Nogal, Jose Rafael",chessgames,149248,https://www.chessgames.com/perl/chessplayer?pid=149248,unknown,rate limited (HTTP 429),"rate-limited or server error - not judged, will be retried"
3902463,"Gascon Del Nogal, Jose Rafael",facebook,jose.gascondelnogal,,unchecked,returns HTTP 400 to all automated requests,cannot be tested from a server - left in place
1500031,"Gausel, Einar J",chesscom,Bankrotten,https://www.chess.com/member/Bankrotten,alive,200,no action
1500031,"Gausel, Einar J",chesscomPlayer,einar-j-gausel,https://www.chess.com/players/einar-j-gausel,alive,200,no action
1500031,"Gausel, Einar J",chessgames,14458,https://www.chessgames.com/perl/chessplayer?pid=14458,unknown,rate limited (HTTP 429),"rate-limited or server error - not judged, will be retried"
1500031,"Gausel, Einar J",x,EinarGausel,https://x.com/EinarGausel,dead,HTTP 404,removed from roster.csv - replace with the current handle if you find one
1227190,"Gavrilescu, David",chesscom,DavidGavrilescu18,https://www.chess.com/member/DavidGavrilescu18,alive,200,no action
1227190,"Gavrilescu, David",chesscomPlayer,david-gavrilescu,https://www.chess.com/players/david-gavrilescu,unknown,rate limited (HTTP 429),"rate-limited or server error - not judged, will be retried"
1227190,"Gavrilescu, David",chessgames,154660,https://www.chessgames.com/perl/chessplayer?pid=154660,unknown,rate limited (HTTP 429),"rate-limited or server error - not judged, will be retried"
4104358,"Gavrilov, Alexei",chesscomPlayer,alexei-gavrilov,https://www.chess.com/players/alexei-gavrilov,unknown,rate limited (HTTP 429),"rate-limited or server error - not judged, will be retried"
4104358,"Gavrilov, Alexei",chessgames,49705,https://www.chessgames.com/perl/chessplayer?pid=49705,unknown,rate limited (HTTP 429),"rate-limited or server error - not judged, will be retried"
4127854,"Gazarian, Aram",chesscomPlayer,aram-gazarian,https://www.chess.com/players/aram-gazarian,unknown,rate limited (HTTP 429),"rate-limited or server error - not judged, will be retried"
4127854,"Gazarian, Aram",chessgames,100659,https://www.chessgames.com/perl/chessplayer?pid=100659,unknown,rate limited (HTTP 429),"rate-limited or server error - not judged, will be retried"
14928752,"Gazik, Viktor",chesscomPlayer,viktor-gazik,https://www.chess.com/players/viktor-gazik,alive,200,no action
14928752,"Gazik, Viktor",chessgames,140009,https://www.chessgames.com/perl/chessplayer?pid=140009,unknown,rate limited (HTTP 429),"rate-limited or server error - not judged, will be retried"
1100106,"Gdanski, Jacek",chesscomPlayer,jacek-gdanski,https://www.chess.com/players/jacek-gdanski,unknown,rate limited (HTTP 429),"rate-limited or server error - not judged, will be retried"
1100106,"Gdanski, Jacek",chessgames,15702,https://www.chessgames.com/perl/chessplayer?pid=15702,unknown,rate limited (HTTP 429),"rate-limited or server error - not judged, will be retried"
13600702,"Gelashvili, Tamaz",chesscom,GMTamaz,https://www.chess.com/member/GMTamaz,alive,200,no action
13600702,"Gelashvili, Tamaz",chesscomPlayer,tamaz-gelashvili,https://www.chess.com/players/tamaz-gelashvili,unknown,rate limited (HTTP 429),"rate-limited or server error - not judged, will be retried"
13600702,"Gelashvili, Tamaz",chessgames,49264,https://www.chessgames.com/perl/chessplayer?pid=49264,unknown,rate limited (HTTP 429),"rate-limited or server error - not judged, will be retried"
2805677,"Gelfand, Boris",chesscom,Remontada2017,https://www.chess.com/member/Remontada2017,alive,200,no action
2805677,"Gelfand, Boris",chesscomPlayer,boris-gelfand,https://www.chess.com/players/boris-gelfand,unknown,rate limited (HTTP 429),"rate-limited or server error - not judged, will be retried"
2805677,"Gelfand, Boris",chessgames,13847,https://www.chessgames.com/perl/chessplayer?pid=13847,unknown,rate limited (HTTP 429),"rate-limited or server error - not judged, will be retried"
4151984,"Geller, Jakov",chesscom,Geller_Jakov,https://www.chess.com/member/Geller_Jakov,alive,200,no action
4151984,"Geller, Jakov",chesscomPlayer,jakov-geller,https://www.chess.com/players/jakov-geller,alive,200,no action
4151984,"Geller, Jakov",chessgames,49676,https://www.chessgames.com/perl/chessplayer?pid=49676,unknown,rate limited (HTTP 429),"rate-limited or server error - not judged, will be retried"
2900211,"Genov, Petar",chesscom,TigerGenov,https://www.chess.com/member/TigerGenov,alive,200,no action
2900211,"Genov, Petar",chesscomPlayer,petar-genov,https://www.chess.com/players/petar-genov,unknown,rate limited (HTTP 429),"rate-limited or server error - not judged, will be retried"
2900211,"Genov, Petar",chessgames,48961,https://www.chessgames.com/perl/chessplayer?pid=48961,unknown,rate limited (HTTP 429),"rate-limited or server error - not judged, will be retried"
1213300,"Georgescu, Tiberiu-Marian",chesscom,Georgescu_Tiberiu,https://www.chess.com/member/Georgescu_Tiberiu,alive,200,no action
1213300,"Georgescu, Tiberiu-Marian",chesscomPlayer,tiberiu-marian-georgescu,https://www.chess.com/players/tiberiu-marian-georgescu,unknown,rate limited (HTTP 429),"rate-limited or server error - not judged, will be retried"
1213300,"Georgescu, Tiberiu-Marian",chessgames,115599,https://www.chessgames.com/perl/chessplayer?pid=115599,unknown,rate limited (HTTP 429),"rate-limited or server error - not judged, will be retried"
1300113,"Georgiadis, Nico",chesscom,ElHelvetico,https://www.chess.com/member/ElHelvetico,alive,200,no action
1300113,"Georgiadis, Nico",chesscomPlayer,nico-georgiadis,https://www.chess.com/players/nico-georgiadis,unknown,rate limited (HTTP 429),"rate-limited or server error - not judged, will be retried"
1300113,"Georgiadis, Nico",chessgames,113638,https://www.chessgames.com/perl/chessplayer?pid=113638,unknown,rate limited (HTTP 429),"rate-limited or server error - not judged, will be retried"
1300113,"Georgiadis, Nico",x,el_nicolas96,https://x.com/el_nicolas96,alive,200,no action
2900017,"Georgiev, Kiril",chesscom,Kiril1965,https://www.chess.com/member/Kiril1965,alive,200,no action
2900017,"Georgiev, Kiril",chesscomPlayer,kiril-georgiev,https://www.chess.com/players/kiril-georgiev,alive,200,no action
2900017,"Georgiev, Kiril",chessgames,47071,https://www.chessgames.com/perl/chessplayer?pid=47071,unknown,rate limited (HTTP 429),"rate-limited or server error - not judged, will be retried"
2900017,"Georgiev, Kiril",lichess,K-Georgiev,https://lichess.org/@/K-Georgiev,unknown,ConnectionResetError,"rate-limited or server error - not judged, will be retried"
2900092,"Georgiev, Krum",chesscomPlayer,krum-georgiev,https://www.chess.com/players/krum-georgiev,alive,200,no action
2900092,"Georgiev, Krum",chessgames,15821,https://www.chessgames.com/perl/chessplayer?pid=15821,unknown,rate limited (HTTP 429),"rate-limited or server error - not judged, will be retried"
2903024,"Georgiev, Vladimir",chesscom,gmvladko,https://www.chess.com/member/gmvladko,alive,200,no action
2903024,"Georgiev, Vladimir",chesscomPlayer,vladimir-georgiev,https://www.chess.com/players/vladimir-georgiev,unknown,rate limited (HTTP 429),"rate-limited or server error - not judged, will be retried"
2903024,"Georgiev, Vladimir",chessgames,10947,https://www.chessgames.com/perl/chessplayer?pid=10947,unknown,rate limited (HTTP 429),"rate-limited or server error - not judged, will be retried"
2802430,"Gershon, Alik",chesscomPlayer,alik-gershon,https://www.chess.com/players/alik-gershon,alive,200,no action
2802430,"Gershon, Alik",chessgames,17845,https://www.chessgames.com/perl/chessplayer?pid=17845,unknown,rate limited (HTTP 429),"rate-limited or server error - not judged, will be retried"
12500739,"Ghaem Maghami, Ehsan",chesscom,Ehsan_GhaemMaghami,https://www.chess.com/member/Ehsan_GhaemMaghami,alive,200,no action
12500739,"Ghaem Maghami, Ehsan",chesscomPlayer,ehsan-ghaem-maghami,https://www.chess.com/players/ehsan-ghaem-maghami,unknown,rate limited (HTTP 429),"rate-limited or server error - not judged, will be retried"
12500739,"Ghaem Maghami, Ehsan",chessgames,49243,https://www.chessgames.com/perl/chessplayer?pid=49243,unknown,rate limited (HTTP 429),"rate-limited or server error - not judged, will be retried"
12500313,"Ghane, Shojaat",chesscomPlayer,shojaat-ghane,https://www.chess.com/players/shojaat-ghane,unknown,rate limited (HTTP 429),"rate-limited or server error - not judged, will be retried"
12500313,"Ghane, Shojaat",chessgames,52581,https://www.chessgames.com/perl/chessplayer?pid=52581,unknown,rate limited (HTTP 429),"rate-limited or server error - not judged, will be retried"
12500313,"Ghane, Shojaat",lichess,GHANE2020,https://lichess.org/@/GHANE2020,unknown,ConnectionResetError,"rate-limited or server error - not judged, will be retried"
13301527,"Gharamian, Tigran",chesscom,tigrangharamian,https://www.chess.com/member/tigrangharamian,alive,200,no action
13301527,"Gharamian, Tigran",chesscomPlayer,tigran-gharamian,https://www.chess.com/players/tigran-gharamian,unknown,rate limited (HTTP 429),"rate-limited or server error - not judged, will be retried"
13301527,"Gharamian, Tigran",chessgames,36023,https://www.chessgames.com/perl/chessplayer?pid=36023,unknown,rate limited (HTTP 429),"rate-limited or server error - not judged, will be retried"
13308300,"Gharibyan, Mamikon",chesscom,Gareth-Bale11,https://www.chess.com/member/Gareth-Bale11,alive,200,no action
13308300,"Gharibyan, Mamikon",chesscomPlayer,mamikon-gharibyan,https://www.chess.com/players/mamikon-gharibyan,alive,200,no action
13308300,"Gharibyan, Mamikon",chessgames,156030,https://www.chessgames.com/perl/chessplayer?pid=156030,unknown,rate limited (HTTP 429),"rate-limited or server error - not judged, will be retried"
409200,"Ghasi, Ameet K",chesscom,ameetghasi100,https://www.chess.com/member/ameetghasi100,alive,200,no action
409200,"Ghasi, Ameet K",chesscomPlayer,ameet-k-ghasi,https://www.chess.com/players/ameet-k-ghasi,unknown,rate limited (HTTP 429),"rate-limited or server error - not judged, will be retried"
409200,"Ghasi, Ameet K",chessgames,71825,https://www.chessgames.com/perl/chessplayer?pid=71825,unknown,rate limited (HTTP 429),"rate-limited or server error - not judged, will be retried"
30908604,"Ghazarian, Kirk",chesscomPlayer,kirk-ghazarian,https://www.chess.com/players/kirk-ghazarian,unknown,rate limited (HTTP 429),"rate-limited or server error - not judged, will be retried"
1200011,"Gheorghiu, Florin",chesscomPlayer,florin-gheorghiu,https://www.chess.com/players/florin-gheorghiu,unknown,rate limited (HTTP 429),"rate-limited or server error - not judged, will be retried"
1200011,"Gheorghiu, Florin",chessgames,23006,https://www.chessgames.com/perl/chessplayer?pid=23006,unknown,rate limited (HTTP 429),"rate-limited or server error - not judged, will be retried"
12558486,"Gholami Orimi, Mahdi",chesscomPlayer,mahdi-gholami-orimi,https://www.chess.com/players/mahdi-gholami-orimi,alive,200,no action
12513342,"Gholami, Aryan",chesscom,Aryangholami,https://www.chess.com/member/Aryangholami,alive,200,no action
12513342,"Gholami, Aryan",chesscomPlayer,aryan-gholami,https://www.chess.com/players/aryan-gholami,unknown,rate limited (HTTP 429),"rate-limited or server error - not judged, will be retried"
12513342,"Gholami, Aryan",chessgames,149925,https://www.chessgames.com/perl/chessplayer?pid=149925,unknown,rate limited (HTTP 429),"rate-limited or server error - not judged, will be retried"
5045207,"Ghosh, Diptayan",chesscom,Wizard456,https://www.chess.com/member/Wizard456,alive,200,no action
5045207,"Ghosh, Diptayan",chesscomPlayer,diptayan-ghosh,https://www.chess.com/players/diptayan-ghosh,unknown,rate limited (HTTP 429),"rate-limited or server error - not judged, will be retried"
5045207,"Ghosh, Diptayan",chessgames,117255,https://www.chessgames.com/perl/chessplayer?pid=117255,unknown,rate limited (HTTP 429),"rate-limited or server error - not judged, will be retried"
5045207,"Ghosh, Diptayan",lichess,MasterAssasin123,https://lichess.org/@/MasterAssasin123,unknown,ConnectionResetError,"rate-limited or server error - not judged, will be retried"
101613,"Giaccio, Alfredo",chesscomPlayer,alfredo-giaccio,https://www.chess.com/players/alfredo-giaccio,unknown,rate limited (HTTP 429),"rate-limited or server error - not judged, will be retried"
101613,"Giaccio, Alfredo",chessgames,16430,https://www.chessgames.com/perl/chessplayer?pid=16430,unknown,rate limited (HTTP 429),"rate-limited or server error - not judged, will be retried"
101613,"Giaccio, Alfredo",lichess,AGG2020,https://lichess.org/@/AGG2020,unknown,ConnectionResetError,"rate-limited or server error - not judged, will be retried"
32080190,"Gines Esteo, Pedro Antonio",chesscom,pedro_gines,https://www.chess.com/member/pedro_gines,alive,200,no action
32080190,"Gines Esteo, Pedro Antonio",chesscomPlayer,pedro-antonio-gines-esteo,https://www.chess.com/players/pedro-antonio-gines-esteo,alive,200,no action
32080190,"Gines Esteo, Pedro Antonio",chessgames,161845,https://www.chessgames.com/perl/chessplayer?pid=161845,unknown,rate limited (HTTP 429),"rate-limited or server error - not judged, will be retried"
4630629,"Ginsburg, Gennadi",chesscom,higescha,https://www.chess.com/member/higescha,alive,200,no action
4630629,"Ginsburg, Gennadi",chesscomPlayer,gennadi-ginsburg,https://www.chess.com/players/gennadi-ginsburg,unknown,rate limited (HTTP 429),"rate-limited or server error - not judged, will be retried"
4630629,"Ginsburg, Gennadi",chessgames,18230,https://www.chessgames.com/perl/chessplayer?pid=18230,unknown,rate limited (HTTP 429),"rate-limited or server error - not judged, will be retried"
13600044,"Giorgadze, Giorgi Gel",chesscom,GeorgeGiorgadze,https://www.chess.com/member/GeorgeGiorgadze,alive,200,no action
13600044,"Giorgadze, Giorgi Gel",chesscomPlayer,giorgi-giorgadze,https://www.chess.com/players/giorgi-giorgadze,unknown,rate limited (HTTP 429),"rate-limited or server error - not judged, will be retried"
13600044,"Giorgadze, Giorgi Gel",chessgames,14250,https://www.chessgames.com/perl/chessplayer?pid=14250,unknown,rate limited (HTTP 429),"rate-limited or server error - not judged, will be retried"
13600028,"Giorgadze, Tamaz",chesscomPlayer,tamaz-giorgadze,https://www.chess.com/players/tamaz-giorgadze,unknown,rate limited (HTTP 429),"rate-limited or server error - not judged, will be retried"
13600028,"Giorgadze, Tamaz",chessgames,15007,https://www.chessgames.com/perl/chessplayer?pid=15007,unknown,rate limited (HTTP 429),"rate-limited or server error - not judged, will be retried"
36033561,"Girel, Joseph",chesscomPlayer,joseph-girel,https://www.chess.com/players/joseph-girel,alive,200,no action
36033561,"Girel, Joseph",chessgames,169241,https://www.chessgames.com/perl/chessplayer?pid=169241,unknown,rate limited (HTTP 429),"rate-limited or server error - not judged, will be retried"
24116068,"Giri, Anish",chesscom,AnishGiri,https://www.chess.com/member/AnishGiri,alive,200,no action
24116068,"Giri, Anish",chesscomPlayer,anish-giri,https://www.chess.com/players/anish-giri,unknown,rate limited (HTTP 429),"rate-limited or server error - not judged, will be retried"
24116068,"Giri, Anish",chessgames,107252,https://www.chessgames.com/perl/chessplayer?pid=107252,unknown,rate limited (HTTP 429),"rate-limited or server error - not judged, will be retried"
24116068,"Giri, Anish",lichess,AnishGiri,https://lichess.org/@/AnishGiri,unknown,ConnectionResetError,"rate-limited or server error - not judged, will be retried"
24116068,"Giri, Anish",x,anishgiri,https://x.com/anishgiri,alive,200,no action
24116068,"Giri, Anish",website,https://www.anishgiri.eu,https://www.anishgiri.eu,alive,200,no action
24116068,"Giri, Anish",instagram,anishgiri94,,unchecked,login wall answers 200 for missing profiles,cannot be tested from a server - left in place
24116068,"Giri, Anish",youtube,UC9Zs0DGUuenE23tObR50jJQ,,unchecked,consent page answers 200 for missing channels,cannot be tested from a server - left in place
5038448,"Girish, A. Koushik",chesscom,giantslayer83,https://www.chess.com/member/giantslayer83,alive,200,no action
5038448,"Girish, A. Koushik",chesscomPlayer,a-koushik-girish,https://www.chess.com/players/a-koushik-girish,unknown,rate limited (HTTP 429),"rate-limited or server error - not judged, will be retried"
5038448,"Girish, A. Koushik",chessgames,117413,https://www.chessgames.com/perl/chessplayer?pid=117413,unknown,rate limited (HTTP 429),"rate-limited or server error - not judged, will be retried"
5038448,"Girish, A. Koushik",lichess,giantslayer83,https://lichess.org/@/giantslayer83,unknown,ConnectionResetError,"rate-limited or server error - not judged, will be retried"
4195752,"Girya, Olga",chesscom,Olga_Girya,https://www.chess.com/member/Olga_Girya,alive,200,no action
4195752,"Girya, Olga",chesscomPlayer,olga-girya,https://www.chess.com/players/olga-girya,unknown,rate limited (HTTP 429),"rate-limited or server error - not judged, will be retried"
4195752,"Girya, Olga",chessgames,105120,https://www.chessgames.com/perl/chessplayer?pid=105120,unknown,rate limited (HTTP 429),"rate-limited or server error - not judged, will be retried"
712779,"Gledura, Benjamin",chesscom,promen1999,https://www.chess.com/member/promen1999,alive,200,no action
712779,"Gledura, Benjamin",chesscomPlayer,benjamin-gledura,https://www.chess.com/players/benjamin-gledura,unknown,rate limited (HTTP 429),"rate-limited or server error - not judged, will be retried"
712779,"Gledura, Benjamin",chessgames,134705,https://www.chessgames.com/perl/chessplayer?pid=134705,unknown,rate limited (HTTP 429),"rate-limited or server error - not judged, will be retried"
712779,"Gledura, Benjamin",website,http://gledura.ewk.hu/,http://gledura.ewk.hu/,alive,200,no action
4101332,"Gleizerov, Evgeny",chesscomPlayer,evgeny-gleizerov,https://www.chess.com/players/evgeny-gleizerov,alive,200,no action
4101332,"Gleizerov, Evgeny",chessgames,19799,https://www.chessgames.com/perl/chessplayer?pid=19799,unknown,rate limited (HTTP 429),"rate-limited or server error - not judged, will be retried"
4100484,"Glek, Igor",chesscom,IgorGlek,https://www.chess.com/member/IgorGlek,alive,200,no action
4100484,"Glek, Igor",chesscomPlayer,igor-glek,https://www.chess.com/players/igor-glek,unknown,rate limited (HTTP 429),"rate-limited or server error - not judged, will be retried"
4100484,"Glek, Igor",chessgames,15140,https://www.chessgames.com/perl/chessplayer?pid=15140,unknown,rate limited (HTTP 429),"rate-limited or server error - not judged, will be retried"
4100484,"Glek, Igor",x,Igor_Glek,https://x.com/Igor_Glek,alive,200,no action
1407767,"Glud, Jakob Vang",chesscom,TeamGlud,https://www.chess.com/member/TeamGlud,alive,200,no action
1407767,"Glud, Jakob Vang",chesscomPlayer,jakob-vang-glud,https://www.chess.com/players/jakob-vang-glud,unknown,rate limited (HTTP 429),"rate-limited or server error - not judged, will be retried"
1407767,"Glud, Jakob Vang",chessgames,98392,https://www.chessgames.com/perl/chessplayer?pid=98392,unknown,rate limited (HTTP 429),"rate-limited or server error - not judged, will be retried"
800090,"Godena, Michele",chesscomPlayer,michele-godena,https://www.chess.com/players/michele-godena,unknown,rate limited (HTTP 429),"rate-limited or server error - not judged, will be retried"
800090,"Godena, Michele",chessgames,17040,https://www.chessgames.com/perl/chessplayer?pid=17040,unknown,rate limited (HTTP 429),"rate-limited or server error - not judged, will be retried"
24109959,"Goganov, Aleksey",chesscom,AlexVanGog,https://www.chess.com/member/AlexVanGog,alive,200,no action
24109959,"Goganov, Aleksey",chesscomPlayer,aleksey-goganov,https://www.chess.com/players/aleksey-goganov,alive,200,no action
24109959,"Goganov, Aleksey",chessgames,121884,https://www.chessgames.com/perl/chessplayer?pid=121884,unknown,rate limited (HTTP 429),"rate-limited or server error - not judged, will be retried"
5800706,"Goh, Wei Ming Kevin",chesscom,Kevin_Goh,https://www.chess.com/member/Kevin_Goh,alive,200,no action
5800706,"Goh, Wei Ming Kevin",chesscomPlayer,goh-wei-ming,https://www.chess.com/players/goh-wei-ming,unknown,rate limited (HTTP 429),"rate-limited or server error - not judged, will be retried"
5800706,"Goh, Wei Ming Kevin",chessgames,88683,https://www.chessgames.com/perl/chessplayer?pid=88683,unknown,rate limited (HTTP 429),"rate-limited or server error - not judged, will be retried"
6336760,"Gokerkan, Cem Kaan",chesscom,ckgchess,https://www.chess.com/member/ckgchess,alive,200,no action
6336760,"Gokerkan, Cem Kaan",chesscomPlayer,cem-kaan-gokerkan,https://www.chess.com/players/cem-kaan-gokerkan,unknown,rate limited (HTTP 429),"rate-limited or server error - not judged, will be retried"
6336760,"Gokerkan, Cem Kaan",chessgames,153411,https://www.chessgames.com/perl/chessplayer?pid=153411,unknown,rate limited (HTTP 429),"rate-limited or server error - not judged, will be retried"
2019540,"Goldin, Alexander",chesscom,astralpulse,https://www.chess.com/member/astralpulse,alive,200,no action
2019540,"Goldin, Alexander",chesscomPlayer,alexander-goldin,https://www.chess.com/players/alexander-goldin,unknown,rate limited (HTTP 429),"rate-limited or server error - not judged, will be retried"
2019540,"Goldin, Alexander",chessgames,46214,https://www.chessgames.com/perl/chessplayer?pid=46214,unknown,rate limited (HTTP 429),"rate-limited or server error - not judged, will be retried"
12505269,"Golizadeh, Asghar",chesscom,Grandmaster1369,https://www.chess.com/member/Grandmaster1369,alive,200,no action
12505269,"Golizadeh, Asghar",chesscomPlayer,asghar-golizadeh,https://www.chess.com/players/asghar-golizadeh,unknown,rate limited (HTTP 429),"rate-limited or server error - not judged, will be retried"
12505269,"Golizadeh, Asghar",chessgames,107186,https://www.chessgames.com/perl/chessplayer?pid=107186,unknown,rate limited (HTTP 429),"rate-limited or server error - not judged, will be retried"
2804140,"Golod, Vitali",chesscom,London_Chess_Club,https://www.chess.com/member/London_Chess_Club,dead,HTTP 404,removed from roster.csv - replace with the current handle if you find one
2804140,"Golod, Vitali",chesscomPlayer,vitali-golod,https://www.chess.com/players/vitali-golod,alive,200,no action
2804140,"Golod, Vitali",chessgames,28473,https://www.chessgames.com/perl/chessplayer?pid=28473,unknown,rate limited (HTTP 429),"rate-limited or server error - not judged, will be retried"
2804140,"Golod, Vitali",x,VitaliGolod,https://x.com/VitaliGolod,alive,200,no action
14103222,"Goloshchapov, Alexander",chesscom,Alex_Goloshchapov,https://www.chess.com/member/Alex_Goloshchapov,alive,200,no action
14103222,"Goloshchapov, Alexander",chesscomPlayer,alexander-goloshchapov,https://www.chess.com/players/alexander-goloshchapov,alive,200,no action
14103222,"Goloshchapov, Alexander",chessgames,49432,https://www.chessgames.com/perl/chessplayer?pid=49432,unknown,rate limited (HTTP 429),"rate-limited or server error - not judged, will be retried"
14103222,"Goloshchapov, Alexander",website,http://chess.coach/,http://chess.coach/,alive,200,no action
14100983,"Golubev, Mikhail",chesscom,Mikhail_Golubev,https://www.chess.com/member/Mikhail_Golubev,alive,200,no action
14100983,"Golubev, Mikhail",chesscomPlayer,mikhail-golubev,https://www.chess.com/players/mikhail-golubev,unknown,rate limited (HTTP 429),"rate-limited or server error - not judged, will be retried"
14100983,"Golubev, Mikhail",chessgames,14511,https://www.chessgames.com/perl/chessplayer?pid=14511,unknown,rate limited (HTTP 429),"rate-limited or server error - not judged, will be retried"
14100983,"Golubev, Mikhail",lichess,Mikhail_Golubev,https://lichess.org/@/Mikhail_Golubev,unknown,ConnectionResetError,"rate-limited or server error - not judged, will be retried"
14100983,"Golubev, Mikhail",x,mikhail_golubev,https://x.com/mikhail_golubev,alive,200,no action
14100983,"Golubev, Mikhail",website,http://mikhailgolubev.wordpress.com/,http://mikhailgolubev.wordpress.com/,alive,200,no action
14114224,"Golubka, Petro",chesscom,Rybka1989,https://www.chess.com/member/Rybka1989,alive,200,no action
14114224,"Golubka, Petro",chesscomPlayer,petro-golubka,https://www.chess.com/players/petro-golubka,unknown,rate limited (HTTP 429),"rate-limited or server error - not judged, will be retried"
14114224,"Golubka, Petro",chessgames,74426,https://www.chessgames.com/perl/chessplayer?pid=74426,unknown,rate limited (HTTP 429),"rate-limited or server error - not judged, will be retried"
2200163,"Gomez Esteban, Juan Mario",chesscomPlayer,juan-mario-gomez-esteban,https://www.chess.com/players/juan-mario-gomez-esteban,unknown,rate limited (HTTP 429),"rate-limited or server error - not judged, will be retried"
2200163,"Gomez Esteban, Juan Mario",chessgames,20889,https://www.chessgames.com/perl/chessplayer?pid=20889,unknown,rate limited (HTTP 429),"rate-limited or server error - not judged, will be retried"
3507904,"Gomez Garrido, Camilo Ernesto",chesscom,relaxx87,https://www.chess.com/member/relaxx87,alive,200,no action
3507904,"Gomez Garrido, Camilo Ernesto",chesscomPlayer,camilo-ernesto-gomez-garrido,https://www.chess.com/players/camilo-ernesto-gomez-garrido,alive,200,no action
3507904,"Gomez Garrido, Camilo Ernesto",chessgames,154941,https://www.chessgames.com/perl/chessplayer?pid=154941,unknown,rate limited (HTTP 429),"rate-limited or server error - not judged, will be retried"
5201381,"Gomez, John Paul",chesscom,jacobrafael,https://www.chess.com/member/jacobrafael,alive,200,no action
5201381,"Gomez, John Paul",chesscomPlayer,john-paul-gomez,https://www.chess.com/players/john-paul-gomez,unknown,rate limited (HTTP 429),"rate-limited or server error - not judged, will be retried"
5201381,"Gomez, John Paul",chessgames,56574,https://www.chessgames.com/perl/chessplayer?pid=56574,unknown,rate limited (HTTP 429),"rate-limited or server error - not judged, will be retried"
720852,"Gonda, Laszlo",chesscomPlayer,laszlo-gonda,https://www.chess.com/players/laszlo-gonda,unknown,rate limited (HTTP 429),"rate-limited or server error - not judged, will be retried"
720852,"Gonda, Laszlo",chessgames,54649,https://www.chessgames.com/perl/chessplayer?pid=54649,unknown,rate limited (HTTP 429),"rate-limited or server error - not judged, will be retried"
5201080,"Gonzales, Jayson",chesscom,Caissa12,https://www.chess.com/member/Caissa12,alive,200,no action
5201080,"Gonzales, Jayson",chesscomPlayer,jayson-gonzales,https://www.chess.com/players/jayson-gonzales,unknown,rate limited (HTTP 429),"rate-limited or server error - not judged, will be retried"
5201080,"Gonzales, Jayson",chessgames,10121,https://www.chessgames.com/perl/chessplayer?pid=10121,unknown,rate limited (HTTP 429),"rate-limited or server error - not judged, will be retried"
6500170,"Gonzalez Acosta, Bernal",chesscomPlayer,bernal-gonzalez-acosta,https://www.chess.com/players/bernal-gonzalez-acosta,alive,200,no action
6500170,"Gonzalez Acosta, Bernal",chessgames,49567,https://www.chessgames.com/perl/chessplayer?pid=49567,unknown,rate limited (HTTP 429),"rate-limited or server error - not judged, will be retried"
5101174,"Gonzalez Garcia, Jose",chesscom,GM_GonzalezGarcia,https://www.chess.com/member/GM_GonzalezGarcia,dead,HTTP 404,removed from roster.csv - replace with the current handle if you find one
5101174,"Gonzalez Garcia, Jose",chesscomPlayer,jose-gonzalez-garcia,https://www.chess.com/players/jose-gonzalez-garcia,unknown,rate limited (HTTP 429),"rate-limited or server error - not judged, will be retried"
5101174,"Gonzalez Garcia, Jose",chessgames,14394,https://www.chessgames.com/perl/chessplayer?pid=14394,unknown,rate limited (HTTP 429),"rate-limited or server error - not judged, will be retried"
5101174,"Gonzalez Garcia, Jose",lichess,AkibaGonzalez,https://lichess.org/@/AkibaGonzalez,unknown,ConnectionResetError,"rate-limited or server error - not judged, will be retried"
3507777,"Gonzalez Perez, Arian",chesscom,Ariancito1,https://www.chess.com/member/Ariancito1,alive,200,no action
3507777,"Gonzalez Perez, Arian",chesscomPlayer,arian-gonzalez-perez,https://www.chess.com/players/arian-gonzalez-perez,unknown,rate limited (HTTP 429),"rate-limited or server error - not judged, will be retried"
3507777,"Gonzalez Perez, Arian",chessgames,132201,https://www.chessgames.com/perl/chessplayer?pid=132201,unknown,rate limited (HTTP 429),"rate-limited or server error - not judged, will be retried"
3503321,"Gonzalez Vidal, Yuri",chesscomPlayer,yuri-gonzalez-vidal,https://www.chess.com/players/yuri-gonzalez-vidal,unknown,rate limited (HTTP 429),"rate-limited or server error - not judged, will be retried"
3503321,"Gonzalez Vidal, Yuri",chessgames,49100,https://www.chessgames.com/perl/chessplayer?pid=49100,unknown,rate limited (HTTP 429),"rate-limited or server error - not judged, will be retried"
3507548,"Gonzalez Zamora, Juan Carlos",chesscom,JuanCGlez,https://www.chess.com/member/JuanCGlez,alive,200,no action
3507548,"Gonzalez Zamora, Juan Carlos",chesscomPlayer,juan-carlos-gonzalez-zamora,https://www.chess.com/players/juan-carlos-gonzalez-zamora,alive,200,no action
3507548,"Gonzalez Zamora, Juan Carlos",chessgames,92332,https://www.chessgames.com/perl/chessplayer?pid=92332,unknown,rate limited (HTTP 429),"rate-limited or server error - not judged, will be retried"
3507548,"Gonzalez Zamora, Juan Carlos",lichess,JuanCGlez,https://lichess.org/@/JuanCGlez,unknown,ConnectionResetError,"rate-limited or server error - not judged, will be retried"
3501841,"Gonzalez, Renier",chesscom,GMRenierGonzalez,https://www.chess.com/member/GMRenierGonzalez,alive,200,no action
3501841,"Gonzalez, Renier",chesscomPlayer,renier-gonzalez,https://www.chess.com/players/renier-gonzalez,unknown,rate limited (HTTP 429),"rate-limited or server error - not judged, will be retried"
3501841,"Gonzalez, Renier",chessgames,85200,https://www.chessgames.com/perl/chessplayer?pid=85200,unknown,rate limited (HTTP 429),"rate-limited or server error - not judged, will be retried"
5015693,Gopal G.N.,chesscom,gopalgn64,https://www.chess.com/member/gopalgn64,alive,200,no action
5015693,Gopal G.N.,chesscomPlayer,geetha-narayanan-gopal,https://www.chess.com/players/geetha-narayanan-gopal,unknown,rate limited (HTTP 429),"rate-limited or server error - not judged, will be retried"
5015693,Gopal G.N.,chessgames,97896,https://www.chessgames.com/perl/chessplayer?pid=97896,unknown,rate limited (HTTP 429),"rate-limited or server error - not judged, will be retried"
24112798,"Gordievsky, Dmitry",chesscom,Gordima,https://www.chess.com/member/Gordima,alive,200,no action
24112798,"Gordievsky, Dmitry",chesscomPlayer,dmitry-gordievsky,https://www.chess.com/players/dmitry-gordievsky,alive,200,no action
24112798,"Gordievsky, Dmitry",chessgames,136518,https://www.chessgames.com/perl/chessplayer?pid=136518,unknown,rate limited (HTTP 429),"rate-limited or server error - not judged, will be retried"
24112798,"Gordievsky, Dmitry",lichess,Gordima,https://lichess.org/@/Gordima,alive,200,no action
24112798,"Gordievsky, Dmitry",x,Gordima96,https://x.com/Gordima96,dead,HTTP 404,removed from roster.csv - replace with the current handle if you find one
411477,"Gordon, Stephen J",chesscomPlayer,stephen-j-gordon,https://www.chess.com/players/stephen-j-gordon,unknown,rate limited (HTTP 429),"rate-limited or server error - not judged, will be retried"
411477,"Gordon, Stephen J",chessgames,43228,https://www.chessgames.com/perl/chessplayer?pid=43228,unknown,rate limited (HTTP 429),"rate-limited or server error - not judged, will be retried"
406465,"Gormally, Daniel W",chesscom,thegormacle,https://www.chess.com/member/thegormacle,alive,200,no action
406465,"Gormally, Daniel W",chesscomPlayer,daniel-w-gormally,https://www.chess.com/players/daniel-w-gormally,alive,200,no action
406465,"Gormally, Daniel W",chessgames,49003,https://www.chessgames.com/perl/chessplayer?pid=49003,unknown,rate limited (HTTP 429),"rate-limited or server error - not judged, will be retried"
13504037,"Gorovets, Andrey",chesscom,GMG,https://www.chess.com/member/GMG,alive,200,no action
13504037,"Gorovets, Andrey",chesscomPlayer,andrey-gorovets,https://www.chess.com/players/andrey-gorovets,unknown,rate limited (HTTP 429),"rate-limited or server error - not judged, will be retried"
13504037,"Gorovets, Andrey",chessgames,95973,https://www.chessgames.com/perl/chessplayer?pid=95973,unknown,rate limited (HTTP 429),"rate-limited or server error - not judged, will be retried"
4176847,"Gorovykh, Eduard",chesscomPlayer,eduard-gorovykh,https://www.chess.com/players/eduard-gorovykh,unknown,rate limited (HTTP 429),"rate-limited or server error - not judged, will be retried"
4176847,"Gorovykh, Eduard",chessgames,98937,https://www.chessgames.com/perl/chessplayer?pid=98937,unknown,rate limited (HTTP 429),"rate-limited or server error - not judged, will be retried"
2815532,"Gorshtein, Ido",chesscom,Guriempire,https://www.chess.com/member/Guriempire,alive,200,no action
2815532,"Gorshtein, Ido",chesscomPlayer,ido-gorshtein,https://www.chess.com/players/ido-gorshtein,unknown,rate limited (HTTP 429),"rate-limited or server error - not judged, will be retried"
2815532,"Gorshtein, Ido",chessgames,161589,https://www.chessgames.com/perl/chessplayer?pid=161589,unknown,rate limited (HTTP 429),"rate-limited or server error - not judged, will be retried"
4147103,"Goryachkina, Aleksandra",chesscom,Goryachkina,https://www.chess.com/member/Goryachkina,alive,200,no action
4147103,"Goryachkina, Aleksandra",chesscomPlayer,aleksandra-goryachkina,https://www.chess.com/players/aleksandra-goryachkina,unknown,rate limited (HTTP 429),"rate-limited or server error - not judged, will be retried"
4147103,"Goryachkina, Aleksandra",chessgames,121617,https://www.chessgames.com/perl/chessplayer?pid=121617,unknown,rate limited (HTTP 429),"rate-limited or server error - not judged, will be retried"
4147103,"Goryachkina, Aleksandra",instagram,skelarog,,unchecked,login wall answers 200 for missing profiles,cannot be tested from a server - left in place
616915,"Gozzoli, Yannick",chesscom,Noukii,https://www.chess.com/member/Noukii,alive,200,no action
616915,"Gozzoli, Yannick",chesscomPlayer,yannick-gozzoli,https://www.chess.com/players/yannick-gozzoli,alive,200,no action
616915,"Gozzoli, Yannick",chessgames,79914,https://www.chessgames.com/perl/chessplayer?pid=79914,unknown,rate limited (HTTP 429),"rate-limited or server error - not judged, will be retried"
1101684,"Grabarczyk, Miroslaw",chesscomPlayer,miroslaw-grabarczyk,https://www.chess.com/players/miroslaw-grabarczyk,unknown,rate limited (HTTP 429),"rate-limited or server error - not judged, will be retried"
1101684,"Grabarczyk, Miroslaw",chessgames,21952,https://www.chessgames.com/perl/chessplayer?pid=21952,unknown,rate limited (HTTP 429),"rate-limited or server error - not judged, will be retried"
4129199,"Grachev, Boris",chesscom,Guenplen,https://www.chess.com/member/Guenplen,alive,200,no action
4129199,"Grachev, Boris",chesscomPlayer,boris-grachev,https://www.chess.com/players/boris-grachev,unknown,rate limited (HTTP 429),"rate-limited or server error - not judged, will be retried"
4129199,"Grachev, Boris",chessgames,49734,https://www.chessgames.com/perl/chessplayer?pid=49734,unknown,rate limited (HTTP 429),"rate-limited or server error - not judged, will be retried"
4129199,"Grachev, Boris",lichess,NeverEnough,https://lichess.org/@/NeverEnough,alive,200,no action
4680804,"Graf, Alexander",chesscomPlayer,alexander-graf,https://www.chess.com/players/alexander-graf,unknown,rate limited (HTTP 429),"rate-limited or server error - not judged, will be retried"
4680804,"Graf, Alexander",chessgames,49248,https://www.chessgames.com/perl/chessplayer?pid=49248,unknown,rate limited (HTTP 429),"rate-limited or server error - not judged, will be retried"
3800024,"Granda Zuniga, Julio E",chesscomPlayer,julio-e-granda-zuniga,https://www.chess.com/players/julio-e-granda-zuniga,alive,200,no action
3800024,"Granda Zuniga, Julio E",chessgames,47009,https://www.chessgames.com/perl/chessplayer?pid=47009,unknown,rate limited (HTTP 429),"rate-limited or server error - not judged, will be retried"
3800024,"Granda Zuniga, Julio E",x,GMJulioGranda,https://x.com/GMJulioGranda,alive,200,no action
1710400,"Grandelius, Nils",chesscom,Grandelicious,https://www.chess.com/member/Grandelicious,alive,200,no action
1710400,"Grandelius, Nils",chesscomPlayer,nils-grandelius,https://www.chess.com/players/nils-grandelius,unknown,rate limited (HTTP 429),"rate-limited or server error - not judged, will be retried"
1710400,"Grandelius, Nils",chessgames,107935,https://www.chessgames.com/perl/chessplayer?pid=107935,unknown,rate limited (HTTP 429),"rate-limited or server error - not judged, will be retried"
1710400,"Grandelius, Nils",lichess,Grandelicious,https://lichess.org/@/Grandelicious,alive,200,no action
1710400,"Grandelius, Nils",x,GMGrandelius,https://x.com/GMGrandelius,alive,200,no action
1710400,"Grandelius, Nils",facebook,GMnils,,unchecked,returns HTTP 400 to all automated requests,cannot be tested from a server - left in place
34189030,"Grebnev, Aleksey",chesscomPlayer,aleksey-grebnev,https://www.chess.com/players/aleksey-grebnev,unknown,rate limited (HTTP 429),"rate-limited or server error - not judged, will be retried"
34189030,"Grebnev, Aleksey",chessgames,170990,https://www.chessgames.com/perl/chessplayer?pid=170990,unknown,rate limited (HTTP 429),"rate-limited or server error - not judged, will be retried"
2800039,"Greenfeld, Alon",chesscomPlayer,alon-greenfeld,https://www.chess.com/players/alon-greenfeld,unknown,rate limited (HTTP 429),"rate-limited or server error - not judged, will be retried"
2800039,"Greenfeld, Alon",chessgames,47065,https://www.chessgames.com/perl/chessplayer?pid=47065,unknown,rate limited (HTTP 429),"rate-limited or server error - not judged, will be retried"
2800039,"Greenfeld, Alon",facebook,alon.greenfeld.3,,unchecked,returns HTTP 400 to all automated requests,cannot be tested from a server - left in place
2300699,"Gretarsson, Helgi Ass",chesscom,DaggiGretarsson,https://www.chess.com/member/DaggiGretarsson,alive,200,no action
2300699,"Gretarsson, Helgi Ass",chesscomPlayer,helgi-ass-gretarsson,https://www.chess.com/players/helgi-ass-gretarsson,alive,200,no action
2300699,"Gretarsson, Helgi Ass",chessgames,11016,https://www.chessgames.com/perl/chessplayer?pid=11016,unknown,rate limited (HTTP 429),"rate-limited or server error - not judged, will be retried"
2302241,"Gretarsson, Hjorvar Steinn",chesscom,Bonuspater18,https://www.chess.com/member/Bonuspater18,alive,200,no action
2302241,"Gretarsson, Hjorvar Steinn",chesscomPlayer,hjorvar-steinn-gretarsson,https://www.chess.com/players/hjorvar-steinn-gretarsson,alive,200,no action
2302241,"Gretarsson, Hjorvar Steinn",chessgames,105320,https://www.chessgames.com/perl/chessplayer?pid=105320,unknown,rate limited (HTTP 429),"rate-limited or server error - not judged, will be retried"
426520,"Grieve, Harry",chesscom,Grieve72,https://www.chess.com/member/Grieve72,alive,200,no action
426520,"Grieve, Harry",chesscomPlayer,harry-grieve,https://www.chess.com/players/harry-grieve,unknown,rate limited (HTTP 429),"rate-limited or server error - not judged, will be retried"
426520,"Grieve, Harry",chessgames,153203,https://www.chessgames.com/perl/chessplayer?pid=153203,unknown,rate limited (HTTP 429),"rate-limited or server error - not judged, will be retried"
426520,"Grieve, Harry",lichess,HarryG7227,https://lichess.org/@/HarryG7227,dead,HTTP 404,removed from roster.csv - replace with the current handle if you find one
1200186,"Grigore, George-Gabriel",chesscom,GGG,https://www.chess.com/member/GGG,alive,200,no action
1200186,"Grigore, George-Gabriel",chesscomPlayer,george-gabriel-grigore,https://www.chess.com/players/george-gabriel-grigore,unknown,rate limited (HTTP 429),"rate-limited or server error - not judged, will be retried"
1200186,"Grigore, George-Gabriel",chessgames,42792,https://www.chessgames.com/perl/chessplayer?pid=42792,unknown,rate limited (HTTP 429),"rate-limited or server error - not judged, will be retried"
4130804,"Grigoriants, Sergey",chesscom,sergiochess83,https://www.chess.com/member/sergiochess83,alive,200,no action
4130804,"Grigoriants, Sergey",chesscomPlayer,sergey-grigoriants,https://www.chess.com/players/sergey-grigoriants,unknown,rate limited (HTTP 429),"rate-limited or server error - not judged, will be retried"
4130804,"Grigoriants, Sergey",chessgames,56698,https://www.chessgames.com/perl/chessplayer?pid=56698,unknown,rate limited (HTTP 429),"rate-limited or server error - not judged, will be retried"
2907313,"Grigorov, Grigor",chesscom,GrigorGrigorov,https://www.chess.com/member/GrigorGrigorov,alive,200,no action
2907313,"Grigorov, Grigor",chesscomPlayer,grigor-grigorov,https://www.chess.com/players/grigor-grigorov,alive,200,no action
2907313,"Grigorov, Grigor",chessgames,84164,https://www.chessgames.com/perl/chessplayer?pid=84164,unknown,rate limited (HTTP 429),"rate-limited or server error - not judged, will be retried"
2907313,"Grigorov, Grigor",lichess,GrigorGrigorov,https://lichess.org/@/GrigorGrigorov,alive,200,no action
13302191,"Grigoryan, Avetik",chesscom,Avetik_ChessMood,https://www.chess.com/member/Avetik_ChessMood,alive,200,no action
13302191,"Grigoryan, Avetik",chesscomPlayer,avetik-grigoryan,https://www.chess.com/players/avetik-grigoryan,unknown,rate limited (HTTP 429),"rate-limited or server error - not judged, will be retried"
13302191,"Grigoryan, Avetik",chessgames,95360,https://www.chessgames.com/perl/chessplayer?pid=95360,unknown,rate limited (HTTP 429),"rate-limited or server error - not judged, will be retried"
13302191,"Grigoryan, Avetik",lichess,Avetik_ChessMood,https://lichess.org/@/Avetik_ChessMood,unknown,rate limited (HTTP 429),"rate-limited or server error - not judged, will be retried"
13302191,"Grigoryan, Avetik",facebook,Avetik.Grigoryan,,unchecked,returns HTTP 400 to all automated requests,cannot be tested from a server - left in place
13301004,"Grigoryan, Karen H.",chesscom,K_GRIGORYAN,https://www.chess.com/member/K_GRIGORYAN,alive,200,no action
13301004,"Grigoryan, Karen H.",chesscomPlayer,karen-h-grigoryan,https://www.chess.com/players/karen-h-grigoryan,unknown,rate limited (HTTP 429),"rate-limited or server error - not judged, will be retried"
13301004,"Grigoryan, Karen H.",chessgames,129580,https://www.chessgames.com/perl/chessplayer?pid=129580,unknown,rate limited (HTTP 429),"rate-limited or server error - not judged, will be retried"
4126025,"Grischuk, Alexander",chesscom,Grischuk,https://www.chess.com/member/Grischuk,alive,200,no action
4126025,"Grischuk, Alexander",chesscomPlayer,alexander-grischuk,https://www.chess.com/players/alexander-grischuk,unknown,rate limited (HTTP 429),"rate-limited or server error - not judged, will be retried"
4126025,"Grischuk, Alexander",chessgames,17279,https://www.chessgames.com/perl/chessplayer?pid=17279,unknown,rate limited (HTTP 429),"rate-limited or server error - not judged, will be retried"
4126025,"Grischuk, Alexander",youtube,UChF2-oXlQEq_vNO3znlVRSQ,,unchecked,consent page answers 200 for missing channels,cannot be tested from a server - left in place
14102188,"Gritsak, Orest",chesscomPlayer,orest-gritsak,https://www.chess.com/players/orest-gritsak,alive,200,no action
14102188,"Gritsak, Orest",chessgames,25189,https://www.chessgames.com/perl/chessplayer?pid=25189,unknown,rate limited (HTTP 429),"rate-limited or server error - not judged, will be retried"
4200039,"Grivas, Efstratios",chesscom,E-Grivas,https://www.chess.com/member/E-Grivas,alive,200,no action
4200039,"Grivas, Efstratios",chesscomPlayer,efstratios-grivas,https://www.chess.com/players/efstratios-grivas,unknown,rate limited (HTTP 429),"rate-limited or server error - not judged, will be retried"
4200039,"Grivas, Efstratios",chessgames,18181,https://www.chessgames.com/perl/chessplayer?pid=18181,unknown,rate limited (HTTP 429),"rate-limited or server error - not judged, will be retried"
4200039,"Grivas, Efstratios",website,http://www.grivaschess.com,http://www.grivaschess.com,alive,200,no action
700053,"Groszpeter, Attila",chesscomPlayer,attila-groszpeter,https://www.chess.com/players/attila-groszpeter,unknown,rate limited (HTTP 429),"rate-limited or server error - not judged, will be retried"
700053,"Groszpeter, Attila",chessgames,14891,https://www.chessgames.com/perl/chessplayer?pid=14891,unknown,rate limited (HTTP 429),"rate-limited or server error - not judged, will be retried"
5021103,"Grover, Sahaj",chesscom,SahajGrover,https://www.chess.com/member/SahajGrover,alive,200,no action
5021103,"Grover, Sahaj",chesscomPlayer,sahaj-grover,https://www.chess.com/players/sahaj-grover,unknown,rate limited (HTTP 429),"rate-limited or server error - not judged, will be retried"
5021103,"Grover, Sahaj",chessgames,114421,https://www.chessgames.com/perl/chessplayer?pid=114421,unknown,rate limited (HTTP 429),"rate-limited or server error - not judged, will be retried"
2800020,"Gruenfeld, Yehuda",chesscomPlayer,yehuda-gruenfeld,https://www.chess.com/players/yehuda-gruenfeld,alive,200,no action
2800020,"Gruenfeld, Yehuda",chessgames,15011,https://www.chessgames.com/perl/chessplayer?pid=15011,unknown,rate limited (HTTP 429),"rate-limited or server error - not judged, will be retried"
3508129,"Guerra Mendez, Jose Angel",chesscomPlayer,jose-angel-guerra-mendez,https://www.chess.com/players/jose-angel-guerra-mendez,unknown,rate limited (HTTP 429),"rate-limited or server error - not judged, will be retried"
3508129,"Guerra Mendez, Jose Angel",chessgames,139355,https://www.chessgames.com/perl/chessplayer?pid=139355,unknown,rate limited (HTTP 429),"rate-limited or server error - not judged, will be retried"
611123,"Guidarelli, Laurent",chesscomPlayer,laurent-guidarelli,https://www.chess.com/players/laurent-guidarelli,unknown,rate limited (HTTP 429),"rate-limited or server error - not judged, will be retried"
611123,"Guidarelli, Laurent",chessgames,50620,https://www.chessgames.com/perl/chessplayer?pid=50620,unknown,rate limited (HTTP 429),"rate-limited or server error - not judged, will be retried"
46616543,Gukesh D,chesscom,GukeshDommaraju,https://www.chess.com/member/GukeshDommaraju,alive,200,no action
46616543,Gukesh D,chesscomPlayer,gukesh-d,https://www.chess.com/players/gukesh-d,unknown,rate limited (HTTP 429),"rate-limited or server error - not judged, will be retried"
46616543,Gukesh D,chessgames,158070,https://www.chessgames.com/perl/chessplayer?pid=158070,unknown,rate limited (HTTP 429),"rate-limited or server error - not judged, will be retried"
46616543,Gukesh D,lichess,guki1124,https://lichess.org/@/guki1124,alive,200,no action
46616543,Gukesh D,x,DGukesh,https://x.com/DGukesh,alive,200,no action
46616543,Gukesh D,facebook,gukeshchess,,unchecked,returns HTTP 400 to all automated requests,cannot be tested from a server - left in place
46616543,Gukesh D,instagram,gukesh.official,,unchecked,login wall answers 200 for missing profiles,cannot be tested from a server - left in place
13400231,"Guliev, Sarhan",chesscomPlayer,sarhan-guliev,https://www.chess.com/players/sarhan-guliev,unknown,rate limited (HTTP 429),"rate-limited or server error - not judged, will be retried"
13400231,"Guliev, Sarhan",chessgames,17310,https://www.chessgames.com/perl/chessplayer?pid=17310,unknown,rate limited (HTTP 429),"rate-limited or server error - not judged, will be retried"
13400363,"Guliyev, Namig",chesscom,titan013,https://www.chess.com/member/titan013,alive,200,no action
13400363,"Guliyev, Namig",chesscomPlayer,namig-guliyev,https://www.chess.com/players/namig-guliyev,alive,200,no action
13400363,"Guliyev, Namig",chessgames,65797,https://www.chessgames.com/perl/chessplayer?pid=65797,unknown,rate limited (HTTP 429),"rate-limited or server error - not judged, will be retried"
13400363,"Guliyev, Namig",lichess,titan00013,https://lichess.org/@/titan00013,alive,200,no action
2000040,"Gulko, Boris",chesscom,Gulko-NJ,https://www.chess.com/member/Gulko-NJ,alive,200,no action
2000040,"Gulko, Boris",chesscomPlayer,boris-gulko,https://www.chess.com/players/boris-gulko,unknown,rate limited (HTTP 429),"rate-limited or server error - not judged, will be retried"
2000040,"Gulko, Boris",chessgames,12141,https://www.chessgames.com/perl/chessplayer?pid=12141,unknown,rate limited (HTTP 429),"rate-limited or server error - not judged, will be retried"
1188062,"Gumularz, Szymon",chesscom,SGchess01,https://www.chess.com/member/SGchess01,alive,200,no action
1188062,"Gumularz, Szymon",chesscomPlayer,szymon-gumularz,https://www.chess.com/players/szymon-gumularz,unknown,rate limited (HTTP 429),"rate-limited or server error - not judged, will be retried"
1188062,"Gumularz, Szymon",chessgames,142110,https://www.chessgames.com/perl/chessplayer?pid=142110,unknown,rate limited (HTTP 429),"rate-limited or server error - not judged, will be retried"
4901045,"Gundavaa, Bayarsaikhan",chesscom,Gundavaa89,https://www.chess.com/member/Gundavaa89,alive,200,no action
4901045,"Gundavaa, Bayarsaikhan",chesscomPlayer,bayarsaikhan-gundavaa,https://www.chess.com/players/bayarsaikhan-gundavaa,unknown,rate limited (HTTP 429),"rate-limited or server error - not judged, will be retried"
4901045,"Gundavaa, Bayarsaikhan",chessgames,122065,https://www.chessgames.com/perl/chessplayer?pid=122065,unknown,rate limited (HTTP 429),"rate-limited or server error - not judged, will be retried"
4167570,"Gunina, Valentina",chesscom,Vanina1989,https://www.chess.com/member/Vanina1989,alive,200,no action
4167570,"Gunina, Valentina",chesscomPlayer,valentina-gunina,https://www.chess.com/players/valentina-gunina,alive,200,no action
4167570,"Gunina, Valentina",chessgames,54882,https://www.chessgames.com/perl/chessplayer?pid=54882,unknown,rate limited (HTTP 429),"rate-limited or server error - not judged, will be retried"
30903114,"Guo, Arthur",chesscom,ArthurGuo,https://www.chess.com/member/ArthurGuo,alive,200,no action
30903114,"Guo, Arthur",chesscomPlayer,arthur-guo,https://www.chess.com/players/arthur-guo,unknown,rate limited (HTTP 429),"rate-limited or server error - not judged, will be retried"
5010608,"Gupta, Abhijeet",chesscom,abhijeetgupta,https://www.chess.com/member/abhijeetgupta,alive,200,no action
5010608,"Gupta, Abhijeet",chesscomPlayer,abhijeet-gupta,https://www.chess.com/players/abhijeet-gupta,unknown,rate limited (HTTP 429),"rate-limited or server error - not judged, will be retried"
5010608,"Gupta, Abhijeet",chessgames,84020,https://www.chessgames.com/perl/chessplayer?pid=84020,unknown,rate limited (HTTP 429),"rate-limited or server error - not judged, will be retried"
5010608,"Gupta, Abhijeet",x,iam_abhijeet,https://x.com/iam_abhijeet,alive,200,no action
44507356,"Gurel, Ediz",chesscomPlayer,ediz-gurel,https://www.chess.com/players/ediz-gurel,unknown,rate limited (HTTP 429),"rate-limited or server error - not judged, will be retried"
44507356,"Gurel, Ediz",chessgames,156562,https://www.chessgames.com/perl/chessplayer?pid=156562,unknown,rate limited (HTTP 429),"rate-limited or server error - not judged, will be retried"
2000407,"Gurevich, Dmitry",chesscom,Zq1,https://www.chess.com/member/Zq1,alive,200,no action
2000407,"Gurevich, Dmitry",chesscomPlayer,dmitry-gurevich,https://www.chess.com/players/dmitry-gurevich,alive,200,no action
2000407,"Gurevich, Dmitry",chessgames,19294,https://www.chessgames.com/perl/chessplayer?pid=19294,unknown,rate limited (HTTP 429),"rate-limited or server error - not judged, will be retried"
2000628,"Gurevich, Ilya",chesscomPlayer,ilya-gurevich,https://www.chess.com/players/ilya-gurevich,unknown,rate limited (HTTP 429),"rate-limited or server error - not judged, will be retried"
2000628,"Gurevich, Ilya",chessgames,28216,https://www.chessgames.com/perl/chessplayer?pid=28216,unknown,rate limited (HTTP 429),"rate-limited or server error - not judged, will be retried"
200930,"Gurevich, Mikhail",chesscom,GurevichMikhail,https://www.chess.com/member/GurevichMikhail,alive,200,no action
200930,"Gurevich, Mikhail",chesscomPlayer,mikhail-gurevich,https://www.chess.com/players/mikhail-gurevich,unknown,rate limited (HTTP 429),"rate-limited or server error - not judged, will be retried"
200930,"Gurevich, Mikhail",chessgames,13915,https://www.chessgames.com/perl/chessplayer?pid=13915,unknown,rate limited (HTTP 429),"rate-limited or server error - not judged, will be retried"
14100207,"Gurevich, Vladimir",chesscomPlayer,vladimir-gurevich,https://www.chess.com/players/vladimir-gurevich,unknown,rate limited (HTTP 429),"rate-limited or server error - not judged, will be retried"
14100207,"Gurevich, Vladimir",chessgames,65416,https://www.chessgames.com/perl/chessplayer?pid=65416,unknown,rate limited (HTTP 429),"rate-limited or server error - not judged, will be retried"
13401378,"Guseinov, Gadir",chesscom,GGuseinov,https://www.chess.com/member/GGuseinov,alive,200,no action
13401378,"Guseinov, Gadir",chesscomPlayer,gadir-guseinov,https://www.chess.com/players/gadir-guseinov,alive,200,no action
13401378,"Guseinov, Gadir",chessgames,49493,https://www.chessgames.com/perl/chessplayer?pid=49493,unknown,rate limited (HTTP 429),"rate-limited or server error - not judged, will be retried"
4625498,"Gustafsson, Jan",chesscom,FrankieYale,https://www.chess.com/member/FrankieYale,alive,200,no action
4625498,"Gustafsson, Jan",chesscomPlayer,jan-gustafsson,https://www.chess.com/players/jan-gustafsson,unknown,rate limited (HTTP 429),"rate-limited or server error - not judged, will be retried"
4625498,"Gustafsson, Jan",chessgames,49811,https://www.chessgames.com/perl/chessplayer?pid=49811,unknown,rate limited (HTTP 429),"rate-limited or server error - not judged, will be retried"
4625498,"Gustafsson, Jan",lichess,JanistanTV,https://lichess.org/@/JanistanTV,alive,200,no action
4625498,"Gustafsson, Jan",x,GMJanGustafsson,https://x.com/GMJanGustafsson,alive,200,no action
4625498,"Gustafsson, Jan",website,http://www.jan-gustafsson.de/,http://www.jan-gustafsson.de/,alive,200,no action
4625498,"Gustafsson, Jan",instagram,gmjangustafsson,,unchecked,login wall answers 200 for missing profiles,cannot be tested from a server - left in place
4625498,"Gustafsson, Jan",youtube,UC-zvicLXfZMta6FlacELRXw,,unchecked,consent page answers 200 for missing channels,cannot be tested from a server - left in place
4625498,"Gustafsson, Jan",twitch,JanistanTV,,unchecked,app shell answers 200 for missing channels,cannot be tested from a server - left in place
14102277,"Gutman, Gennadi",chesscom,Gen-Gutman,https://www.chess.com/member/Gen-Gutman,alive,200,no action
14102277,"Gutman, Gennadi",chesscomPlayer,gennadi-gutman,https://www.chess.com/players/gennadi-gutman,unknown,rate limited (HTTP 429),"rate-limited or server error - not judged, will be retried"
14102277,"Gutman, Gennadi",chessgames,10827,https://www.chessgames.com/perl/chessplayer?pid=10827,unknown,rate limited (HTTP 429),"rate-limited or server error - not judged, will be retried"
4600177,"Gutman, Lev",chesscom,LevGutman,https://www.chess.com/member/LevGutman,alive,200,no action
4600177,"Gutman, Lev",chesscomPlayer,lev-gutman,https://www.chess.com/players/lev-gutman,unknown,rate limited (HTTP 429),"rate-limited or server error - not judged, will be retried"
4600177,"Gutman, Lev",chessgames,14496,https://www.chessgames.com/perl/chessplayer?pid=14496,unknown,rate limited (HTTP 429),"rate-limited or server error - not judged, will be retried"
4600177,"Gutman, Lev",lichess,LevGutman,https://lichess.org/@/LevGutman,alive,200,no action
4130480,"Gutov, Andrey",chesscom,GutovAndrey,https://www.chess.com/member/GutovAndrey,alive,200,no action
4130480,"Gutov, Andrey",chesscomPlayer,andrey-gutov,https://www.chess.com/players/andrey-gutov,unknown,rate limited (HTTP 429),"rate-limited or server error - not judged, will be retried"
4130480,"Gutov, Andrey",chessgames,102903,https://www.chessgames.com/perl/chessplayer?pid=102903,unknown,rate limited (HTTP 429),"rate-limited or server error - not judged, will be retried"
4130480,"Gutov, Andrey",lichess,GutovAndrey,https://lichess.org/@/GutovAndrey,alive,200,no action
702218,"Gyimesi, Zoltan",chesscomPlayer,zoltan-gyimesi,https://www.chess.com/players/zoltan-gyimesi,alive,200,no action
702218,"Gyimesi, Zoltan",chessgames,38768,https://www.chessgames.com/perl/chessplayer?pid=38768,unknown,rate limited (HTTP 429),"rate-limited or server error - not judged, will be retried"
300160,"Haba, Petr",chesscomPlayer,petr-haba,https://www.chess.com/players/petr-haba,unknown,rate limited (HTTP 429),"rate-limited or server error - not judged, will be retried"
300160,"Haba, Petr",chessgames,19619,https://www.chessgames.com/perl/chessplayer?pid=19619,unknown,rate limited (HTTP 429),"rate-limited or server error - not judged, will be retried"
7900660,"Haddouche, Mohamed",chesscom,Algeriano22,https://www.chess.com/member/Algeriano22,alive,200,no action
7900660,"Haddouche, Mohamed",chesscomPlayer,mohamed-haddouche,https://www.chess.com/players/mohamed-haddouche,unknown,rate limited (HTTP 429),"rate-limited or server error - not judged, will be retried"
7900660,"Haddouche, Mohamed",chessgames,56550,https://www.chessgames.com/perl/chessplayer?pid=56550,unknown,rate limited (HTTP 429),"rate-limited or server error - not judged, will be retried"
13306677,"Hakobyan, Aram",chesscomPlayer,aram-hakobyan,https://www.chess.com/players/aram-hakobyan,unknown,rate limited (HTTP 429),"rate-limited or server error - not judged, will be retried"
13306677,"Hakobyan, Aram",chessgames,149264,https://www.chessgames.com/perl/chessplayer?pid=149264,unknown,rate limited (HTTP 429),"rate-limited or server error - not judged, will be retried"
4201809,"Halkias, Stelios",chesscom,Nikolakis2014,https://www.chess.com/member/Nikolakis2014,alive,200,no action
4201809,"Halkias, Stelios",chesscomPlayer,stelios-halkias,https://www.chess.com/players/stelios-halkias,alive,200,no action
4201809,"Halkias, Stelios",chessgames,49439,https://www.chessgames.com/perl/chessplayer?pid=49439,unknown,rate limited (HTTP 429),"rate-limited or server error - not judged, will be retried"
2606577,"Hambleton, Aman",chesscom,KNVB,https://www.chess.com/member/KNVB,alive,200,no action
2606577,"Hambleton, Aman",chesscomPlayer,aman-hambleton,https://www.chess.com/players/aman-hambleton,unknown,rate limited (HTTP 429),"rate-limited or server error - not judged, will be retried"
2606577,"Hambleton, Aman",chessgames,111255,https://www.chessgames.com/perl/chessplayer?pid=111255,unknown,rate limited (HTTP 429),"rate-limited or server error - not judged, will be retried"
2606577,"Hambleton, Aman",x,amanhambleton,https://x.com/amanhambleton,alive,200,no action
2606577,"Hambleton, Aman",instagram,amanhambleton,,unchecked,login wall answers 200 for missing profiles,cannot be tested from a server - left in place
9000011,"Hamdouchi, Hicham",chesscom,Ichamo,https://www.chess.com/member/Ichamo,alive,200,no action
9000011,"Hamdouchi, Hicham",chesscomPlayer,hichem-hamdouchi,https://www.chess.com/players/hichem-hamdouchi,unknown,rate limited (HTTP 429),"rate-limited or server error - not judged, will be retried"
9000011,"Hamdouchi, Hicham",chessgames,14200,https://www.chessgames.com/perl/chessplayer?pid=14200,unknown,rate limited (HTTP 429),"rate-limited or server error - not judged, will be retried"
13902393,"Hamitevici, Vladimir",chesscom,Hamisandwich,https://www.chess.com/member/Hamisandwich,alive,200,no action
13902393,"Hamitevici, Vladimir",chesscomPlayer,vladimir-hamitevici,https://www.chess.com/players/vladimir-hamitevici,unknown,rate limited (HTTP 429),"rate-limited or server error - not judged, will be retried"
13902393,"Hamitevici, Vladimir",chessgames,127238,https://www.chessgames.com/perl/chessplayer?pid=127238,unknown,rate limited (HTTP 429),"rate-limited or server error - not judged, will be retried"
13902393,"Hamitevici, Vladimir",lichess,Hamisandwich,https://lichess.org/@/Hamisandwich,alive,200,no action
1503707,"Hammer, Jon Ludvig",chesscom,gmjlh,https://www.chess.com/member/gmjlh,alive,200,no action
1503707,"Hammer, Jon Ludvig",chesscomPlayer,jon-ludvig-hammer,https://www.chess.com/players/jon-ludvig-hammer,alive,200,no action
1503707,"Hammer, Jon Ludvig",chessgames,58321,https://www.chessgames.com/perl/chessplayer?pid=58321,unknown,rate limited (HTTP 429),"rate-limited or server error - not judged, will be retried"
1503707,"Hammer, Jon Ludvig",x,gmjlh,https://x.com/gmjlh,alive,200,no action
1503707,"Hammer, Jon Ludvig",facebook,gmjlh,,unchecked,returns HTTP 400 to all automated requests,cannot be tested from a server - left in place
1503707,"Hammer, Jon Ludvig",instagram,gmjlh,,unchecked,login wall answers 200 for missing profiles,cannot be tested from a server - left in place
1503707,"Hammer, Jon Ludvig",twitch,gmjlh,,unchecked,app shell answers 200 for missing channels,cannot be tested from a server - left in place
4634527,"Handke, Florian, Dr.",chesscom,FlorianHandke,https://www.chess.com/member/FlorianHandke,alive,200,no action
4634527,"Handke, Florian, Dr.",chesscomPlayer,dr-florian-handke,https://www.chess.com/players/dr-florian-handke,alive,200,no action
4634527,"Handke, Florian, Dr.",chessgames,50535,https://www.chessgames.com/perl/chessplayer?pid=50535,unknown,rate limited (HTTP 429),"rate-limited or server error - not judged, will be retried"
1400010,"Hansen, Curt",chesscomPlayer,curt-hansen,https://www.chess.com/players/curt-hansen,unknown,rate limited (HTTP 429),"rate-limited or server error - not judged, will be retried"
1400010,"Hansen, Curt",chessgames,29852,https://www.chessgames.com/perl/chessplayer?pid=29852,unknown,rate limited (HTTP 429),"rate-limited or server error - not judged, will be retried"
2606771,"Hansen, Eric",chesscom,erichansen,https://www.chess.com/member/erichansen,alive,200,no action
2606771,"Hansen, Eric",chesscomPlayer,eric-hansen,https://www.chess.com/players/eric-hansen,unknown,rate limited (HTTP 429),"rate-limited or server error - not judged, will be retried"
2606771,"Hansen, Eric",chessgames,104768,https://www.chessgames.com/perl/chessplayer?pid=104768,unknown,rate limited (HTTP 429),"rate-limited or server error - not judged, will be retried"
2606771,"Hansen, Eric",x,hansenchess,https://x.com/hansenchess,alive,200,no action
2606771,"Hansen, Eric",website,http://www.hansenchess.com,http://www.hansenchess.com,dead,domain does not resolve,removed from roster.csv - replace with the current handle if you find one
2606771,"Hansen, Eric",instagram,eric.hansen,,unchecked,login wall answers 200 for missing profiles,cannot be tested from a server - left in place
1400037,"Hansen, Lars Bo",chesscom,GMDrH,https://www.chess.com/member/GMDrH,alive,200,no action
1400037,"Hansen, Lars Bo",chesscomPlayer,lars-bo-hansen,https://www.chess.com/players/lars-bo-hansen,unknown,rate limited (HTTP 429),"rate-limited or server error - not judged, will be retried"
1400037,"Hansen, Lars Bo",chessgames,12036,https://www.chessgames.com/perl/chessplayer?pid=12036,unknown,rate limited (HTTP 429),"rate-limited or server error - not judged, will be retried"
1400037,"Hansen, Lars Bo",x,GMLars,https://x.com/GMLars,alive,200,no action
1400266,"Hansen, Sune Berg",chesscom,GMTalks_Youtube,https://www.chess.com/member/GMTalks_Youtube,alive,200,no action
1400266,"Hansen, Sune Berg",chesscomPlayer,sune-berg-hansen,https://www.chess.com/players/sune-berg-hansen,alive,200,no action
1400266,"Hansen, Sune Berg",chessgames,12038,https://www.chessgames.com/perl/chessplayer?pid=12038,unknown,rate limited (HTTP 429),"rate-limited or server error - not judged, will be retried"
1400266,"Hansen, Sune Berg",x,SuneBergHansen,https://x.com/SuneBergHansen,alive,200,no action
1501720,"Hansen, Torbjorn Ringdal",chesscom,vincentmasuka,https://www.chess.com/member/vincentmasuka,alive,200,no action
1501720,"Hansen, Torbjorn Ringdal",chesscomPlayer,torbjorn-ringdal-hansen,https://www.chess.com/players/torbjorn-ringdal-hansen,unknown,rate limited (HTTP 429),"rate-limited or server error - not judged, will be retried"
1501720,"Hansen, Torbjorn Ringdal",chessgames,66042,https://www.chessgames.com/perl/chessplayer?pid=66042,unknown,rate limited (HTTP 429),"rate-limited or server error - not judged, will be retried"
2801485,"Har-Zvi, Ronen",chesscom,OldweakGM,https://www.chess.com/member/OldweakGM,alive,200,no action
2801485,"Har-Zvi, Ronen",chesscomPlayer,ronen-har-zvi,https://www.chess.com/players/ronen-har-zvi,unknown,rate limited (HTTP 429),"rate-limited or server error - not judged, will be retried"
2801485,"Har-Zvi, Ronen",chessgames,37618,https://www.chessgames.com/perl/chessplayer?pid=37618,unknown,rate limited (HTTP 429),"rate-limited or server error - not judged, will be retried"
30941849,"Hardaway, Brewington",chesscomPlayer,brewington-hardaway,https://www.chess.com/players/brewington-hardaway,unknown,rate limited (HTTP 429),"rate-limited or server error - not judged, will be retried"
415820,"Haria, Ravi",chesscom,Mesutgm,https://www.chess.com/member/Mesutgm,alive,200,no action
415820,"Haria, Ravi",chesscomPlayer,ravi-haria,https://www.chess.com/players/ravi-haria,unknown,rate limited (HTTP 429),"rate-limited or server error - not judged, will be retried"
415820,"Haria, Ravi",chessgames,125022,https://www.chessgames.com/perl/chessplayer?pid=125022,unknown,rate limited (HTTP 429),"rate-limited or server error - not judged, will be retried"
5007003,"Harikrishna, Pentala",chesscom,GMharikrishna,https://www.chess.com/member/GMharikrishna,alive,200,no action
5007003,"Harikrishna, Pentala",chesscomPlayer,pentala-harikrishna,https://www.chess.com/players/pentala-harikrishna,unknown,rate limited (HTTP 429),"rate-limited or server error - not judged, will be retried"
5007003,"Harikrishna, Pentala",chessgames,49246,https://www.chessgames.com/perl/chessplayer?pid=49246,unknown,rate limited (HTTP 429),"rate-limited or server error - not judged, will be retried"
5007003,"Harikrishna, Pentala",lichess,Harikrishnapentala,https://lichess.org/@/Harikrishnapentala,alive,200,no action
5007003,"Harikrishna, Pentala",x,HariChess,https://x.com/HariChess,alive,200,no action
5007003,"Harikrishna, Pentala",facebook,gmharichess,,unchecked,returns HTTP 400 to all automated requests,cannot be tested from a server - left in place
5081483,Harikrishnan.A.Ra,chesscomPlayer,a-ra-harikrishnan,https://www.chess.com/players/a-ra-harikrishnan,unknown,rate limited (HTTP 429),"rate-limited or server error - not judged, will be retried"
5081483,Harikrishnan.A.Ra,chessgames,155269,https://www.chessgames.com/perl/chessplayer?pid=155269,unknown,rate limited (HTTP 429),"rate-limited or server error - not judged, will be retried"
14933080,"Haring, Filip",chesscom,LuckSlayeer,https://www.chess.com/member/LuckSlayeer,alive,200,no action
14933080,"Haring, Filip",chesscomPlayer,filip-haring,https://www.chess.com/players/filip-haring,alive,200,no action
14933080,"Haring, Filip",chessgames,157995,https://www.chessgames.com/perl/chessplayer?pid=157995,unknown,rate limited (HTTP 429),"rate-limited or server error - not judged, will be retried"
5078776,Harsha Bharathakoti,chesscom,Harsha_Bharathakoti,https://www.chess.com/member/Harsha_Bharathakoti,alive,200,no action
5078776,Harsha Bharathakoti,chesscomPlayer,harsha-bharathakoti,https://www.chess.com/players/harsha-bharathakoti,unknown,rate limited (HTTP 429),"rate-limited or server error - not judged, will be retried"
5078776,Harsha Bharathakoti,chessgames,143300,https://www.chessgames.com/perl/chessplayer?pid=143300,unknown,rate limited (HTTP 429),"rate-limited or server error - not judged, will be retried"
5078776,Harsha Bharathakoti,lichess,Harsha_bharathakoti,https://lichess.org/@/Harsha_bharathakoti,alive,200,no action
5078776,Harsha Bharathakoti,x,Harsha_Chess,https://x.com/Harsha_Chess,alive,200,no action
25059009,Harshavardhan G B,chesscom,Legendinunknown,https://www.chess.com/member/Legendinunknown,alive,200,no action
25059009,Harshavardhan G B,chesscomPlayer,harshavardhan-g-b,https://www.chess.com/players/harshavardhan-g-b,unknown,rate limited (HTTP 429),"rate-limited or server error - not judged, will be retried"
25059009,Harshavardhan G B,chessgames,160802,https://www.chessgames.com/perl/chessplayer?pid=160802,unknown,rate limited (HTTP 429),"rate-limited or server error - not judged, will be retried"
13300873,"Harutjunyan, Gevorg",chesscom,Dyadya81,https://www.chess.com/member/Dyadya81,alive,200,no action
13300873,"Harutjunyan, Gevorg",chesscomPlayer,gevorg-harutjunyan,https://www.chess.com/players/gevorg-harutjunyan,alive,200,no action
13300873,"Harutjunyan, Gevorg",chessgames,91950,https://www.chessgames.com/perl/chessplayer?pid=91950,unknown,rate limited (HTTP 429),"rate-limited or server error - not judged, will be retried"
13300873,"Harutjunyan, Gevorg",lichess,Gevorg_Harutjunyan,https://lichess.org/@/Gevorg_Harutjunyan,alive,200,no action
13300873,"Harutjunyan, Gevorg",youtube,UCdJwyFwwHdfBz7R4uF-HNSA,,unchecked,consent page answers 200 for missing channels,cannot be tested from a server - left in place
13303635,"Harutyunyan, Tigran K.",chesscom,HarutyunianTigranK,https://www.chess.com/member/HarutyunianTigranK,alive,200,no action
13303635,"Harutyunyan, Tigran K.",chesscomPlayer,tigran-k-harutyunian,https://www.chess.com/players/tigran-k-harutyunian,unknown,rate limited (HTTP 429),"rate-limited or server error - not judged, will be retried"
13303635,"Harutyunyan, Tigran K.",chessgames,113369,https://www.chessgames.com/perl/chessplayer?pid=113369,unknown,rate limited (HTTP 429),"rate-limited or server error - not judged, will be retried"
4122160,"Hasangatin, Ramil",chesscom,Hasangatin_Ramil,https://www.chess.com/member/Hasangatin_Ramil,alive,200,no action
4122160,"Hasangatin, Ramil",chesscomPlayer,ramil-hasangatin,https://www.chess.com/players/ramil-hasangatin,unknown,rate limited (HTTP 429),"rate-limited or server error - not judged, will be retried"
4122160,"Hasangatin, Ramil",chessgames,49072,https://www.chessgames.com/perl/chessplayer?pid=49072,unknown,rate limited (HTTP 429),"rate-limited or server error - not judged, will be retried"
4122160,"Hasangatin, Ramil",facebook,ramil.hasangatin,,unchecked,returns HTTP 400 to all automated requests,cannot be tested from a server - left in place
405248,"Haslinger, Stewart G",chesscomPlayer,stewart-g-haslinger,https://www.chess.com/players/stewart-g-haslinger,unknown,rate limited (HTTP 429),"rate-limited or server error - not judged, will be retried"
405248,"Haslinger, Stewart G",chessgames,64154,https://www.chessgames.com/perl/chessplayer?pid=64154,unknown,rate limited (HTTP 429),"rate-limited or server error - not judged, will be retried"
4610776,"Haub, Thorsten Michael",chesscom,DJ_Haubi,https://www.chess.com/member/DJ_Haubi,alive,200,no action
4610776,"Haub, Thorsten Michael",chesscomPlayer,thorsten-michael-haub,https://www.chess.com/players/thorsten-michael-haub,alive,200,no action
4610776,"Haub, Thorsten Michael",chessgames,63710,https://www.chessgames.com/perl/chessplayer?pid=63710,unknown,rate limited (HTTP 429),"rate-limited or server error - not judged, will be retried"
4610776,"Haub, Thorsten Michael",lichess,DJ_Haubi,https://lichess.org/@/DJ_Haubi,alive,200,no action
600113,"Hauchard, Arnaud",chesscomPlayer,arnaud-hauchard,https://www.chess.com/players/arnaud-hauchard,unknown,rate limited (HTTP 429),"rate-limited or server error - not judged, will be retried"
600113,"Hauchard, Arnaud",chessgames,27572,https://www.chessgames.com/perl/chessplayer?pid=27572,unknown,rate limited (HTTP 429),"rate-limited or server error - not judged, will be retried"
1509276,"Hauge, Lars Oskar",chesscom,larso,https://www.chess.com/member/larso,alive,200,no action
1509276,"Hauge, Lars Oskar",chesscomPlayer,lars-oskar-hauge,https://www.chess.com/players/lars-oskar-hauge,unknown,rate limited (HTTP 429),"rate-limited or server error - not judged, will be retried"
1509276,"Hauge, Lars Oskar",chessgames,128433,https://www.chessgames.com/perl/chessplayer?pid=128433,unknown,rate limited (HTTP 429),"rate-limited or server error - not judged, will be retried"
4617495,"Hausrath, Daniel",chesscomPlayer,daniel-hausrath,https://www.chess.com/players/daniel-hausrath,unknown,rate limited (HTTP 429),"rate-limited or server error - not judged, will be retried"
4617495,"Hausrath, Daniel",chessgames,10769,https://www.chessgames.com/perl/chessplayer?pid=10769,unknown,rate limited (HTTP 429),"rate-limited or server error - not judged, will be retried"
4617495,"Hausrath, Daniel",lichess,DanielHausrath1,https://lichess.org/@/DanielHausrath1,alive,200,no action
412686,"Hawkins, Jonathan",chesscom,SumoHawk,https://www.chess.com/member/SumoHawk,alive,200,no action
412686,"Hawkins, Jonathan",chesscomPlayer,jonathan-hawkins,https://www.chess.com/players/jonathan-hawkins,alive,200,no action
412686,"Hawkins, Jonathan",chessgames,115439,https://www.chessgames.com/perl/chessplayer?pid=115439,unknown,rate limited (HTTP 429),"rate-limited or server error - not judged, will be retried"
13302639,"Hayrapetyan, Hovik",chesscom,Hovik_Hayrapetyan,https://www.chess.com/member/Hovik_Hayrapetyan,alive,200,no action
13302639,"Hayrapetyan, Hovik",chesscomPlayer,hovik-hayrapetyan,https://www.chess.com/players/hovik-hayrapetyan,unknown,rate limited (HTTP 429),"rate-limited or server error - not judged, will be retried"
13302639,"Hayrapetyan, Hovik",chessgames,96054,https://www.chessgames.com/perl/chessplayer?pid=96054,unknown,rate limited (HTTP 429),"rate-limited or server error - not judged, will be retried"
13302639,"Hayrapetyan, Hovik",lichess,Hovik7,https://lichess.org/@/Hovik7,alive,200,no action
6300634,"Haznedaroglu, Kivanc",chesscom,Chessialist,https://www.chess.com/member/Chessialist,alive,200,no action
6300634,"Haznedaroglu, Kivanc",chesscomPlayer,kivanc-haznedaroglu,https://www.chess.com/players/kivanc-haznedaroglu,unknown,rate limited (HTTP 429),"rate-limited or server error - not judged, will be retried"
6300634,"Haznedaroglu, Kivanc",chessgames,49464,https://www.chessgames.com/perl/chessplayer?pid=49464,unknown,rate limited (HTTP 429),"rate-limited or server error - not judged, will be retried"
400084,"Hebden, Mark L",chesscom,mhebden,https://www.chess.com/member/mhebden,alive,200,no action
400084,"Hebden, Mark L",chesscomPlayer,mark-l-hebden,https://www.chess.com/players/mark-l-hebden,unknown,rate limited (HTTP 429),"rate-limited or server error - not judged, will be retried"
400084,"Hebden, Mark L",chessgames,13751,https://www.chessgames.com/perl/chessplayer?pid=13751,unknown,rate limited (HTTP 429),"rate-limited or server error - not judged, will be retried"
1115120,"Heberla, Bartlomiej",chesscomPlayer,bartlomiej-heberla,https://www.chess.com/players/bartlomiej-heberla,alive,200,no action
1115120,"Heberla, Bartlomiej",chessgames,56567,https://www.chessgames.com/perl/chessplayer?pid=56567,unknown,rate limited (HTTP 429),"rate-limited or server error - not judged, will be retried"
4600320,"Hecht, Hans-Joachim",chesscomPlayer,hans-joachim-hecht,https://www.chess.com/players/hans-joachim-hecht,alive,200,no action
4600320,"Hecht, Hans-Joachim",chessgames,71226,https://www.chessgames.com/perl/chessplayer?pid=71226,unknown,rate limited (HTTP 429),"rate-limited or server error - not judged, will be retried"
1700090,"Hector, Jonny",chesscomPlayer,jonny-hector,https://www.chess.com/players/jonny-hector,unknown,rate limited (HTTP 429),"rate-limited or server error - not judged, will be retried"
1700090,"Hector, Jonny",chessgames,16293,https://www.chessgames.com/perl/chessplayer?pid=16293,unknown,rate limited (HTTP 429),"rate-limited or server error - not judged, will be retried"
24624632,"Heimann, Andreas",chesscom,chessfreak35,https://www.chess.com/member/chessfreak35,alive,200,no action
24624632,"Heimann, Andreas",chesscomPlayer,andreas-heimann,https://www.chess.com/players/andreas-heimann,unknown,rate limited (HTTP 429),"rate-limited or server error - not judged, will be retried"
24624632,"Heimann, Andreas",chessgames,107280,https://www.chessgames.com/perl/chessplayer?pid=107280,unknown,rate limited (HTTP 429),"rate-limited or server error - not judged, will be retried"
2028441,"Heimann, Mark",chesscomPlayer,mark-a-heimann,https://www.chess.com/players/mark-a-heimann,unknown,rate limited (HTTP 429),"rate-limited or server error - not judged, will be retried"
2028441,"Heimann, Mark",chessgames,131619,https://www.chessgames.com/perl/chessplayer?pid=131619,unknown,rate limited (HTTP 429),"rate-limited or server error - not judged, will be retried"
4601556,"Heinemann, Thies",chesscomPlayer,thies-heinemann,https://www.chess.com/players/thies-heinemann,alive,200,no action
4601556,"Heinemann, Thies",chessgames,29114,https://www.chessgames.com/perl/chessplayer?pid=29114,unknown,rate limited (HTTP 429),"rate-limited or server error - not judged, will be retried"
1700022,"Hellers, Ferdinand",chesscom,GMHellers,https://www.chess.com/member/GMHellers,alive,200,no action
1700022,"Hellers, Ferdinand",chesscomPlayer,ferdinand-hellers,https://www.chess.com/players/ferdinand-hellers,unknown,rate limited (HTTP 429),"rate-limited or server error - not judged, will be retried"
1700022,"Hellers, Ferdinand",chessgames,14316,https://www.chessgames.com/perl/chessplayer?pid=14316,unknown,rate limited (HTTP 429),"rate-limited or server error - not judged, will be retried"
1702092,"Hellsten, Johan",chesscom,jhellsten,https://www.chess.com/member/jhellsten,alive,200,no action
1702092,"Hellsten, Johan",chesscomPlayer,johan-hellsten,https://www.chess.com/players/johan-hellsten,unknown,rate limited (HTTP 429),"rate-limited or server error - not judged, will be retried"
1702092,"Hellsten, Johan",chessgames,16786,https://www.chessgames.com/perl/chessplayer?pid=16786,unknown,rate limited (HTTP 429),"rate-limited or server error - not judged, will be retried"
32096585,"Henderson de La Fuente, Lance",chesscom,731291,https://www.chess.com/member/731291,dead,HTTP 404,removed from roster.csv - replace with the current handle if you find one
32096585,"Henderson de La Fuente, Lance",chesscomPlayer,lance-henderson-de-la-fuente,https://www.chess.com/players/lance-henderson-de-la-fuente,unknown,rate limited (HTTP 429),"rate-limited or server error - not judged, will be retried"
32096585,"Henderson de La Fuente, Lance",chessgames,152305,https://www.chessgames.com/perl/chessplayer?pid=152305,unknown,rate limited (HTTP 429),"rate-limited or server error - not judged, will be retried"
2000318,"Henley, Ron",chesscom,RonWHenley,https://www.chess.com/member/RonWHenley,alive,200,no action
2000318,"Henley, Ron",chesscomPlayer,ron-henley,https://www.chess.com/players/ron-henley,unknown,rate limited (HTTP 429),"rate-limited or server error - not judged, will be retried"
2000318,"Henley, Ron",chessgames,42510,https://www.chessgames.com/perl/chessplayer?pid=42510,unknown,rate limited (HTTP 429),"rate-limited or server error - not judged, will be retried"
3409350,"Henriquez Villagra, Cristobal",chesscom,ViIIagra,https://www.chess.com/member/ViIIagra,dead,HTTP 404,removed from roster.csv - replace with the current handle if you find one
3409350,"Henriquez Villagra, Cristobal",chesscomPlayer,cristobal-henriquez-villagra,https://www.chess.com/players/cristobal-henriquez-villagra,alive,200,no action
3409350,"Henriquez Villagra, Cristobal",chessgames,139886,https://www.chessgames.com/perl/chessplayer?pid=139886,unknown,rate limited (HTTP 429),"rate-limited or server error - not judged, will be retried"
3409350,"Henriquez Villagra, Cristobal",lichess,Djeser,https://lichess.org/@/Djeser,alive,200,no action
716855,"Hera, Imre Jr.",chesscom,Firehand33,https://www.chess.com/member/Firehand33,alive,200,no action
716855,"Hera, Imre Jr.",chesscomPlayer,imre-jr-hera,https://www.chess.com/players/imre-jr-hera,unknown,rate limited (HTTP 429),"rate-limited or server error - not judged, will be retried"
716855,"Hera, Imre Jr.",chessgames,64471,https://www.chessgames.com/perl/chessplayer?pid=64471,unknown,rate limited (HTTP 429),"rate-limited or server error - not judged, will be retried"
3504387,"Hernandez Carmenate, Holden",chesscom,HoldenHc,https://www.chess.com/member/HoldenHc,alive,200,no action
3504387,"Hernandez Carmenate, Holden",chesscomPlayer,holden-hernandez-carmenate,https://www.chess.com/players/holden-hernandez-carmenate,unknown,rate limited (HTTP 429),"rate-limited or server error - not judged, will be retried"
3504387,"Hernandez Carmenate, Holden",chessgames,84337,https://www.chessgames.com/perl/chessplayer?pid=84337,unknown,rate limited (HTTP 429),"rate-limited or server error - not judged, will be retried"
5100011,"Hernandez Guerrero, Gilberto",chesscom,Potosino1970,https://www.chess.com/member/Potosino1970,alive,200,no action
5100011,"Hernandez Guerrero, Gilberto",chesscomPlayer,gilberto-hernandez-guerrero,https://www.chess.com/players/gilberto-hernandez-guerrero,unknown,rate limited (HTTP 429),"rate-limited or server error - not judged, will be retried"
5100011,"Hernandez Guerrero, Gilberto",chessgames,27712,https://www.chessgames.com/perl/chessplayer?pid=27712,unknown,rate limited (HTTP 429),"rate-limited or server error - not judged, will be retried"
5100011,"Hernandez Guerrero, Gilberto",lichess,GILBERTOHDEZ,https://lichess.org/@/GILBERTOHDEZ,alive,200,no action
5100011,"Hernandez Guerrero, Gilberto",x,gm_gilberto,https://x.com/gm_gilberto,alive,200,no action
2205009,"Herraiz Hidalgo, Herminio",chesscomPlayer,herminio-herraiz-hidalgo,https://www.chess.com/players/herminio-herraiz-hidalgo,alive,200,no action
2205009,"Herraiz Hidalgo, Herminio",chessgames,79432,https://www.chessgames.com/perl/chessplayer?pid=79432,unknown,rate limited (HTTP 429),"rate-limited or server error - not judged, will be retried"
3500373,"Herrera, Irisberto",chesscomPlayer,irisberto-herrera,https://www.chess.com/players/irisberto-herrera,unknown,rate limited (HTTP 429),"rate-limited or server error - not judged, will be retried"
3500373,"Herrera, Irisberto",chessgames,39728,https://www.chessgames.com/perl/chessplayer?pid=39728,unknown,rate limited (HTTP 429),"rate-limited or server error - not judged, will be retried"
4600088,"Hertneck, Gerald",chesscom,ghertneck,https://www.chess.com/member/ghertneck,alive,200,no action
4600088,"Hertneck, Gerald",chesscomPlayer,gerald-hertneck,https://www.chess.com/players/gerald-hertneck,unknown,rate limited (HTTP 429),"rate-limited or server error - not judged, will be retried"
4600088,"Hertneck, Gerald",chessgames,19051,https://www.chessgames.com/perl/chessplayer?pid=19051,unknown,rate limited (HTTP 429),"rate-limited or server error - not judged, will be retried"
10600183,"Hesham, Abdelrahman",chesscom,Hesham-A,https://www.chess.com/member/Hesham-A,alive,200,no action
10600183,"Hesham, Abdelrahman",chesscomPlayer,abdelrahman-hesham,https://www.chess.com/players/abdelrahman-hesham,unknown,rate limited (HTTP 429),"rate-limited or server error - not judged, will be retried"
10600183,"Hesham, Abdelrahman",chessgames,134853,https://www.chessgames.com/perl/chessplayer?pid=134853,unknown,rate limited (HTTP 429),"rate-limited or server error - not judged, will be retried"
2022036,"Hess, Robert",chesscom,GMHess,https://www.chess.com/member/GMHess,alive,200,no action
2022036,"Hess, Robert",chesscomPlayer,robert-hess,https://www.chess.com/players/robert-hess,alive,200,no action
2022036,"Hess, Robert",chessgames,57258,https://www.chessgames.com/perl/chessplayer?pid=57258,unknown,rate limited (HTTP 429),"rate-limited or server error - not judged, will be retried"
2022036,"Hess, Robert",x,GM_Hess,https://x.com/GM_Hess,alive,200,no action
3508811,"Hevia Alejano, Carlos Antonio",chesscom,chessasuke,https://www.chess.com/member/chessasuke,alive,200,no action
3508811,"Hevia Alejano, Carlos Antonio",chesscomPlayer,carlos-antonio-hevia-alejano,https://www.chess.com/players/carlos-antonio-hevia-alejano,unknown,rate limited (HTTP 429),"rate-limited or server error - not judged, will be retried"
3508811,"Hevia Alejano, Carlos Antonio",chessgames,133277,https://www.chessgames.com/perl/chessplayer?pid=133277,unknown,rate limited (HTTP 429),"rate-limited or server error - not judged, will be retried"
4600118,"Hickl, Joerg",chesscomPlayer,joerg-hickl,https://www.chess.com/players/joerg-hickl,unknown,rate limited (HTTP 429),"rate-limited or server error - not judged, will be retried"
4600118,"Hickl, Joerg",chessgames,14468,https://www.chessgames.com/perl/chessplayer?pid=14468,unknown,rate limited (HTTP 429),"rate-limited or server error - not judged, will be retried"
1700812,"Hillarp Persson, Tiger",chesscom,FelizTigriz,https://www.chess.com/member/FelizTigriz,alive,200,no action
1700812,"Hillarp Persson, Tiger",chesscomPlayer,tiger-hillarp-persson,https://www.chess.com/players/tiger-hillarp-persson,unknown,rate limited (HTTP 429),"rate-limited or server error - not judged, will be retried"
1700812,"Hillarp Persson, Tiger",chessgames,49448,https://www.chessgames.com/perl/chessplayer?pid=49448,unknown,rate limited (HTTP 429),"rate-limited or server error - not judged, will be retried"
1700812,"Hillarp Persson, Tiger",x,Tigerkatten,https://x.com/Tigerkatten,alive,200,no action
5007836,"Himanshu, Sharma",chesscom,DANCINGHEAVEN16,https://www.chess.com/member/DANCINGHEAVEN16,alive,200,no action
5007836,"Himanshu, Sharma",chesscomPlayer,himanshu-sharma,https://www.chess.com/players/himanshu-sharma,alive,200,no action
5007836,"Himanshu, Sharma",chessgames,97889,https://www.chessgames.com/perl/chessplayer?pid=97889,unknown,rate limited (HTTP 429),"rate-limited or server error - not judged, will be retried"
2300044,"Hjartarson, Johann",chesscom,eldur16,https://www.chess.com/member/eldur16,alive,200,no action
2300044,"Hjartarson, Johann",chesscomPlayer,johann-hjartarson,https://www.chess.com/players/johann-hjartarson,unknown,rate limited (HTTP 429),"rate-limited or server error - not judged, will be retried"
2300044,"Hjartarson, Johann",chessgames,14011,https://www.chessgames.com/perl/chessplayer?pid=14011,unknown,rate limited (HTTP 429),"rate-limited or server error - not judged, will be retried"
12400149,"Hoang, Thanh Trang",chesscom,HoangPeony,https://www.chess.com/member/HoangPeony,alive,200,no action
12400149,"Hoang, Thanh Trang",chesscomPlayer,hoang-thanh-trang,https://www.chess.com/players/hoang-thanh-trang,unknown,rate limited (HTTP 429),"rate-limited or server error - not judged, will be retried"
12400149,"Hoang, Thanh Trang",chessgames,86885,https://www.chessgames.com/perl/chessplayer?pid=86885,unknown,rate limited (HTTP 429),"rate-limited or server error - not judged, will be retried"
400076,"Hodgson, Julian M",chesscom,Attackgm,https://www.chess.com/member/Attackgm,alive,200,no action
400076,"Hodgson, Julian M",chessgames,11751,https://www.chessgames.com/perl/chessplayer?pid=11751,unknown,rate limited (HTTP 429),"rate-limited or server error - not judged, will be retried"
100340,"Hoffman, Alejandro",chesscom,HoffmanA26,https://www.chess.com/member/HoffmanA26,alive,200,no action
100340,"Hoffman, Alejandro",chesscomPlayer,alejandro-hoffman,https://www.chess.com/players/alejandro-hoffman,unknown,rate limited (HTTP 429),"rate-limited or server error - not judged, will be retried"
100340,"Hoffman, Alejandro",chessgames,16469,https://www.chessgames.com/perl/chessplayer?pid=16469,unknown,rate limited (HTTP 429),"rate-limited or server error - not judged, will be retried"
4601297,"Hoffmann, Michael",chesscom,Micheliavelli,https://www.chess.com/member/Micheliavelli,alive,200,no action
4601297,"Hoffmann, Michael",chesscomPlayer,michael-hoffmann,https://www.chess.com/players/michael-hoffmann,alive,200,no action
4601297,"Hoffmann, Michael",chessgames,19745,https://www.chessgames.com/perl/chessplayer?pid=19745,unknown,rate limited (HTTP 429),"rate-limited or server error - not judged, will be retried"
4601297,"Hoffmann, Michael",lichess,Donnerhall,https://lichess.org/@/Donnerhall,alive,200,no action
1400100,"Hoi, Carsten",chesscomPlayer,carsten-hoi,https://www.chess.com/players/carsten-hoi,unknown,rate limited (HTTP 429),"rate-limited or server error - not judged, will be retried"
1400100,"Hoi, Carsten",chessgames,16289,https://www.chessgames.com/perl/chessplayer?pid=16289,unknown,rate limited (HTTP 429),"rate-limited or server error - not judged, will be retried"
1508083,"Holm, Kristian Stuvik",chesscom,INbetweenMOVE,https://www.chess.com/member/INbetweenMOVE,alive,200,no action
1508083,"Holm, Kristian Stuvik",chesscomPlayer,kristian-stuvik-holm,https://www.chess.com/players/kristian-stuvik-holm,alive,200,no action
1508083,"Holm, Kristian Stuvik",chessgames,129021,https://www.chessgames.com/perl/chessplayer?pid=129021,unknown,rate limited (HTTP 429),"rate-limited or server error - not judged, will be retried"
2034387,"Holt, Conrad",chesscom,dretch,https://www.chess.com/member/dretch,alive,200,no action
2034387,"Holt, Conrad",chesscomPlayer,conrad-holt,https://www.chess.com/players/conrad-holt,unknown,rate limited (HTTP 429),"rate-limited or server error - not judged, will be retried"
2034387,"Holt, Conrad",chessgames,115618,https://www.chessgames.com/perl/chessplayer?pid=115618,unknown,rate limited (HTTP 429),"rate-limited or server error - not judged, will be retried"
4600428,"Holzke, Frank",chesscomPlayer,frank-holzke,https://www.chess.com/players/frank-holzke,unknown,rate limited (HTTP 429),"rate-limited or server error - not judged, will be retried"
4600428,"Holzke, Frank",chessgames,11631,https://www.chessgames.com/perl/chessplayer?pid=11631,unknown,rate limited (HTTP 429),"rate-limited or server error - not judged, will be retried"
2099438,"Hong, Andrew",chesscom,SpeedofLight0,https://www.chess.com/member/SpeedofLight0,alive,200,no action
2099438,"Hong, Andrew",chesscomPlayer,andrew-z-hong,https://www.chess.com/players/andrew-z-hong,unknown,rate limited (HTTP 429),"rate-limited or server error - not judged, will be retried"
2099438,"Hong, Andrew",chessgames,153523,https://www.chessgames.com/perl/chessplayer?pid=153523,unknown,rate limited (HTTP 429),"rate-limited or server error - not judged, will be retried"
4600029,"Hort, Vlastimil",chesscomPlayer,vlastimil-hort,https://www.chess.com/players/vlastimil-hort,alive,200,no action
4600029,"Hort, Vlastimil",chessgames,11743,https://www.chessgames.com/perl/chessplayer?pid=11743,unknown,rate limited (HTTP 429),"rate-limited or server error - not judged, will be retried"
708003,"Horvath, Adam",chesscomPlayer,adam-horvath,https://www.chess.com/players/adam-horvath,unknown,rate limited (HTTP 429),"rate-limited or server error - not judged, will be retried"
708003,"Horvath, Adam",chessgames,71484,https://www.chessgames.com/perl/chessplayer?pid=71484,unknown,rate limited (HTTP 429),"rate-limited or server error - not judged, will be retried"
700118,"Horvath, Csaba",chesscomPlayer,csaba-horvath,https://www.chess.com/players/csaba-horvath,unknown,rate limited (HTTP 429),"rate-limited or server error - not judged, will be retried"
700118,"Horvath, Csaba",chessgames,10764,https://www.chessgames.com/perl/chessplayer?pid=10764,unknown,rate limited (HTTP 429),"rate-limited or server error - not judged, will be retried"
1642561,"Horvath, Dominik",chesscom,DoHoChess,https://www.chess.com/member/DoHoChess,alive,200,no action
1642561,"Horvath, Dominik",chesscomPlayer,dominik-horvath,https://www.chess.com/players/dominik-horvath,unknown,rate limited (HTTP 429),"rate-limited or server error - not judged, will be retried"
700061,"Horvath, Jozsef",chesscom,oldfish64,https://www.chess.com/member/oldfish64,alive,200,no action
700061,"Horvath, Jozsef",chesscomPlayer,jozsef-horvath,https://www.chess.com/players/jozsef-horvath,alive,200,no action
700061,"Horvath, Jozsef",chessgames,14091,https://www.chessgames.com/perl/chessplayer?pid=14091,unknown,rate limited (HTTP 429),"rate-limited or server error - not judged, will be retried"
700843,"Horvath, Peter",chesscomPlayer,peter-horvath,https://www.chess.com/players/peter-horvath,unknown,rate limited (HTTP 429),"rate-limited or server error - not judged, will be retried"
700843,"Horvath, Peter",chessgames,65231,https://www.chessgames.com/perl/chessplayer?pid=65231,unknown,rate limited (HTTP 429),"rate-limited or server error - not judged, will be retried"
10200649,"Hossain, Enamul",chesscom,RZ0,https://www.chess.com/member/RZ0,alive,200,no action
10200649,"Hossain, Enamul",chesscomPlayer,enamul-hossain,https://www.chess.com/players/enamul-hossain,unknown,rate limited (HTTP 429),"rate-limited or server error - not judged, will be retried"
10200649,"Hossain, Enamul",chessgames,53015,https://www.chessgames.com/perl/chessplayer?pid=53015,unknown,rate limited (HTTP 429),"rate-limited or server error - not judged, will be retried"
8602980,"Hou, Yifan",chesscom,yifan0227,https://www.chess.com/member/yifan0227,alive,200,no action
8602980,"Hou, Yifan",chesscomPlayer,hou-yifan,https://www.chess.com/players/hou-yifan,unknown,rate limited (HTTP 429),"rate-limited or server error - not judged, will be retried"
8602980,"Hou, Yifan",chessgames,95916,https://www.chessgames.com/perl/chessplayer?pid=95916,unknown,rate limited (HTTP 429),"rate-limited or server error - not judged, will be retried"
8602980,"Hou, Yifan",x,yifantradimo,https://x.com/yifantradimo,alive,200,no action
13300865,"Hovhannisyan, Mher",chesscomPlayer,mher-hovhanisian,https://www.chess.com/players/mher-hovhanisian,alive,200,no action
13300865,"Hovhannisyan, Mher",chessgames,98875,https://www.chessgames.com/perl/chessplayer?pid=98875,unknown,rate limited (HTTP 429),"rate-limited or server error - not judged, will be retried"
13302507,"Hovhannisyan, Robert",chesscom,Robert_Chessmood,https://www.chess.com/member/Robert_Chessmood,alive,200,no action
13302507,"Hovhannisyan, Robert",chesscomPlayer,robert-hovhannisyan,https://www.chess.com/players/robert-hovhannisyan,unknown,rate limited (HTTP 429),"rate-limited or server error - not judged, will be retried"
13302507,"Hovhannisyan, Robert",chessgames,91952,https://www.chessgames.com/perl/chessplayer?pid=91952,unknown,rate limited (HTTP 429),"rate-limited or server error - not judged, will be retried"
410608,"Howell, David W L",chesscom,howitzer14,https://www.chess.com/member/howitzer14,alive,200,no action
410608,"Howell, David W L",chesscomPlayer,david-howell,https://www.chess.com/players/david-howell,unknown,rate limited (HTTP 429),"rate-limited or server error - not judged, will be retried"
410608,"Howell, David W L",chessgames,54691,https://www.chessgames.com/perl/chessplayer?pid=54691,unknown,rate limited (HTTP 429),"rate-limited or server error - not judged, will be retried"
410608,"Howell, David W L",x,DavidHowellGM,https://x.com/DavidHowellGM,alive,200,no action
410608,"Howell, David W L",website,https://www.davidhowellchess.net,https://www.davidhowellchess.net,dead,domain does not resolve,removed from roster.csv - replace with the current handle if you find one
410608,"Howell, David W L",instagram,davidhowellchess,,unchecked,login wall answers 200 for missing profiles,cannot be tested from a server - left in place
400297,"Howell, James C",chesscomPlayer,james-c-howell,https://www.chess.com/players/james-c-howell,unknown,rate limited (HTTP 429),"rate-limited or server error - not judged, will be retried"
400297,"Howell, James C",chessgames,19312,https://www.chessgames.com/perl/chessplayer?pid=19312,unknown,rate limited (HTTP 429),"rate-limited or server error - not judged, will be retried"
300071,"Hracek, Zbynek",chesscomPlayer,zbynek-hracek,https://www.chess.com/players/zbynek-hracek,unknown,rate limited (HTTP 429),"rate-limited or server error - not judged, will be retried"
300071,"Hracek, Zbynek",chessgames,14000,https://www.chessgames.com/perl/chessplayer?pid=14000,unknown,rate limited (HTTP 429),"rate-limited or server error - not judged, will be retried"
2268795,"Huerga Leache, Mikel",chesscom,tightpok,https://www.chess.com/member/tightpok,alive,200,no action
2268795,"Huerga Leache, Mikel",chesscomPlayer,mikel-huerga-leache,https://www.chess.com/players/mikel-huerga-leache,alive,200,no action
2268795,"Huerga Leache, Mikel",chessgames,95982,https://www.chessgames.com/perl/chessplayer?pid=95982,unknown,rate limited (HTTP 429),"rate-limited or server error - not judged, will be retried"
2021030,"Hungaski, Robert",chesscom,rhungaski,https://www.chess.com/member/rhungaski,alive,200,no action
2021030,"Hungaski, Robert",chesscomPlayer,robert-andrew-hungaski,https://www.chess.com/players/robert-andrew-hungaski,unknown,rate limited (HTTP 429),"rate-limited or server error - not judged, will be retried"
2021030,"Hungaski, Robert",chessgames,53343,https://www.chessgames.com/perl/chessplayer?pid=53343,unknown,rate limited (HTTP 429),"rate-limited or server error - not judged, will be retried"
24604747,"Huschenbeth, Niclas",chesscom,GM_Huschenbeth,https://www.chess.com/member/GM_Huschenbeth,alive,200,no action
24604747,"Huschenbeth, Niclas",chesscomPlayer,niclas-huschenbeth,https://www.chess.com/players/niclas-huschenbeth,unknown,rate limited (HTTP 429),"rate-limited or server error - not judged, will be retried"
24604747,"Huschenbeth, Niclas",chessgames,95997,https://www.chessgames.com/perl/chessplayer?pid=95997,unknown,rate limited (HTTP 429),"rate-limited or server error - not judged, will be retried"
24604747,"Huschenbeth, Niclas",lichess,Niclas,https://lichess.org/@/Niclas,alive,200,no action
24604747,"Huschenbeth, Niclas",x,GM_Huschenbeth,https://x.com/GM_Huschenbeth,alive,200,no action
24604747,"Huschenbeth, Niclas",instagram,gm_huschenbeth,,unchecked,login wall answers 200 for missing profiles,cannot be tested from a server - left in place
2803828,"Huzman, Alexander",chesscom,Alexhuzman,https://www.chess.com/member/Alexhuzman,alive,200,no action
2803828,"Huzman, Alexander",chesscomPlayer,alexander-huzman,https://www.chess.com/players/alexander-huzman,unknown,rate limited (HTTP 429),"rate-limited or server error - not judged, will be retried"
2803828,"Huzman, Alexander",chessgames,11060,https://www.chessgames.com/perl/chessplayer?pid=11060,unknown,rate limited (HTTP 429),"rate-limited or server error - not judged, will be retried"
2803828,"Huzman, Alexander",lichess,Alchimik,https://lichess.org/@/Alchimik,alive,200,no action
4600010,"Hübner, Robert",chesscomPlayer,robert-huebner,https://www.chess.com/players/robert-huebner,alive,200,no action
4600010,"Hübner, Robert",chessgames,14098,https://www.chessgames.com/perl/chessplayer?pid=14098,unknown,rate limited (HTTP 429),"rate-limited or server error - not judged, will be retried"
5105048,"Ibarra Chami, Luis Fernando",chesscom,LuisIbarraCh,https://www.chess.com/member/LuisIbarraCh,alive,200,no action
5105048,"Ibarra Chami, Luis Fernando",chesscomPlayer,luis-fernando-ibarra-chami,https://www.chess.com/players/luis-fernando-ibarra-chami,unknown,rate limited (HTTP 429),"rate-limited or server error - not judged, will be retried"
5105048,"Ibarra Chami, Luis Fernando",chessgames,56795,https://www.chessgames.com/perl/chessplayer?pid=56795,unknown,rate limited (HTTP 429),"rate-limited or server error - not judged, will be retried"
2226332,"Ibarra Jerez, Jose Carlos",chesscom,jcibarra,https://www.chess.com/member/jcibarra,alive,200,no action
2226332,"Ibarra Jerez, Jose Carlos",chesscomPlayer,jose-carlos-ibarra-jerez,https://www.chess.com/players/jose-carlos-ibarra-jerez,unknown,rate limited (HTTP 429),"rate-limited or server error - not judged, will be retried"
2226332,"Ibarra Jerez, Jose Carlos",chessgames,50564,https://www.chessgames.com/perl/chessplayer?pid=50564,unknown,rate limited (HTTP 429),"rate-limited or server error - not judged, will be retried"
13700952,"Ibragimov, Alibek",chesscomPlayer,alibek-ibragimov,https://www.chess.com/players/alibek-ibragimov,unknown,rate limited (HTTP 429),"rate-limited or server error - not judged, will be retried"
13700952,"Ibragimov, Alibek",chessgames,84492,https://www.chessgames.com/perl/chessplayer?pid=84492,unknown,rate limited (HTTP 429),"rate-limited or server error - not judged, will be retried"
4102878,"Ibragimov, Ildar",chesscomPlayer,ildar-ibragimov,https://www.chess.com/players/ildar-ibragimov,alive,200,no action
4102878,"Ibragimov, Ildar",chessgames,17081,https://www.chessgames.com/perl/chessplayer?pid=17081,unknown,rate limited (HTTP 429),"rate-limited or server error - not judged, will be retried"
13400495,"Ibrahimov, Rasul",chesscomPlayer,rasul-ibrahimov,https://www.chess.com/players/rasul-ibrahimov,unknown,rate limited (HTTP 429),"rate-limited or server error - not judged, will be retried"
13400495,"Ibrahimov, Rasul",chessgames,56993,https://www.chessgames.com/perl/chessplayer?pid=56993,unknown,rate limited (HTTP 429),"rate-limited or server error - not judged, will be retried"
13700650,"Ibrayev, Nurlan",chesscom,Ibrayevnb,https://www.chess.com/member/Ibrayevnb,alive,200,no action
13700650,"Ibrayev, Nurlan",chesscomPlayer,nurlan-ibrayev,https://www.chess.com/players/nurlan-ibrayev,unknown,rate limited (HTTP 429),"rate-limited or server error - not judged, will be retried"
13700650,"Ibrayev, Nurlan",chessgames,79524,https://www.chessgames.com/perl/chessplayer?pid=79524,unknown,rate limited (HTTP 429),"rate-limited or server error - not judged, will be retried"
13700650,"Ibrayev, Nurlan",lichess,Nurlan_Ibrayev,https://lichess.org/@/Nurlan_Ibrayev,alive,200,no action
12510130,"Idani, Pouya",chesscom,pouya21,https://www.chess.com/member/pouya21,alive,200,no action
12510130,"Idani, Pouya",chesscomPlayer,pouya-idani,https://www.chess.com/players/pouya-idani,unknown,rate limited (HTTP 429),"rate-limited or server error - not judged, will be retried"
12510130,"Idani, Pouya",chessgames,114507,https://www.chessgames.com/perl/chessplayer?pid=114507,unknown,rate limited (HTTP 429),"rate-limited or server error - not judged, will be retried"
4100972,"Ikonnikov, Vyacheslav",chesscomPlayer,viatcheslav-ikonnikov,https://www.chess.com/players/viatcheslav-ikonnikov,alive,200,no action
4100972,"Ikonnikov, Vyacheslav",chessgames,21981,https://www.chessgames.com/perl/chessplayer?pid=21981,unknown,rate limited (HTTP 429),"rate-limited or server error - not judged, will be retried"
45015775,Ilamparthi A R,chesscomPlayer,ilamparthi-a-r,https://www.chess.com/players/ilamparthi-a-r,unknown,rate limited (HTTP 429),"rate-limited or server error - not judged, will be retried"
900346,"Ilincic, Zlatko",chesscomPlayer,zlatko-ilincic,https://www.chess.com/players/zlatko-ilincic,unknown,rate limited (HTTP 429),"rate-limited or server error - not judged, will be retried"
900346,"Ilincic, Zlatko",chessgames,19706,https://www.chessgames.com/perl/chessplayer?pid=19706,unknown,rate limited (HTTP 429),"rate-limited or server error - not judged, will be retried"
4156021,"Iljin, Artem",chesscom,Artem_Ilyin,https://www.chess.com/member/Artem_Ilyin,alive,200,no action
4156021,"Iljin, Artem",chesscomPlayer,artem-iljin,https://www.chess.com/players/artem-iljin,unknown,rate limited (HTTP 429),"rate-limited or server error - not judged, will be retried"
4156021,"Iljin, Artem",chessgames,50197,https://www.chessgames.com/perl/chessplayer?pid=50197,unknown,rate limited (HTTP 429),"rate-limited or server error - not judged, will be retried"
4156021,"Iljin, Artem",lichess,Artem_Ilyin,https://lichess.org/@/Artem_Ilyin,alive,200,no action
24105074,"Iljiushenok, Ilia",chesscom,WashUntilHoles,https://www.chess.com/member/WashUntilHoles,alive,200,no action
24105074,"Iljiushenok, Ilia",chesscomPlayer,ilia-iljiushenok,https://www.chess.com/players/ilia-iljiushenok,unknown,rate limited (HTTP 429),"rate-limited or server error - not judged, will be retried"
24105074,"Iljiushenok, Ilia",chessgames,125216,https://www.chessgames.com/perl/chessplayer?pid=125216,unknown,rate limited (HTTP 429),"rate-limited or server error - not judged, will be retried"
24105074,"Iljiushenok, Ilia",lichess,Ilya993,https://lichess.org/@/Ilya993,alive,200,no action
4122178,"Iljushin, Alexei",chesscom,Iljushin_Alexey,https://www.chess.com/member/Iljushin_Alexey,alive,200,no action
4122178,"Iljushin, Alexei",chesscomPlayer,alexei-iljushin,https://www.chess.com/players/alexei-iljushin,alive,200,no action
4122178,"Iljushin, Alexei",chessgames,49032,https://www.chessgames.com/perl/chessplayer?pid=49032,unknown,rate limited (HTTP 429),"rate-limited or server error - not judged, will be retried"
2200015,"Illescas Cordoba, Miguel",chesscom,DEARMIKE,https://www.chess.com/member/DEARMIKE,alive,200,no action
2200015,"Illescas Cordoba, Miguel",chesscomPlayer,miguel-illescas-cordoba,https://www.chess.com/players/miguel-illescas-cordoba,unknown,rate limited (HTTP 429),"rate-limited or server error - not judged, will be retried"
2200015,"Illescas Cordoba, Miguel",chessgames,14067,https://www.chessgames.com/perl/chessplayer?pid=14067,unknown,rate limited (HTTP 429),"rate-limited or server error - not judged, will be retried"
2200015,"Illescas Cordoba, Miguel",x,illescasmiguel,https://x.com/illescasmiguel,alive,200,no action
3205207,"Illingworth, Max",chesscom,Illingworth,https://www.chess.com/member/Illingworth,alive,200,no action
3205207,"Illingworth, Max",chesscomPlayer,max-illingworth,https://www.chess.com/players/max-illingworth,unknown,rate limited (HTTP 429),"rate-limited or server error - not judged, will be retried"
3205207,"Illingworth, Max",chessgames,121171,https://www.chessgames.com/perl/chessplayer?pid=121171,unknown,rate limited (HTTP 429),"rate-limited or server error - not judged, will be retried"
3205207,"Illingworth, Max",website,http://www.illingworthchess.com,http://www.illingworthchess.com,dead,HTTP 404,removed from roster.csv - replace with the current handle if you find one
4162722,"Inarkiev, Ernesto",chesscom,Vorenus_Lucius,https://www.chess.com/member/Vorenus_Lucius,alive,200,no action
4162722,"Inarkiev, Ernesto",chesscomPlayer,ernesto-inarkiev,https://www.chess.com/players/ernesto-inarkiev,unknown,rate limited (HTTP 429),"rate-limited or server error - not judged, will be retried"
4162722,"Inarkiev, Ernesto",chessgames,49041,https://www.chessgames.com/perl/chessplayer?pid=49041,unknown,rate limited (HTTP 429),"rate-limited or server error - not judged, will be retried"
4162722,"Inarkiev, Ernesto",instagram,ernesto_inarkiev,,unchecked,login wall answers 200 for missing profiles,cannot be tested from a server - left in place
911925,"Indjic, Aleksandar",chesscom,Beca95,https://www.chess.com/member/Beca95,alive,200,no action
911925,"Indjic, Aleksandar",chesscomPlayer,aleksandar-indjic,https://www.chess.com/players/aleksandar-indjic,alive,200,no action
911925,"Indjic, Aleksandar",chessgames,132397,https://www.chessgames.com/perl/chessplayer?pid=132397,unknown,rate limited (HTTP 429),"rate-limited or server error - not judged, will be retried"
911925,"Indjic, Aleksandar",lichess,NIndja64,https://lichess.org/@/NIndja64,alive,200,no action
25002767,"Iniyan, Pa",chesscom,superchess02,https://www.chess.com/member/superchess02,alive,200,no action
25002767,"Iniyan, Pa",chesscomPlayer,p-iniyan,https://www.chess.com/players/p-iniyan,unknown,rate limited (HTTP 429),"rate-limited or server error - not judged, will be retried"
25002767,"Iniyan, Pa",chessgames,151545,https://www.chessgames.com/perl/chessplayer?pid=151545,unknown,rate limited (HTTP 429),"rate-limited or server error - not judged, will be retried"
2900033,"Inkiov, Ventzislav",chesscomPlayer,ventzislav-inkiov,https://www.chess.com/players/ventzislav-inkiov,unknown,rate limited (HTTP 429),"rate-limited or server error - not judged, will be retried"
2900033,"Inkiov, Ventzislav",chessgames,15527,https://www.chessgames.com/perl/chessplayer?pid=15527,unknown,rate limited (HTTP 429),"rate-limited or server error - not judged, will be retried"
4229274,"Ioannidis, Evgenios",chesscom,Nuvas,https://www.chess.com/member/Nuvas,alive,200,no action
4229274,"Ioannidis, Evgenios",chesscomPlayer,evgenios-ioannidis,https://www.chess.com/players/evgenios-ioannidis,unknown,rate limited (HTTP 429),"rate-limited or server error - not judged, will be retried"
4229274,"Ioannidis, Evgenios",chessgames,139251,https://www.chessgames.com/perl/chessplayer?pid=139251,unknown,rate limited (HTTP 429),"rate-limited or server error - not judged, will be retried"
1200089,"Ionescu, Constantin",chesscom,ctionescu,https://www.chess.com/member/ctionescu,alive,200,no action
1200089,"Ionescu, Constantin",chesscomPlayer,constantin-ionescu,https://www.chess.com/players/constantin-ionescu,alive,200,no action
1200089,"Ionescu, Constantin",chessgames,42525,https://www.chessgames.com/perl/chessplayer?pid=42525,unknown,rate limited (HTTP 429),"rate-limited or server error - not judged, will be retried"
4100875,"Ionov, Sergey",chesscomPlayer,sergey-ionov,https://www.chess.com/players/sergey-ionov,unknown,rate limited (HTTP 429),"rate-limited or server error - not judged, will be retried"
4100875,"Ionov, Sergey",chessgames,18094,https://www.chessgames.com/perl/chessplayer?pid=18094,unknown,rate limited (HTTP 429),"rate-limited or server error - not judged, will be retried"
13900200,"Iordachescu, Viorel",chesscom,Violord,https://www.chess.com/member/Violord,alive,200,no action
13900200,"Iordachescu, Viorel",chesscomPlayer,viorel-iordachescu,https://www.chess.com/players/viorel-iordachescu,unknown,rate limited (HTTP 429),"rate-limited or server error - not judged, will be retried"
13900200,"Iordachescu, Viorel",chessgames,17882,https://www.chessgames.com/perl/chessplayer?pid=17882,unknown,rate limited (HTTP 429),"rate-limited or server error - not judged, will be retried"
2906074,"Iotov, Valentin",chesscom,vyotov,https://www.chess.com/member/vyotov,alive,200,no action
2906074,"Iotov, Valentin",chesscomPlayer,valentin-yotov,https://www.chess.com/players/valentin-yotov,unknown,rate limited (HTTP 429),"rate-limited or server error - not judged, will be retried"
2906074,"Iotov, Valentin",chessgames,48980,https://www.chessgames.com/perl/chessplayer?pid=48980,unknown,rate limited (HTTP 429),"rate-limited or server error - not judged, will be retried"
14116731,"Ipatov, Alexander",chesscom,TheGadfly1897,https://www.chess.com/member/TheGadfly1897,alive,200,no action
14116731,"Ipatov, Alexander",chesscomPlayer,alexander-ipatov-1,https://www.chess.com/players/alexander-ipatov-1,unknown,rate limited (HTTP 429),"rate-limited or server error - not judged, will be retried"
14116731,"Ipatov, Alexander",chessgames,109944,https://www.chessgames.com/perl/chessplayer?pid=109944,unknown,rate limited (HTTP 429),"rate-limited or server error - not judged, will be retried"
14116731,"Ipatov, Alexander",x,IpatovChess,https://x.com/IpatovChess,alive,200,no action
13700154,"Irzhanov, Ruslan",chesscomPlayer,ruslan-irzhanov,https://www.chess.com/players/ruslan-irzhanov,unknown,rate limited (HTTP 429),"rate-limited or server error - not judged, will be retried"
13700154,"Irzhanov, Ruslan",chessgames,17926,https://www.chessgames.com/perl/chessplayer?pid=17926,unknown,rate limited (HTTP 429),"rate-limited or server error - not judged, will be retried"
13400312,"Iskandarov, Misratdin",chesscom,Misi_95,https://www.chess.com/member/Misi_95,alive,200,no action
13400312,"Iskandarov, Misratdin",chesscomPlayer,misratdin-iskandarov,https://www.chess.com/players/misratdin-iskandarov,unknown,rate limited (HTTP 429),"rate-limited or server error - not judged, will be retried"
13400312,"Iskandarov, Misratdin",chessgames,114808,https://www.chessgames.com/perl/chessplayer?pid=114808,unknown,rate limited (HTTP 429),"rate-limited or server error - not judged, will be retried"
13400312,"Iskandarov, Misratdin",lichess,Misi_95,https://lichess.org/@/Misi_95,unknown,rate limited (HTTP 429),"rate-limited or server error - not judged, will be retried"
4120027,"Iskusnyh, Sergei",chesscom,Iskusnyh,https://www.chess.com/member/Iskusnyh,alive,200,no action
4120027,"Iskusnyh, Sergei",chesscomPlayer,sergei-iskusnyh,https://www.chess.com/players/sergei-iskusnyh,alive,200,no action
4120027,"Iskusnyh, Sergei",chessgames,18300,https://www.chessgames.com/perl/chessplayer?pid=18300,unknown,rate limited (HTTP 429),"rate-limited or server error - not judged, will be retried"
4120027,"Iskusnyh, Sergei",lichess,Iskusnyh_SV,https://lichess.org/@/Iskusnyh_SV,unknown,rate limited (HTTP 429),"rate-limited or server error - not judged, will be retried"
13701525,"Ismagambetov, Anuar",chesscom,Anuar_Is,https://www.chess.com/member/Anuar_Is,alive,200,no action
13701525,"Ismagambetov, Anuar",chesscomPlayer,anouar-ismagambetov,https://www.chess.com/players/anouar-ismagambetov,unknown,rate limited (HTTP 429),"rate-limited or server error - not judged, will be retried"
13701525,"Ismagambetov, Anuar",chessgames,56563,https://www.chessgames.com/perl/chessplayer?pid=56563,unknown,rate limited (HTTP 429),"rate-limited or server error - not judged, will be retried"
13701525,"Ismagambetov, Anuar",lichess,Anuar_Is,https://lichess.org/@/Anuar_Is,unknown,rate limited (HTTP 429),"rate-limited or server error - not judged, will be retried"
1200372,"Istratescu, Andrei",chesscomPlayer,andrei-istratescu,https://www.chess.com/players/andrei-istratescu,unknown,rate limited (HTTP 429),"rate-limited or server error - not judged, will be retried"
1200372,"Istratescu, Andrei",chessgames,23713,https://www.chessgames.com/perl/chessplayer?pid=23713,unknown,rate limited (HTTP 429),"rate-limited or server error - not judged, will be retried"
1200372,"Istratescu, Andrei",website,http://andreiistratescu.ro,http://andreiistratescu.ro,dead,domain does not resolve,removed from roster.csv - replace with the current handle if you find one
3901211,"Iturrizaga Bonelli, Eduardo",chesscom,iturrizaga,https://www.chess.com/member/iturrizaga,alive,200,no action
3901211,"Iturrizaga Bonelli, Eduardo",chesscomPlayer,eduardo-iturrizaga-bonelli,https://www.chess.com/players/eduardo-iturrizaga-bonelli,unknown,rate limited (HTTP 429),"rate-limited or server error - not judged, will be retried"
3901211,"Iturrizaga Bonelli, Eduardo",chessgames,89113,https://www.chessgames.com/perl/chessplayer?pid=89113,unknown,rate limited (HTTP 429),"rate-limited or server error - not judged, will be retried"
3901211,"Iturrizaga Bonelli, Eduardo",lichess,Eduiturri,https://lichess.org/@/Eduiturri,unknown,rate limited (HTTP 429),"rate-limited or server error - not judged, will be retried"
3901211,"Iturrizaga Bonelli, Eduardo",x,EduIturri,https://x.com/EduIturri,alive,200,no action
14200104,"Iuldachev, Saidali",chesscomPlayer,saidali-iuldachev,https://www.chess.com/players/saidali-iuldachev,alive,200,no action
14200104,"Iuldachev, Saidali",chessgames,99214,https://www.chessgames.com/perl/chessplayer?pid=99214,unknown,rate limited (HTTP 429),"rate-limited or server error - not judged, will be retried"
14100010,"Ivanchuk, Vasyl",chesscom,viviania,https://www.chess.com/member/viviania,alive,200,no action
14100010,"Ivanchuk, Vasyl",chesscomPlayer,vasyl-ivanchuk,https://www.chess.com/players/vasyl-ivanchuk,unknown,rate limited (HTTP 429),"rate-limited or server error - not judged, will be retried"
14100010,"Ivanchuk, Vasyl",chessgames,12183,https://www.chessgames.com/perl/chessplayer?pid=12183,unknown,rate limited (HTTP 429),"rate-limited or server error - not judged, will be retried"
912417,"Ivanisevic, Ivan",chesscom,1977Ivan,https://www.chess.com/member/1977Ivan,alive,200,no action
912417,"Ivanisevic, Ivan",chesscomPlayer,ivan-ivanisevic,https://www.chess.com/players/ivan-ivanisevic,unknown,rate limited (HTTP 429),"rate-limited or server error - not judged, will be retried"
912417,"Ivanisevic, Ivan",chessgames,44895,https://www.chessgames.com/perl/chessplayer?pid=44895,unknown,rate limited (HTTP 429),"rate-limited or server error - not judged, will be retried"
2000202,"Ivanov, Alexander",chesscom,AIvanov-NE,https://www.chess.com/member/AIvanov-NE,alive,200,no action
2000202,"Ivanov, Alexander",chesscomPlayer,alexander-ivanov,https://www.chess.com/players/alexander-ivanov,unknown,rate limited (HTTP 429),"rate-limited or server error - not judged, will be retried"
2000202,"Ivanov, Alexander",chessgames,41447,https://www.chessgames.com/perl/chessplayer?pid=41447,unknown,rate limited (HTTP 429),"rate-limited or server error - not judged, will be retried"
4126360,"Ivanov, Alexander Al.",chesscomPlayer,alexander-alexandrovich-ivanov,https://www.chess.com/players/alexander-alexandrovich-ivanov,unknown,rate limited (HTTP 429),"rate-limited or server error - not judged, will be retried"
4126360,"Ivanov, Alexander Al.",chessgames,113648,https://www.chessgames.com/perl/chessplayer?pid=113648,unknown,rate limited (HTTP 429),"rate-limited or server error - not judged, will be retried"
4114906,"Ivanov, Mikhail M",chesscom,Mikhail646464,https://www.chess.com/member/Mikhail646464,alive,200,no action
4114906,"Ivanov, Mikhail M",chesscomPlayer,mikhail-m-ivanov,https://www.chess.com/players/mikhail-m-ivanov,alive,200,no action
4114906,"Ivanov, Mikhail M",chessgames,27087,https://www.chessgames.com/perl/chessplayer?pid=27087,unknown,rate limited (HTTP 429),"rate-limited or server error - not judged, will be retried"
4114906,"Ivanov, Mikhail M",lichess,Mikhail6464,https://lichess.org/@/Mikhail6464,dead,HTTP 404,removed from roster.csv - replace with the current handle if you find one
4101375,"Ivanov, Sergey",chesscomPlayer,sergey-ivanov,https://www.chess.com/players/sergey-ivanov,unknown,rate limited (HTTP 429),"rate-limited or server error - not judged, will be retried"
4101375,"Ivanov, Sergey",chessgames,38123,https://www.chessgames.com/perl/chessplayer?pid=38123,unknown,rate limited (HTTP 429),"rate-limited or server error - not judged, will be retried"
900095,"Ivanovic, Bozidar",chesscomPlayer,bozidar-ivanovic,https://www.chess.com/players/bozidar-ivanovic,unknown,rate limited (HTTP 429),"rate-limited or server error - not judged, will be retried"
900095,"Ivanovic, Bozidar",chessgames,14795,https://www.chessgames.com/perl/chessplayer?pid=14795,unknown,rate limited (HTTP 429),"rate-limited or server error - not judged, will be retried"
950122,"Ivic, Velimir",chesscom,DrVelja,https://www.chess.com/member/DrVelja,alive,200,no action
950122,"Ivic, Velimir",chesscomPlayer,velimir-ivic,https://www.chess.com/players/velimir-ivic,unknown,rate limited (HTTP 429),"rate-limited or server error - not judged, will be retried"
950122,"Ivic, Velimir",chessgames,140817,https://www.chessgames.com/perl/chessplayer?pid=140817,unknown,rate limited (HTTP 429),"rate-limited or server error - not judged, will be retried"
900141,"Ivkov, Borislav",chesscomPlayer,borislav-ivkov,https://www.chess.com/players/borislav-ivkov,alive,200,no action
900141,"Ivkov, Borislav",chessgames,14727,https://www.chessgames.com/perl/chessplayer?pid=14727,unknown,rate limited (HTTP 429),"rate-limited or server error - not judged, will be retried"
2200260,"Izeta Txabarri, Felix",chesscom,GMIzeta,https://www.chess.com/member/GMIzeta,alive,200,no action
2200260,"Izeta Txabarri, Felix",chesscomPlayer,felix-izeta-txabarri,https://www.chess.com/players/felix-izeta-txabarri,unknown,rate limited (HTTP 429),"rate-limited or server error - not judged, will be retried"
2200260,"Izeta Txabarri, Felix",chessgames,87603,https://www.chessgames.com/perl/chessplayer?pid=87603,unknown,rate limited (HTTP 429),"rate-limited or server error - not judged, will be retried"
13700545,"Izmukhambetov, Salauat",chesscomPlayer,salauat-izmukhambetov,https://www.chess.com/players/salauat-izmukhambetov,unknown,rate limited (HTTP 429),"rate-limited or server error - not judged, will be retried"
13700545,"Izmukhambetov, Salauat",chessgames,53016,https://www.chessgames.com/perl/chessplayer?pid=53016,unknown,rate limited (HTTP 429),"rate-limited or server error - not judged, will be retried"
13601733,"Izoria, Zviad",chesscom,Izoria123,https://www.chess.com/member/Izoria123,alive,200,no action
13601733,"Izoria, Zviad",chesscomPlayer,zviad-izoria,https://www.chess.com/players/zviad-izoria,unknown,rate limited (HTTP 429),"rate-limited or server error - not judged, will be retried"
13601733,"Izoria, Zviad",chessgames,49441,https://www.chessgames.com/perl/chessplayer?pid=49441,unknown,rate limited (HTTP 429),"rate-limited or server error - not judged, will be retried"
13601733,"Izoria, Zviad",lichess,Brrrrrrrr,https://lichess.org/@/Brrrrrrrr,dead,HTTP 404,removed from roster.csv - replace with the current handle if you find one
13601733,"Izoria, Zviad",x,ZviadIzoria,https://x.com/ZviadIzoria,dead,HTTP 404,removed from roster.csv - replace with the current handle if you find one
13601733,"Izoria, Zviad",youtube,UCr0RffDqbwRkzvkz3UCQhXA,,unchecked,consent page answers 200 for missing channels,cannot be tested from a server - left in place
13601733,"Izoria, Zviad",twitch,GMZviadIzoria,,unchecked,app shell answers 200 for missing channels,cannot be tested from a server - left in place
15000214,"Jacimovic, Dragoljub",chesscomPlayer,dragoljub-jacimovic,https://www.chess.com/players/dragoljub-jacimovic,alive,200,no action
15000214,"Jacimovic, Dragoljub",chessgames,37857,https://www.chessgames.com/perl/chessplayer?pid=37857,unknown,rate limited (HTTP 429),"rate-limited or server error - not judged, will be retried"
30901561,"Jacobson, Brandon",chesscomPlayer,brandon-jacobson,https://www.chess.com/players/brandon-jacobson,unknown,rate limited (HTTP 429),"rate-limited or server error - not judged, will be retried"
30901561,"Jacobson, Brandon",chessgames,157404,https://www.chessgames.com/perl/chessplayer?pid=157404,unknown,rate limited (HTTP 429),"rate-limited or server error - not judged, will be retried"
4122356,"Jakovenko, Dmitry",chesscom,DJakovenko,https://www.chess.com/member/DJakovenko,alive,200,no action
4122356,"Jakovenko, Dmitry",chesscomPlayer,dmitry-jakovenko,https://www.chess.com/players/dmitry-jakovenko,unknown,rate limited (HTTP 429),"rate-limited or server error - not judged, will be retried"
4122356,"Jakovenko, Dmitry",chessgames,49031,https://www.chessgames.com/perl/chessplayer?pid=49031,unknown,rate limited (HTTP 429),"rate-limited or server error - not judged, will be retried"
1103261,"Jakubiec, Artur",chesscomPlayer,artur-jakubiec,https://www.chess.com/players/artur-jakubiec,unknown,rate limited (HTTP 429),"rate-limited or server error - not judged, will be retried"
1103261,"Jakubiec, Artur",chessgames,18198,https://www.chessgames.com/perl/chessplayer?pid=18198,unknown,rate limited (HTTP 429),"rate-limited or server error - not judged, will be retried"
1112848,"Jakubowski, Krzysztof",chesscom,Harry_Rakkel,https://www.chess.com/member/Harry_Rakkel,alive,200,no action
1112848,"Jakubowski, Krzysztof",chesscomPlayer,krzysztof-jakubowski,https://www.chess.com/players/krzysztof-jakubowski,alive,200,no action
1112848,"Jakubowski, Krzysztof",chessgames,49858,https://www.chessgames.com/perl/chessplayer?pid=49858,unknown,rate limited (HTTP 429),"rate-limited or server error - not judged, will be retried"
2900360,"Janev, Evgeni",chesscomPlayer,evgeni-janev,https://www.chess.com/players/evgeni-janev,unknown,rate limited (HTTP 429),"rate-limited or server error - not judged, will be retried"
2900360,"Janev, Evgeni",chessgames,45825,https://www.chessgames.com/perl/chessplayer?pid=45825,unknown,rate limited (HTTP 429),"rate-limited or server error - not judged, will be retried"
1159259,"Janik, Igor",chesscomPlayer,igor-janik,https://www.chess.com/players/igor-janik,unknown,rate limited (HTTP 429),"rate-limited or server error - not judged, will be retried"
1159259,"Janik, Igor",chessgames,149398,https://www.chessgames.com/perl/chessplayer?pid=149398,unknown,rate limited (HTTP 429),"rate-limited or server error - not judged, will be retried"
13600087,"Janjghava, Lasha",chesscomPlayer,lasha-janjgava,https://www.chess.com/players/lasha-janjgava,unknown,rate limited (HTTP 429),"rate-limited or server error - not judged, will be retried"
13600087,"Janjghava, Lasha",chessgames,17067,https://www.chessgames.com/perl/chessplayer?pid=17067,unknown,rate limited (HTTP 429),"rate-limited or server error - not judged, will be retried"
14505959,"Jankovic, Alojzije",chesscom,GMJankovic,https://www.chess.com/member/GMJankovic,alive,200,no action
14505959,"Jankovic, Alojzije",chesscomPlayer,alojzije-jankovic,https://www.chess.com/players/alojzije-jankovic,alive,200,no action
14505959,"Jankovic, Alojzije",chessgames,55616,https://www.chessgames.com/perl/chessplayer?pid=55616,unknown,rate limited (HTTP 429),"rate-limited or server error - not judged, will be retried"
4102711,"Janovsky, Sergey",chesscomPlayer,sergey-janovsky,https://www.chess.com/players/sergey-janovsky,alive,200,no action
4102711,"Janovsky, Sergey",chessgames,23615,https://www.chessgames.com/perl/chessplayer?pid=23615,unknown,rate limited (HTTP 429),"rate-limited or server error - not judged, will be retried"
300128,"Jansa, Vlastimil",chesscomPlayer,vlastimil-jansa,https://www.chess.com/players/vlastimil-jansa,unknown,rate limited (HTTP 429),"rate-limited or server error - not judged, will be retried"
300128,"Jansa, Vlastimil",chessgames,18547,https://www.chessgames.com/perl/chessplayer?pid=18547,unknown,rate limited (HTTP 429),"rate-limited or server error - not judged, will be retried"
1004816,"Janssen, Ruud",chesscomPlayer,ruud-janssen,https://www.chess.com/players/ruud-janssen,alive,200,no action
1004816,"Janssen, Ruud",chessgames,17361,https://www.chessgames.com/perl/chessplayer?pid=17361,unknown,rate limited (HTTP 429),"rate-limited or server error - not judged, will be retried"
1102222,"Jaracz, Pawel",chesscom,tdf98pantani,https://www.chess.com/member/tdf98pantani,alive,200,no action
1102222,"Jaracz, Pawel",chesscomPlayer,pawel-jaracz,https://www.chess.com/players/pawel-jaracz,unknown,rate limited (HTTP 429),"rate-limited or server error - not judged, will be retried"
1102222,"Jaracz, Pawel",chessgames,19893,https://www.chessgames.com/perl/chessplayer?pid=19893,unknown,rate limited (HTTP 429),"rate-limited or server error - not judged, will be retried"
1160664,"Jarmula, Lukasz",chesscom,lukas_111111,https://www.chess.com/member/lukas_111111,alive,200,no action
1160664,"Jarmula, Lukasz",chesscomPlayer,lukasz-jarmula,https://www.chess.com/players/lukasz-jarmula,unknown,rate limited (HTTP 429),"rate-limited or server error - not judged, will be retried"
1160664,"Jarmula, Lukasz",chessgames,128311,https://www.chessgames.com/perl/chessplayer?pid=128311,unknown,rate limited (HTTP 429),"rate-limited or server error - not judged, will be retried"
1109243,"Jedynak, Radoslaw",chesscomPlayer,radoslaw-jedynak,https://www.chess.com/players/radoslaw-jedynak,unknown,rate limited (HTTP 429),"rate-limited or server error - not judged, will be retried"
1109243,"Jedynak, Radoslaw",chessgames,50865,https://www.chessgames.com/perl/chessplayer?pid=50865,unknown,rate limited (HTTP 429),"rate-limited or server error - not judged, will be retried"
1304232,"Jenni, Florian",chesscomPlayer,florian-jenni,https://www.chess.com/players/florian-jenni,alive,200,no action
1304232,"Jenni, Florian",chessgames,35072,https://www.chessgames.com/perl/chessplayer?pid=35072,unknown,rate limited (HTTP 429),"rate-limited or server error - not judged, will be retried"
927040,"Jeremic, Veljko",chesscomPlayer,veljko-jeremic,https://www.chess.com/players/veljko-jeremic,unknown,rate limited (HTTP 429),"rate-limited or server error - not judged, will be retried"
927040,"Jeremic, Veljko",chessgames,49482,https://www.chessgames.com/perl/chessplayer?pid=49482,unknown,rate limited (HTTP 429),"rate-limited or server error - not judged, will be retried"
1208110,"Jianu, Vlad-Cristian",chesscom,vladjianu,https://www.chess.com/member/vladjianu,alive,200,no action
1208110,"Jianu, Vlad-Cristian",chesscomPlayer,vlad-cristian-jianu,https://www.chess.com/players/vlad-cristian-jianu,unknown,rate limited (HTTP 429),"rate-limited or server error - not judged, will be retried"
1208110,"Jianu, Vlad-Cristian",chessgames,49403,https://www.chessgames.com/perl/chessplayer?pid=49403,unknown,rate limited (HTTP 429),"rate-limited or server error - not judged, will be retried"
303224,"Jirovsky, Milos",chesscom,MilosJi,https://www.chess.com/member/MilosJi,alive,200,no action
303224,"Jirovsky, Milos",chesscomPlayer,milos-jirovsky,https://www.chess.com/players/milos-jirovsky,unknown,rate limited (HTTP 429),"rate-limited or server error - not judged, will be retried"
303224,"Jirovsky, Milos",chessgames,19864,https://www.chessgames.com/perl/chessplayer?pid=19864,unknown,rate limited (HTTP 429),"rate-limited or server error - not judged, will be retried"
13601520,"Jobava, Baadur",chesscom,exoticprincess,https://www.chess.com/member/exoticprincess,alive,200,no action
13601520,"Jobava, Baadur",chesscomPlayer,baadur-jobava,https://www.chess.com/players/baadur-jobava,alive,200,no action
13601520,"Jobava, Baadur",chessgames,49467,https://www.chessgames.com/perl/chessplayer?pid=49467,unknown,rate limited (HTTP 429),"rate-limited or server error - not judged, will be retried"
13601520,"Jobava, Baadur",lichess,athena-pallada,https://lichess.org/@/athena-pallada,alive,200,no action
1501674,"Johannessen, Leif Erlend",chesscomPlayer,leif-erlend-johannessen,https://www.chess.com/players/leif-erlend-johannessen,unknown,rate limited (HTTP 429),"rate-limited or server error - not judged, will be retried"
1501674,"Johannessen, Leif Erlend",chessgames,76840,https://www.chessgames.com/perl/chessplayer?pid=76840,unknown,rate limited (HTTP 429),"rate-limited or server error - not judged, will be retried"
3200035,"Johansen, Darryl K",chesscomPlayer,darryl-k-johansen,https://www.chess.com/players/darryl-k-johansen,unknown,rate limited (HTTP 429),"rate-limited or server error - not judged, will be retried"
3200035,"Johansen, Darryl K",chessgames,47022,https://www.chessgames.com/perl/chessplayer?pid=47022,unknown,rate limited (HTTP 429),"rate-limited or server error - not judged, will be retried"
13602543,"Jojua, Davit",chesscom,DJojua,https://www.chess.com/member/DJojua,alive,200,no action
13602543,"Jojua, Davit",chesscomPlayer,davit-jojua,https://www.chess.com/players/davit-jojua,unknown,rate limited (HTTP 429),"rate-limited or server error - not judged, will be retried"
13602543,"Jojua, Davit",chessgames,98395,https://www.chessgames.com/perl/chessplayer?pid=98395,unknown,rate limited (HTTP 429),"rate-limited or server error - not judged, will be retried"
1002708,"Jonkman, Harmen",chesscomPlayer,harmen-jonkman,https://www.chess.com/players/harmen-jonkman,alive,200,no action
1002708,"Jonkman, Harmen",chessgames,19917,https://www.chessgames.com/perl/chessplayer?pid=19917,unknown,rate limited (HTTP 429),"rate-limited or server error - not judged, will be retried"
14504081,"Jovanic, Ognjen",chesscomPlayer,ognjen-jovanic,https://www.chess.com/players/ognjen-jovanic,unknown,rate limited (HTTP 429),"rate-limited or server error - not judged, will be retried"
14504081,"Jovanic, Ognjen",chessgames,49181,https://www.chessgames.com/perl/chessplayer?pid=49181,unknown,rate limited (HTTP 429),"rate-limited or server error - not judged, will be retried"
14505320,"Jovanovic, Zoran",chesscom,mrkvoz,https://www.chess.com/member/mrkvoz,alive,200,no action
14505320,"Jovanovic, Zoran",chesscomPlayer,zoran-jovanovic,https://www.chess.com/players/zoran-jovanovic,unknown,rate limited (HTTP 429),"rate-limited or server error - not judged, will be retried"
14505320,"Jovanovic, Zoran",chessgames,12566,https://www.chessgames.com/perl/chessplayer?pid=12566,unknown,rate limited (HTTP 429),"rate-limited or server error - not judged, will be retried"
8603006,"Ju, Wenjun",chesscom,Juwen,https://www.chess.com/member/Juwen,alive,200,no action
8603006,"Ju, Wenjun",chesscomPlayer,ju-wenjun,https://www.chess.com/players/ju-wenjun,unknown,rate limited (HTTP 429),"rate-limited or server error - not judged, will be retried"
8603006,"Ju, Wenjun",chessgames,102346,https://www.chessgames.com/perl/chessplayer?pid=102346,unknown,rate limited (HTTP 429),"rate-limited or server error - not judged, will be retried"
13702661,"Jumabayev, Rinat",chesscom,Jumbo,https://www.chess.com/member/Jumbo,alive,200,no action
13702661,"Jumabayev, Rinat",chesscomPlayer,rinat-jumabayev,https://www.chess.com/players/rinat-jumabayev,unknown,rate limited (HTTP 429),"rate-limited or server error - not judged, will be retried"
13702661,"Jumabayev, Rinat",chessgames,124518,https://www.chessgames.com/perl/chessplayer?pid=124518,unknown,rate limited (HTTP 429),"rate-limited or server error - not judged, will be retried"
13702661,"Jumabayev, Rinat",lichess,Jumboland,https://lichess.org/@/Jumboland,alive,200,no action
14907518,"Jurcik, Marian",chesscomPlayer,marian-jurcik,https://www.chess.com/players/marian-jurcik,alive,200,no action
14907518,"Jurcik, Marian",chessgames,54644,https://www.chessgames.com/perl/chessplayer?pid=54644,unknown,rate limited (HTTP 429),"rate-limited or server error - not judged, will be retried"
4618777,"Jussupow, Artur",chesscomPlayer,artur-yusupov,https://www.chess.com/players/artur-yusupov,unknown,rate limited (HTTP 429),"rate-limited or server error - not judged, will be retried"
4618777,"Jussupow, Artur",chessgames,29510,https://www.chessgames.com/perl/chessplayer?pid=29510,unknown,rate limited (HTTP 429),"rate-limited or server error - not judged, will be retried"
4618777,"Jussupow, Artur",website,http://www.jussupow.de/index2.html,http://www.jussupow.de/index2.html,alive,200,no action
4127820,"Kabanov, Nikolai",chesscomPlayer,nikolai-kabanov,https://www.chess.com/players/nikolai-kabanov,unknown,rate limited (HTTP 429),"rate-limited or server error - not judged, will be retried"
4127820,"Kabanov, Nikolai",chessgames,57052,https://www.chessgames.com/perl/chessplayer?pid=57052,unknown,rate limited (HTTP 429),"rate-limited or server error - not judged, will be retried"
13611860,"Kacharava, Nikolozi",chesscom,kachsona,https://www.chess.com/member/kachsona,alive,200,no action
13611860,"Kacharava, Nikolozi",chesscomPlayer,nikolozi-kacharava,https://www.chess.com/players/nikolozi-kacharava,unknown,rate limited (HTTP 429),"rate-limited or server error - not judged, will be retried"
13611860,"Kacharava, Nikolozi",chessgames,156050,https://www.chessgames.com/perl/chessplayer?pid=156050,unknown,rate limited (HTTP 429),"rate-limited or server error - not judged, will be retried"
13600613,"Kacheishvili, Giorgi",chesscom,mgeli,https://www.chess.com/member/mgeli,alive,200,no action
13600613,"Kacheishvili, Giorgi",chesscomPlayer,giorgi-kacheishvili,https://www.chess.com/players/giorgi-kacheishvili,alive,200,no action
13600613,"Kacheishvili, Giorgi",chessgames,44764,https://www.chessgames.com/perl/chessplayer?pid=44764,unknown,rate limited (HTTP 429),"rate-limited or server error - not judged, will be retried"
14403803,"Kadric, Denis",chesscom,Kiborg95,https://www.chess.com/member/Kiborg95,alive,200,no action
14403803,"Kadric, Denis",chesscomPlayer,denis-kadric,https://www.chess.com/players/denis-kadric,unknown,rate limited (HTTP 429),"rate-limited or server error - not judged, will be retried"
14403803,"Kadric, Denis",chessgames,118267,https://www.chessgames.com/perl/chessplayer?pid=118267,unknown,rate limited (HTTP 429),"rate-limited or server error - not judged, will be retried"
14403803,"Kadric, Denis",lichess,Kiborg95,https://lichess.org/@/Kiborg95,alive,200,no action
2008564,"Kaidanov, Gregory",chesscom,kaidanov,https://www.chess.com/member/kaidanov,alive,200,no action
2008564,"Kaidanov, Gregory",chesscomPlayer,gregory-kaidanov,https://www.chess.com/players/gregory-kaidanov,unknown,rate limited (HTTP 429),"rate-limited or server error - not judged, will be retried"
2008564,"Kaidanov, Gregory",chessgames,64688,https://www.chessgames.com/perl/chessplayer?pid=64688,unknown,rate limited (HTTP 429),"rate-limited or server error - not judged, will be retried"
2008564,"Kaidanov, Gregory",website,https://kaidanov.org/,https://kaidanov.org/,alive,202,no action
4112423,"Kalinin, Alexander",chesscomPlayer,alexander-kalinin,https://www.chess.com/players/alexander-kalinin,unknown,rate limited (HTTP 429),"rate-limited or server error - not judged, will be retried"
4112423,"Kalinin, Alexander",chessgames,53228,https://www.chessgames.com/perl/chessplayer?pid=53228,unknown,rate limited (HTTP 429),"rate-limited or server error - not judged, will be retried"
4637321,"Kalinitschew, Sergey",chesscomPlayer,sergey-kalinichev,https://www.chess.com/players/sergey-kalinichev,alive,200,no action
4637321,"Kalinitschew, Sergey",chessgames,50839,https://www.chessgames.com/perl/chessplayer?pid=50839,unknown,rate limited (HTTP 429),"rate-limited or server error - not judged, will be retried"
501778,"Kallio, Heikki",chesscomPlayer,heikki-kallio,https://www.chess.com/players/heikki-kallio,unknown,rate limited (HTTP 429),"rate-limited or server error - not judged, will be retried"
501778,"Kallio, Heikki",chessgames,49489,https://www.chessgames.com/perl/chessplayer?pid=49489,unknown,rate limited (HTTP 429),"rate-limited or server error - not judged, will be retried"
501778,"Kallio, Heikki",x,HKallioGoblin,https://x.com/HKallioGoblin,alive,200,no action
305421,"Kalod, Radek",chesscomPlayer,radek-kalod,https://www.chess.com/players/radek-kalod,unknown,rate limited (HTTP 429),"rate-limited or server error - not judged, will be retried"
305421,"Kalod, Radek",chessgames,49662,https://www.chessgames.com/perl/chessplayer?pid=49662,unknown,rate limited (HTTP 429),"rate-limited or server error - not judged, will be retried"
4128567,"Kalugin, Sergey G.",chesscomPlayer,sergey-g-kalugin,https://www.chess.com/players/sergey-g-kalugin,unknown,rate limited (HTTP 429),"rate-limited or server error - not judged, will be retried"
4128567,"Kalugin, Sergey G.",chessgames,92296,https://www.chessgames.com/perl/chessplayer?pid=92296,unknown,rate limited (HTTP 429),"rate-limited or server error - not judged, will be retried"
1100696,"Kaminski, Marcin",chesscomPlayer,marcin-kaminski,https://www.chess.com/players/marcin-kaminski,alive,200,no action
1100696,"Kaminski, Marcin",chessgames,17254,https://www.chessgames.com/perl/chessplayer?pid=17254,unknown,rate limited (HTTP 429),"rate-limited or server error - not judged, will be retried"
2000024,"Kamsky, Gata",chesscom,TigrVShlyape,https://www.chess.com/member/TigrVShlyape,alive,200,no action
2000024,"Kamsky, Gata",chesscomPlayer,gata-kamsky,https://www.chess.com/players/gata-kamsky,unknown,rate limited (HTTP 429),"rate-limited or server error - not judged, will be retried"
2000024,"Kamsky, Gata",chessgames,15874,https://www.chessgames.com/perl/chessplayer?pid=15874,unknown,rate limited (HTTP 429),"rate-limited or server error - not judged, will be retried"
2000024,"Kamsky, Gata",lichess,IGMGataKamsky,https://lichess.org/@/IGMGataKamsky,dead,HTTP 404,removed from roster.csv - replace with the current handle if you find one
2000024,"Kamsky, Gata",x,IGMGataKamsky,https://x.com/IGMGataKamsky,alive,200,no action
1126822,"Kanarek, Marcel",chesscom,GMMarcelKanarek,https://www.chess.com/member/GMMarcelKanarek,alive,200,no action
1126822,"Kanarek, Marcel",chesscomPlayer,marcel-kanarek,https://www.chess.com/players/marcel-kanarek,alive,200,no action
1126822,"Kanarek, Marcel",chessgames,117744,https://www.chessgames.com/perl/chessplayer?pid=117744,unknown,rate limited (HTTP 429),"rate-limited or server error - not judged, will be retried"
10618490,"Kandil, Adham",chesscom,a_kandil,https://www.chess.com/member/a_kandil,alive,200,no action
10618490,"Kandil, Adham",chesscomPlayer,adham-kandil,https://www.chess.com/players/adham-kandil,unknown,rate limited (HTTP 429),"rate-limited or server error - not judged, will be retried"
10618490,"Kandil, Adham",chessgames,155640,https://www.chessgames.com/perl/chessplayer?pid=155640,unknown,rate limited (HTTP 429),"rate-limited or server error - not judged, will be retried"
4501047,"Kanep, Meelis",chesscom,Paul66666,https://www.chess.com/member/Paul66666,alive,200,no action
4501047,"Kanep, Meelis",chesscomPlayer,meelis-kanep,https://www.chess.com/players/meelis-kanep,unknown,rate limited (HTTP 429),"rate-limited or server error - not judged, will be retried"
4501047,"Kanep, Meelis",chessgames,51531,https://www.chessgames.com/perl/chessplayer?pid=51531,unknown,rate limited (HTTP 429),"rate-limited or server error - not judged, will be retried"
5018293,Kannappan Priyadharshan,chesscomPlayer,kannappan-priyadharshan,https://www.chess.com/players/kannappan-priyadharshan,alive,200,no action
5018293,Kannappan Priyadharshan,chessgames,103183,https://www.chessgames.com/perl/chessplayer?pid=103183,unknown,rate limited (HTTP 429),"rate-limited or server error - not judged, will be retried"
11602945,"Kantans, Toms",chesscom,TomsKantans,https://www.chess.com/member/TomsKantans,alive,200,no action
11602945,"Kantans, Toms",chesscomPlayer,toms-kantans,https://www.chess.com/players/toms-kantans,unknown,rate limited (HTTP 429),"rate-limited or server error - not judged, will be retried"
11602945,"Kantans, Toms",chessgames,119998,https://www.chessgames.com/perl/chessplayer?pid=119998,unknown,rate limited (HTTP 429),"rate-limited or server error - not judged, will be retried"
11602945,"Kantans, Toms",lichess,Khem,https://lichess.org/@/Khem,alive,200,no action
751499,"Kantor, Gergely",chesscom,KantorGergely,https://www.chess.com/member/KantorGergely,alive,200,no action
751499,"Kantor, Gergely",chesscomPlayer,gergely-kantor,https://www.chess.com/players/gergely-kantor,unknown,rate limited (HTTP 429),"rate-limited or server error - not judged, will be retried"
751499,"Kantor, Gergely",chessgames,149464,https://www.chessgames.com/perl/chessplayer?pid=149464,unknown,rate limited (HTTP 429),"rate-limited or server error - not judged, will be retried"
2805359,"Kantsler, Boris",chesscom,BorisK62,https://www.chess.com/member/BorisK62,alive,200,no action
2805359,"Kantsler, Boris",chesscomPlayer,boris-kantsler,https://www.chess.com/players/boris-kantsler,unknown,rate limited (HTTP 429),"rate-limited or server error - not judged, will be retried"
2805359,"Kantsler, Boris",chessgames,15715,https://www.chessgames.com/perl/chessplayer?pid=15715,unknown,rate limited (HTTP 429),"rate-limited or server error - not judged, will be retried"
4203445,"Kapnisis, Spyridon",chesscomPlayer,spiridon-kapnisis,https://www.chess.com/players/spiridon-kapnisis,alive,200,no action
4203445,"Kapnisis, Spyridon",chessgames,53057,https://www.chessgames.com/perl/chessplayer?pid=53057,unknown,rate limited (HTTP 429),"rate-limited or server error - not judged, will be retried"
14109603,"Karjakin, Sergey",chesscom,SergeyKarjakin,https://www.chess.com/member/SergeyKarjakin,alive,200,no action
14109603,"Karjakin, Sergey",chesscomPlayer,sergey-karjakin,https://www.chess.com/players/sergey-karjakin,unknown,rate limited (HTTP 429),"rate-limited or server error - not judged, will be retried"
14109603,"Karjakin, Sergey",chessgames,54535,https://www.chessgames.com/perl/chessplayer?pid=54535,unknown,rate limited (HTTP 429),"rate-limited or server error - not judged, will be retried"
14109603,"Karjakin, Sergey",x,SergeyKaryakin,https://x.com/SergeyKaryakin,alive,200,no action
14109603,"Karjakin, Sergey",facebook,karyakin.chess,,unchecked,returns HTTP 400 to all automated requests,cannot be tested from a server - left in place
14109603,"Karjakin, Sergey",instagram,sergey_karjakin,,unchecked,login wall answers 200 for missing profiles,cannot be tested from a server - left in place
1700057,"Karlsson, Lars",chesscomPlayer,lars-karlsson,https://www.chess.com/players/lars-karlsson,unknown,rate limited (HTTP 429),"rate-limited or server error - not judged, will be retried"
1700057,"Karlsson, Lars",chessgames,18045,https://www.chessgames.com/perl/chessplayer?pid=18045,unknown,rate limited (HTTP 429),"rate-limited or server error - not judged, will be retried"
4117182,"Karpatchev, Aleksandr",chesscomPlayer,aleksandr-karpatchev,https://www.chess.com/players/aleksandr-karpatchev,unknown,rate limited (HTTP 429),"rate-limited or server error - not judged, will be retried"
4117182,"Karpatchev, Aleksandr",chessgames,36755,https://www.chessgames.com/perl/chessplayer?pid=36755,unknown,rate limited (HTTP 429),"rate-limited or server error - not judged, will be retried"
4100026,"Karpov, Anatoly",chesscomPlayer,anatoly-karpov,https://www.chess.com/players/anatoly-karpov,unknown,rate limited (HTTP 429),"rate-limited or server error - not judged, will be retried"
4100026,"Karpov, Anatoly",chessgames,20719,https://www.chessgames.com/perl/chessplayer?pid=20719,unknown,rate limited (HTTP 429),"rate-limited or server error - not judged, will be retried"
4100026,"Karpov, Anatoly",x,karpovanatolye,https://x.com/karpovanatolye,alive,200,no action
4100026,"Karpov, Anatoly",website,http://aekarpov.com/,http://aekarpov.com/,alive,200,no action
4100026,"Karpov, Anatoly",facebook,officialKarpov,,unchecked,returns HTTP 400 to all automated requests,cannot be tested from a server - left in place
4100026,"Karpov, Anatoly",instagram,karpov.chess.official,,unchecked,login wall answers 200 for missing profiles,cannot be tested from a server - left in place
25006479,Karthik Venkataraman,chesscom,DevikBronstein,https://www.chess.com/member/DevikBronstein,alive,200,no action
25006479,Karthik Venkataraman,chesscomPlayer,karthik-venkataraman,https://www.chess.com/players/karthik-venkataraman,alive,200,no action
25006479,Karthik Venkataraman,chessgames,154035,https://www.chessgames.com/perl/chessplayer?pid=154035,unknown,rate limited (HTTP 429),"rate-limited or server error - not judged, will be retried"
5074452,"Karthikeyan, Murali",chesscom,youngKID,https://www.chess.com/member/youngKID,alive,200,no action
5074452,"Karthikeyan, Murali",chesscomPlayer,karthikeyan-murali,https://www.chess.com/players/karthikeyan-murali,unknown,rate limited (HTTP 429),"rate-limited or server error - not judged, will be retried"
5074452,"Karthikeyan, Murali",chessgames,131321,https://www.chessgames.com/perl/chessplayer?pid=131321,unknown,rate limited (HTTP 429),"rate-limited or server error - not judged, will be retried"
5074452,"Karthikeyan, Murali",website,http://karthikeyanmurali.com,http://karthikeyanmurali.com,alive,200,no action
5018226,"Karthikeyan, P.",chesscom,Kargan90,https://www.chess.com/member/Kargan90,alive,200,no action
5018226,"Karthikeyan, P.",chesscomPlayer,p-karthikeyan-1,https://www.chess.com/players/p-karthikeyan-1,unknown,rate limited (HTTP 429),"rate-limited or server error - not judged, will be retried"
5018226,"Karthikeyan, P.",chessgames,115564,https://www.chessgames.com/perl/chessplayer?pid=115564,unknown,rate limited (HTTP 429),"rate-limited or server error - not judged, will be retried"
14200244,"Kasimdzhanov, Rustam",chesscom,solingen2020,https://www.chess.com/member/solingen2020,alive,200,no action
14200244,"Kasimdzhanov, Rustam",chesscomPlayer,rustam-kasimdzhanov,https://www.chess.com/players/rustam-kasimdzhanov,unknown,rate limited (HTTP 429),"rate-limited or server error - not judged, will be retried"
14200244,"Kasimdzhanov, Rustam",chessgames,38799,https://www.chessgames.com/perl/chessplayer?pid=38799,unknown,rate limited (HTTP 429),"rate-limited or server error - not judged, will be retried"
4100018,"Kasparov, Garry",chesscom,GarryKasparov,https://www.chess.com/member/GarryKasparov,alive,200,no action
4100018,"Kasparov, Garry",chesscomPlayer,garry-kasparov,https://www.chess.com/players/garry-kasparov,alive,200,no action
4100018,"Kasparov, Garry",chessgames,15940,https://www.chessgames.com/perl/chessplayer?pid=15940,unknown,rate limited (HTTP 429),"rate-limited or server error - not judged, will be retried"
4100018,"Kasparov, Garry",x,Kasparov63,https://x.com/Kasparov63,alive,200,no action
4100018,"Kasparov, Garry",website,https://kasparov.com,https://kasparov.com,alive,200,no action
13500481,"Kasparov, Sergey",chesscom,Sergey_Kasparov,https://www.chess.com/member/Sergey_Kasparov,alive,200,no action
13500481,"Kasparov, Sergey",chesscomPlayer,sergey-kasparov,https://www.chess.com/players/sergey-kasparov,alive,200,no action
13500481,"Kasparov, Sergey",chessgames,80122,https://www.chessgames.com/perl/chessplayer?pid=80122,unknown,rate limited (HTTP 429),"rate-limited or server error - not judged, will be retried"
13500481,"Kasparov, Sergey",lichess,Sergey_Kasparov,https://lichess.org/@/Sergey_Kasparov,alive,200,no action
2000555,"Kaufman, Lawrence",chesscom,hissha,https://www.chess.com/member/hissha,alive,200,no action
2000555,"Kaufman, Lawrence",chesscomPlayer,lawrence-kaufman,https://www.chess.com/players/lawrence-kaufman,unknown,rate limited (HTTP 429),"rate-limited or server error - not judged, will be retried"
2000555,"Kaufman, Lawrence",chessgames,50429,https://www.chessgames.com/perl/chessplayer?pid=50429,unknown,rate limited (HTTP 429),"rate-limited or server error - not judged, will be retried"
14200090,"Kayumov, Dmitry D.",chesscomPlayer,dmitry-d-kayumov,https://www.chess.com/players/dmitry-d-kayumov,unknown,rate limited (HTTP 429),"rate-limited or server error - not judged, will be retried"
14200090,"Kayumov, Dmitry D.",chessgames,18275,https://www.chessgames.com/perl/chessplayer?pid=18275,unknown,rate limited (HTTP 429),"rate-limited or server error - not judged, will be retried"
14200880,"Kayumov, Sergey",chesscomPlayer,sergey-kayumov,https://www.chess.com/players/sergey-kayumov,unknown,rate limited (HTTP 429),"rate-limited or server error - not judged, will be retried"
14200880,"Kayumov, Sergey",chessgames,51270,https://www.chessgames.com/perl/chessplayer?pid=51270,unknown,rate limited (HTTP 429),"rate-limited or server error - not judged, will be retried"
13507443,"Kazakouski, Valery",chesscom,Gloomy_Wanderer,https://www.chess.com/member/Gloomy_Wanderer,alive,200,no action
13507443,"Kazakouski, Valery",chesscomPlayer,valery-kazakouski,https://www.chess.com/players/valery-kazakouski,alive,200,no action
13507443,"Kazakouski, Valery",chessgames,147880,https://www.chessgames.com/perl/chessplayer?pid=147880,unknown,rate limited (HTTP 429),"rate-limited or server error - not judged, will be retried"
14102749,"Kazakov, Mikhail",chesscomPlayer,mikhail-kazakov,https://www.chess.com/players/mikhail-kazakov,unknown,rate limited (HTTP 429),"rate-limited or server error - not judged, will be retried"
14102749,"Kazakov, Mikhail",chessgames,31483,https://www.chessgames.com/perl/chessplayer?pid=31483,unknown,rate limited (HTTP 429),"rate-limited or server error - not judged, will be retried"
13700316,"Kazhgaleyev, Murtas",chesscom,murtas73,https://www.chess.com/member/murtas73,alive,200,no action
13700316,"Kazhgaleyev, Murtas",chesscomPlayer,murtas-kazhgaleyev,https://www.chess.com/players/murtas-kazhgaleyev,unknown,rate limited (HTTP 429),"rate-limited or server error - not judged, will be retried"
13700316,"Kazhgaleyev, Murtas",chessgames,39709,https://www.chessgames.com/perl/chessplayer?pid=39709,unknown,rate limited (HTTP 429),"rate-limited or server error - not judged, will be retried"
13700316,"Kazhgaleyev, Murtas",youtube,UC5HO005v87TVgSDyNXHnljg,,unchecked,consent page answers 200 for missing channels,cannot be tested from a server - left in place
400211,"Keene, Raymond D",chesscom,Keene,https://www.chess.com/member/Keene,alive,200,no action
400211,"Keene, Raymond D",chesscomPlayer,raymond-d-keene-1,https://www.chess.com/players/raymond-d-keene-1,unknown,rate limited (HTTP 429),"rate-limited or server error - not judged, will be retried"
400211,"Keene, Raymond D",chessgames,15438,https://www.chessgames.com/perl/chessplayer?pid=15438,unknown,rate limited (HTTP 429),"rate-limited or server error - not judged, will be retried"
4600479,"Keitlinghaus, Ludger",chesscomPlayer,ludger-keitlinghaus,https://www.chess.com/players/ludger-keitlinghaus,alive,200,no action
4600479,"Keitlinghaus, Ludger",chessgames,17103,https://www.chessgames.com/perl/chessplayer?pid=17103,unknown,rate limited (HTTP 429),"rate-limited or server error - not judged, will be retried"
13600818,"Kekelidze, Mikheil",chesscom,Mikheil_kekelidze,https://www.chess.com/member/Mikheil_kekelidze,alive,200,no action
13600818,"Kekelidze, Mikheil",chesscomPlayer,mikheil-kekelidze,https://www.chess.com/players/mikheil-kekelidze,unknown,rate limited (HTTP 429),"rate-limited or server error - not judged, will be retried"
13600818,"Kekelidze, Mikheil",chessgames,57710,https://www.chessgames.com/perl/chessplayer?pid=57710,unknown,rate limited (HTTP 429),"rate-limited or server error - not judged, will be retried"
5900727,"Kelires, Andreas",chesscom,kedollaria,https://www.chess.com/member/kedollaria,alive,200,no action
5900727,"Kelires, Andreas",chesscomPlayer,andreas-kelires,https://www.chess.com/players/andreas-kelires,unknown,rate limited (HTTP 429),"rate-limited or server error - not judged, will be retried"
5900727,"Kelires, Andreas",chessgames,134712,https://www.chessgames.com/perl/chessplayer?pid=134712,unknown,rate limited (HTTP 429),"rate-limited or server error - not judged, will be retried"
1105663,"Kempinski, Robert",chesscomPlayer,robert-kempinski,https://www.chess.com/players/robert-kempinski,unknown,rate limited (HTTP 429),"rate-limited or server error - not judged, will be retried"
1105663,"Kempinski, Robert",chessgames,11643,https://www.chessgames.com/perl/chessplayer?pid=11643,unknown,rate limited (HTTP 429),"rate-limited or server error - not judged, will be retried"
11600039,"Kengis, Edvins",chesscomPlayer,edvins-kengis,https://www.chess.com/players/edvins-kengis,unknown,rate limited (HTTP 429),"rate-limited or server error - not judged, will be retried"
11600039,"Kengis, Edvins",chessgames,14317,https://www.chessgames.com/perl/chessplayer?pid=14317,unknown,rate limited (HTTP 429),"rate-limited or server error - not judged, will be retried"
1040634,"Kevlishvili, Robby",chesscomPlayer,robby-kevlishvili,https://www.chess.com/players/robby-kevlishvili,alive,200,no action
1040634,"Kevlishvili, Robby",chessgames,142560,https://www.chessgames.com/perl/chessplayer?pid=142560,unknown,rate limited (HTTP 429),"rate-limited or server error - not judged, will be retried"
1040634,"Kevlishvili, Robby",lichess,LuckyGraaf,https://lichess.org/@/LuckyGraaf,unknown,rate limited (HTTP 429),"rate-limited or server error - not judged, will be retried"
12940690,"Keymer, Vincent",chesscom,VincentKeymer,https://www.chess.com/member/VincentKeymer,alive,200,no action
12940690,"Keymer, Vincent",chesscomPlayer,vincent-keymer,https://www.chess.com/players/vincent-keymer,unknown,rate limited (HTTP 429),"rate-limited or server error - not judged, will be retried"
12940690,"Keymer, Vincent",chessgames,155740,https://www.chessgames.com/perl/chessplayer?pid=155740,unknown,rate limited (HTTP 429),"rate-limited or server error - not judged, will be retried"
12940690,"Keymer, Vincent",lichess,VincentKeymer2004,https://lichess.org/@/VincentKeymer2004,unknown,rate limited (HTTP 429),"rate-limited or server error - not judged, will be retried"
12940690,"Keymer, Vincent",x,VincentKeymer04,https://x.com/VincentKeymer04,alive,200,no action
12940690,"Keymer, Vincent",website,https://www.vincent-keymer.de,https://www.vincent-keymer.de,alive,200,no action
12940690,"Keymer, Vincent",instagram,vincentkeymer2004,,unchecked,login wall answers 200 for missing profiles,cannot be tested from a server - left in place
13300512,"Khachiyan, Melikset",chesscom,GMMelik,https://www.chess.com/member/GMMelik,alive,200,no action
13300512,"Khachiyan, Melikset",chesscomPlayer,melikset-khachiyan,https://www.chess.com/players/melikset-khachiyan,unknown,rate limited (HTTP 429),"rate-limited or server error - not judged, will be retried"
13300512,"Khachiyan, Melikset",chessgames,91092,https://www.chessgames.com/perl/chessplayer?pid=91092,unknown,rate limited (HTTP 429),"rate-limited or server error - not judged, will be retried"
13300512,"Khachiyan, Melikset",lichess,KhachiyanM,https://lichess.org/@/KhachiyanM,unknown,rate limited (HTTP 429),"rate-limited or server error - not judged, will be retried"
13300512,"Khachiyan, Melikset",website,https://gmkhachiyan.com,https://gmkhachiyan.com,unknown,HTTP 522,"rate-limited or server error - not judged, will be retried"
4151348,"Khairullin, Ildar",chesscom,Secret_Level,https://www.chess.com/member/Secret_Level,alive,200,no action
4151348,"Khairullin, Ildar",chesscomPlayer,ildar-khairullin,https://www.chess.com/players/ildar-khairullin,unknown,rate limited (HTTP 429),"rate-limited or server error - not judged, will be retried"
4151348,"Khairullin, Ildar",chessgames,56802,https://www.chessgames.com/perl/chessplayer?pid=56802,unknown,rate limited (HTTP 429),"rate-limited or server error - not judged, will be retried"
4100115,"Khalifman, Alexander",chesscom,OldBolt,https://www.chess.com/member/OldBolt,alive,200,no action
4100115,"Khalifman, Alexander",chesscomPlayer,alexander-khalifman,https://www.chess.com/players/alexander-khalifman,alive,200,no action
4100115,"Khalifman, Alexander",chessgames,11645,https://www.chessgames.com/perl/chessplayer?pid=11645,unknown,rate limited (HTTP 429),"rate-limited or server error - not judged, will be retried"
14201143,"Khamrakulov, Djurabek",chesscom,Khamrakulov_Djurabek,https://www.chess.com/member/Khamrakulov_Djurabek,alive,200,no action
14201143,"Khamrakulov, Djurabek",chesscomPlayer,djurabek-khamrakulov,https://www.chess.com/players/djurabek-khamrakulov,unknown,rate limited (HTTP 429),"rate-limited or server error - not judged, will be retried"
14201143,"Khamrakulov, Djurabek",chessgames,95972,https://www.chessgames.com/perl/chessplayer?pid=95972,unknown,rate limited (HTTP 429),"rate-limited or server error - not judged, will be retried"
14200295,"Khamrakulov, Ibragim S.",chesscomPlayer,ibragim-s-khamrakulov,https://www.chess.com/players/ibragim-s-khamrakulov,unknown,rate limited (HTTP 429),"rate-limited or server error - not judged, will be retried"
14200295,"Khamrakulov, Ibragim S.",chessgames,17315,https://www.chessgames.com/perl/chessplayer?pid=17315,unknown,rate limited (HTTP 429),"rate-limited or server error - not judged, will be retried"
4111990,"Khanin, Semen",chesscom,Semen_Khanin,https://www.chess.com/member/Semen_Khanin,dead,HTTP 404,removed from roster.csv - replace with the current handle if you find one
4111990,"Khanin, Semen",chesscomPlayer,semen-khanin,https://www.chess.com/players/semen-khanin,unknown,rate limited (HTTP 429),"rate-limited or server error - not judged, will be retried"
4111990,"Khanin, Semen",chessgames,141447,https://www.chessgames.com/perl/chessplayer?pid=141447,unknown,rate limited (HTTP 429),"rate-limited or server error - not judged, will be retried"
14113210,"Kharchenko, Boris",chesscomPlayer,boris-khartchenko,https://www.chess.com/players/boris-khartchenko,alive,200,no action
14113210,"Kharchenko, Boris",chessgames,95813,https://www.chessgames.com/perl/chessplayer?pid=95813,unknown,rate limited (HTTP 429),"rate-limited or server error - not judged, will be retried"
4135202,"Kharitonov, Alexandr",chesscomPlayer,aleksandr-kharitonov-1,https://www.chess.com/players/aleksandr-kharitonov-1,unknown,rate limited (HTTP 429),"rate-limited or server error - not judged, will be retried"
4135202,"Kharitonov, Alexandr",chessgames,93704,https://www.chessgames.com/perl/chessplayer?pid=93704,unknown,rate limited (HTTP 429),"rate-limited or server error - not judged, will be retried"
4100948,"Kharitonov, Andrei",chessgames,28798,https://www.chessgames.com/perl/chessplayer?pid=28798,unknown,rate limited (HTTP 429),"rate-limited or server error - not judged, will be retried"
4101189,"Khasin, Alexander",chessgames,41720,https://www.chessgames.com/perl/chessplayer?pid=41720,unknown,rate limited (HTTP 429),"rate-limited or server error - not judged, will be retried"
4900332,"Khatanbaatar, Bazar",chesscom,KhatanbaatarBazar,https://www.chess.com/member/KhatanbaatarBazar,alive,200,no action
4900332,"Khatanbaatar, Bazar",chesscomPlayer,bazar-khatanbaatar,https://www.chess.com/players/bazar-khatanbaatar,unknown,rate limited (HTTP 429),"rate-limited or server error - not judged, will be retried"
4900332,"Khatanbaatar, Bazar",chessgames,35027,https://www.chessgames.com/perl/chessplayer?pid=35027,unknown,rate limited (HTTP 429),"rate-limited or server error - not judged, will be retried"
24153729,"Khegay, Dmitriy",chesscom,124chess,https://www.chess.com/member/124chess,alive,200,no action
24153729,"Khegay, Dmitriy",chesscomPlayer,dmitriy-khegay,https://www.chess.com/players/dmitriy-khegay,unknown,rate limited (HTTP 429),"rate-limited or server error - not judged, will be retried"
24153729,"Khegay, Dmitriy",chessgames,146318,https://www.chessgames.com/perl/chessplayer?pid=146318,unknown,rate limited (HTTP 429),"rate-limited or server error - not judged, will be retried"
4659600,"Khenkin, Igor",chesscomPlayer,igor-khenkin,https://www.chess.com/players/igor-khenkin,alive,200,no action
4659600,"Khenkin, Igor",chessgames,27433,https://www.chessgames.com/perl/chessplayer?pid=27433,unknown,rate limited (HTTP 429),"rate-limited or server error - not judged, will be retried"
4142578,"Khismatullin, Denis",chesscomPlayer,denis-khismatullin,https://www.chess.com/players/denis-khismatullin,unknown,rate limited (HTTP 429),"rate-limited or server error - not judged, will be retried"
4142578,"Khismatullin, Denis",chessgames,53193,https://www.chessgames.com/perl/chessplayer?pid=53193,unknown,rate limited (HTTP 429),"rate-limited or server error - not judged, will be retried"
2805340,"Khmelniker, Ilya",chesscomPlayer,ilya-khmelniker,https://www.chess.com/players/ilya-khmelniker,unknown,rate limited (HTTP 429),"rate-limited or server error - not judged, will be retried"
2805340,"Khmelniker, Ilya",chessgames,54615,https://www.chessgames.com/perl/chessplayer?pid=54615,unknown,rate limited (HTTP 429),"rate-limited or server error - not judged, will be retried"
13602640,"Khotenashvili, Bella",chesscomPlayer,bela-khotenashvili,https://www.chess.com/players/bela-khotenashvili,unknown,rate limited (HTTP 429),"rate-limited or server error - not judged, will be retried"
13602640,"Khotenashvili, Bella",chessgames,87968,https://www.chessgames.com/perl/chessplayer?pid=87968,unknown,rate limited (HTTP 429),"rate-limited or server error - not judged, will be retried"
13900544,"Khruschiov, Alexey",chesscomPlayer,alexey-khruschiov,https://www.chess.com/players/alexey-khruschiov,unknown,rate limited (HTTP 429),"rate-limited or server error - not judged, will be retried"
13900544,"Khruschiov, Alexey",chessgames,49455,https://www.chessgames.com/perl/chessplayer?pid=49455,unknown,rate limited (HTTP 429),"rate-limited or server error - not judged, will be retried"
54114527,"Khubukshanov, Erdem",chesscomPlayer,erdem-khubukshanov,https://www.chess.com/players/erdem-khubukshanov,alive,200,no action
54114527,"Khubukshanov, Erdem",chessgames,162775,https://www.chessgames.com/perl/chessplayer?pid=162775,unknown,rate limited (HTTP 429),"rate-limited or server error - not judged, will be retried"
13701703,"Khusnutdinov, Rustam",chesscom,RD4ever,https://www.chess.com/member/RD4ever,alive,200,no action
13701703,"Khusnutdinov, Rustam",chesscomPlayer,rustam-khusnutdinov,https://www.chess.com/players/rustam-khusnutdinov,unknown,rate limited (HTTP 429),"rate-limited or server error - not judged, will be retried"
13701703,"Khusnutdinov, Rustam",chessgames,95964,https://www.chessgames.com/perl/chessplayer?pid=95964,unknown,rate limited (HTTP 429),"rate-limited or server error - not judged, will be retried"
13701703,"Khusnutdinov, Rustam",lichess,RD4ever,https://lichess.org/@/RD4ever,unknown,rate limited (HTTP 429),"rate-limited or server error - not judged, will be retried"
4129776,"Kim, Alexey",chesscomPlayer,alexey-kim,https://www.chess.com/players/alexey-kim,unknown,rate limited (HTTP 429),"rate-limited or server error - not judged, will be retried"
4129776,"Kim, Alexey",chessgames,76955,https://www.chessgames.com/perl/chessplayer?pid=76955,unknown,rate limited (HTTP 429),"rate-limited or server error - not judged, will be retried"
4600053,"Kindermann, Stefan",chesscomPlayer,stefan-kindermann,https://www.chess.com/players/stefan-kindermann,unknown,rate limited (HTTP 429),"rate-limited or server error - not judged, will be retried"
4600053,"Kindermann, Stefan",chessgames,13993,https://www.chessgames.com/perl/chessplayer?pid=13993,unknown,rate limited (HTTP 429),"rate-limited or server error - not judged, will be retried"
400068,"King, Daniel J",chesscom,DanielKing,https://www.chess.com/member/DanielKing,alive,200,no action
400068,"King, Daniel J",chesscomPlayer,daniel-j-king,https://www.chess.com/players/daniel-j-king,alive,200,no action
400068,"King, Daniel J",chessgames,11677,https://www.chessgames.com/perl/chessplayer?pid=11677,unknown,rate limited (HTTP 429),"rate-limited or server error - not judged, will be retried"
400068,"King, Daniel J",x,DanielKingChess,https://x.com/DanielKingChess,alive,200,no action
4119231,"Kiriakov, Petr",chesscom,GM_Petrovich,https://www.chess.com/member/GM_Petrovich,alive,200,no action
4119231,"Kiriakov, Petr",chesscomPlayer,piotr-kiriakov,https://www.chess.com/players/piotr-kiriakov,alive,200,no action
4119231,"Kiriakov, Petr",chessgames,42811,https://www.chessgames.com/perl/chessplayer?pid=42811,unknown,rate limited (HTTP 429),"rate-limited or server error - not judged, will be retried"
4194128,"Kiselev, Vitalii",chesscomPlayer,vitaliy-kiselev,https://www.chess.com/players/vitaliy-kiselev,unknown,rate limited (HTTP 429),"rate-limited or server error - not judged, will be retried"
4194128,"Kiselev, Vitalii",chessgames,128824,https://www.chessgames.com/perl/chessplayer?pid=128824,unknown,rate limited (HTTP 429),"rate-limited or server error - not judged, will be retried"
4100751,"Kishnev, Sergey",chesscomPlayer,sergey-kishnev,https://www.chess.com/players/sergey-kishnev,unknown,rate limited (HTTP 429),"rate-limited or server error - not judged, will be retried"
4100751,"Kishnev, Sergey",chessgames,18237,https://www.chessgames.com/perl/chessplayer?pid=18237,unknown,rate limited (HTTP 429),"rate-limited or server error - not judged, will be retried"
14108801,"Kislinsky, Alexey",chesscom,Alexchess1984,https://www.chess.com/member/Alexchess1984,alive,200,no action
14108801,"Kislinsky, Alexey",chesscomPlayer,alexey-kislinsky,https://www.chess.com/players/alexey-kislinsky,unknown,rate limited (HTTP 429),"rate-limited or server error - not judged, will be retried"
14108801,"Kislinsky, Alexey",chessgames,67900,https://www.chessgames.com/perl/chessplayer?pid=67900,unknown,rate limited (HTTP 429),"rate-limited or server error - not judged, will be retried"
2301318,"Kjartansson, Gudmundur",chesscom,iceboy88,https://www.chess.com/member/iceboy88,alive,200,no action
2301318,"Kjartansson, Gudmundur",chesscomPlayer,gudmundur-kjartansson,https://www.chess.com/players/gudmundur-kjartansson,alive,200,no action
2301318,"Kjartansson, Gudmundur",chessgames,11002,https://www.chessgames.com/perl/chessplayer?pid=11002,unknown,rate limited (HTTP 429),"rate-limited or server error - not judged, will be retried"
14500248,"Klaric, Zlatko",chesscomPlayer,zlatko-klaric,https://www.chess.com/players/zlatko-klaric,unknown,rate limited (HTTP 429),"rate-limited or server error - not judged, will be retried"
14500248,"Klaric, Zlatko",chessgames,18114,https://www.chessgames.com/perl/chessplayer?pid=18114,unknown,rate limited (HTTP 429),"rate-limited or server error - not judged, will be retried"
1003623,"Klein, David",chesscom,David_Klein,https://www.chess.com/member/David_Klein,dead,HTTP 404,removed from roster.csv - replace with the current handle if you find one
1003623,"Klein, David",chesscomPlayer,david-klein,https://www.chess.com/players/david-klein,unknown,rate limited (HTTP 429),"rate-limited or server error - not judged, will be retried"
1003623,"Klein, David",chessgames,114799,https://www.chessgames.com/perl/chessplayer?pid=114799,unknown,rate limited (HTTP 429),"rate-limited or server error - not judged, will be retried"
1132717,"Klekowski, Maciej",chesscom,maciek_92,https://www.chess.com/member/maciek_92,alive,200,no action
1132717,"Klekowski, Maciej",chesscomPlayer,maciej-klekowski,https://www.chess.com/players/maciej-klekowski,unknown,rate limited (HTTP 429),"rate-limited or server error - not judged, will be retried"
1132717,"Klekowski, Maciej",chessgames,117761,https://www.chessgames.com/perl/chessplayer?pid=117761,unknown,rate limited (HTTP 429),"rate-limited or server error - not judged, will be retried"
21856222,"Klimkowski, Jan",chesscom,klimkoj,https://www.chess.com/member/klimkoj,alive,200,no action
21856222,"Klimkowski, Jan",chesscomPlayer,jan-klimkowski,https://www.chess.com/players/jan-klimkowski,alive,200,no action
21856222,"Klimkowski, Jan",chessgames,171247,https://www.chessgames.com/perl/chessplayer?pid=171247,unknown,rate limited (HTTP 429),"rate-limited or server error - not judged, will be retried"
4121759,"Klimov, Sergey",chesscomPlayer,sergey-alexandrovich-klimov,https://www.chess.com/players/sergey-alexandrovich-klimov,unknown,rate limited (HTTP 429),"rate-limited or server error - not judged, will be retried"
4121759,"Klimov, Sergey",chessgames,49150,https://www.chessgames.com/perl/chessplayer?pid=49150,unknown,rate limited (HTTP 429),"rate-limited or server error - not judged, will be retried"
1600010,"Klinger, Josef",chesscomPlayer,josef-klinger,https://www.chess.com/players/josef-klinger,unknown,rate limited (HTTP 429),"rate-limited or server error - not judged, will be retried"
1600010,"Klinger, Josef",chessgames,16961,https://www.chessgames.com/perl/chessplayer?pid=16961,unknown,rate limited (HTTP 429),"rate-limited or server error - not judged, will be retried"
4611250,"Knaak, Rainer",chesscomPlayer,rainer-knaak,https://www.chess.com/players/rainer-knaak,unknown,rate limited (HTTP 429),"rate-limited or server error - not judged, will be retried"
4611250,"Knaak, Rainer",chessgames,17695,https://www.chessgames.com/perl/chessplayer?pid=17695,unknown,rate limited (HTTP 429),"rate-limited or server error - not judged, will be retried"
4119150,"Kobalia, Mikhail",chesscom,Kobalia,https://www.chess.com/member/Kobalia,alive,200,no action
4119150,"Kobalia, Mikhail",chesscomPlayer,mikhail-kobalia,https://www.chess.com/players/mikhail-kobalia,unknown,rate limited (HTTP 429),"rate-limited or server error - not judged, will be retried"
4119150,"Kobalia, Mikhail",chessgames,76952,https://www.chessgames.com/perl/chessplayer?pid=76952,unknown,rate limited (HTTP 429),"rate-limited or server error - not judged, will be retried"
4119150,"Kobalia, Mikhail",lichess,MKO78,https://lichess.org/@/MKO78,unknown,rate limited (HTTP 429),"rate-limited or server error - not judged, will be retried"
2812320,"Kobo, Ori",chesscom,OK97,https://www.chess.com/member/OK97,alive,200,no action
2812320,"Kobo, Ori",chesscomPlayer,ori-kobo,https://www.chess.com/players/ori-kobo,alive,200,no action
2812320,"Kobo, Ori",chessgames,139508,https://www.chessgames.com/perl/chessplayer?pid=139508,unknown,rate limited (HTTP 429),"rate-limited or server error - not judged, will be retried"
2812320,"Kobo, Ori",lichess,ok1975,https://lichess.org/@/ok1975,unknown,rate limited (HTTP 429),"rate-limited or server error - not judged, will be retried"
4100719,"Kochyev, Alexander",chesscomPlayer,alexander-kochyev,https://www.chess.com/players/alexander-kochyev,unknown,rate limited (HTTP 429),"rate-limited or server error - not judged, will be retried"
4100719,"Kochyev, Alexander",chessgames,37767,https://www.chessgames.com/perl/chessplayer?pid=37767,unknown,rate limited (HTTP 429),"rate-limited or server error - not judged, will be retried"
2800802,"Kogan, Arthur",chesscom,arthurkogan,https://www.chess.com/member/arthurkogan,alive,200,no action
2800802,"Kogan, Arthur",chesscomPlayer,artur-kogan,https://www.chess.com/players/artur-kogan,unknown,rate limited (HTTP 429),"rate-limited or server error - not judged, will be retried"
2800802,"Kogan, Arthur",chessgames,39907,https://www.chessgames.com/perl/chessplayer?pid=39907,unknown,rate limited (HTTP 429),"rate-limited or server error - not judged, will be retried"
2800802,"Kogan, Arthur",x,KoganArt,https://x.com/KoganArt,alive,200,no action
2800802,"Kogan, Arthur",website,http://olalachess.com,http://olalachess.com,alive,200,no action
4132181,"Kokarev, Dmitry",chesscom,avantage_ru,https://www.chess.com/member/avantage_ru,alive,200,no action
4132181,"Kokarev, Dmitry",chesscomPlayer,dmitry-kokarev,https://www.chess.com/players/dmitry-kokarev,unknown,rate limited (HTTP 429),"rate-limited or server error - not judged, will be retried"
4132181,"Kokarev, Dmitry",chessgames,49694,https://www.chessgames.com/perl/chessplayer?pid=49694,unknown,rate limited (HTTP 429),"rate-limited or server error - not judged, will be retried"
2900130,"Kolev, Atanas",chesscom,LVAIK,https://www.chess.com/member/LVAIK,alive,200,no action
2900130,"Kolev, Atanas",chesscomPlayer,atanas-kolev,https://www.chess.com/players/atanas-kolev,alive,200,no action
2900130,"Kolev, Atanas",chessgames,24694,https://www.chessgames.com/perl/chessplayer?pid=24694,unknown,rate limited (HTTP 429),"rate-limited or server error - not judged, will be retried"
2900130,"Kolev, Atanas",website,https://kolevchess.wordpress.com/,https://kolevchess.wordpress.com/,alive,200,no action
12909572,"Kollars, Dmitrij",chesscom,GM_dmitrij,https://www.chess.com/member/GM_dmitrij,alive,200,no action
12909572,"Kollars, Dmitrij",chesscomPlayer,dmitrij-kollars,https://www.chess.com/players/dmitrij-kollars,alive,200,no action
12909572,"Kollars, Dmitrij",chessgames,153162,https://www.chessgames.com/perl/chessplayer?pid=153162,unknown,rate limited (HTTP 429),"rate-limited or server error - not judged, will be retried"
12909572,"Kollars, Dmitrij",lichess,dmitrij_IM,https://lichess.org/@/dmitrij_IM,unknown,rate limited (HTTP 429),"rate-limited or server error - not judged, will be retried"
12909572,"Kollars, Dmitrij",website,https://www.gm-dmitrijkollars.de,https://www.gm-dmitrijkollars.de,alive,200,no action
14101270,"Komarov, Dimitri",chesscom,gmkomarov,https://www.chess.com/member/gmkomarov,alive,200,no action
14101270,"Komarov, Dimitri",chesscomPlayer,dimitri-komarov,https://www.chess.com/players/dimitri-komarov,unknown,rate limited (HTTP 429),"rate-limited or server error - not judged, will be retried"
14101270,"Komarov, Dimitri",chessgames,23146,https://www.chessgames.com/perl/chessplayer?pid=23146,unknown,rate limited (HTTP 429),"rate-limited or server error - not judged, will be retried"
13900030,"Komliakov, Viktor",chesscom,Vanych,https://www.chess.com/member/Vanych,alive,200,no action
13900030,"Komliakov, Viktor",chesscomPlayer,viktor-komliakov,https://www.chess.com/players/viktor-komliakov,unknown,rate limited (HTTP 429),"rate-limited or server error - not judged, will be retried"
13900030,"Komliakov, Viktor",chessgames,18277,https://www.chessgames.com/perl/chessplayer?pid=18277,unknown,rate limited (HTTP 429),"rate-limited or server error - not judged, will be retried"
14500132,"Komljenovic, Davorin",chesscom,Chessmisic,https://www.chess.com/member/Chessmisic,alive,200,no action
14500132,"Komljenovic, Davorin",chesscomPlayer,davorin-komljenovic,https://www.chess.com/players/davorin-komljenovic,unknown,rate limited (HTTP 429),"rate-limited or server error - not judged, will be retried"
14500132,"Komljenovic, Davorin",chessgames,27660,https://www.chessgames.com/perl/chessplayer?pid=27660,unknown,rate limited (HTTP 429),"rate-limited or server error - not judged, will be retried"
5008123,"Koneru, Humpy",chesscom,humpy1987,https://www.chess.com/member/humpy1987,alive,200,no action
5008123,"Koneru, Humpy",chesscomPlayer,humpy-koneru,https://www.chess.com/players/humpy-koneru,unknown,rate limited (HTTP 429),"rate-limited or server error - not judged, will be retried"
5008123,"Koneru, Humpy",chessgames,49497,https://www.chessgames.com/perl/chessplayer?pid=49497,unknown,rate limited (HTTP 429),"rate-limited or server error - not judged, will be retried"
5008123,"Koneru, Humpy",lichess,Koneru_Humpy,https://lichess.org/@/Koneru_Humpy,dead,HTTP 404,removed from roster.csv - replace with the current handle if you find one
8632200,"Kong, Xiangrui",chesscom,ricky8632200,https://www.chess.com/member/ricky8632200,alive,200,no action
8632200,"Kong, Xiangrui",chesscomPlayer,xiangrui-kong,https://www.chess.com/players/xiangrui-kong,unknown,rate limited (HTTP 429),"rate-limited or server error - not judged, will be retried"
8632200,"Kong, Xiangrui",chessgames,194030,https://www.chessgames.com/perl/chessplayer?pid=194030,unknown,rate limited (HTTP 429),"rate-limited or server error - not judged, will be retried"
4121376,"Koniushkov, Igor",chesscomPlayer,igor-koniushkov,https://www.chess.com/players/igor-koniushkov,unknown,rate limited (HTTP 429),"rate-limited or server error - not judged, will be retried"
4121376,"Koniushkov, Igor",chessgames,46399,https://www.chessgames.com/perl/chessplayer?pid=46399,unknown,rate limited (HTTP 429),"rate-limited or server error - not judged, will be retried"
14113007,"Kononenko, Dmitry",chesscomPlayer,dmitry-kononenko,https://www.chess.com/players/dmitry-kononenko,unknown,rate limited (HTTP 429),"rate-limited or server error - not judged, will be retried"
14113007,"Kononenko, Dmitry",chessgames,76812,https://www.chessgames.com/perl/chessplayer?pid=76812,unknown,rate limited (HTTP 429),"rate-limited or server error - not judged, will be retried"
4170962,"Konovalov, Nikolay",chesscomPlayer,nikolay-konovalov,https://www.chess.com/players/nikolay-konovalov,alive,200,no action
4170962,"Konovalov, Nikolay",chessgames,107123,https://www.chessgames.com/perl/chessplayer?pid=107123,unknown,rate limited (HTTP 429),"rate-limited or server error - not judged, will be retried"
1300016,"Korchnoi, Viktor",chesscomPlayer,viktor-korchnoi,https://www.chess.com/players/viktor-korchnoi,unknown,rate limited (HTTP 429),"rate-limited or server error - not judged, will be retried"
1300016,"Korchnoi, Viktor",chessgames,15866,https://www.chessgames.com/perl/chessplayer?pid=15866,unknown,rate limited (HTTP 429),"rate-limited or server error - not judged, will be retried"
4156803,"Korneev, Oleg",chesscomPlayer,oleg-korneev,https://www.chess.com/players/oleg-korneev,unknown,rate limited (HTTP 429),"rate-limited or server error - not judged, will be retried"
4156803,"Korneev, Oleg",chessgames,18187,https://www.chessgames.com/perl/chessplayer?pid=18187,unknown,rate limited (HTTP 429),"rate-limited or server error - not judged, will be retried"
4120949,"Kornev, Alexei",chesscomPlayer,alexei-kornev,https://www.chess.com/players/alexei-kornev,unknown,rate limited (HTTP 429),"rate-limited or server error - not judged, will be retried"
4120949,"Kornev, Alexei",chessgames,49682,https://www.chessgames.com/perl/chessplayer?pid=49682,unknown,rate limited (HTTP 429),"rate-limited or server error - not judged, will be retried"
14105730,"Korobov, Anton",chesscom,GOGIEFF,https://www.chess.com/member/GOGIEFF,alive,200,no action
14105730,"Korobov, Anton",chesscomPlayer,anton-korobov,https://www.chess.com/players/anton-korobov,unknown,rate limited (HTTP 429),"rate-limited or server error - not judged, will be retried"
14105730,"Korobov, Anton",chessgames,49462,https://www.chessgames.com/perl/chessplayer?pid=49462,unknown,rate limited (HTTP 429),"rate-limited or server error - not judged, will be retried"
4119142,"Korotylev, Alexey",chesscom,Revisor,https://www.chess.com/member/Revisor,alive,200,no action
4119142,"Korotylev, Alexey",chesscomPlayer,alexey-korotylev,https://www.chess.com/players/alexey-korotylev,alive,200,no action
4119142,"Korotylev, Alexey",chessgames,18267,https://www.chessgames.com/perl/chessplayer?pid=18267,unknown,rate limited (HTTP 429),"rate-limited or server error - not judged, will be retried"
706671,"Korpa, Bence",chesscomPlayer,bence-korpa,https://www.chess.com/players/bence-korpa,unknown,rate limited (HTTP 429),"rate-limited or server error - not judged, will be retried"
706671,"Korpa, Bence",chessgames,134698,https://www.chessgames.com/perl/chessplayer?pid=134698,unknown,rate limited (HTTP 429),"rate-limited or server error - not judged, will be retried"
1185080,"Kosakowski, Jakub",chesscom,Kosak12,https://www.chess.com/member/Kosak12,alive,200,no action
1185080,"Kosakowski, Jakub",chesscomPlayer,jakub-kosakowski,https://www.chess.com/players/jakub-kosakowski,unknown,rate limited (HTTP 429),"rate-limited or server error - not judged, will be retried"
1185080,"Kosakowski, Jakub",chessgames,142125,https://www.chessgames.com/perl/chessplayer?pid=142125,unknown,rate limited (HTTP 429),"rate-limited or server error - not judged, will be retried"
901466,"Kosanovic, Goran A",chesscom,KosanovicGoran,https://www.chess.com/member/KosanovicGoran,alive,200,no action
901466,"Kosanovic, Goran A",chesscomPlayer,goran-a-kosanovic,https://www.chess.com/players/goran-a-kosanovic,unknown,rate limited (HTTP 429),"rate-limited or server error - not judged, will be retried"
901466,"Kosanovic, Goran A",chessgames,27169,https://www.chessgames.com/perl/chessplayer?pid=27169,unknown,rate limited (HTTP 429),"rate-limited or server error - not judged, will be retried"
2800080,"Kosashvili, Yona",chesscomPlayer,yona-kosashvili,https://www.chess.com/players/yona-kosashvili,alive,200,no action
2800080,"Kosashvili, Yona",chessgames,36869,https://www.chessgames.com/perl/chessplayer?pid=36869,unknown,rate limited (HTTP 429),"rate-limited or server error - not judged, will be retried"
2800080,"Kosashvili, Yona",website,http://www.kosashvili.com,http://www.kosashvili.com,alive,200,no action
900290,"Kosic, Dragan",chesscomPlayer,dragan-kosic,https://www.chess.com/players/dragan-kosic,unknown,rate limited (HTTP 429),"rate-limited or server error - not judged, will be retried"
900290,"Kosic, Dragan",chessgames,25638,https://www.chessgames.com/perl/chessplayer?pid=25638,unknown,rate limited (HTTP 429),"rate-limited or server error - not judged, will be retried"
4134974,"Kosintseva, Nadezhda",chesscom,Karavanela,https://www.chess.com/member/Karavanela,alive,200,no action
4134974,"Kosintseva, Nadezhda",chesscomPlayer,nadezhda-kosintseva,https://www.chess.com/players/nadezhda-kosintseva,unknown,rate limited (HTTP 429),"rate-limited or server error - not judged, will be retried"
4134974,"Kosintseva, Nadezhda",chessgames,70078,https://www.chessgames.com/perl/chessplayer?pid=70078,unknown,rate limited (HTTP 429),"rate-limited or server error - not judged, will be retried"
4133471,"Kosintseva, Tatiana",chesscomPlayer,tatiana-kosintseva,https://www.chess.com/players/tatiana-kosintseva,unknown,rate limited (HTTP 429),"rate-limited or server error - not judged, will be retried"
4133471,"Kosintseva, Tatiana",chessgames,53061,https://www.chessgames.com/perl/chessplayer?pid=53061,unknown,rate limited (HTTP 429),"rate-limited or server error - not judged, will be retried"
400114,"Kosten, Anthony C.",chesscomPlayer,anthony-c-kosten,https://www.chess.com/players/anthony-c-kosten,alive,200,no action
400114,"Kosten, Anthony C.",chessgames,13804,https://www.chessgames.com/perl/chessplayer?pid=13804,unknown,rate limited (HTTP 429),"rate-limited or server error - not judged, will be retried"
4128125,"Kosteniuk, Alexandra",chesscom,ChessQueen,https://www.chess.com/member/ChessQueen,alive,200,no action
4128125,"Kosteniuk, Alexandra",chesscomPlayer,alexandra-kosteniuk,https://www.chess.com/players/alexandra-kosteniuk,unknown,rate limited (HTTP 429),"rate-limited or server error - not judged, will be retried"
4128125,"Kosteniuk, Alexandra",chessgames,10940,https://www.chessgames.com/perl/chessplayer?pid=10940,unknown,rate limited (HTTP 429),"rate-limited or server error - not judged, will be retried"
4128125,"Kosteniuk, Alexandra",x,chessqueen,https://x.com/chessqueen,alive,200,no action
4128125,"Kosteniuk, Alexandra",website,http://www.kosteniuk.com,http://www.kosteniuk.com,alive,200,no action
4128125,"Kosteniuk, Alexandra",facebook,chessqueen,,unchecked,returns HTTP 400 to all automated requests,cannot be tested from a server - left in place
4128125,"Kosteniuk, Alexandra",instagram,chessqueen,,unchecked,login wall answers 200 for missing profiles,cannot be tested from a server - left in place
4128125,"Kosteniuk, Alexandra",youtube,UCTol4y59smqTXeT_9JYYcEg,,unchecked,consent page answers 200 for missing channels,cannot be tested from a server - left in place
4128125,"Kosteniuk, Alexandra",twitch,chessqueen,,unchecked,app shell answers 200 for missing channels,cannot be tested from a server - left in place
13700669,"Kostenko, Petr",chesscom,petrkostenko,https://www.chess.com/member/petrkostenko,alive,200,no action
13700669,"Kostenko, Petr",chesscomPlayer,pyotr-kostenko,https://www.chess.com/players/pyotr-kostenko,alive,200,no action
13700669,"Kostenko, Petr",chessgames,36256,https://www.chessgames.com/perl/chessplayer?pid=36256,unknown,rate limited (HTTP 429),"rate-limited or server error - not judged, will be retried"
901482,"Kostic, Vladimir G",chesscomPlayer,vladimir-g-kostic,https://www.chess.com/players/vladimir-g-kostic,unknown,rate limited (HTTP 429),"rate-limited or server error - not judged, will be retried"
901482,"Kostic, Vladimir G",chessgames,36798,https://www.chessgames.com/perl/chessplayer?pid=36798,unknown,rate limited (HTTP 429),"rate-limited or server error - not judged, will be retried"
4122259,"Kosyrev, Vladimir",chesscomPlayer,vladimir-kosyrev,https://www.chess.com/players/vladimir-kosyrev,unknown,rate limited (HTTP 429),"rate-limited or server error - not judged, will be retried"
4122259,"Kosyrev, Vladimir",chessgames,52179,https://www.chessgames.com/perl/chessplayer?pid=52179,unknown,rate limited (HTTP 429),"rate-limited or server error - not judged, will be retried"
13301250,"Kotanjian, Tigran",chesscom,Axves,https://www.chess.com/member/Axves,alive,200,no action
13301250,"Kotanjian, Tigran",chesscomPlayer,tigran-kotanjian,https://www.chess.com/players/tigran-kotanjian,alive,200,no action
13301250,"Kotanjian, Tigran",chessgames,50097,https://www.chessgames.com/perl/chessplayer?pid=50097,unknown,rate limited (HTTP 429),"rate-limited or server error - not judged, will be retried"
5900212,"Kotronias, Vasilios",chesscomPlayer,vasilios-kotronias,https://www.chess.com/players/vasilios-kotronias,unknown,rate limited (HTTP 429),"rate-limited or server error - not judged, will be retried"
5900212,"Kotronias, Vasilios",chessgames,14587,https://www.chessgames.com/perl/chessplayer?pid=14587,unknown,rate limited (HTTP 429),"rate-limited or server error - not judged, will be retried"
13700278,"Kotsur, Pavel",chesscom,Barys1974,https://www.chess.com/member/Barys1974,alive,200,no action
13700278,"Kotsur, Pavel",chesscomPlayer,pavel-kotsur,https://www.chess.com/players/pavel-kotsur,unknown,rate limited (HTTP 429),"rate-limited or server error - not judged, will be retried"
13700278,"Kotsur, Pavel",chessgames,18255,https://www.chessgames.com/perl/chessplayer?pid=18255,unknown,rate limited (HTTP 429),"rate-limited or server error - not judged, will be retried"
13700278,"Kotsur, Pavel",lichess,Barys74,https://lichess.org/@/Barys74,unknown,rate limited (HTTP 429),"rate-limited or server error - not judged, will be retried"
600032,"Kouatly, Bachar",chesscomPlayer,bachar-kouatly,https://www.chess.com/players/bachar-kouatly,unknown,rate limited (HTTP 429),"rate-limited or server error - not judged, will be retried"
600032,"Kouatly, Bachar",chessgames,16228,https://www.chessgames.com/perl/chessplayer?pid=16228,unknown,rate limited (HTTP 429),"rate-limited or server error - not judged, will be retried"
4221990,"Kourkoulos-Arditis, Stamatis",chesscom,DarkAlekhine,https://www.chess.com/member/DarkAlekhine,alive,200,no action
4221990,"Kourkoulos-Arditis, Stamatis",chesscomPlayer,stamatis-kourkoulos-arditis,https://www.chess.com/players/stamatis-kourkoulos-arditis,unknown,rate limited (HTTP 429),"rate-limited or server error - not judged, will be retried"
4221990,"Kourkoulos-Arditis, Stamatis",chessgames,131536,https://www.chessgames.com/perl/chessplayer?pid=131536,unknown,rate limited (HTTP 429),"rate-limited or server error - not judged, will be retried"
25073060,Koustav Chatterjee,chesscom,KoustavChatterjee1,https://www.chess.com/member/KoustavChatterjee1,alive,200,no action
25073060,Koustav Chatterjee,chesscomPlayer,koustav-chatterjee,https://www.chess.com/players/koustav-chatterjee,alive,200,no action
25073060,Koustav Chatterjee,chessgames,160800,https://www.chessgames.com/perl/chessplayer?pid=160800,unknown,rate limited (HTTP 429),"rate-limited or server error - not judged, will be retried"
25073060,Koustav Chatterjee,lichess,Koustav123456,https://lichess.org/@/Koustav123456,dead,HTTP 404,removed from roster.csv - replace with the current handle if you find one
903124,"Kovacevic, Aleksandar",chesscomPlayer,aleksandar-kovacevic,https://www.chess.com/players/aleksandar-kovacevic,unknown,rate limited (HTTP 429),"rate-limited or server error - not judged, will be retried"
903124,"Kovacevic, Aleksandar",chessgames,37987,https://www.chessgames.com/perl/chessplayer?pid=37987,unknown,rate limited (HTTP 429),"rate-limited or server error - not judged, will be retried"
14502712,"Kovacevic, Blazimir",chesscomPlayer,blazimir-kovacevic,https://www.chess.com/players/blazimir-kovacevic,unknown,rate limited (HTTP 429),"rate-limited or server error - not judged, will be retried"
14502712,"Kovacevic, Blazimir",chessgames,42044,https://www.chessgames.com/perl/chessplayer?pid=42044,unknown,rate limited (HTTP 429),"rate-limited or server error - not judged, will be retried"
14500078,"Kovacevic, Vlatko",chesscomPlayer,vlatko-kovacevic,https://www.chess.com/players/vlatko-kovacevic,unknown,rate limited (HTTP 429),"rate-limited or server error - not judged, will be retried"
14500078,"Kovacevic, Vlatko",chessgames,42463,https://www.chessgames.com/perl/chessplayer?pid=42463,unknown,rate limited (HTTP 429),"rate-limited or server error - not judged, will be retried"
14117908,"Kovalenko, Igor",chesscom,igorkovalenko,https://www.chess.com/member/igorkovalenko,alive,200,no action
14117908,"Kovalenko, Igor",chesscomPlayer,igor-kovalenko,https://www.chess.com/players/igor-kovalenko,alive,200,no action
14117908,"Kovalenko, Igor",chessgames,124564,https://www.chessgames.com/perl/chessplayer?pid=124564,unknown,rate limited (HTTP 429),"rate-limited or server error - not judged, will be retried"
14117908,"Kovalenko, Igor",lichess,IVK88,https://lichess.org/@/IVK88,unknown,rate limited (HTTP 429),"rate-limited or server error - not judged, will be retried"
14117908,"Kovalenko, Igor",x,KovalenkoIg,https://x.com/KovalenkoIg,alive,200,no action
14117908,"Kovalenko, Igor",facebook,igor.kovalenko.7777,,unchecked,returns HTTP 400 to all automated requests,cannot be tested from a server - left in place
14117908,"Kovalenko, Igor",instagram,gross_logos,,unchecked,login wall answers 200 for missing profiles,cannot be tested from a server - left in place
13500023,"Kovalev, Andrei",chesscomPlayer,andrei-kovalev,https://www.chess.com/players/andrei-kovalev,unknown,rate limited (HTTP 429),"rate-limited or server error - not judged, will be retried"
13500023,"Kovalev, Andrei",chessgames,14058,https://www.chessgames.com/perl/chessplayer?pid=14058,unknown,rate limited (HTTP 429),"rate-limited or server error - not judged, will be retried"
13504398,"Kovalev, Vladislav",chesscom,vladislavkovalev,https://www.chess.com/member/vladislavkovalev,alive,200,no action
13504398,"Kovalev, Vladislav",chesscomPlayer,vladislav-kovalev,https://www.chess.com/players/vladislav-kovalev,unknown,rate limited (HTTP 429),"rate-limited or server error - not judged, will be retried"
13504398,"Kovalev, Vladislav",chessgames,117697,https://www.chessgames.com/perl/chessplayer?pid=117697,unknown,rate limited (HTTP 429),"rate-limited or server error - not judged, will be retried"
13504398,"Kovalev, Vladislav",lichess,Esssquire,https://lichess.org/@/Esssquire,alive,200,no action
13504398,"Kovalev, Vladislav",instagram,kovalev_chess,,unchecked,login wall answers 200 for missing profiles,cannot be tested from a server - left in place
114987,"Kovalyov, Anton",chesscomPlayer,anton-kovalyov,https://www.chess.com/players/anton-kovalyov,unknown,rate limited (HTTP 429),"rate-limited or server error - not judged, will be retried"
114987,"Kovalyov, Anton",chessgames,96626,https://www.chessgames.com/perl/chessplayer?pid=96626,unknown,rate limited (HTTP 429),"rate-limited or server error - not judged, will be retried"
14103052,"Kovchan, Alexander",chesscomPlayer,alexander-kovchan,https://www.chess.com/players/alexander-kovchan,alive,200,no action
14103052,"Kovchan, Alexander",chessgames,72144,https://www.chessgames.com/perl/chessplayer?pid=72144,unknown,rate limited (HTTP 429),"rate-limited or server error - not judged, will be retried"
753246,"Kozak, Adam",chesscom,MrTattaglia,https://www.chess.com/member/MrTattaglia,alive,200,no action
753246,"Kozak, Adam",chesscomPlayer,adam-kozak,https://www.chess.com/players/adam-kozak,unknown,rate limited (HTTP 429),"rate-limited or server error - not judged, will be retried"
753246,"Kozak, Adam",chessgames,140941,https://www.chessgames.com/perl/chessplayer?pid=140941,unknown,rate limited (HTTP 429),"rate-limited or server error - not judged, will be retried"
14102234,"Koziak, Vitali",chesscomPlayer,vitali-koziak,https://www.chess.com/players/vitali-koziak,alive,200,no action
14102234,"Koziak, Vitali",chessgames,88083,https://www.chessgames.com/perl/chessplayer?pid=88083,unknown,rate limited (HTTP 429),"rate-limited or server error - not judged, will be retried"
14502879,"Kozul, Zdenko",chesscomPlayer,zdenko-kozul,https://www.chess.com/players/zdenko-kozul,alive,200,no action
14502879,"Kozul, Zdenko",chessgames,13992,https://www.chessgames.com/perl/chessplayer?pid=13992,unknown,rate limited (HTTP 429),"rate-limited or server error - not judged, will be retried"
2002035,"Kraai, Jesse",chesscom,JesseKraai,https://www.chess.com/member/JesseKraai,alive,200,no action
2002035,"Kraai, Jesse",chesscomPlayer,jesse-kraai,https://www.chess.com/players/jesse-kraai,unknown,rate limited (HTTP 429),"rate-limited or server error - not judged, will be retried"
2002035,"Kraai, Jesse",chessgames,27254,https://www.chessgames.com/perl/chessplayer?pid=27254,unknown,rate limited (HTTP 429),"rate-limited or server error - not judged, will be retried"
2002035,"Kraai, Jesse",x,JesseKraai,https://x.com/JesseKraai,alive,200,no action
4671910,"Kraemer, Martin",chesscomPlayer,martin-kraemer,https://www.chess.com/players/martin-kraemer,unknown,rate limited (HTTP 429),"rate-limited or server error - not judged, will be retried"
4671910,"Kraemer, Martin",chessgames,68676,https://www.chessgames.com/perl/chessplayer?pid=68676,unknown,rate limited (HTTP 429),"rate-limited or server error - not judged, will be retried"
4671910,"Kraemer, Martin",lichess,DrawDenied_Twitch,https://lichess.org/@/DrawDenied_Twitch,alive,200,no action
4671910,"Kraemer, Martin",twitch,DrawDenied,,unchecked,app shell answers 200 for missing channels,cannot be tested from a server - left in place
2800187,"Kraidman, Yair",chesscomPlayer,yair-kraidman,https://www.chess.com/players/yair-kraidman,alive,200,no action
2800187,"Kraidman, Yair",chessgames,24431,https://www.chessgames.com/perl/chessplayer?pid=24431,unknown,rate limited (HTTP 429),"rate-limited or server error - not judged, will be retried"
11600462,"Krakops, Maris",chesscomPlayer,maris-krakops,https://www.chess.com/players/maris-krakops,unknown,rate limited (HTTP 429),"rate-limited or server error - not judged, will be retried"
11600462,"Krakops, Maris",chessgames,27756,https://www.chessgames.com/perl/chessplayer?pid=27756,unknown,rate limited (HTTP 429),"rate-limited or server error - not judged, will be retried"
12921742,"Kramer, Julian",chesscomPlayer,julian-kramer,https://www.chess.com/players/julian-kramer,unknown,rate limited (HTTP 429),"rate-limited or server error - not judged, will be retried"
12921742,"Kramer, Julian",chessgames,138897,https://www.chessgames.com/perl/chessplayer?pid=138897,unknown,rate limited (HTTP 429),"rate-limited or server error - not judged, will be retried"
4101588,"Kramnik, Vladimir",chesscom,VladimirKramnik,https://www.chess.com/member/VladimirKramnik,alive,200,no action
4101588,"Kramnik, Vladimir",chesscomPlayer,vladimir-kramnik,https://www.chess.com/players/vladimir-kramnik,unknown,rate limited (HTTP 429),"rate-limited or server error - not judged, will be retried"
4101588,"Kramnik, Vladimir",chessgames,12295,https://www.chessgames.com/perl/chessplayer?pid=12295,unknown,rate limited (HTTP 429),"rate-limited or server error - not judged, will be retried"
4101588,"Kramnik, Vladimir",lichess,veteran75,https://lichess.org/@/veteran75,alive,200,no action
4101588,"Kramnik, Vladimir",x,VBkramnik,https://x.com/VBkramnik,alive,200,no action
4101588,"Kramnik, Vladimir",website,http://www.kramnik.com,http://www.kramnik.com,dead,domain does not resolve,removed from roster.csv - replace with the current handle if you find one
4101588,"Kramnik, Vladimir",youtube,UChHcNOWeqOgy4CM66Y6VZSA,,unchecked,consent page answers 200 for missing channels,cannot be tested from a server - left in place
4154720,"Krapivin, Alexander",chesscomPlayer,alexander-krapivin,https://www.chess.com/players/alexander-krapivin,unknown,rate limited (HTTP 429),"rate-limited or server error - not judged, will be retried"
4154720,"Krapivin, Alexander",chessgames,54650,https://www.chessgames.com/perl/chessplayer?pid=54650,unknown,rate limited (HTTP 429),"rate-limited or server error - not judged, will be retried"
1113100,"Krasenkow, Michal",chesscom,mickey632702,https://www.chess.com/member/mickey632702,alive,200,no action
1113100,"Krasenkow, Michal",chesscomPlayer,michal-krasenkow,https://www.chess.com/players/michal-krasenkow,alive,200,no action
1113100,"Krasenkow, Michal",chessgames,16340,https://www.chessgames.com/perl/chessplayer?pid=16340,unknown,rate limited (HTTP 429),"rate-limited or server error - not judged, will be retried"
331708,"Kraus, Tomas",chesscomPlayer,tomas-kraus,https://www.chess.com/players/tomas-kraus,unknown,rate limited (HTTP 429),"rate-limited or server error - not judged, will be retried"
331708,"Kraus, Tomas",chessgames,118262,https://www.chessgames.com/perl/chessplayer?pid=118262,unknown,rate limited (HTTP 429),"rate-limited or server error - not judged, will be retried"
14113147,"Kravtsiv, Martyn",chesscom,Cayse,https://www.chess.com/member/Cayse,alive,200,no action
14113147,"Kravtsiv, Martyn",chesscomPlayer,martyn-kravtsiv,https://www.chess.com/players/martyn-kravtsiv,unknown,rate limited (HTTP 429),"rate-limited or server error - not judged, will be retried"
14113147,"Kravtsiv, Martyn",chessgames,87963,https://www.chessgames.com/perl/chessplayer?pid=87963,unknown,rate limited (HTTP 429),"rate-limited or server error - not judged, will be retried"
2007770,"Kreiman, Boris",chesscomPlayer,boris-kreiman,https://www.chess.com/players/boris-kreiman,unknown,rate limited (HTTP 429),"rate-limited or server error - not judged, will be retried"
2007770,"Kreiman, Boris",chessgames,14276,https://www.chessgames.com/perl/chessplayer?pid=14276,unknown,rate limited (HTTP 429),"rate-limited or server error - not judged, will be retried"
2007770,"Kreiman, Boris",x,boriskreiman,https://x.com/boriskreiman,alive,200,no action
2007770,"Kreiman, Boris",facebook,boris.kreiman,,unchecked,returns HTTP 400 to all automated requests,cannot be tested from a server - left in place
322156,"Krejci, Jan",chesscomPlayer,jan-krejci,https://www.chess.com/players/jan-krejci,alive,200,no action
322156,"Krejci, Jan",chessgames,50857,https://www.chessgames.com/perl/chessplayer?pid=50857,unknown,rate limited (HTTP 429),"rate-limited or server error - not judged, will be retried"
1400061,"Kristiansen, Jens",chesscomPlayer,jens-kristiansen,https://www.chess.com/players/jens-kristiansen,unknown,rate limited (HTTP 429),"rate-limited or server error - not judged, will be retried"
1400061,"Kristiansen, Jens",chessgames,15125,https://www.chessgames.com/perl/chessplayer?pid=15125,unknown,rate limited (HTTP 429),"rate-limited or server error - not judged, will be retried"
4653530,"Kritz, Leonid",chesscom,GrafDeMonteKritz,https://www.chess.com/member/GrafDeMonteKritz,alive,200,no action
4653530,"Kritz, Leonid",chesscomPlayer,leonid-kritz,https://www.chess.com/players/leonid-kritz,unknown,rate limited (HTTP 429),"rate-limited or server error - not judged, will be retried"
4653530,"Kritz, Leonid",chessgames,52135,https://www.chessgames.com/perl/chessplayer?pid=52135,unknown,rate limited (HTTP 429),"rate-limited or server error - not judged, will be retried"
4155890,"Krivoborodov, Egor",chesscomPlayer,iegor-krivoborodov,https://www.chess.com/players/iegor-krivoborodov,unknown,rate limited (HTTP 429),"rate-limited or server error - not judged, will be retried"
4155890,"Krivoborodov, Egor",chessgames,54703,https://www.chessgames.com/perl/chessplayer?pid=54703,unknown,rate limited (HTTP 429),"rate-limited or server error - not judged, will be retried"
14102226,"Krivoshey, Sergei",chesscomPlayer,sergei-krivoshey,https://www.chess.com/players/sergei-krivoshey,alive,200,no action
14102226,"Krivoshey, Sergei",chessgames,44445,https://www.chessgames.com/perl/chessplayer?pid=44445,unknown,rate limited (HTTP 429),"rate-limited or server error - not judged, will be retried"
4100565,"Krogius, Nikolai V.",chesscomPlayer,nikolai-v-krogius,https://www.chess.com/players/nikolai-v-krogius,unknown,rate limited (HTTP 429),"rate-limited or server error - not judged, will be retried"
4100565,"Krogius, Nikolai V.",chessgames,30026,https://www.chessgames.com/perl/chessplayer?pid=30026,unknown,rate limited (HTTP 429),"rate-limited or server error - not judged, will be retried"
14100142,"Kruppa, Yuri",chesscomPlayer,yuri-kruppa,https://www.chess.com/players/yuri-kruppa,unknown,rate limited (HTTP 429),"rate-limited or server error - not judged, will be retried"
14100142,"Kruppa, Yuri",chessgames,18075,https://www.chessgames.com/perl/chessplayer?pid=18075,unknown,rate limited (HTTP 429),"rate-limited or server error - not judged, will be retried"
2012782,"Krush, Irina",chesscom,Irochka83,https://www.chess.com/member/Irochka83,alive,200,no action
2012782,"Krush, Irina",chesscomPlayer,irina-krush,https://www.chess.com/players/irina-krush,unknown,rate limited (HTTP 429),"rate-limited or server error - not judged, will be retried"
2012782,"Krush, Irina",chessgames,49592,https://www.chessgames.com/perl/chessplayer?pid=49592,unknown,rate limited (HTTP 429),"rate-limited or server error - not judged, will be retried"
2012782,"Krush, Irina",x,irinakrush,https://x.com/irinakrush,alive,200,no action
2012782,"Krush, Irina",facebook,gm.irinakrush,,unchecked,returns HTTP 400 to all automated requests,cannot be tested from a server - left in place
4153278,"Kryakvin, Dmitry",chesscom,SavelijTartakover,https://www.chess.com/member/SavelijTartakover,alive,200,no action
4153278,"Kryakvin, Dmitry",chesscomPlayer,dmitry-kryakvin,https://www.chess.com/players/dmitry-kryakvin,alive,200,no action
4153278,"Kryakvin, Dmitry",chessgames,107160,https://www.chessgames.com/perl/chessplayer?pid=107160,unknown,rate limited (HTTP 429),"rate-limited or server error - not judged, will be retried"
4151364,"Krylov, Mikhail",chesscomPlayer,mikhail-krylov,https://www.chess.com/players/mikhail-krylov,unknown,rate limited (HTTP 429),"rate-limited or server error - not judged, will be retried"
4151364,"Krylov, Mikhail",chessgames,109152,https://www.chessgames.com/perl/chessplayer?pid=109152,unknown,rate limited (HTTP 429),"rate-limited or server error - not judged, will be retried"
116807,"Krysa, Leandro",chesscom,olksuna,https://www.chess.com/member/olksuna,alive,200,no action
116807,"Krysa, Leandro",chesscomPlayer,leandro-krysa,https://www.chess.com/players/leandro-krysa,unknown,rate limited (HTTP 429),"rate-limited or server error - not judged, will be retried"
116807,"Krysa, Leandro",chessgames,118602,https://www.chessgames.com/perl/chessplayer?pid=118602,unknown,rate limited (HTTP 429),"rate-limited or server error - not judged, will be retried"
14109182,"Kryvoruchko, Yuriy",chesscomPlayer,yuriy-kryvoruchko,https://www.chess.com/players/yuriy-kryvoruchko,unknown,rate limited (HTTP 429),"rate-limited or server error - not judged, will be retried"
14109182,"Kryvoruchko, Yuriy",chessgames,98719,https://www.chessgames.com/perl/chessplayer?pid=98719,unknown,rate limited (HTTP 429),"rate-limited or server error - not judged, will be retried"
14109182,"Kryvoruchko, Yuriy",website,http://grandcoach.com/ru/students/10/,http://grandcoach.com/ru/students/10/,alive,200,no action
1132199,"Krzyzanowski, Marcin",chesscom,krzyzan94,https://www.chess.com/member/krzyzan94,alive,200,no action
1132199,"Krzyzanowski, Marcin",chesscomPlayer,marcin-krzyzanowski,https://www.chess.com/players/marcin-krzyzanowski,unknown,rate limited (HTTP 429),"rate-limited or server error - not judged, will be retried"
1132199,"Krzyzanowski, Marcin",chessgames,119976,https://www.chessgames.com/perl/chessplayer?pid=119976,unknown,rate limited (HTTP 429),"rate-limited or server error - not judged, will be retried"
1100033,"Kuczynski, Robert",chesscomPlayer,robert-kuczynski,https://www.chess.com/players/robert-kuczynski,alive,200,no action
1100033,"Kuczynski, Robert",chessgames,11654,https://www.chessgames.com/perl/chessplayer?pid=11654,unknown,rate limited (HTTP 429),"rate-limited or server error - not judged, will be retried"
2000164,"Kudrin, Sergey",chesscom,stupid11,https://www.chess.com/member/stupid11,alive,200,no action
2000164,"Kudrin, Sergey",chesscomPlayer,sergey-kudrin,https://www.chess.com/players/sergey-kudrin,unknown,rate limited (HTTP 429),"rate-limited or server error - not judged, will be retried"
2000164,"Kudrin, Sergey",chessgames,12151,https://www.chessgames.com/perl/chessplayer?pid=12151,unknown,rate limited (HTTP 429),"rate-limited or server error - not judged, will be retried"
4500261,"Kulaots, Kaido",chesscomPlayer,kaido-kulaots,https://www.chess.com/players/kaido-kulaots,unknown,rate limited (HTTP 429),"rate-limited or server error - not judged, will be retried"
4500261,"Kulaots, Kaido",chessgames,19909,https://www.chessgames.com/perl/chessplayer?pid=19909,unknown,rate limited (HTTP 429),"rate-limited or server error - not judged, will be retried"
1100092,"Kuligowski, Adam",chesscomPlayer,adam-kuligowski,https://www.chess.com/players/adam-kuligowski,unknown,rate limited (HTTP 429),"rate-limited or server error - not judged, will be retried"
1100092,"Kuligowski, Adam",chessgames,14874,https://www.chessgames.com/perl/chessplayer?pid=14874,unknown,rate limited (HTTP 429),"rate-limited or server error - not judged, will be retried"
14506661,"Kuljasevic, Davorin",chesscom,DavorinKuljasevic,https://www.chess.com/member/DavorinKuljasevic,alive,200,no action
14506661,"Kuljasevic, Davorin",chesscomPlayer,davorin-kuljasevic,https://www.chess.com/players/davorin-kuljasevic,alive,200,no action
14506661,"Kuljasevic, Davorin",chessgames,49214,https://www.chessgames.com/perl/chessplayer?pid=49214,unknown,rate limited (HTTP 429),"rate-limited or server error - not judged, will be retried"
14506661,"Kuljasevic, Davorin",lichess,GrandmasterThinking,https://lichess.org/@/GrandmasterThinking,alive,200,no action
401978,"Kumaran, Dharshan",chesscomPlayer,dharshan-kumaran,https://www.chess.com/players/dharshan-kumaran,unknown,rate limited (HTTP 429),"rate-limited or server error - not judged, will be retried"
401978,"Kumaran, Dharshan",chessgames,20359,https://www.chessgames.com/perl/chessplayer?pid=20359,unknown,rate limited (HTTP 429),"rate-limited or server error - not judged, will be retried"
4128737,"Kunin, Vitaly",chesscom,Rumpel-VK,https://www.chess.com/member/Rumpel-VK,alive,200,no action
4128737,"Kunin, Vitaly",chesscomPlayer,vitaly-kunin,https://www.chess.com/players/vitaly-kunin,unknown,rate limited (HTTP 429),"rate-limited or server error - not judged, will be retried"
4128737,"Kunin, Vitaly",chessgames,12341,https://www.chessgames.com/perl/chessplayer?pid=12341,unknown,rate limited (HTTP 429),"rate-limited or server error - not judged, will be retried"
5002265,"Kunte, Abhijit",chesscom,abhyak,https://www.chess.com/member/abhyak,alive,200,no action
5002265,"Kunte, Abhijit",chesscomPlayer,abhijit-kunte,https://www.chess.com/players/abhijit-kunte,unknown,rate limited (HTTP 429),"rate-limited or server error - not judged, will be retried"
5002265,"Kunte, Abhijit",chessgames,34909,https://www.chessgames.com/perl/chessplayer?pid=34909,unknown,rate limited (HTTP 429),"rate-limited or server error - not judged, will be retried"
5002265,"Kunte, Abhijit",x,chessgmkunte,https://x.com/chessgmkunte,alive,200,no action
14400057,"Kurajica, Bojan",chesscomPlayer,bojan-kurajica,https://www.chess.com/players/bojan-kurajica,alive,200,no action
14400057,"Kurajica, Bojan",chessgames,41958,https://www.chessgames.com/perl/chessplayer?pid=41958,unknown,rate limited (HTTP 429),"rate-limited or server error - not judged, will be retried"
4142527,"Kurnosov, Igor",chessgames,49730,https://www.chessgames.com/perl/chessplayer?pid=49730,unknown,rate limited (HTTP 429),"rate-limited or server error - not judged, will be retried"
15000010,"Kutirov, Rolando",chesscomPlayer,rolando-kutirov,https://www.chess.com/players/rolando-kutirov,alive,200,no action
15000010,"Kutirov, Rolando",chessgames,17033,https://www.chessgames.com/perl/chessplayer?pid=17033,unknown,rate limited (HTTP 429),"rate-limited or server error - not judged, will be retried"
15000010,"Kutirov, Rolando",lichess,KutirovGM,https://lichess.org/@/KutirovGM,unknown,rate limited (HTTP 429),"rate-limited or server error - not judged, will be retried"
14203049,"Kuybokarov, Temur",chesscom,KuybokarovTemur,https://www.chess.com/member/KuybokarovTemur,alive,200,no action
14203049,"Kuybokarov, Temur",chesscomPlayer,temur-kuybokarov,https://www.chess.com/players/temur-kuybokarov,unknown,rate limited (HTTP 429),"rate-limited or server error - not judged, will be retried"
14203049,"Kuybokarov, Temur",chessgames,147720,https://www.chessgames.com/perl/chessplayer?pid=147720,unknown,rate limited (HTTP 429),"rate-limited or server error - not judged, will be retried"
4100794,"Kuzmin, Alexey",chesscomPlayer,alexey-kuzmin,https://www.chess.com/players/alexey-kuzmin,unknown,rate limited (HTTP 429),"rate-limited or server error - not judged, will be retried"
4100794,"Kuzmin, Alexey",chessgames,15093,https://www.chessgames.com/perl/chessplayer?pid=15093,unknown,rate limited (HTTP 429),"rate-limited or server error - not judged, will be retried"
14112906,"Kuzubov, Yuriy",chesscom,KuzubovYuriy,https://www.chess.com/member/KuzubovYuriy,alive,200,no action
14112906,"Kuzubov, Yuriy",chesscomPlayer,yuriy-kuzubov,https://www.chess.com/players/yuriy-kuzubov,unknown,rate limited (HTTP 429),"rate-limited or server error - not judged, will be retried"
14112906,"Kuzubov, Yuriy",chessgames,66770,https://www.chessgames.com/perl/chessplayer?pid=66770,unknown,rate limited (HTTP 429),"rate-limited or server error - not judged, will be retried"
14112906,"Kuzubov, Yuriy",lichess,KuzubovY,https://lichess.org/@/KuzubovY,alive,200,no action
1528815,"Kvaloy, Aksel Bu",chesscomPlayer,aksel-bu-kvaloy,https://www.chess.com/players/aksel-bu-kvaloy,alive,200,no action
1528815,"Kvaloy, Aksel Bu",chessgames,158682,https://www.chessgames.com/perl/chessplayer?pid=158682,unknown,rate limited (HTTP 429),"rate-limited or server error - not judged, will be retried"
14201356,"Kvon, Andrey",chesscom,YoungUzbek,https://www.chess.com/member/YoungUzbek,dead,HTTP 404,removed from roster.csv - replace with the current handle if you find one
14201356,"Kvon, Andrey",chesscomPlayer,andrey-kvon,https://www.chess.com/players/andrey-kvon,unknown,rate limited (HTTP 429),"rate-limited or server error - not judged, will be retried"
14201356,"Kvon, Andrey",chessgames,98399,https://www.chessgames.com/perl/chessplayer?pid=98399,unknown,rate limited (HTTP 429),"rate-limited or server error - not judged, will be retried"
700282,"Kállai, Gábor",chesscomPlayer,gabor-kallai,https://www.chess.com/players/gabor-kallai,unknown,rate limited (HTTP 429),"rate-limited or server error - not judged, will be retried"
700282,"Kállai, Gábor",chessgames,15241,https://www.chessgames.com/perl/chessplayer?pid=15241,unknown,rate limited (HTTP 429),"rate-limited or server error - not judged, will be retried"
1007998,"L'Ami, Erwin",chesscom,erwinlami,https://www.chess.com/member/erwinlami,alive,200,no action
1007998,"L'Ami, Erwin",chesscomPlayer,erwin-lami,https://www.chess.com/players/erwin-lami,alive,200,no action
1007998,"L'Ami, Erwin",chessgames,10945,https://www.chessgames.com/perl/chessplayer?pid=10945,unknown,rate limited (HTTP 429),"rate-limited or server error - not judged, will be retried"
1007998,"L'Ami, Erwin",x,erwinLami,https://x.com/erwinLami,alive,200,no action
4500024,"Ladva, Ottomar",chesscom,agser,https://www.chess.com/member/agser,alive,200,no action
4500024,"Ladva, Ottomar",chesscomPlayer,ottomar-ladva,https://www.chess.com/players/ottomar-ladva,unknown,rate limited (HTTP 429),"rate-limited or server error - not judged, will be retried"
4500024,"Ladva, Ottomar",chessgames,132526,https://www.chessgames.com/perl/chessplayer?pid=132526,unknown,rate limited (HTTP 429),"rate-limited or server error - not judged, will be retried"
108820,"Lafuente, Pablo",chesscomPlayer,pablo-lafuente,https://www.chess.com/players/pablo-lafuente,unknown,rate limited (HTTP 429),"rate-limited or server error - not judged, will be retried"
108820,"Lafuente, Pablo",chessgames,55809,https://www.chessgames.com/perl/chessplayer?pid=55809,unknown,rate limited (HTTP 429),"rate-limited or server error - not judged, will be retried"
662399,"Lagarde, Maxime",chesscom,Rikikits,https://www.chess.com/member/Rikikits,alive,200,no action
662399,"Lagarde, Maxime",chesscomPlayer,maxime-lagarde,https://www.chess.com/players/maxime-lagarde,alive,200,no action
662399,"Lagarde, Maxime",chessgames,117694,https://www.chessgames.com/perl/chessplayer?pid=117694,unknown,rate limited (HTTP 429),"rate-limited or server error - not judged, will be retried"
14109336,"Lagno, Kateryna",chesscom,KaterynaLagno,https://www.chess.com/member/KaterynaLagno,alive,200,no action
14109336,"Lagno, Kateryna",chesscomPlayer,kateryna-lagno,https://www.chess.com/players/kateryna-lagno,unknown,rate limited (HTTP 429),"rate-limited or server error - not judged, will be retried"
14109336,"Lagno, Kateryna",chessgames,50277,https://www.chessgames.com/perl/chessplayer?pid=50277,unknown,rate limited (HTTP 429),"rate-limited or server error - not judged, will be retried"
916358,"Lajthajm, Borko",chesscomPlayer,borko-lajthajm,https://www.chess.com/players/borko-lajthajm,unknown,rate limited (HTTP 429),"rate-limited or server error - not judged, will be retried"
916358,"Lajthajm, Borko",chessgames,49594,https://www.chessgames.com/perl/chessplayer?pid=49594,unknown,rate limited (HTTP 429),"rate-limited or server error - not judged, will be retried"
409081,"Lalic, Bogdan",chesscom,B-unit,https://www.chess.com/member/B-unit,alive,200,no action
409081,"Lalic, Bogdan",chesscomPlayer,bogdan-lalic,https://www.chess.com/players/bogdan-lalic,unknown,rate limited (HTTP 429),"rate-limited or server error - not judged, will be retried"
409081,"Lalic, Bogdan",chessgames,14251,https://www.chessgames.com/perl/chessplayer?pid=14251,unknown,rate limited (HTTP 429),"rate-limited or server error - not judged, will be retried"
409081,"Lalic, Bogdan",lichess,BogdanLalic,https://lichess.org/@/BogdanLalic,alive,200,no action
5024595,Lalit Babu M R,chesscomPlayer,m-r-babu-lalith,https://www.chess.com/players/m-r-babu-lalith,unknown,rate limited (HTTP 429),"rate-limited or server error - not judged, will be retried"
5024595,Lalit Babu M R,chessgames,103208,https://www.chessgames.com/perl/chessplayer?pid=103208,unknown,rate limited (HTTP 429),"rate-limited or server error - not judged, will be retried"
600261,"Lamard, Guillaume",chesscom,goodluck06,https://www.chess.com/member/goodluck06,alive,200,no action
600261,"Lamard, Guillaume",chesscomPlayer,guillaume-lamard,https://www.chess.com/players/guillaume-lamard,unknown,rate limited (HTTP 429),"rate-limited or server error - not judged, will be retried"
600261,"Lamard, Guillaume",chessgames,134930,https://www.chessgames.com/perl/chessplayer?pid=134930,unknown,rate limited (HTTP 429),"rate-limited or server error - not judged, will be retried"
1303759,"Lampert, Jonas",chesscom,magnolie,https://www.chess.com/member/magnolie,alive,200,no action
1303759,"Lampert, Jonas",chesscomPlayer,jonas-lampert,https://www.chess.com/players/jonas-lampert,alive,200,no action
1303759,"Lampert, Jonas",chessgames,117636,https://www.chessgames.com/perl/chessplayer?pid=117636,unknown,rate limited (HTTP 429),"rate-limited or server error - not judged, will be retried"
4101685,"Landa, Konstantin",chesscom,KLan1,https://www.chess.com/member/KLan1,alive,200,no action
4101685,"Landa, Konstantin",chesscomPlayer,konstantin-landa,https://www.chess.com/players/konstantin-landa,unknown,rate limited (HTTP 429),"rate-limited or server error - not judged, will be retried"
4101685,"Landa, Konstantin",chessgames,14495,https://www.chessgames.com/perl/chessplayer?pid=14495,unknown,rate limited (HTTP 429),"rate-limited or server error - not judged, will be retried"
4101685,"Landa, Konstantin",x,LandaKostja,https://x.com/LandaKostja,alive,200,no action
4101685,"Landa, Konstantin",website,http://chesslanda.com,http://chesslanda.com,unknown,HTTP 403,"rate-limited or server error - not judged, will be retried"
11600047,"Lanka, Zigurds",chesscomPlayer,zigurds-lanka,https://www.chess.com/players/zigurds-lanka,unknown,rate limited (HTTP 429),"rate-limited or server error - not judged, will be retried"
11600047,"Lanka, Zigurds",chessgames,29646,https://www.chessgames.com/perl/chessplayer?pid=29646,unknown,rate limited (HTTP 429),"rate-limited or server error - not judged, will be retried"
2256444,"Larino Nieto, David",chesscom,Tartody,https://www.chess.com/member/Tartody,alive,200,no action
2256444,"Larino Nieto, David",chesscomPlayer,david-larino-nieto,https://www.chess.com/players/david-larino-nieto,alive,200,no action
2256444,"Larino Nieto, David",chessgames,56804,https://www.chessgames.com/perl/chessplayer?pid=56804,unknown,rate limited (HTTP 429),"rate-limited or server error - not judged, will be retried"
2256444,"Larino Nieto, David",lichess,Nitratochess,https://lichess.org/@/Nitratochess,alive,200,no action
2256444,"Larino Nieto, David",facebook,davidlarinonieto,,unchecked,returns HTTP 400 to all automated requests,cannot be tested from a server - left in place
13907808,"Lashkin, Jegor",chesscom,honestgames,https://www.chess.com/member/honestgames,alive,200,no action
13907808,"Lashkin, Jegor",chesscomPlayer,jegor-lashkin,https://www.chess.com/players/jegor-lashkin,unknown,rate limited (HTTP 429),"rate-limited or server error - not judged, will be retried"
4600134,"Lau, Ralf",chesscomPlayer,ralf-lau,https://www.chess.com/players/ralf-lau,unknown,rate limited (HTTP 429),"rate-limited or server error - not judged, will be retried"
4600134,"Lau, Ralf",chessgames,15134,https://www.chessgames.com/perl/chessplayer?pid=15134,unknown,rate limited (HTTP 429),"rate-limited or server error - not judged, will be retried"
26017962,"Laurent-Paoli, Pierre",chesscomPlayer,pierre-laurent-paoli,https://www.chess.com/players/pierre-laurent-paoli,unknown,rate limited (HTTP 429),"rate-limited or server error - not judged, will be retried"
26017962,"Laurent-Paoli, Pierre",chessgames,157393,https://www.chessgames.com/perl/chessplayer?pid=157393,unknown,rate limited (HTTP 429),"rate-limited or server error - not judged, will be retried"
12803731,"Laurusas, Tomas",chesscom,IMTominho,https://www.chess.com/member/IMTominho,dead,HTTP 404,removed from roster.csv - replace with the current handle if you find one
12803731,"Laurusas, Tomas",chesscomPlayer,tomas-laurusas,https://www.chess.com/players/tomas-laurusas,alive,200,no action
12803731,"Laurusas, Tomas",chessgames,124126,https://www.chessgames.com/perl/chessplayer?pid=124126,unknown,rate limited (HTTP 429),"rate-limited or server error - not judged, will be retried"
600016,"Lautier, Joel",chesscom,JoelLautier,https://www.chess.com/member/JoelLautier,alive,200,no action
600016,"Lautier, Joel",chesscomPlayer,joel-lautier,https://www.chess.com/players/joel-lautier,unknown,rate limited (HTTP 429),"rate-limited or server error - not judged, will be retried"
600016,"Lautier, Joel",chessgames,13867,https://www.chessgames.com/perl/chessplayer?pid=13867,unknown,rate limited (HTTP 429),"rate-limited or server error - not judged, will be retried"
5005361,"Laxman, R.R.",chesscom,INDIAN-ELEPHANT,https://www.chess.com/member/INDIAN-ELEPHANT,alive,200,no action
5005361,"Laxman, R.R.",chesscomPlayer,r-r-laxman,https://www.chess.com/players/r-r-laxman,unknown,rate limited (HTTP 429),"rate-limited or server error - not judged, will be retried"
5005361,"Laxman, R.R.",chessgames,88193,https://www.chessgames.com/perl/chessplayer?pid=88193,unknown,rate limited (HTTP 429),"rate-limited or server error - not judged, will be retried"
5201330,"Laylo, Darwin",chesscom,GM_DarwinLaylo,https://www.chess.com/member/GM_DarwinLaylo,alive,200,no action
5201330,"Laylo, Darwin",chesscomPlayer,darwin-laylo,https://www.chess.com/players/darwin-laylo,unknown,rate limited (HTTP 429),"rate-limited or server error - not judged, will be retried"
5201330,"Laylo, Darwin",chessgames,58265,https://www.chessgames.com/perl/chessplayer?pid=58265,unknown,rate limited (HTTP 429),"rate-limited or server error - not judged, will be retried"
5201330,"Laylo, Darwin",lichess,Darwin_Laylo01,https://lichess.org/@/Darwin_Laylo01,alive,200,no action
4113250,"Lazarev, Vladimir",chesscomPlayer,vladimir-lazarev,https://www.chess.com/players/vladimir-lazarev,unknown,rate limited (HTTP 429),"rate-limited or server error - not judged, will be retried"
4113250,"Lazarev, Vladimir",chessgames,17109,https://www.chessgames.com/perl/chessplayer?pid=17109,unknown,rate limited (HTTP 429),"rate-limited or server error - not judged, will be retried"
13515110,"Lazavik, Denis",chesscom,DenLaz,https://www.chess.com/member/DenLaz,alive,200,no action
13515110,"Lazavik, Denis",chesscomPlayer,denis-lazavik,https://www.chess.com/players/denis-lazavik,alive,200,no action
13515110,"Lazavik, Denis",chessgames,164023,https://www.chessgames.com/perl/chessplayer?pid=164023,unknown,rate limited (HTTP 429),"rate-limited or server error - not judged, will be retried"
13515110,"Lazavik, Denis",lichess,Pon4ik2006,https://lichess.org/@/Pon4ik2006,alive,200,no action
13515110,"Lazavik, Denis",instagram,denislazavik,,unchecked,login wall answers 200 for missing profiles,cannot be tested from a server - left in place
900788,"Lazic, Miroljub",chesscomPlayer,miroljub-lazic,https://www.chess.com/players/miroljub-lazic,unknown,rate limited (HTTP 429),"rate-limited or server error - not judged, will be retried"
900788,"Lazic, Miroljub",chessgames,28776,https://www.chessgames.com/perl/chessplayer?pid=28776,unknown,rate limited (HTTP 429),"rate-limited or server error - not judged, will be retried"
316385,"Laznicka, Viktor",chesscomPlayer,viktor-laznicka,https://www.chess.com/players/viktor-laznicka,unknown,rate limited (HTTP 429),"rate-limited or server error - not judged, will be retried"
316385,"Laznicka, Viktor",chessgames,54640,https://www.chessgames.com/perl/chessplayer?pid=54640,unknown,rate limited (HTTP 429),"rate-limited or server error - not judged, will be retried"
609404,"Le Roux, Jean-Pierre",chesscom,newtie4,https://www.chess.com/member/newtie4,dead,HTTP 404,removed from roster.csv - replace with the current handle if you find one
609404,"Le Roux, Jean-Pierre",chesscomPlayer,jean-pierre-le-roux,https://www.chess.com/players/jean-pierre-le-roux,alive,200,no action
609404,"Le Roux, Jean-Pierre",chessgames,51577,https://www.chessgames.com/perl/chessplayer?pid=51577,unknown,rate limited (HTTP 429),"rate-limited or server error - not judged, will be retried"
12401137,"Le, Quang Liem",chesscom,LiemLe,https://www.chess.com/member/LiemLe,alive,200,no action
12401137,"Le, Quang Liem",chesscomPlayer,le-quang-liem,https://www.chess.com/players/le-quang-liem,unknown,rate limited (HTTP 429),"rate-limited or server error - not judged, will be retried"
12401137,"Le, Quang Liem",chessgames,99199,https://www.chessgames.com/perl/chessplayer?pid=99199,unknown,rate limited (HTTP 429),"rate-limited or server error - not judged, will be retried"
12401137,"Le, Quang Liem",lichess,Liem_Chess,https://lichess.org/@/Liem_Chess,unknown,rate limited (HTTP 429),"rate-limited or server error - not judged, will be retried"
12401153,"Le, Tuan Minh",chesscom,wonderfultime,https://www.chess.com/member/wonderfultime,alive,200,no action
12401153,"Le, Tuan Minh",chesscomPlayer,tuan-minh-le,https://www.chess.com/players/tuan-minh-le,alive,200,no action
12401153,"Le, Tuan Minh",chessgames,119909,https://www.chessgames.com/perl/chessplayer?pid=119909,unknown,rate limited (HTTP 429),"rate-limited or server error - not judged, will be retried"
12401153,"Le, Tuan Minh",lichess,mutdpro,https://lichess.org/@/mutdpro,unknown,rate limited (HTTP 429),"rate-limited or server error - not judged, will be retried"
300217,"Lechtynsky, Jiri",chesscomPlayer,jiri-lechtynsky,https://www.chess.com/players/jiri-lechtynsky,unknown,rate limited (HTTP 429),"rate-limited or server error - not judged, will be retried"
300217,"Lechtynsky, Jiri",chessgames,19037,https://www.chessgames.com/perl/chessplayer?pid=19037,unknown,rate limited (HTTP 429),"rate-limited or server error - not judged, will be retried"
1008439,"Leenhouts, Koen",chesscom,SCIM,https://www.chess.com/member/SCIM,alive,200,no action
1008439,"Leenhouts, Koen",chesscomPlayer,koen-leenhouts,https://www.chess.com/players/koen-leenhouts,unknown,rate limited (HTTP 429),"rate-limited or server error - not judged, will be retried"
1008439,"Leenhouts, Koen",chessgames,35895,https://www.chessgames.com/perl/chessplayer?pid=35895,unknown,rate limited (HTTP 429),"rate-limited or server error - not judged, will be retried"
1008439,"Leenhouts, Koen",lichess,Papagayo,https://lichess.org/@/Papagayo,unknown,rate limited (HTTP 429),"rate-limited or server error - not judged, will be retried"
14100312,"Legky, Nikolay A",chesscom,riface11,https://www.chess.com/member/riface11,alive,200,no action
14100312,"Legky, Nikolay A",chesscomPlayer,nikolay-a-legky,https://www.chess.com/players/nikolay-a-legky,alive,200,no action
14100312,"Legky, Nikolay A",chessgames,27589,https://www.chessgames.com/perl/chessplayer?pid=27589,unknown,rate limited (HTTP 429),"rate-limited or server error - not judged, will be retried"
14100312,"Legky, Nikolay A",lichess,LyokkyNA,https://lichess.org/@/LyokkyNA,unknown,rate limited (HTTP 429),"rate-limited or server error - not judged, will be retried"
8605114,"Lei, Tingjie",chesscom,123lt,https://www.chess.com/member/123lt,alive,200,no action
8605114,"Lei, Tingjie",chesscomPlayer,lei-tingjie,https://www.chess.com/players/lei-tingjie,alive,200,no action
8605114,"Lei, Tingjie",chessgames,135017,https://www.chessgames.com/perl/chessplayer?pid=135017,unknown,rate limited (HTTP 429),"rate-limited or server error - not judged, will be retried"
2000270,"Lein, Anatoly",chessgames,15441,https://www.chessgames.com/perl/chessplayer?pid=15441,unknown,rate limited (HTTP 429),"rate-limited or server error - not judged, will be retried"
2101246,"Leitao, Rafael",chesscom,GMRafaelLeitao,https://www.chess.com/member/GMRafaelLeitao,alive,200,no action
2101246,"Leitao, Rafael",chesscomPlayer,rafael-leitao,https://www.chess.com/players/rafael-leitao,unknown,rate limited (HTTP 429),"rate-limited or server error - not judged, will be retried"
2101246,"Leitao, Rafael",chessgames,43109,https://www.chessgames.com/perl/chessplayer?pid=43109,unknown,rate limited (HTTP 429),"rate-limited or server error - not judged, will be retried"
2101246,"Leitao, Rafael",x,Rafpig,https://x.com/Rafpig,alive,200,no action
2101246,"Leitao, Rafael",website,https://rafaelleitao.com,https://rafaelleitao.com,alive,200,no action
2101246,"Leitao, Rafael",instagram,gmrafaelleitao,,unchecked,login wall answers 200 for missing profiles,cannot be tested from a server - left in place
703303,"Leko, Peter",chesscomPlayer,peter-leko,https://www.chess.com/players/peter-leko,alive,200,no action
703303,"Leko, Peter",chessgames,12290,https://www.chessgames.com/perl/chessplayer?pid=12290,unknown,rate limited (HTTP 429),"rate-limited or server error - not judged, will be retried"
113581,"Lemos, Damian",chesscomPlayer,damian-lemos,https://www.chess.com/players/damian-lemos,alive,200,no action
113581,"Lemos, Damian",chessgames,81338,https://www.chessgames.com/perl/chessplayer?pid=81338,unknown,rate limited (HTTP 429),"rate-limited or server error - not judged, will be retried"
2021285,"Lenderman, Aleksandr",chesscom,AlexanderL,https://www.chess.com/member/AlexanderL,alive,200,no action
2021285,"Lenderman, Aleksandr",chesscomPlayer,aleksandr-lenderman,https://www.chess.com/players/aleksandr-lenderman,unknown,rate limited (HTTP 429),"rate-limited or server error - not judged, will be retried"
2021285,"Lenderman, Aleksandr",chessgames,92070,https://www.chessgames.com/perl/chessplayer?pid=92070,unknown,rate limited (HTTP 429),"rate-limited or server error - not judged, will be retried"
2021285,"Lenderman, Aleksandr",lichess,AlexLenderman,https://lichess.org/@/AlexLenderman,unknown,ConnectionResetError,"rate-limited or server error - not judged, will be retried"
2021285,"Lenderman, Aleksandr",twitch,gmlenderman,,unchecked,app shell answers 200 for missing channels,cannot be tested from a server - left in place
1124226,"Leniart, Arkadiusz",chesscom,Horizonevent,https://www.chess.com/member/Horizonevent,alive,200,no action
1124226,"Leniart, Arkadiusz",chesscomPlayer,arkadiusz-leniart,https://www.chess.com/players/arkadiusz-leniart,unknown,rate limited (HTTP 429),"rate-limited or server error - not judged, will be retried"
1124226,"Leniart, Arkadiusz",chessgames,54732,https://www.chessgames.com/perl/chessplayer?pid=54732,unknown,rate limited (HTTP 429),"rate-limited or server error - not judged, will be retried"
14603853,"Lenic, Luka",chesscom,Michelangelo,https://www.chess.com/member/Michelangelo,alive,200,no action
14603853,"Lenic, Luka",chesscomPlayer,luka-lenic,https://www.chess.com/players/luka-lenic,unknown,rate limited (HTTP 429),"rate-limited or server error - not judged, will be retried"
14603853,"Lenic, Luka",chessgames,49934,https://www.chessgames.com/perl/chessplayer?pid=49934,unknown,rate limited (HTTP 429),"rate-limited or server error - not judged, will be retried"
14603853,"Lenic, Luka",lichess,MichelangeIo,https://lichess.org/@/MichelangeIo,unknown,ConnectionResetError,"rate-limited or server error - not judged, will be retried"
5105269,"Leon Hoyos, Manuel",chesscom,Leon009,https://www.chess.com/member/Leon009,alive,200,no action
5105269,"Leon Hoyos, Manuel",chesscomPlayer,manuel-leon-hoyos,https://www.chess.com/players/manuel-leon-hoyos,alive,200,no action
5105269,"Leon Hoyos, Manuel",chessgames,56806,https://www.chessgames.com/perl/chessplayer?pid=56806,unknown,rate limited (HTTP 429),"rate-limited or server error - not judged, will be retried"
2600170,"Lesiege, Alexandre",chesscom,caefellion,https://www.chess.com/member/caefellion,alive,200,no action
2600170,"Lesiege, Alexandre",chesscomPlayer,alexandre-lesiege,https://www.chess.com/players/alexandre-lesiege,alive,200,no action
2600170,"Lesiege, Alexandre",chessgames,14481,https://www.chessgames.com/perl/chessplayer?pid=14481,unknown,rate limited (HTTP 429),"rate-limited or server error - not judged, will be retried"
2800063,"Lev, Ronen",chesscomPlayer,ronen-lev,https://www.chess.com/players/ronen-lev,unknown,rate limited (HTTP 429),"rate-limited or server error - not judged, will be retried"
2800063,"Lev, Ronen",chessgames,18734,https://www.chessgames.com/perl/chessplayer?pid=18734,unknown,rate limited (HTTP 429),"rate-limited or server error - not judged, will be retried"
14500442,"Leventic, Ivan",chesscom,levi70,https://www.chess.com/member/levi70,alive,200,no action
14500442,"Leventic, Ivan",chesscomPlayer,ivan-leventic,https://www.chess.com/players/ivan-leventic,unknown,rate limited (HTTP 429),"rate-limited or server error - not judged, will be retried"
14500442,"Leventic, Ivan",chessgames,49955,https://www.chessgames.com/perl/chessplayer?pid=49955,unknown,rate limited (HTTP 429),"rate-limited or server error - not judged, will be retried"
4182596,"Levin, Evgeny A.",chesscomPlayer,yevgeny-a-levin,https://www.chess.com/players/yevgeny-a-levin,unknown,rate limited (HTTP 429),"rate-limited or server error - not judged, will be retried"
4182596,"Levin, Evgeny A.",chessgames,117783,https://www.chessgames.com/perl/chessplayer?pid=117783,unknown,rate limited (HTTP 429),"rate-limited or server error - not judged, will be retried"
4182596,"Levin, Evgeny A.",lichess,Evgeny_Levin,https://lichess.org/@/Evgeny_Levin,unknown,ConnectionResetError,"rate-limited or server error - not judged, will be retried"
4650905,"Levin, Felix",chesscomPlayer,felix-levin,https://www.chess.com/players/felix-levin,alive,200,no action
4650905,"Levin, Felix",chessgames,21271,https://www.chessgames.com/perl/chessplayer?pid=21271,unknown,rate limited (HTTP 429),"rate-limited or server error - not judged, will be retried"
400220,"Levitt, Jonathan P",chesscomPlayer,jonathan-p-levitt,https://www.chess.com/players/jonathan-p-levitt,alive,200,no action
400220,"Levitt, Jonathan P",chessgames,15729,https://www.chessgames.com/perl/chessplayer?pid=15729,unknown,rate limited (HTTP 429),"rate-limited or server error - not judged, will be retried"
8604436,"Li, Chao b",chesscom,chessawp,https://www.chess.com/member/chessawp,alive,200,no action
8604436,"Li, Chao b",chesscomPlayer,li-chao,https://www.chess.com/players/li-chao,unknown,rate limited (HTTP 429),"rate-limited or server error - not judged, will be retried"
8604436,"Li, Chao b",chessgames,98398,https://www.chessgames.com/perl/chessplayer?pid=98398,unknown,rate limited (HTTP 429),"rate-limited or server error - not judged, will be retried"
8604436,"Li, Chao b",x,lichaochess,https://x.com/lichaochess,alive,200,no action
8607508,"Li, Di",chesscom,Joshuachick,https://www.chess.com/member/Joshuachick,alive,200,no action
8607508,"Li, Di",chesscomPlayer,li-di,https://www.chess.com/players/li-di,alive,200,no action
8607508,"Li, Di",chessgames,153851,https://www.chessgames.com/perl/chessplayer?pid=153851,unknown,rate limited (HTTP 429),"rate-limited or server error - not judged, will be retried"
8607508,"Li, Di",lichess,Joliebe,https://lichess.org/@/Joliebe,unknown,ConnectionResetError,"rate-limited or server error - not judged, will be retried"
2061074,"Li, Ruifeng",chesscom,ruifeng,https://www.chess.com/member/ruifeng,alive,200,no action
2061074,"Li, Ruifeng",chesscomPlayer,ruifeng-li,https://www.chess.com/players/ruifeng-li,unknown,rate limited (HTTP 429),"rate-limited or server error - not judged, will be retried"
2061074,"Li, Ruifeng",chessgames,151660,https://www.chessgames.com/perl/chessplayer?pid=151660,unknown,rate limited (HTTP 429),"rate-limited or server error - not judged, will be retried"
8600678,"Li, Shilong",chesscomPlayer,li-shilong,https://www.chess.com/players/li-shilong,unknown,rate limited (HTTP 429),"rate-limited or server error - not judged, will be retried"
8600678,"Li, Shilong",chessgames,47181,https://www.chessgames.com/perl/chessplayer?pid=47181,unknown,rate limited (HTTP 429),"rate-limited or server error - not judged, will be retried"
2056437,"Liang, Awonder",chesscom,rednova1729,https://www.chess.com/member/rednova1729,alive,200,no action
2056437,"Liang, Awonder",chesscomPlayer,awonder-liang,https://www.chess.com/players/awonder-liang,unknown,rate limited (HTTP 429),"rate-limited or server error - not judged, will be retried"
2056437,"Liang, Awonder",chessgames,131477,https://www.chessgames.com/perl/chessplayer?pid=131477,unknown,rate limited (HTTP 429),"rate-limited or server error - not judged, will be retried"
2056437,"Liang, Awonder",lichess,A-Liang,https://lichess.org/@/A-Liang,unknown,ConnectionResetError,"rate-limited or server error - not judged, will be retried"
8600899,"Liang, Chong",chesscomPlayer,liang-chong,https://www.chess.com/players/liang-chong,alive,200,no action
8600899,"Liang, Chong",chessgames,47163,https://www.chessgames.com/perl/chessplayer?pid=47163,unknown,rate limited (HTTP 429),"rate-limited or server error - not judged, will be retried"
30940303,"Liang, Jason",chesscom,Marty435,https://www.chess.com/member/Marty435,alive,200,no action
30940303,"Liang, Jason",chesscomPlayer,jason-liang,https://www.chess.com/players/jason-liang,unknown,rate limited (HTTP 429),"rate-limited or server error - not judged, will be retried"
30940303,"Liang, Jason",chessgames,162450,https://www.chessgames.com/perl/chessplayer?pid=162450,unknown,rate limited (HTTP 429),"rate-limited or server error - not judged, will be retried"
8600066,"Liang, Jinrong",chesscomPlayer,liang-jinrong,https://www.chess.com/players/liang-jinrong,unknown,rate limited (HTTP 429),"rate-limited or server error - not judged, will be retried"
8600066,"Liang, Jinrong",chessgames,84106,https://www.chessgames.com/perl/chessplayer?pid=84106,unknown,rate limited (HTTP 429),"rate-limited or server error - not judged, will be retried"
616834,"Libiszewski, Fabien",chesscom,Fablibi,https://www.chess.com/member/Fablibi,alive,200,no action
616834,"Libiszewski, Fabien",chesscomPlayer,fabien-libiszewski,https://www.chess.com/players/fabien-libiszewski,unknown,rate limited (HTTP 429),"rate-limited or server error - not judged, will be retried"
616834,"Libiszewski, Fabien",chessgames,50655,https://www.chessgames.com/perl/chessplayer?pid=50655,unknown,rate limited (HTTP 429),"rate-limited or server error - not judged, will be retried"
616834,"Libiszewski, Fabien",x,fablibi,https://x.com/fablibi,alive,200,no action
1501984,"Lie, Kjetil A.",chesscom,tjallkompall,https://www.chess.com/member/tjallkompall,alive,200,no action
1501984,"Lie, Kjetil A.",chesscomPlayer,kjetil-aleksander-lie,https://www.chess.com/players/kjetil-aleksander-lie,alive,200,no action
1501984,"Lie, Kjetil A.",chessgames,41119,https://www.chessgames.com/perl/chessplayer?pid=41119,unknown,rate limited (HTTP 429),"rate-limited or server error - not judged, will be retried"
14900483,"Likavsky, Tomas",chesscomPlayer,tomas-likavsky,https://www.chess.com/players/tomas-likavsky,alive,200,no action
14900483,"Likavsky, Tomas",chessgames,66401,https://www.chessgames.com/perl/chessplayer?pid=66401,unknown,rate limited (HTTP 429),"rate-limited or server error - not judged, will be retried"
2100045,"Lima, Darcy",chesscom,DarcyLima,https://www.chess.com/member/DarcyLima,alive,200,no action
2100045,"Lima, Darcy",chesscomPlayer,darcy-lima,https://www.chess.com/players/darcy-lima,unknown,rate limited (HTTP 429),"rate-limited or server error - not judged, will be retried"
2100045,"Lima, Darcy",chessgames,49666,https://www.chessgames.com/perl/chessplayer?pid=49666,unknown,rate limited (HTTP 429),"rate-limited or server error - not judged, will be retried"
8602298,"Lin, Chen",chesscom,lcfox,https://www.chess.com/member/lcfox,alive,200,no action
8602298,"Lin, Chen",chesscomPlayer,chen-lin,https://www.chess.com/players/chen-lin,unknown,rate limited (HTTP 429),"rate-limited or server error - not judged, will be retried"
8602298,"Lin, Chen",chessgames,98962,https://www.chessgames.com/perl/chessplayer?pid=98962,unknown,rate limited (HTTP 429),"rate-limited or server error - not judged, will be retried"
4171055,"Lintchevski, Daniil",chesscom,Paralinch,https://www.chess.com/member/Paralinch,alive,200,no action
4171055,"Lintchevski, Daniil",chesscomPlayer,daniil-lintchevski,https://www.chess.com/players/daniil-lintchevski,unknown,rate limited (HTTP 429),"rate-limited or server error - not judged, will be retried"
4171055,"Lintchevski, Daniil",chessgames,99056,https://www.chessgames.com/perl/chessplayer?pid=99056,unknown,rate limited (HTTP 429),"rate-limited or server error - not judged, will be retried"
4171055,"Lintchevski, Daniil",lichess,Kelevra317,https://lichess.org/@/Kelevra317,dead,HTTP 404,removed from roster.csv - replace with the current handle if you find one
2800721,"Liss, Eran",chesscomPlayer,eran-liss,https://www.chess.com/players/eran-liss,alive,200,no action
2800721,"Liss, Eran",chessgames,27082,https://www.chessgames.com/perl/chessplayer?pid=27082,unknown,rate limited (HTTP 429),"rate-limited or server error - not judged, will be retried"
8603294,"Liu, Qingnan",chesscomPlayer,liu-qingnan,https://www.chess.com/players/liu-qingnan,unknown,rate limited (HTTP 429),"rate-limited or server error - not judged, will be retried"
8603294,"Liu, Qingnan",chessgames,98961,https://www.chessgames.com/perl/chessplayer?pid=98961,unknown,rate limited (HTTP 429),"rate-limited or server error - not judged, will be retried"
8608962,"Liu, Yan",chesscom,WanderingKnightLY,https://www.chess.com/member/WanderingKnightLY,alive,200,no action
8608962,"Liu, Yan",chesscomPlayer,yan-liu,https://www.chess.com/players/yan-liu,unknown,rate limited (HTTP 429),"rate-limited or server error - not judged, will be retried"
8608962,"Liu, Yan",chessgames,154833,https://www.chessgames.com/perl/chessplayer?pid=154833,unknown,rate limited (HTTP 429),"rate-limited or server error - not judged, will be retried"
13500716,"Liutsko, Igor",chesscomPlayer,igor-lutsko,https://www.chess.com/players/igor-lutsko,unknown,rate limited (HTTP 429),"rate-limited or server error - not judged, will be retried"
13500716,"Liutsko, Igor",chessgames,71556,https://www.chessgames.com/perl/chessplayer?pid=71556,unknown,rate limited (HTTP 429),"rate-limited or server error - not judged, will be retried"
14531534,"Livaic, Leon",chesscomPlayer,leon-livaic,https://www.chess.com/players/leon-livaic,unknown,rate limited (HTTP 429),"rate-limited or server error - not judged, will be retried"
14531534,"Livaic, Leon",chessgames,155944,https://www.chessgames.com/perl/chessplayer?pid=155944,unknown,rate limited (HTTP 429),"rate-limited or server error - not judged, will be retried"
14531534,"Livaic, Leon",lichess,Leon_Livaic,https://lichess.org/@/Leon_Livaic,dead,HTTP 404,removed from roster.csv - replace with the current handle if you find one
900010,"Ljubojevic, Ljubomir",chesscomPlayer,ljubomir-ljubojevic,https://www.chess.com/players/ljubomir-ljubojevic,alive,200,no action
900010,"Ljubojevic, Ljubomir",chessgames,14866,https://www.chessgames.com/perl/chessplayer?pid=14866,unknown,rate limited (HTTP 429),"rate-limited or server error - not judged, will be retried"
2206706,"Llanes Hurtado, Miguel",chesscomPlayer,miguel-llanes-hurtado,https://www.chess.com/players/miguel-llanes-hurtado,alive,200,no action
2206706,"Llanes Hurtado, Miguel",chessgames,106724,https://www.chessgames.com/perl/chessplayer?pid=106724,unknown,rate limited (HTTP 429),"rate-limited or server error - not judged, will be retried"
24183750,"Lobanov, Sergei",chesscom,Dedic8,https://www.chess.com/member/Dedic8,alive,200,no action
24183750,"Lobanov, Sergei",chesscomPlayer,sergei-lobanov,https://www.chess.com/players/sergei-lobanov,alive,200,no action
24183750,"Lobanov, Sergei",chessgames,141355,https://www.chessgames.com/perl/chessplayer?pid=141355,unknown,rate limited (HTTP 429),"rate-limited or server error - not judged, will be retried"
24183750,"Lobanov, Sergei",lichess,Like_a_Gin,https://lichess.org/@/Like_a_Gin,alive,200,no action
4600037,"Lobron, Eric",chesscom,Yardird,https://www.chess.com/member/Yardird,dead,HTTP 404,removed from roster.csv - replace with the current handle if you find one
4600037,"Lobron, Eric",chesscomPlayer,eric-lobron,https://www.chess.com/players/eric-lobron,unknown,rate limited (HTTP 429),"rate-limited or server error - not judged, will be retried"
4600037,"Lobron, Eric",chessgames,14919,https://www.chessgames.com/perl/chessplayer?pid=14919,unknown,rate limited (HTTP 429),"rate-limited or server error - not judged, will be retried"
884189,"Lodici, Lorenzo",chesscom,Didici,https://www.chess.com/member/Didici,alive,200,no action
884189,"Lodici, Lorenzo",chesscomPlayer,lorenzo-lodici,https://www.chess.com/players/lorenzo-lodici,unknown,rate limited (HTTP 429),"rate-limited or server error - not judged, will be retried"
884189,"Lodici, Lorenzo",chessgames,152827,https://www.chessgames.com/perl/chessplayer?pid=152827,unknown,rate limited (HTTP 429),"rate-limited or server error - not judged, will be retried"
884189,"Lodici, Lorenzo",lichess,Didici12,https://lichess.org/@/Didici12,unknown,ConnectionResetError,"rate-limited or server error - not judged, will be retried"
4126297,"Loginov, Valery A",chesscomPlayer,valery-a-loginov,https://www.chess.com/players/valery-a-loginov,unknown,rate limited (HTTP 429),"rate-limited or server error - not judged, will be retried"
4126297,"Loginov, Valery A",chessgames,15148,https://www.chessgames.com/perl/chessplayer?pid=15148,unknown,rate limited (HTTP 429),"rate-limited or server error - not judged, will be retried"
24164879,"Lomasov, Semyon",chesscom,fearless_guy,https://www.chess.com/member/fearless_guy,alive,200,no action
24164879,"Lomasov, Semyon",chesscomPlayer,semyon-lomasov,https://www.chess.com/players/semyon-lomasov,alive,200,no action
24164879,"Lomasov, Semyon",chessgames,154683,https://www.chessgames.com/perl/chessplayer?pid=154683,unknown,rate limited (HTTP 429),"rate-limited or server error - not judged, will be retried"
13603450,"Lomsadze, Davit",chesscomPlayer,davit-lomsadze,https://www.chess.com/players/davit-lomsadze,unknown,rate limited (HTTP 429),"rate-limited or server error - not judged, will be retried"
13603450,"Lomsadze, Davit",chessgames,106666,https://www.chessgames.com/perl/chessplayer?pid=106666,unknown,rate limited (HTTP 429),"rate-limited or server error - not judged, will be retried"
2212943,"Lopez Martinez, Josep Manuel",chesscom,josmito,https://www.chess.com/member/josmito,alive,200,no action
2212943,"Lopez Martinez, Josep Manuel",chesscomPlayer,josep-manuel-lopez-martinez,https://www.chess.com/players/josep-manuel-lopez-martinez,unknown,rate limited (HTTP 429),"rate-limited or server error - not judged, will be retried"
2212943,"Lopez Martinez, Josep Manuel",chessgames,53609,https://www.chessgames.com/perl/chessplayer?pid=53609,unknown,rate limited (HTTP 429),"rate-limited or server error - not judged, will be retried"
2212943,"Lopez Martinez, Josep Manuel",lichess,josmito,https://lichess.org/@/josmito,unknown,ConnectionResetError,"rate-limited or server error - not judged, will be retried"
4123395,"Lopushnoy, Denis",chesscomPlayer,denis-lopushnoy,https://www.chess.com/players/denis-lopushnoy,unknown,rate limited (HTTP 429),"rate-limited or server error - not judged, will be retried"
4123395,"Lopushnoy, Denis",chessgames,25256,https://www.chessgames.com/perl/chessplayer?pid=25256,unknown,rate limited (HTTP 429),"rate-limited or server error - not judged, will be retried"
105570,"Lorenzini, Martin",chesscomPlayer,martin-lorenzini,https://www.chess.com/players/martin-lorenzini,alive,200,no action
105570,"Lorenzini, Martin",chessgames,50026,https://www.chessgames.com/perl/chessplayer?pid=50026,unknown,rate limited (HTTP 429),"rate-limited or server error - not judged, will be retried"
12521604,"Lorparizangeneh, Shahin",chesscom,GM_shahin,https://www.chess.com/member/GM_shahin,alive,200,no action
12521604,"Lorparizangeneh, Shahin",chesscomPlayer,shahin-lorparizangeneh,https://www.chess.com/players/shahin-lorparizangeneh,unknown,rate limited (HTTP 429),"rate-limited or server error - not judged, will be retried"
12521604,"Lorparizangeneh, Shahin",chessgames,134925,https://www.chessgames.com/perl/chessplayer?pid=134925,unknown,rate limited (HTTP 429),"rate-limited or server error - not judged, will be retried"
13300024,"Lputian, Smbat",chesscomPlayer,smbat-g-lputian,https://www.chess.com/players/smbat-g-lputian,unknown,rate limited (HTTP 429),"rate-limited or server error - not judged, will be retried"
13300024,"Lputian, Smbat",chessgames,14284,https://www.chessgames.com/perl/chessplayer?pid=14284,unknown,rate limited (HTTP 429),"rate-limited or server error - not judged, will be retried"
8603332,"Lu, Shanglei",chesscom,wudileige,https://www.chess.com/member/wudileige,alive,200,no action
8603332,"Lu, Shanglei",chesscomPlayer,lu-shanglei,https://www.chess.com/players/lu-shanglei,unknown,rate limited (HTTP 429),"rate-limited or server error - not judged, will be retried"
8603332,"Lu, Shanglei",chessgames,126207,https://www.chessgames.com/perl/chessplayer?pid=126207,unknown,rate limited (HTTP 429),"rate-limited or server error - not judged, will be retried"
4694031,"Lubbe, Nikolas",chesscom,Nikolas1408,https://www.chess.com/member/Nikolas1408,alive,200,no action
4694031,"Lubbe, Nikolas",chesscomPlayer,nikolas-lubbe,https://www.chess.com/players/nikolas-lubbe,alive,200,no action
4694031,"Lubbe, Nikolas",chessgames,110025,https://www.chessgames.com/perl/chessplayer?pid=110025,unknown,rate limited (HTTP 429),"rate-limited or server error - not judged, will be retried"
4116194,"Lugovoi, Aleksei",chesscomPlayer,aleksei-lugovoi,https://www.chess.com/players/aleksei-lugovoi,unknown,rate limited (HTTP 429),"rate-limited or server error - not judged, will be retried"
4116194,"Lugovoi, Aleksei",chessgames,19925,https://www.chessgames.com/perl/chessplayer?pid=19925,unknown,rate limited (HTTP 429),"rate-limited or server error - not judged, will be retried"
24126454,"Lugovskoy, Maxim",chesscom,Koksik_13,https://www.chess.com/member/Koksik_13,alive,200,no action
24126454,"Lugovskoy, Maxim",chesscomPlayer,maxim-lugovskoy,https://www.chess.com/players/maxim-lugovskoy,unknown,rate limited (HTTP 429),"rate-limited or server error - not judged, will be retried"
24126454,"Lugovskoy, Maxim",chessgames,117660,https://www.chessgames.com/perl/chessplayer?pid=117660,unknown,rate limited (HTTP 429),"rate-limited or server error - not judged, will be retried"
24126454,"Lugovskoy, Maxim",lichess,Lugovskoy_Maxim,https://lichess.org/@/Lugovskoy_Maxim,unknown,ConnectionResetError,"rate-limited or server error - not judged, will be retried"
700142,"Lukacs, Peter",chesscomPlayer,peter-lukacs,https://www.chess.com/players/peter-lukacs,unknown,rate limited (HTTP 429),"rate-limited or server error - not judged, will be retried"
700142,"Lukacs, Peter",chessgames,14688,https://www.chessgames.com/perl/chessplayer?pid=14688,unknown,rate limited (HTTP 429),"rate-limited or server error - not judged, will be retried"
2900157,"Lukov, Valentin",chesscomPlayer,valentin-lukov,https://www.chess.com/players/valentin-lukov,unknown,rate limited (HTTP 429),"rate-limited or server error - not judged, will be retried"
2900157,"Lukov, Valentin",chessgames,21614,https://www.chessgames.com/perl/chessplayer?pid=21614,unknown,rate limited (HTTP 429),"rate-limited or server error - not judged, will be retried"
4120957,"Lunev, Andrey",chesscomPlayer,andrey-lunev,https://www.chess.com/players/andrey-lunev,alive,200,no action
4120957,"Lunev, Andrey",chessgames,82493,https://www.chessgames.com/perl/chessplayer?pid=82493,unknown,rate limited (HTTP 429),"rate-limited or server error - not judged, will be retried"
621501,"Lupu, Mircea-Sergiu",chesscomPlayer,mircea-sergiu-lupu,https://www.chess.com/players/mircea-sergiu-lupu,unknown,rate limited (HTTP 429),"rate-limited or server error - not judged, will be retried"
621501,"Lupu, Mircea-Sergiu",chessgames,51909,https://www.chessgames.com/perl/chessplayer?pid=51909,unknown,rate limited (HTTP 429),"rate-limited or server error - not judged, will be retried"
1207822,"Lupulescu, Constantin",chesscom,LupulescuC,https://www.chess.com/member/LupulescuC,alive,200,no action
1207822,"Lupulescu, Constantin",chesscomPlayer,constantin-lupulescu,https://www.chess.com/players/constantin-lupulescu,unknown,rate limited (HTTP 429),"rate-limited or server error - not judged, will be retried"
1207822,"Lupulescu, Constantin",chessgames,50239,https://www.chessgames.com/perl/chessplayer?pid=50239,unknown,rate limited (HTTP 429),"rate-limited or server error - not judged, will be retried"
4611420,"Luther, Thomas",chesscomPlayer,thomas-luther,https://www.chess.com/players/thomas-luther,unknown,rate limited (HTTP 429),"rate-limited or server error - not judged, will be retried"
4611420,"Luther, Thomas",chessgames,13999,https://www.chessgames.com/perl/chessplayer?pid=13999,unknown,rate limited (HTTP 429),"rate-limited or server error - not judged, will be retried"
4600193,"Lutz, Christopher",chesscomPlayer,christopher-lutz,https://www.chess.com/players/christopher-lutz,alive,200,no action
4600193,"Lutz, Christopher",chessgames,11614,https://www.chessgames.com/perl/chessplayer?pid=11614,unknown,rate limited (HTTP 429),"rate-limited or server error - not judged, will be retried"
3204405,"Ly, Moulthun",chesscom,Molton,https://www.chess.com/member/Molton,alive,200,no action
3204405,"Ly, Moulthun",chesscomPlayer,moulthun-ly,https://www.chess.com/players/moulthun-ly,unknown,rate limited (HTTP 429),"rate-limited or server error - not judged, will be retried"
3204405,"Ly, Moulthun",chessgames,96001,https://www.chessgames.com/perl/chessplayer?pid=96001,unknown,rate limited (HTTP 429),"rate-limited or server error - not judged, will be retried"
3204405,"Ly, Moulthun",website,http://iammoulthun.com/,http://iammoulthun.com/,dead,domain does not resolve,removed from roster.csv - replace with the current handle if you find one
3204405,"Ly, Moulthun",youtube,UC2OVvr0vXGoM_yiEedZT5fA,,unchecked,consent page answers 200 for missing channels,cannot be tested from a server - left in place
4150120,"Lysyj, Igor",chesscom,Igor_Lysyj,https://www.chess.com/member/Igor_Lysyj,alive,200,no action
4150120,"Lysyj, Igor",chesscomPlayer,igor-lysyj,https://www.chess.com/players/igor-lysyj,unknown,rate limited (HTTP 429),"rate-limited or server error - not judged, will be retried"
4150120,"Lysyj, Igor",chessgames,56680,https://www.chessgames.com/perl/chessplayer?pid=56680,unknown,rate limited (HTTP 429),"rate-limited or server error - not judged, will be retried"
8603154,"Ma, Qun",chesscom,defenceboy,https://www.chess.com/member/defenceboy,alive,200,no action
8603154,"Ma, Qun",chesscomPlayer,ma-qun,https://www.chess.com/players/ma-qun,unknown,rate limited (HTTP 429),"rate-limited or server error - not judged, will be retried"
8603154,"Ma, Qun",chessgames,120074,https://www.chessgames.com/perl/chessplayer?pid=120074,unknown,rate limited (HTTP 429),"rate-limited or server error - not judged, will be retried"
1104306,"Macieja, Bartlomiej",chesscom,GMBartek,https://www.chess.com/member/GMBartek,alive,200,no action
1104306,"Macieja, Bartlomiej",chesscomPlayer,bartlomiej-macieja,https://www.chess.com/players/bartlomiej-macieja,alive,200,no action
1104306,"Macieja, Bartlomiej",chessgames,19878,https://www.chessgames.com/perl/chessplayer?pid=19878,unknown,rate limited (HTTP 429),"rate-limited or server error - not judged, will be retried"
14210703,"Madaminov, Mukhiddin",chesscom,PLAYER_2006_M,https://www.chess.com/member/PLAYER_2006_M,dead,HTTP 404,removed from roster.csv - replace with the current handle if you find one
14210703,"Madaminov, Mukhiddin",chesscomPlayer,mukhiddin-madaminov,https://www.chess.com/players/mukhiddin-madaminov,unknown,rate limited (HTTP 429),"rate-limited or server error - not judged, will be retried"
14210703,"Madaminov, Mukhiddin",chessgames,171068,https://www.chessgames.com/perl/chessplayer?pid=171068,unknown,rate limited (HTTP 429),"rate-limited or server error - not judged, will be retried"
2200074,"Magem Badals, Jordi",chesscom,wyharga,https://www.chess.com/member/wyharga,alive,200,no action
2200074,"Magem Badals, Jordi",chesscomPlayer,jordi-magem-badals,https://www.chess.com/players/jordi-magem-badals,unknown,rate limited (HTTP 429),"rate-limited or server error - not judged, will be retried"
2200074,"Magem Badals, Jordi",chessgames,14282,https://www.chessgames.com/perl/chessplayer?pid=14282,unknown,rate limited (HTTP 429),"rate-limited or server error - not judged, will be retried"
13400142,"Magerramov, Elmar",chesscom,El-Marmalade,https://www.chess.com/member/El-Marmalade,alive,200,no action
13400142,"Magerramov, Elmar",chesscomPlayer,elmar-magerramov,https://www.chess.com/players/elmar-magerramov,unknown,rate limited (HTTP 429),"rate-limited or server error - not judged, will be retried"
13400142,"Magerramov, Elmar",chessgames,17095,https://www.chessgames.com/perl/chessplayer?pid=17095,unknown,rate limited (HTTP 429),"rate-limited or server error - not judged, will be retried"
13602276,"Maghalashvili, Davit",chesscom,Maghalashvili,https://www.chess.com/member/Maghalashvili,alive,200,no action
13602276,"Maghalashvili, Davit",chesscomPlayer,davit-maghalashvili,https://www.chess.com/players/davit-maghalashvili,alive,200,no action
13602276,"Maghalashvili, Davit",chessgames,126948,https://www.chessgames.com/perl/chessplayer?pid=126948,unknown,rate limited (HTTP 429),"rate-limited or server error - not judged, will be retried"
12539929,"Maghsoodloo, Parham",chesscom,Parhamov,https://www.chess.com/member/Parhamov,alive,200,no action
12539929,"Maghsoodloo, Parham",chesscomPlayer,maghsoodloo-parham,https://www.chess.com/players/maghsoodloo-parham,unknown,rate limited (HTTP 429),"rate-limited or server error - not judged, will be retried"
12539929,"Maghsoodloo, Parham",chessgames,151393,https://www.chessgames.com/perl/chessplayer?pid=151393,unknown,rate limited (HTTP 429),"rate-limited or server error - not judged, will be retried"
12539929,"Maghsoodloo, Parham",x,pmaghsoodloo,https://x.com/pmaghsoodloo,alive,200,no action
4156757,"Magomedov, Magaram",chesscomPlayer,magaram-magomedov,https://www.chess.com/players/magaram-magomedov,unknown,rate limited (HTTP 429),"rate-limited or server error - not judged, will be retried"
4156757,"Magomedov, Magaram",chessgames,18137,https://www.chessgames.com/perl/chessplayer?pid=18137,unknown,rate limited (HTTP 429),"rate-limited or server error - not judged, will be retried"
12500798,"Mahjoob Zardast, Morteza",chesscom,Morteza_Mahjoob,https://www.chess.com/member/Morteza_Mahjoob,alive,200,no action
12500798,"Mahjoob Zardast, Morteza",chesscomPlayer,morteza-mahjoub,https://www.chess.com/players/morteza-mahjoub,unknown,rate limited (HTTP 429),"rate-limited or server error - not judged, will be retried"
12500798,"Mahjoob Zardast, Morteza",chessgames,52585,https://www.chessgames.com/perl/chessplayer?pid=52585,unknown,rate limited (HTTP 429),"rate-limited or server error - not judged, will be retried"
4600258,"Mainka, Romuald",chesscomPlayer,romuald-mainka,https://www.chess.com/players/romuald-mainka,unknown,rate limited (HTTP 429),"rate-limited or server error - not judged, will be retried"
4600258,"Mainka, Romuald",chessgames,14059,https://www.chessgames.com/perl/chessplayer?pid=14059,unknown,rate limited (HTTP 429),"rate-limited or server error - not judged, will be retried"
4119916,"Maiorov, Oleg",chesscomPlayer,oleg-maiorov,https://www.chess.com/players/oleg-maiorov,alive,200,no action
4119916,"Maiorov, Oleg",chessgames,49145,https://www.chessgames.com/perl/chessplayer?pid=49145,unknown,rate limited (HTTP 429),"rate-limited or server error - not judged, will be retried"
4612396,"Maiwald, Jens-Uwe",chesscomPlayer,jens-uwe-maiwald,https://www.chess.com/players/jens-uwe-maiwald,unknown,rate limited (HTTP 429),"rate-limited or server error - not judged, will be retried"
4612396,"Maiwald, Jens-Uwe",chessgames,17795,https://www.chessgames.com/perl/chessplayer?pid=17795,unknown,rate limited (HTTP 429),"rate-limited or server error - not judged, will be retried"
44105681,"Makarian, Rudik",chesscom,Rud_Makarian,https://www.chess.com/member/Rud_Makarian,alive,200,no action
44105681,"Makarian, Rudik",chesscomPlayer,rudik-makarian,https://www.chess.com/players/rudik-makarian,alive,200,no action
44105681,"Makarian, Rudik",chessgames,159371,https://www.chessgames.com/perl/chessplayer?pid=159371,unknown,rate limited (HTTP 429),"rate-limited or server error - not judged, will be retried"
4100468,"Makarichev, Sergey",chesscomPlayer,sergey-makarichev,https://www.chess.com/players/sergey-makarichev,unknown,rate limited (HTTP 429),"rate-limited or server error - not judged, will be retried"
4100468,"Makarichev, Sergey",chessgames,15388,https://www.chessgames.com/perl/chessplayer?pid=15388,unknown,rate limited (HTTP 429),"rate-limited or server error - not judged, will be retried"
4100468,"Makarichev, Sergey",youtube,UCd-rZPssp8Q89uY5IrOd8RQ,,unchecked,consent page answers 200 for missing channels,cannot be tested from a server - left in place
4101103,"Makarov, Marat",chesscomPlayer,marat-makarov,https://www.chess.com/players/marat-makarov,alive,200,no action
4101103,"Makarov, Marat",chessgames,17782,https://www.chessgames.com/perl/chessplayer?pid=17782,unknown,rate limited (HTTP 429),"rate-limited or server error - not judged, will be retried"
13707647,"Makhnev, Denis",chesscom,Denis_Makhnyov,https://www.chess.com/member/Denis_Makhnyov,alive,200,no action
13707647,"Makhnev, Denis",chesscomPlayer,denis-makhnyov,https://www.chess.com/players/denis-makhnyov,unknown,rate limited (HTTP 429),"rate-limited or server error - not judged, will be retried"
13707647,"Makhnev, Denis",chessgames,143182,https://www.chessgames.com/perl/chessplayer?pid=143182,unknown,rate limited (HTTP 429),"rate-limited or server error - not judged, will be retried"
13707647,"Makhnev, Denis",lichess,EnglishLongbow,https://lichess.org/@/EnglishLongbow,unknown,ConnectionResetError,"rate-limited or server error - not judged, will be retried"
14100584,"Maksimenko, Andrei",chesscomPlayer,andrei-maksimenko,https://www.chess.com/players/andrei-maksimenko,alive,200,no action
14100584,"Maksimenko, Andrei",chessgames,23181,https://www.chessgames.com/perl/chessplayer?pid=23181,unknown,rate limited (HTTP 429),"rate-limited or server error - not judged, will be retried"
14408120,"Maksimovic, Bojan",chesscom,mbojan,https://www.chess.com/member/mbojan,alive,200,no action
14408120,"Maksimovic, Bojan",chesscomPlayer,bojan-maksimovic,https://www.chess.com/players/bojan-maksimovic,unknown,rate limited (HTTP 429),"rate-limited or server error - not judged, will be retried"
14408120,"Maksimovic, Bojan",chessgames,159581,https://www.chessgames.com/perl/chessplayer?pid=159581,unknown,rate limited (HTTP 429),"rate-limited or server error - not judged, will be retried"
14104202,"Malakhatko, Vadim",chesscomPlayer,vadim-malakhatko,https://www.chess.com/players/vadim-malakhatko,unknown,rate limited (HTTP 429),"rate-limited or server error - not judged, will be retried"
14104202,"Malakhatko, Vadim",chessgames,64676,https://www.chessgames.com/perl/chessplayer?pid=64676,unknown,rate limited (HTTP 429),"rate-limited or server error - not judged, will be retried"
4120787,"Malakhov, Vladimir",chesscom,Vladimir_2020,https://www.chess.com/member/Vladimir_2020,alive,200,no action
4120787,"Malakhov, Vladimir",chesscomPlayer,vladimir-malakhov,https://www.chess.com/players/vladimir-malakhov,unknown,rate limited (HTTP 429),"rate-limited or server error - not judged, will be retried"
4120787,"Malakhov, Vladimir",chessgames,25938,https://www.chessgames.com/perl/chessplayer?pid=25938,unknown,rate limited (HTTP 429),"rate-limited or server error - not judged, will be retried"
4146786,"Maletin, Pavel",chesscom,pavelmaletin,https://www.chess.com/member/pavelmaletin,alive,200,no action
4146786,"Maletin, Pavel",chesscomPlayer,pavel-maletin,https://www.chess.com/players/pavel-maletin,alive,200,no action
4146786,"Maletin, Pavel",chessgames,50301,https://www.chessgames.com/perl/chessplayer?pid=50301,unknown,rate limited (HTTP 429),"rate-limited or server error - not judged, will be retried"
4611330,"Malich, Burkhard, Dr.",chesscomPlayer,burkhard-malich,https://www.chess.com/players/burkhard-malich,unknown,rate limited (HTTP 429),"rate-limited or server error - not judged, will be retried"
4611330,"Malich, Burkhard, Dr.",chessgames,47814,https://www.chessgames.com/perl/chessplayer?pid=47814,unknown,rate limited (HTTP 429),"rate-limited or server error - not judged, will be retried"
12800031,"Malisauskas, Vidmantas",chesscomPlayer,vidmantas-malisauskas,https://www.chess.com/players/vidmantas-malisauskas,unknown,rate limited (HTTP 429),"rate-limited or server error - not judged, will be retried"
12800031,"Malisauskas, Vidmantas",chessgames,16349,https://www.chessgames.com/perl/chessplayer?pid=16349,unknown,rate limited (HTTP 429),"rate-limited or server error - not judged, will be retried"
13739980,"Mamedov, Edgar",chesscomPlayer,edgar-mamedov,https://www.chess.com/players/edgar-mamedov,unknown,rate limited (HTTP 429),"rate-limited or server error - not judged, will be retried"
13739980,"Mamedov, Edgar",chessgames,189896,https://www.chessgames.com/perl/chessplayer?pid=189896,unknown,rate limited (HTTP 429),"rate-limited or server error - not judged, will be retried"
13400819,"Mamedov, Nidjat",chesscom,NidjatMamedov,https://www.chess.com/member/NidjatMamedov,alive,200,no action
13400819,"Mamedov, Nidjat",chesscomPlayer,nidjat-mamedov,https://www.chess.com/players/nidjat-mamedov,alive,200,no action
13400819,"Mamedov, Nidjat",chessgames,50091,https://www.chessgames.com/perl/chessplayer?pid=50091,unknown,rate limited (HTTP 429),"rate-limited or server error - not judged, will be retried"
13401653,"Mamedov, Rauf",chesscom,Baku_Boulevard,https://www.chess.com/member/Baku_Boulevard,alive,200,no action
13401653,"Mamedov, Rauf",chesscomPlayer,rauf-mamedov,https://www.chess.com/players/rauf-mamedov,unknown,rate limited (HTTP 429),"rate-limited or server error - not judged, will be retried"
13401653,"Mamedov, Rauf",chessgames,50112,https://www.chessgames.com/perl/chessplayer?pid=50112,unknown,rate limited (HTTP 429),"rate-limited or server error - not judged, will be retried"
13401653,"Mamedov, Rauf",lichess,muisback,https://lichess.org/@/muisback,unknown,ConnectionResetError,"rate-limited or server error - not judged, will be retried"
13401653,"Mamedov, Rauf",x,muisback88,https://x.com/muisback88,dead,HTTP 404,removed from roster.csv - replace with the current handle if you find one
13401319,"Mamedyarov, Shakhriyar",chesscom,Azerichess,https://www.chess.com/member/Azerichess,alive,200,no action
13401319,"Mamedyarov, Shakhriyar",chesscomPlayer,shakhriyar-mamedyarov,https://www.chess.com/players/shakhriyar-mamedyarov,unknown,rate limited (HTTP 429),"rate-limited or server error - not judged, will be retried"
13401319,"Mamedyarov, Shakhriyar",chessgames,50065,https://www.chessgames.com/perl/chessplayer?pid=50065,unknown,rate limited (HTTP 429),"rate-limited or server error - not judged, will be retried"
13401319,"Mamedyarov, Shakhriyar",lichess,Azerichessss,https://lichess.org/@/Azerichessss,dead,HTTP 404,removed from roster.csv - replace with the current handle if you find one
13401319,"Mamedyarov, Shakhriyar",x,shakhmamedyarov,https://x.com/shakhmamedyarov,alive,200,no action
13401319,"Mamedyarov, Shakhriyar",website,http://mamedyarov.com/,http://mamedyarov.com/,unknown,HTTP 503,"rate-limited or server error - not judged, will be retried"
13401319,"Mamedyarov, Shakhriyar",instagram,shakh_mamedyarov,,unchecked,login wall answers 200 for missing profiles,cannot be tested from a server - left in place
13401319,"Mamedyarov, Shakhriyar",youtube,UCEIyo-o6oIFzPiA9Jrzhl3g,,unchecked,consent page answers 200 for missing channels,cannot be tested from a server - left in place
13401033,"Mammadov, Zaur",chesscom,zaur-mammadov,https://www.chess.com/member/zaur-mammadov,alive,200,no action
13401033,"Mammadov, Zaur",chesscomPlayer,zaur-mammadov,https://www.chess.com/players/zaur-mammadov,unknown,rate limited (HTTP 429),"rate-limited or server error - not judged, will be retried"
13401033,"Mammadov, Zaur",chessgames,118264,https://www.chessgames.com/perl/chessplayer?pid=118264,unknown,rate limited (HTTP 429),"rate-limited or server error - not judged, will be retried"
13401033,"Mammadov, Zaur",lichess,FakeBruceLee,https://lichess.org/@/FakeBruceLee,unknown,ConnectionResetError,"rate-limited or server error - not judged, will be retried"
14900734,"Manik, Mikulas",chesscomPlayer,mikulas-manik,https://www.chess.com/players/mikulas-manik,unknown,rate limited (HTTP 429),"rate-limited or server error - not judged, will be retried"
14900734,"Manik, Mikulas",chessgames,18870,https://www.chessgames.com/perl/chessplayer?pid=18870,unknown,rate limited (HTTP 429),"rate-limited or server error - not judged, will be retried"
1201530,"Manolache, Marius",chesscom,Lupul_Cenusiu,https://www.chess.com/member/Lupul_Cenusiu,dead,HTTP 404,removed from roster.csv - replace with the current handle if you find one
1201530,"Manolache, Marius",chesscomPlayer,marius-manolache,https://www.chess.com/players/marius-manolache,alive,200,no action
1201530,"Manolache, Marius",chessgames,66790,https://www.chessgames.com/perl/chessplayer?pid=66790,unknown,rate limited (HTTP 429),"rate-limited or server error - not judged, will be retried"
2800110,"Manor, Ilan",chesscomPlayer,ilan-manor,https://www.chess.com/players/ilan-manor,unknown,rate limited (HTTP 429),"rate-limited or server error - not judged, will be retried"
2800110,"Manor, Ilan",chessgames,13857,https://www.chessgames.com/perl/chessplayer?pid=13857,unknown,rate limited (HTTP 429),"rate-limited or server error - not judged, will be retried"
607274,"Marcelin, Cyril",chesscom,CyrilMarcelin,https://www.chess.com/member/CyrilMarcelin,alive,200,no action
607274,"Marcelin, Cyril",chesscomPlayer,cyril-marcelin,https://www.chess.com/players/cyril-marcelin,unknown,rate limited (HTTP 429),"rate-limited or server error - not judged, will be retried"
607274,"Marcelin, Cyril",chessgames,36764,https://www.chessgames.com/perl/chessplayer?pid=36764,unknown,rate limited (HTTP 429),"rate-limited or server error - not judged, will be retried"
607274,"Marcelin, Cyril",lichess,CyrilMarcelin,https://lichess.org/@/CyrilMarcelin,unknown,ConnectionResetError,"rate-limited or server error - not judged, will be retried"
600423,"Marciano, David",chesscomPlayer,david-marciano,https://www.chess.com/players/david-marciano,unknown,rate limited (HTTP 429),"rate-limited or server error - not judged, will be retried"
600423,"Marciano, David",chessgames,20909,https://www.chessgames.com/perl/chessplayer?pid=20909,unknown,rate limited (HTTP 429),"rate-limited or server error - not judged, will be retried"
112275,"Mareco, Sandro",chesscom,sandromareco,https://www.chess.com/member/sandromareco,alive,200,no action
112275,"Mareco, Sandro",chesscomPlayer,sandro-mareco,https://www.chess.com/players/sandro-mareco,alive,200,no action
112275,"Mareco, Sandro",chessgames,96636,https://www.chessgames.com/perl/chessplayer?pid=96636,unknown,rate limited (HTTP 429),"rate-limited or server error - not judged, will be retried"
13602926,"Margvelashvili, Giorgi",chesscom,Margvelashvili-DAL,https://www.chess.com/member/Margvelashvili-DAL,alive,200,no action
13602926,"Margvelashvili, Giorgi",chesscomPlayer,giorgi-margvelashvili,https://www.chess.com/players/giorgi-margvelashvili,unknown,rate limited (HTTP 429),"rate-limited or server error - not judged, will be retried"
13602926,"Margvelashvili, Giorgi",chessgames,88267,https://www.chessgames.com/perl/chessplayer?pid=88267,unknown,rate limited (HTTP 429),"rate-limited or server error - not judged, will be retried"
5200610,"Mariano, Nelson",chesscomPlayer,nelson-mariano,https://www.chess.com/players/nelson-mariano,unknown,rate limited (HTTP 429),"rate-limited or server error - not judged, will be retried"
5200610,"Mariano, Nelson",chessgames,27351,https://www.chessgames.com/perl/chessplayer?pid=27351,unknown,rate limited (HTTP 429),"rate-limited or server error - not judged, will be retried"
1200020,"Marin, Mihail",chesscomPlayer,mihail-marin,https://www.chess.com/players/mihail-marin,unknown,rate limited (HTTP 429),"rate-limited or server error - not judged, will be retried"
1200020,"Marin, Mihail",chessgames,14249,https://www.chessgames.com/perl/chessplayer?pid=14249,unknown,rate limited (HTTP 429),"rate-limited or server error - not judged, will be retried"
1200020,"Marin, Mihail",x,MihailMarin3,https://x.com/MihailMarin3,alive,200,no action
800023,"Mariotti, Sergio",chesscomPlayer,sergio-mariotti,https://www.chess.com/players/sergio-mariotti,alive,200,no action
800023,"Mariotti, Sergio",chessgames,18000,https://www.chessgames.com/perl/chessplayer?pid=18000,unknown,rate limited (HTTP 429),"rate-limited or server error - not judged, will be retried"
900354,"Marjanovic, Slavoljub",chesscomPlayer,slavoljub-marjanovic,https://www.chess.com/players/slavoljub-marjanovic,unknown,rate limited (HTTP 429),"rate-limited or server error - not judged, will be retried"
900354,"Marjanovic, Slavoljub",chessgames,16966,https://www.chessgames.com/perl/chessplayer?pid=16966,unknown,rate limited (HTTP 429),"rate-limited or server error - not judged, will be retried"
14903474,"Markos, Jan",chesscomPlayer,jan-markos,https://www.chess.com/players/jan-markos,unknown,rate limited (HTTP 429),"rate-limited or server error - not judged, will be retried"
14903474,"Markos, Jan",chessgames,50250,https://www.chessgames.com/perl/chessplayer?pid=50250,unknown,rate limited (HTTP 429),"rate-limited or server error - not judged, will be retried"
13300466,"Markosian, David S.",chesscom,DavidMarkosyan,https://www.chess.com/member/DavidMarkosyan,alive,200,no action
13300466,"Markosian, David S.",chesscomPlayer,david-s-markosian,https://www.chess.com/players/david-s-markosian,unknown,rate limited (HTTP 429),"rate-limited or server error - not judged, will be retried"
13300466,"Markosian, David S.",chessgames,66269,https://www.chessgames.com/perl/chessplayer?pid=66269,unknown,rate limited (HTTP 429),"rate-limited or server error - not judged, will be retried"
901504,"Markovic, Miroslav",chesscomPlayer,miroslav-markovic,https://www.chess.com/players/miroslav-markovic,alive,200,no action
901504,"Markovic, Miroslav",chessgames,60467,https://www.chessgames.com/perl/chessplayer?pid=60467,unknown,rate limited (HTTP 429),"rate-limited or server error - not judged, will be retried"
901504,"Markovic, Miroslav",lichess,Muradore,https://lichess.org/@/Muradore,unknown,ConnectionResetError,"rate-limited or server error - not judged, will be retried"
1105680,"Markowski, Tomasz",chesscomPlayer,tomasz-markowski,https://www.chess.com/players/tomasz-markowski,unknown,rate limited (HTTP 429),"rate-limited or server error - not judged, will be retried"
1105680,"Markowski, Tomasz",chessgames,24736,https://www.chessgames.com/perl/chessplayer?pid=24736,unknown,rate limited (HTTP 429),"rate-limited or server error - not judged, will be retried"
921637,"Markus, Robert",chesscom,4thD-alpeacefulmoon,https://www.chess.com/member/4thD-alpeacefulmoon,alive,200,no action
921637,"Markus, Robert",chesscomPlayer,robert-markus,https://www.chess.com/players/robert-markus,unknown,rate limited (HTTP 429),"rate-limited or server error - not judged, will be retried"
921637,"Markus, Robert",chessgames,30743,https://www.chessgames.com/perl/chessplayer?pid=30743,unknown,rate limited (HTTP 429),"rate-limited or server error - not judged, will be retried"
409561,"Maroroa Jones, Gawain C B",chesscom,VerdeNotte,https://www.chess.com/member/VerdeNotte,alive,200,no action
409561,"Maroroa Jones, Gawain C B",chesscomPlayer,gawain-jones,https://www.chess.com/players/gawain-jones,unknown,rate limited (HTTP 429),"rate-limited or server error - not judged, will be retried"
409561,"Maroroa Jones, Gawain C B",chessgames,23376,https://www.chessgames.com/perl/chessplayer?pid=23376,unknown,rate limited (HTTP 429),"rate-limited or server error - not judged, will be retried"
409561,"Maroroa Jones, Gawain C B",x,GMGawain,https://x.com/GMGawain,alive,200,no action
409561,"Maroroa Jones, Gawain C B",website,https://gawainjones.co.uk,https://gawainjones.co.uk,alive,200,no action
409561,"Maroroa Jones, Gawain C B",facebook,gmgawain,,unchecked,returns HTTP 400 to all automated requests,cannot be tested from a server - left in place
409561,"Maroroa Jones, Gawain C B",twitch,verdenotte,,unchecked,app shell answers 200 for missing channels,cannot be tested from a server - left in place
14500183,"Marovic, Drazen",chesscomPlayer,drazen-marovic,https://www.chess.com/players/drazen-marovic,unknown,rate limited (HTTP 429),"rate-limited or server error - not judged, will be retried"
14500183,"Marovic, Drazen",chessgames,47933,https://www.chessgames.com/perl/chessplayer?pid=47933,unknown,rate limited (HTTP 429),"rate-limited or server error - not judged, will be retried"
3805662,"Martinez Alcantara, Jose Eduardo",chesscom,Jospem,https://www.chess.com/member/Jospem,alive,200,no action
3805662,"Martinez Alcantara, Jose Eduardo",chesscomPlayer,jose-eduardo-martinez-alcantara,https://www.chess.com/players/jose-eduardo-martinez-alcantara,alive,200,no action
3805662,"Martinez Alcantara, Jose Eduardo",chessgames,139888,https://www.chessgames.com/perl/chessplayer?pid=139888,unknown,rate limited (HTTP 429),"rate-limited or server error - not judged, will be retried"
3805662,"Martinez Alcantara, Jose Eduardo",facebook,josepepitoperu,,unchecked,returns HTTP 400 to all automated requests,cannot be tested from a server - left in place
3805662,"Martinez Alcantara, Jose Eduardo",twitch,JoseMvp31,,unchecked,app shell answers 200 for missing channels,cannot be tested from a server - left in place
3504727,"Martinez Duany, Lelys Stanley",chesscom,martinez1985,https://www.chess.com/member/martinez1985,alive,200,no action
3504727,"Martinez Duany, Lelys Stanley",chesscomPlayer,lelys-stanley-martinez-duany,https://www.chess.com/players/lelys-stanley-martinez-duany,unknown,rate limited (HTTP 429),"rate-limited or server error - not judged, will be retried"
3504727,"Martinez Duany, Lelys Stanley",chessgames,125399,https://www.chessgames.com/perl/chessplayer?pid=125399,unknown,rate limited (HTTP 429),"rate-limited or server error - not judged, will be retried"
14509792,"Martinovic, Sasa",chesscom,Dr-CRO,https://www.chess.com/member/Dr-CRO,alive,200,no action
14509792,"Martinovic, Sasa",chesscomPlayer,sasa-martinovic,https://www.chess.com/players/sasa-martinovic,unknown,rate limited (HTTP 429),"rate-limited or server error - not judged, will be retried"
14509792,"Martinovic, Sasa",chessgames,96018,https://www.chessgames.com/perl/chessplayer?pid=96018,unknown,rate limited (HTTP 429),"rate-limited or server error - not judged, will be retried"
14509792,"Martinovic, Sasa",lichess,Dr-CRO,https://lichess.org/@/Dr-CRO,unknown,ConnectionResetError,"rate-limited or server error - not judged, will be retried"
13306553,"Martirosyan, Haik M.",chesscom,Micki-taryan,https://www.chess.com/member/Micki-taryan,alive,200,no action
13306553,"Martirosyan, Haik M.",chesscomPlayer,haik-martirosyan,https://www.chess.com/players/haik-martirosyan,unknown,rate limited (HTTP 429),"rate-limited or server error - not judged, will be retried"
13306553,"Martirosyan, Haik M.",chessgames,149265,https://www.chessgames.com/perl/chessplayer?pid=149265,unknown,rate limited (HTTP 429),"rate-limited or server error - not judged, will be retried"
13306553,"Martirosyan, Haik M.",lichess,ARM-777777,https://lichess.org/@/ARM-777777,unknown,ConnectionResetError,"rate-limited or server error - not judged, will be retried"
4130901,"Maslak, Konstantin",chesscomPlayer,konstantin-maslak,https://www.chess.com/players/konstantin-maslak,alive,200,no action
4130901,"Maslak, Konstantin",chessgames,64253,https://www.chessgames.com/perl/chessplayer?pid=64253,unknown,rate limited (HTTP 429),"rate-limited or server error - not judged, will be retried"
4201990,"Mastrovasilis, Athanasios",chesscom,Mastroskaki,https://www.chess.com/member/Mastroskaki,alive,200,no action
4201990,"Mastrovasilis, Athanasios",chesscomPlayer,athanasios-mastrovasilis,https://www.chess.com/players/athanasios-mastrovasilis,unknown,rate limited (HTTP 429),"rate-limited or server error - not judged, will be retried"
4201990,"Mastrovasilis, Athanasios",chessgames,38788,https://www.chessgames.com/perl/chessplayer?pid=38788,unknown,rate limited (HTTP 429),"rate-limited or server error - not judged, will be retried"
4201990,"Mastrovasilis, Athanasios",lichess,Enialios,https://lichess.org/@/Enialios,unknown,ConnectionResetError,"rate-limited or server error - not judged, will be retried"
4202694,"Mastrovasilis, Dimitrios",chesscom,Koutsalogo,https://www.chess.com/member/Koutsalogo,alive,200,no action
4202694,"Mastrovasilis, Dimitrios",chesscomPlayer,dimitrios-mastrovasilis,https://www.chess.com/players/dimitrios-mastrovasilis,unknown,rate limited (HTTP 429),"rate-limited or server error - not judged, will be retried"
4202694,"Mastrovasilis, Dimitrios",chessgames,35056,https://www.chessgames.com/perl/chessplayer?pid=35056,unknown,rate limited (HTTP 429),"rate-limited or server error - not judged, will be retried"
3600017,"Matamoros Franco, Carlos S.",chesscom,GMMatamoros,https://www.chess.com/member/GMMatamoros,alive,200,no action
3600017,"Matamoros Franco, Carlos S.",chesscomPlayer,carlos-matamoros-franco,https://www.chess.com/players/carlos-matamoros-franco,unknown,rate limited (HTTP 429),"rate-limited or server error - not judged, will be retried"
3600017,"Matamoros Franco, Carlos S.",chessgames,20896,https://www.chessgames.com/perl/chessplayer?pid=20896,unknown,rate limited (HTTP 429),"rate-limited or server error - not judged, will be retried"
900230,"Matanović, Aleksandar",chesscomPlayer,aleksandar-matanovic,https://www.chess.com/players/aleksandar-matanovic,alive,200,no action
900230,"Matanović, Aleksandar",chessgames,21135,https://www.chessgames.com/perl/chessplayer?pid=21135,unknown,rate limited (HTTP 429),"rate-limited or server error - not judged, will be retried"
6400019,"Mateo, Ramon",chesscomPlayer,ramon-mateo,https://www.chess.com/players/ramon-mateo,unknown,rate limited (HTTP 429),"rate-limited or server error - not judged, will be retried"
6400019,"Mateo, Ramon",chessgames,49096,https://www.chessgames.com/perl/chessplayer?pid=49096,unknown,rate limited (HTTP 429),"rate-limited or server error - not judged, will be retried"
6400019,"Mateo, Ramon",youtube,UCeadyn8jOIvMqb-54mnyTcg,,unchecked,consent page answers 200 for missing channels,cannot be tested from a server - left in place
24129100,"Matinian, Nikita",chesscom,Aygehovit1992,https://www.chess.com/member/Aygehovit1992,alive,200,no action
24129100,"Matinian, Nikita",chesscomPlayer,nikita-matinian,https://www.chess.com/players/nikita-matinian,unknown,rate limited (HTTP 429),"rate-limited or server error - not judged, will be retried"
24129100,"Matinian, Nikita",chessgames,130675,https://www.chessgames.com/perl/chessplayer?pid=130675,unknown,rate limited (HTTP 429),"rate-limited or server error - not judged, will be retried"
14107910,"Matjushin, Gennady",chesscom,Peretyatko,https://www.chess.com/member/Peretyatko,alive,200,no action
14107910,"Matjushin, Gennady",chesscomPlayer,gennady-matjushin,https://www.chess.com/players/gennady-matjushin,unknown,rate limited (HTTP 429),"rate-limited or server error - not judged, will be retried"
14107910,"Matjushin, Gennady",chessgames,56722,https://www.chessgames.com/perl/chessplayer?pid=56722,unknown,rate limited (HTTP 429),"rate-limited or server error - not judged, will be retried"
4168003,"Matlakov, Maxim",chesscom,BillieKimbah,https://www.chess.com/member/BillieKimbah,alive,200,no action
4168003,"Matlakov, Maxim",chesscomPlayer,maxim-matlakov,https://www.chess.com/players/maxim-matlakov,alive,200,no action
4168003,"Matlakov, Maxim",chessgames,54730,https://www.chessgames.com/perl/chessplayer?pid=54730,unknown,rate limited (HTTP 429),"rate-limited or server error - not judged, will be retried"
4168003,"Matlakov, Maxim",lichess,Matlakov,https://lichess.org/@/Matlakov,unknown,ConnectionResetError,"rate-limited or server error - not judged, will be retried"
4170083,"Matsenko, Sergei",chesscom,MatsenkoSergey,https://www.chess.com/member/MatsenkoSergey,alive,200,no action
4170083,"Matsenko, Sergei",chesscomPlayer,sergei-matsenko,https://www.chess.com/players/sergei-matsenko,unknown,rate limited (HTTP 429),"rate-limited or server error - not judged, will be retried"
4170083,"Matsenko, Sergei",chessgames,118229,https://www.chessgames.com/perl/chessplayer?pid=118229,unknown,rate limited (HTTP 429),"rate-limited or server error - not judged, will be retried"
2100169,"Matsuura, Everaldo",chesscom,AugustoMatraga,https://www.chess.com/member/AugustoMatraga,alive,200,no action
2100169,"Matsuura, Everaldo",chesscomPlayer,everaldo-matsuura,https://www.chess.com/players/everaldo-matsuura,unknown,rate limited (HTTP 429),"rate-limited or server error - not judged, will be retried"
2100169,"Matsuura, Everaldo",chessgames,26917,https://www.chessgames.com/perl/chessplayer?pid=26917,unknown,rate limited (HTTP 429),"rate-limited or server error - not judged, will be retried"
900362,"Matulović, Milan",chessgames,13888,https://www.chessgames.com/perl/chessplayer?pid=13888,unknown,rate limited (HTTP 429),"rate-limited or server error - not judged, will be retried"
1129775,"Matuszewski, Michal",chesscom,shevson,https://www.chess.com/member/shevson,alive,200,no action
1129775,"Matuszewski, Michal",chesscomPlayer,michal-matuszewski,https://www.chess.com/players/michal-matuszewski,unknown,rate limited (HTTP 429),"rate-limited or server error - not judged, will be retried"
1129775,"Matuszewski, Michal",chessgames,126615,https://www.chessgames.com/perl/chessplayer?pid=126615,unknown,rate limited (HTTP 429),"rate-limited or server error - not judged, will be retried"
14129850,"Matviishen, Viktor",chesscom,Viktor_Matviishen,https://www.chess.com/member/Viktor_Matviishen,alive,200,no action
14129850,"Matviishen, Viktor",chesscomPlayer,viktor-matviishen,https://www.chess.com/players/viktor-matviishen,alive,200,no action
14129850,"Matviishen, Viktor",chessgames,138054,https://www.chessgames.com/perl/chessplayer?pid=138054,unknown,rate limited (HTTP 429),"rate-limited or server error - not judged, will be retried"
36083534,"Maurizzi, MarcAndria",chesscom,Marcan2b,https://www.chess.com/member/Marcan2b,alive,200,no action
36083534,"Maurizzi, MarcAndria",chesscomPlayer,marc-andria-maurizzi,https://www.chess.com/players/marc-andria-maurizzi,unknown,rate limited (HTTP 429),"rate-limited or server error - not judged, will be retried"
36083534,"Maurizzi, MarcAndria",chessgames,156291,https://www.chessgames.com/perl/chessplayer?pid=156291,unknown,rate limited (HTTP 429),"rate-limited or server error - not judged, will be retried"
14105659,"Maximov, Dmitry",chesscom,DmitryMaximov,https://www.chess.com/member/DmitryMaximov,alive,200,no action
14105659,"Maximov, Dmitry",chesscomPlayer,dmitri-maksimov-1,https://www.chess.com/players/dmitri-maksimov-1,unknown,rate limited (HTTP 429),"rate-limited or server error - not judged, will be retried"
14105659,"Maximov, Dmitry",chessgames,65765,https://www.chessgames.com/perl/chessplayer?pid=65765,unknown,rate limited (HTTP 429),"rate-limited or server error - not judged, will be retried"
25659766,Mayank Chakraborty,chesscomPlayer,mayank-chakraborty,https://www.chess.com/players/mayank-chakraborty,unknown,rate limited (HTTP 429),"rate-limited or server error - not judged, will be retried"
13501720,"Mayorau, Mikita",chesscom,mikolka1985,https://www.chess.com/member/mikolka1985,alive,200,no action
13501720,"Mayorau, Mikita",chesscomPlayer,nikita-maiorov,https://www.chess.com/players/nikita-maiorov,unknown,rate limited (HTTP 429),"rate-limited or server error - not judged, will be retried"
13501720,"Mayorau, Mikita",chessgames,51453,https://www.chessgames.com/perl/chessplayer?pid=51453,unknown,rate limited (HTTP 429),"rate-limited or server error - not judged, will be retried"
13501720,"Mayorau, Mikita",lichess,mikolka1985,https://lichess.org/@/mikolka1985,unknown,ConnectionResetError,"rate-limited or server error - not judged, will be retried"
613762,"Maze, Sebastien",chesscom,Mazetovic,https://www.chess.com/member/Mazetovic,alive,200,no action
613762,"Maze, Sebastien",chesscomPlayer,sebastien-maze,https://www.chess.com/players/sebastien-maze,alive,200,no action
613762,"Maze, Sebastien",chessgames,51339,https://www.chessgames.com/perl/chessplayer?pid=51339,unknown,rate limited (HTTP 429),"rate-limited or server error - not judged, will be retried"
613762,"Maze, Sebastien",lichess,Mazetovic,https://lichess.org/@/Mazetovic,alive,200,no action
613762,"Maze, Sebastien",x,mazetovic,https://x.com/mazetovic,alive,200,no action
400629,"McDonald, Neil",chesscomPlayer,neil-mcdonald,https://www.chess.com/players/neil-mcdonald,unknown,rate limited (HTTP 429),"rate-limited or server error - not judged, will be retried"
400629,"McDonald, Neil",chessgames,27732,https://www.chessgames.com/perl/chessplayer?pid=27732,unknown,rate limited (HTTP 429),"rate-limited or server error - not judged, will be retried"
13600966,"Mchedlishvili, Mikheil",chesscom,mishikomchedlishvili,https://www.chess.com/member/mishikomchedlishvili,alive,200,no action
13600966,"Mchedlishvili, Mikheil",chesscomPlayer,micheil-mtschedlischwili,https://www.chess.com/players/micheil-mtschedlischwili,unknown,rate limited (HTTP 429),"rate-limited or server error - not judged, will be retried"
13600966,"Mchedlishvili, Mikheil",chessgames,49454,https://www.chessgames.com/perl/chessplayer?pid=49454,unknown,rate limited (HTTP 429),"rate-limited or server error - not judged, will be retried"
2400030,"McNab, Colin A",chesscomPlayer,colin-a-mcnab,https://www.chess.com/players/colin-a-mcnab,unknown,rate limited (HTTP 429),"rate-limited or server error - not judged, will be retried"
2400030,"McNab, Colin A",chessgames,13783,https://www.chessgames.com/perl/chessplayer?pid=13783,unknown,rate limited (HTTP 429),"rate-limited or server error - not judged, will be retried"
404853,"McShane, Luke J",chesscom,LMcShane,https://www.chess.com/member/LMcShane,alive,200,no action
404853,"McShane, Luke J",chesscomPlayer,luke-mcshane,https://www.chess.com/players/luke-mcshane,alive,200,no action
404853,"McShane, Luke J",chessgames,14287,https://www.chessgames.com/perl/chessplayer?pid=14287,unknown,rate limited (HTTP 429),"rate-limited or server error - not judged, will be retried"
2100010,"Mecking, Henrique",chesscom,Jpsmo,https://www.chess.com/member/Jpsmo,alive,200,no action
2100010,"Mecking, Henrique",chesscomPlayer,henrique-mecking,https://www.chess.com/players/henrique-mecking,unknown,rate limited (HTTP 429),"rate-limited or server error - not judged, will be retried"
2100010,"Mecking, Henrique",chessgames,16115,https://www.chessgames.com/perl/chessplayer?pid=16115,unknown,rate limited (HTTP 429),"rate-limited or server error - not judged, will be retried"
2100010,"Mecking, Henrique",x,GM_Mequinho,https://x.com/GM_Mequinho,alive,200,no action
2100010,"Mecking, Henrique",facebook,hmecking,,unchecked,returns HTTP 400 to all automated requests,cannot be tested from a server - left in place
300055,"Meduna, Eduard",chesscomPlayer,eduard-meduna,https://www.chess.com/players/eduard-meduna,unknown,rate limited (HTTP 429),"rate-limited or server error - not judged, will be retried"
300055,"Meduna, Eduard",chessgames,14963,https://www.chessgames.com/perl/chessplayer?pid=14963,unknown,rate limited (HTTP 429),"rate-limited or server error - not judged, will be retried"
708402,"Medvegy, Zoltan Dr.",chesscom,Medvegy,https://www.chess.com/member/Medvegy,alive,200,no action
708402,"Medvegy, Zoltan Dr.",chesscomPlayer,zoltan-medvegy,https://www.chess.com/players/zoltan-medvegy,unknown,rate limited (HTTP 429),"rate-limited or server error - not judged, will be retried"
708402,"Medvegy, Zoltan Dr.",chessgames,49115,https://www.chessgames.com/perl/chessplayer?pid=49115,unknown,rate limited (HTTP 429),"rate-limited or server error - not judged, will be retried"
708402,"Medvegy, Zoltan Dr.",lichess,Medvegy,https://lichess.org/@/Medvegy,alive,200,no action
7101384,"Megaranto, Susanto",chesscom,garcho08,https://www.chess.com/member/garcho08,alive,200,no action
7101384,"Megaranto, Susanto",chesscomPlayer,susanto-megaranto,https://www.chess.com/players/susanto-megaranto,alive,200,no action
7101384,"Megaranto, Susanto",chessgames,83458,https://www.chessgames.com/perl/chessplayer?pid=83458,unknown,rate limited (HTTP 429),"rate-limited or server error - not judged, will be retried"
4675789,"Meier, Georg",chesscom,GeorgMeier,https://www.chess.com/member/GeorgMeier,alive,200,no action
4675789,"Meier, Georg",chesscomPlayer,georg-meier,https://www.chess.com/players/georg-meier,unknown,rate limited (HTTP 429),"rate-limited or server error - not judged, will be retried"
4675789,"Meier, Georg",chessgames,95763,https://www.chessgames.com/perl/chessplayer?pid=95763,unknown,rate limited (HTTP 429),"rate-limited or server error - not judged, will be retried"
4675789,"Meier, Georg",x,GMGeorgMeier,https://x.com/GMGeorgMeier,alive,200,no action
11600314,"Meijers, Viesturs",chesscomPlayer,viesturs-meijers,https://www.chess.com/players/viesturs-meijers,unknown,rate limited (HTTP 429),"rate-limited or server error - not judged, will be retried"
11600314,"Meijers, Viesturs",chessgames,49269,https://www.chessgames.com/perl/chessplayer?pid=49269,unknown,rate limited (HTTP 429),"rate-limited or server error - not judged, will be retried"
4102541,"Meister, Jakob",chesscomPlayer,jakob-meister,https://www.chess.com/players/jakob-meister,unknown,rate limited (HTTP 429),"rate-limited or server error - not judged, will be retried"
4102541,"Meister, Jakob",chessgames,18169,https://www.chessgames.com/perl/chessplayer?pid=18169,unknown,rate limited (HTTP 429),"rate-limited or server error - not judged, will be retried"
2107660,"Mekhitarian, Krikor Sevag",chesscom,GMKrikor,https://www.chess.com/member/GMKrikor,alive,200,no action
2107660,"Mekhitarian, Krikor Sevag",chesscomPlayer,krikor-sevag-mekhitarian,https://www.chess.com/players/krikor-sevag-mekhitarian,alive,200,no action
2107660,"Mekhitarian, Krikor Sevag",chessgames,96630,https://www.chessgames.com/perl/chessplayer?pid=96630,unknown,rate limited (HTTP 429),"rate-limited or server error - not judged, will be retried"
2107660,"Mekhitarian, Krikor Sevag",x,gmkrikor,https://x.com/gmkrikor,dead,HTTP 404,removed from roster.csv - replace with the current handle if you find one
2107660,"Mekhitarian, Krikor Sevag",facebook,GMKrikor,,unchecked,returns HTTP 400 to all automated requests,cannot be tested from a server - left in place
2107660,"Mekhitarian, Krikor Sevag",instagram,krikorsm,,unchecked,login wall answers 200 for missing profiles,cannot be tested from a server - left in place
2107660,"Mekhitarian, Krikor Sevag",youtube,UCwWm-fABiYbcL7ro8qONd6Q,,unchecked,consent page answers 200 for missing channels,cannot be tested from a server - left in place
13302485,"Melkumyan, Hrant",chesscom,Hrant_ChessMood,https://www.chess.com/member/Hrant_ChessMood,alive,200,no action
13302485,"Melkumyan, Hrant",chesscomPlayer,hrant-melkumyan,https://www.chess.com/players/hrant-melkumyan,unknown,rate limited (HTTP 429),"rate-limited or server error - not judged, will be retried"
13302485,"Melkumyan, Hrant",chessgames,98978,https://www.chessgames.com/perl/chessplayer?pid=98978,unknown,rate limited (HTTP 429),"rate-limited or server error - not judged, will be retried"
13302485,"Melkumyan, Hrant",lichess,Creep30,https://lichess.org/@/Creep30,alive,200,no action
13302485,"Melkumyan, Hrant",x,MelkumyanHrant,https://x.com/MelkumyanHrant,alive,200,no action
35028561,"Mendonca, Leon Luke",chesscom,lyndonlistzmendonca,https://www.chess.com/member/lyndonlistzmendonca,dead,HTTP 404,removed from roster.csv - replace with the current handle if you find one
35028561,"Mendonca, Leon Luke",chesscomPlayer,leon-luke-mendonca,https://www.chess.com/players/leon-luke-mendonca,unknown,rate limited (HTTP 429),"rate-limited or server error - not judged, will be retried"
35028561,"Mendonca, Leon Luke",chessgames,156237,https://www.chessgames.com/perl/chessplayer?pid=156237,unknown,rate limited (HTTP 429),"rate-limited or server error - not judged, will be retried"
11602740,"Meshkovs, Nikita",chesscom,1stSecond,https://www.chess.com/member/1stSecond,alive,200,no action
11602740,"Meshkovs, Nikita",chesscomPlayer,nikita-meshkovs,https://www.chess.com/players/nikita-meshkovs,unknown,rate limited (HTTP 429),"rate-limited or server error - not judged, will be retried"
11602740,"Meshkovs, Nikita",chessgames,117722,https://www.chessgames.com/perl/chessplayer?pid=117722,unknown,rate limited (HTTP 429),"rate-limited or server error - not judged, will be retried"
400122,"Mestel, A Jonathan",chesscomPlayer,a-jonathan-mestel,https://www.chess.com/players/a-jonathan-mestel,unknown,rate limited (HTTP 429),"rate-limited or server error - not judged, will be retried"
400122,"Mestel, A Jonathan",chessgames,15666,https://www.chessgames.com/perl/chessplayer?pid=15666,unknown,rate limited (HTTP 429),"rate-limited or server error - not judged, will be retried"
14907526,"Michalik, Peter",chesscomPlayer,peter-michalik,https://www.chess.com/players/peter-michalik,alive,200,no action
14907526,"Michalik, Peter",chessgames,95800,https://www.chessgames.com/perl/chessplayer?pid=95800,unknown,rate limited (HTTP 429),"rate-limited or server error - not judged, will be retried"
202967,"Michiels, Bart",chesscomPlayer,bart-michiels,https://www.chess.com/players/bart-michiels,unknown,rate limited (HTTP 429),"rate-limited or server error - not judged, will be retried"
202967,"Michiels, Bart",chessgames,52248,https://www.chessgames.com/perl/chessplayer?pid=52248,unknown,rate limited (HTTP 429),"rate-limited or server error - not judged, will be retried"
11600136,"Miezis, Normunds",chesscom,Snake71,https://www.chess.com/member/Snake71,alive,200,no action
11600136,"Miezis, Normunds",chesscomPlayer,normunds-miezis,https://www.chess.com/players/normunds-miezis,unknown,rate limited (HTTP 429),"rate-limited or server error - not judged, will be retried"
11600136,"Miezis, Normunds",chessgames,49822,https://www.chessgames.com/perl/chessplayer?pid=49822,unknown,rate limited (HTTP 429),"rate-limited or server error - not judged, will be retried"
728012,"Mihok, Oliver",chesscomPlayer,oliver-mihok,https://www.chess.com/players/oliver-mihok,unknown,rate limited (HTTP 429),"rate-limited or server error - not judged, will be retried"
728012,"Mihok, Oliver",chessgames,109549,https://www.chessgames.com/perl/chessplayer?pid=109549,unknown,rate limited (HTTP 429),"rate-limited or server error - not judged, will be retried"
13304852,"Mikaelyan, Arman",chesscom,MikaelyanArman1996,https://www.chess.com/member/MikaelyanArman1996,dead,HTTP 404,removed from roster.csv - replace with the current handle if you find one
13304852,"Mikaelyan, Arman",chesscomPlayer,arman-mikaelyan,https://www.chess.com/players/arman-mikaelyan,alive,200,no action
13304852,"Mikaelyan, Arman",chessgames,149267,https://www.chessgames.com/perl/chessplayer?pid=149267,unknown,rate limited (HTTP 429),"rate-limited or server error - not judged, will be retried"
13304852,"Mikaelyan, Arman",lichess,Peacefulwarrior1996,https://lichess.org/@/Peacefulwarrior1996,unknown,rate limited (HTTP 429),"rate-limited or server error - not judged, will be retried"
14602385,"Mikhalchishin, Adrian",chesscomPlayer,adrian-mikhalchishin,https://www.chess.com/players/adrian-mikhalchishin,unknown,rate limited (HTTP 429),"rate-limited or server error - not judged, will be retried"
14602385,"Mikhalchishin, Adrian",chessgames,15391,https://www.chessgames.com/perl/chessplayer?pid=15391,unknown,rate limited (HTTP 429),"rate-limited or server error - not judged, will be retried"
14102340,"Mikhaletz, Lubomir",chesscomPlayer,lubomir-mikhaletz,https://www.chess.com/players/lubomir-mikhaletz,unknown,rate limited (HTTP 429),"rate-limited or server error - not judged, will be retried"
14102340,"Mikhaletz, Lubomir",chessgames,51723,https://www.chessgames.com/perl/chessplayer?pid=51723,unknown,rate limited (HTTP 429),"rate-limited or server error - not judged, will be retried"
2801914,"Mikhalevski, Victor",chesscom,VMikhalevski,https://www.chess.com/member/VMikhalevski,alive,200,no action
2801914,"Mikhalevski, Victor",chesscomPlayer,victor-mikhalevski,https://www.chess.com/players/victor-mikhalevski,unknown,rate limited (HTTP 429),"rate-limited or server error - not judged, will be retried"
2801914,"Mikhalevski, Victor",chessgames,17132,https://www.chessgames.com/perl/chessplayer?pid=17132,unknown,rate limited (HTTP 429),"rate-limited or server error - not judged, will be retried"
2801914,"Mikhalevski, Victor",website,http://vmikhalevski.webs.com,http://vmikhalevski.webs.com,dead,domain does not resolve,removed from roster.csv - replace with the current handle if you find one
4203380,"Miladinovic, Igor",chesscomPlayer,igor-miladinovic,https://www.chess.com/players/igor-miladinovic,alive,200,no action
4203380,"Miladinovic, Igor",chessgames,14211,https://www.chessgames.com/perl/chessplayer?pid=14211,unknown,rate limited (HTTP 429),"rate-limited or server error - not judged, will be retried"
915483,"Milanovic, Danilo",chesscom,MilanovicDan,https://www.chess.com/member/MilanovicDan,alive,200,no action
915483,"Milanovic, Danilo",chesscomPlayer,danilo-milanovic,https://www.chess.com/players/danilo-milanovic,unknown,rate limited (HTTP 429),"rate-limited or server error - not judged, will be retried"
915483,"Milanovic, Danilo",chessgames,28649,https://www.chessgames.com/perl/chessplayer?pid=28649,unknown,rate limited (HTTP 429),"rate-limited or server error - not judged, will be retried"
915483,"Milanovic, Danilo",lichess,MilanovicDan,https://lichess.org/@/MilanovicDan,unknown,rate limited (HTTP 429),"rate-limited or server error - not judged, will be retried"
922722,"Miljkovic, Miroslav D",chesscom,MiroMiljkovic,https://www.chess.com/member/MiroMiljkovic,alive,200,no action
922722,"Miljkovic, Miroslav D",chesscomPlayer,miroslav-d-miljkovic,https://www.chess.com/players/miroslav-d-miljkovic,unknown,rate limited (HTTP 429),"rate-limited or server error - not judged, will be retried"
922722,"Miljkovic, Miroslav D",chessgames,55497,https://www.chessgames.com/perl/chessplayer?pid=55497,unknown,rate limited (HTTP 429),"rate-limited or server error - not judged, will be retried"
922722,"Miljkovic, Miroslav D",lichess,MiroMiljkovic,https://lichess.org/@/MiroMiljkovic,unknown,rate limited (HTTP 429),"rate-limited or server error - not judged, will be retried"
2100029,"Milos, Gilberto",chesscom,GilMil,https://www.chess.com/member/GilMil,alive,200,no action
2100029,"Milos, Gilberto",chesscomPlayer,gilberto-milos,https://www.chess.com/players/gilberto-milos,unknown,rate limited (HTTP 429),"rate-limited or server error - not judged, will be retried"
2100029,"Milos, Gilberto",chessgames,46575,https://www.chessgames.com/perl/chessplayer?pid=46575,unknown,rate limited (HTTP 429),"rate-limited or server error - not judged, will be retried"
14101068,"Milov, Leonid",chesscomPlayer,leonid-milov,https://www.chess.com/players/leonid-milov,alive,200,no action
14101068,"Milov, Leonid",chessgames,28864,https://www.chessgames.com/perl/chessplayer?pid=28864,unknown,rate limited (HTTP 429),"rate-limited or server error - not judged, will be retried"
1304364,"Milov, Vadim",chesscomPlayer,vadim-milov,https://www.chess.com/players/vadim-milov,unknown,rate limited (HTTP 429),"rate-limited or server error - not judged, will be retried"
1304364,"Milov, Vadim",chessgames,21410,https://www.chessgames.com/perl/chessplayer?pid=21410,unknown,rate limited (HTTP 429),"rate-limited or server error - not judged, will be retried"
13300377,"Minasian, Ara",chesscomPlayer,ara-minasian,https://www.chess.com/players/ara-minasian,unknown,rate limited (HTTP 429),"rate-limited or server error - not judged, will be retried"
13300377,"Minasian, Ara",chessgames,93766,https://www.chessgames.com/perl/chessplayer?pid=93766,unknown,rate limited (HTTP 429),"rate-limited or server error - not judged, will be retried"
13300040,"Minasian, Artashes",chesscomPlayer,artashes-minasian,https://www.chess.com/players/artashes-minasian,unknown,rate limited (HTTP 429),"rate-limited or server error - not judged, will be retried"
13300040,"Minasian, Artashes",chessgames,49445,https://www.chessgames.com/perl/chessplayer?pid=49445,unknown,rate limited (HTTP 429),"rate-limited or server error - not judged, will be retried"
600059,"Mirallès, Gilles",chesscom,oursemare,https://www.chess.com/member/oursemare,alive,200,no action
600059,"Mirallès, Gilles",chesscomPlayer,gilles-miralles,https://www.chess.com/players/gilles-miralles,unknown,rate limited (HTTP 429),"rate-limited or server error - not judged, will be retried"
600059,"Mirallès, Gilles",chessgames,14372,https://www.chessgames.com/perl/chessplayer?pid=14372,unknown,rate limited (HTTP 429),"rate-limited or server error - not judged, will be retried"
3510697,"Miranda Mesa, Elier",chesscomPlayer,elier-miranda-mesa,https://www.chess.com/players/elier-miranda-mesa,alive,200,no action
3510697,"Miranda Mesa, Elier",chessgames,133356,https://www.chessgames.com/perl/chessplayer?pid=133356,unknown,rate limited (HTTP 429),"rate-limited or server error - not judged, will be retried"
1210920,"Miron, Lucian-Costin",chesscom,Predatoru,https://www.chess.com/member/Predatoru,alive,200,no action
1210920,"Miron, Lucian-Costin",chesscomPlayer,lucian-costin-miron,https://www.chess.com/players/lucian-costin-miron,unknown,rate limited (HTTP 429),"rate-limited or server error - not judged, will be retried"
1210920,"Miron, Lucian-Costin",chessgames,120815,https://www.chessgames.com/perl/chessplayer?pid=120815,unknown,rate limited (HTTP 429),"rate-limited or server error - not judged, will be retried"
14102595,"Miroshnichenko, Evgenij",chesscom,mironius,https://www.chess.com/member/mironius,alive,200,no action
14102595,"Miroshnichenko, Evgenij",chesscomPlayer,evgenij-miroshnichenko,https://www.chess.com/players/evgenij-miroshnichenko,unknown,rate limited (HTTP 429),"rate-limited or server error - not judged, will be retried"
14102595,"Miroshnichenko, Evgenij",chessgames,11594,https://www.chessgames.com/perl/chessplayer?pid=11594,unknown,rate limited (HTTP 429),"rate-limited or server error - not judged, will be retried"
316180,"Mirumian, Vigen",chesscomPlayer,vigen-mirumyan,https://www.chess.com/players/vigen-mirumyan,unknown,rate limited (HTTP 429),"rate-limited or server error - not judged, will be retried"
316180,"Mirumian, Vigen",chessgames,17261,https://www.chessgames.com/perl/chessplayer?pid=17261,unknown,rate limited (HTTP 429),"rate-limited or server error - not judged, will be retried"
13400304,"Mirzoev, Azer",chesscom,azikom,https://www.chess.com/member/azikom,alive,200,no action
13400304,"Mirzoev, Azer",chesscomPlayer,azer-mirzoev,https://www.chess.com/players/azer-mirzoev,alive,200,no action
13400304,"Mirzoev, Azer",chessgames,49113,https://www.chessgames.com/perl/chessplayer?pid=49113,unknown,rate limited (HTTP 429),"rate-limited or server error - not judged, will be retried"
14108640,"Mirzoev, Emil",chesscom,Off-War,https://www.chess.com/member/Off-War,alive,200,no action
14108640,"Mirzoev, Emil",chesscomPlayer,emil-mirzoev,https://www.chess.com/players/emil-mirzoev,unknown,rate limited (HTTP 429),"rate-limited or server error - not judged, will be retried"
14108640,"Mirzoev, Emil",chessgames,155865,https://www.chessgames.com/perl/chessplayer?pid=155865,unknown,rate limited (HTTP 429),"rate-limited or server error - not judged, will be retried"
14108640,"Mirzoev, Emil",lichess,Off-War,https://lichess.org/@/Off-War,unknown,rate limited (HTTP 429),"rate-limited or server error - not judged, will be retried"
30920019,"Mishra, Abhimanyu",chesscom,PursuitOfHappyness2,https://www.chess.com/member/PursuitOfHappyness2,alive,200,no action
30920019,"Mishra, Abhimanyu",chesscomPlayer,abhimanyu-mishra,https://www.chess.com/players/abhimanyu-mishra,unknown,rate limited (HTTP 429),"rate-limited or server error - not judged, will be retried"
30920019,"Mishra, Abhimanyu",chessgames,163109,https://www.chessgames.com/perl/chessplayer?pid=163109,unknown,rate limited (HTTP 429),"rate-limited or server error - not judged, will be retried"
30920019,"Mishra, Abhimanyu",x,ChessMishra,https://x.com/ChessMishra,alive,200,no action
1110381,"Mista, Aleksander",chesscom,olomi007,https://www.chess.com/member/olomi007,alive,200,no action
1110381,"Mista, Aleksander",chesscomPlayer,aleksander-mista,https://www.chess.com/players/aleksander-mista,unknown,rate limited (HTTP 429),"rate-limited or server error - not judged, will be retried"
1110381,"Mista, Aleksander",chessgames,54226,https://www.chessgames.com/perl/chessplayer?pid=54226,unknown,rate limited (HTTP 429),"rate-limited or server error - not judged, will be retried"
15000290,"Mitkov, Nikola",chesscom,gmmitkov,https://www.chess.com/member/gmmitkov,alive,200,no action
15000290,"Mitkov, Nikola",chesscomPlayer,nikola-mitkov,https://www.chess.com/players/nikola-mitkov,alive,200,no action
15000290,"Mitkov, Nikola",chessgames,17038,https://www.chessgames.com/perl/chessplayer?pid=17038,unknown,rate limited (HTTP 429),"rate-limited or server error - not judged, will be retried"
1111914,"Miton, Kamil",chesscom,Kamilek84,https://www.chess.com/member/Kamilek84,alive,200,no action
1111914,"Miton, Kamil",chesscomPlayer,kamil-miton,https://www.chess.com/players/kamil-miton,alive,200,no action
1111914,"Miton, Kamil",chessgames,49437,https://www.chessgames.com/perl/chessplayer?pid=49437,unknown,rate limited (HTTP 429),"rate-limited or server error - not judged, will be retried"
5057000,"Mitrabha, Guha",chesscom,mitrabhaa,https://www.chess.com/member/mitrabhaa,alive,200,no action
5057000,"Mitrabha, Guha",chesscomPlayer,guha-mitrabha,https://www.chess.com/players/guha-mitrabha,unknown,rate limited (HTTP 429),"rate-limited or server error - not judged, will be retried"
5057000,"Mitrabha, Guha",chessgames,158831,https://www.chessgames.com/perl/chessplayer?pid=158831,unknown,rate limited (HTTP 429),"rate-limited or server error - not judged, will be retried"
5057000,"Mitrabha, Guha",lichess,Mitrabha,https://lichess.org/@/Mitrabha,dead,HTTP 404,removed from roster.csv - replace with the current handle if you find one
5057000,"Mitrabha, Guha",x,MitrabhaGuha,https://x.com/MitrabhaGuha,alive,200,no action
810894,"Mogranzini, Roberto",chesscom,GM_RobertoMogranzini,https://www.chess.com/member/GM_RobertoMogranzini,alive,200,no action
810894,"Mogranzini, Roberto",chesscomPlayer,roberto-mogranzini,https://www.chess.com/players/roberto-mogranzini,unknown,rate limited (HTTP 429),"rate-limited or server error - not judged, will be retried"
810894,"Mogranzini, Roberto",chessgames,55732,https://www.chessgames.com/perl/chessplayer?pid=55732,unknown,rate limited (HTTP 429),"rate-limited or server error - not judged, will be retried"
810894,"Mogranzini, Roberto",x,GM_Mogranzini,https://x.com/GM_Mogranzini,alive,200,no action
14600013,"Mohr, Georg",chesscomPlayer,georg-mohr,https://www.chess.com/players/georg-mohr,unknown,rate limited (HTTP 429),"rate-limited or server error - not judged, will be retried"
14600013,"Mohr, Georg",chessgames,26698,https://www.chessgames.com/perl/chessplayer?pid=26698,unknown,rate limited (HTTP 429),"rate-limited or server error - not judged, will be retried"
4600290,"Mohr, Stefan",chesscomPlayer,stefan-mohr,https://www.chess.com/players/stefan-mohr,alive,200,no action
4600290,"Mohr, Stefan",chessgames,13744,https://www.chessgames.com/perl/chessplayer?pid=13744,unknown,rate limited (HTTP 429),"rate-limited or server error - not judged, will be retried"
14102560,"Moiseenko, Alexander",chesscom,severomorskij,https://www.chess.com/member/severomorskij,alive,200,no action
14102560,"Moiseenko, Alexander",chesscomPlayer,alexander-moiseenko,https://www.chess.com/players/alexander-moiseenko,unknown,rate limited (HTTP 429),"rate-limited or server error - not judged, will be retried"
14102560,"Moiseenko, Alexander",chessgames,45294,https://www.chessgames.com/perl/chessplayer?pid=45294,unknown,rate limited (HTTP 429),"rate-limited or server error - not judged, will be retried"
4123700,"Moiseenko, Vadim",chesscom,TaykaGM,https://www.chess.com/member/TaykaGM,alive,200,no action
4123700,"Moiseenko, Vadim",chesscomPlayer,vadim-moiseenko,https://www.chess.com/players/vadim-moiseenko,unknown,rate limited (HTTP 429),"rate-limited or server error - not judged, will be retried"
4123700,"Moiseenko, Vadim",chessgames,117704,https://www.chessgames.com/perl/chessplayer?pid=117704,unknown,rate limited (HTTP 429),"rate-limited or server error - not judged, will be retried"
4123700,"Moiseenko, Vadim",lichess,Tayka,https://lichess.org/@/Tayka,unknown,rate limited (HTTP 429),"rate-limited or server error - not judged, will be retried"
306070,"Mokry, Karel",chesscomPlayer,karel-mokry,https://www.chess.com/players/karel-mokry,unknown,rate limited (HTTP 429),"rate-limited or server error - not judged, will be retried"
306070,"Mokry, Karel",chessgames,13995,https://www.chessgames.com/perl/chessplayer?pid=13995,unknown,rate limited (HTTP 429),"rate-limited or server error - not judged, will be retried"
10200444,"Mollah Abdullah, Al Rakib",chesscomPlayer,abdullah-al-rakib,https://www.chess.com/players/abdullah-al-rakib,unknown,rate limited (HTTP 429),"rate-limited or server error - not judged, will be retried"
10200444,"Mollah Abdullah, Al Rakib",chessgames,11586,https://www.chessgames.com/perl/chessplayer?pid=11586,unknown,rate limited (HTTP 429),"rate-limited or server error - not judged, will be retried"
2021722,"Molner, Mackenzie",chesscom,MacMolner,https://www.chess.com/member/MacMolner,alive,200,no action
2021722,"Molner, Mackenzie",chesscomPlayer,mackenzie-molner,https://www.chess.com/players/mackenzie-molner,alive,200,no action
2021722,"Molner, Mackenzie",chessgames,102525,https://www.chessgames.com/perl/chessplayer?pid=102525,unknown,rate limited (HTTP 429),"rate-limited or server error - not judged, will be retried"
4614950,"Mons, Leon",chesscom,OlympusMons95,https://www.chess.com/member/OlympusMons95,alive,200,no action
4614950,"Mons, Leon",chesscomPlayer,leon-mons,https://www.chess.com/players/leon-mons,unknown,rate limited (HTTP 429),"rate-limited or server error - not judged, will be retried"
4614950,"Mons, Leon",chessgames,121782,https://www.chessgames.com/perl/chessplayer?pid=121782,unknown,rate limited (HTTP 429),"rate-limited or server error - not judged, will be retried"
4614950,"Mons, Leon",lichess,OlympusMons95,https://lichess.org/@/OlympusMons95,unknown,rate limited (HTTP 429),"rate-limited or server error - not judged, will be retried"
12501255,"Moradiabadi, Elshan",chesscom,Elshan1985,https://www.chess.com/member/Elshan1985,alive,200,no action
12501255,"Moradiabadi, Elshan",chesscomPlayer,elshan-moradi,https://www.chess.com/players/elshan-moradi,unknown,rate limited (HTTP 429),"rate-limited or server error - not judged, will be retried"
12501255,"Moradiabadi, Elshan",chessgames,51258,https://www.chessgames.com/perl/chessplayer?pid=51258,unknown,rate limited (HTTP 429),"rate-limited or server error - not judged, will be retried"
12501255,"Moradiabadi, Elshan",x,eli_1985_mor,https://x.com/eli_1985_mor,alive,200,no action
12501255,"Moradiabadi, Elshan",instagram,moradiabadi,,unchecked,login wall answers 200 for missing profiles,cannot be tested from a server - left in place
12501255,"Moradiabadi, Elshan",twitch,GM_Elshan1985,,unchecked,app shell answers 200 for missing channels,cannot be tested from a server - left in place
1122401,"Moranda, Wojciech",chesscom,gmmoranda,https://www.chess.com/member/gmmoranda,alive,200,no action
1122401,"Moranda, Wojciech",chesscomPlayer,wojciech-moranda,https://www.chess.com/players/wojciech-moranda,unknown,rate limited (HTTP 429),"rate-limited or server error - not judged, will be retried"
1122401,"Moranda, Wojciech",chessgames,83260,https://www.chessgames.com/perl/chessplayer?pid=83260,unknown,rate limited (HTTP 429),"rate-limited or server error - not judged, will be retried"
2224267,"Moreno Carnero, Javier",chesscomPlayer,javier-moreno-carnero,https://www.chess.com/players/javier-moreno-carnero,alive,200,no action
2224267,"Moreno Carnero, Javier",chessgames,86424,https://www.chessgames.com/perl/chessplayer?pid=86424,unknown,rate limited (HTTP 429),"rate-limited or server error - not judged, will be retried"
865834,"Moroni, Luca Jr",chesscom,moro182,https://www.chess.com/member/moro182,alive,200,no action
865834,"Moroni, Luca Jr",chesscomPlayer,luca-moroni-jr,https://www.chess.com/players/luca-moroni-jr,unknown,rate limited (HTTP 429),"rate-limited or server error - not judged, will be retried"
865834,"Moroni, Luca Jr",chessgames,139821,https://www.chessgames.com/perl/chessplayer?pid=139821,unknown,rate limited (HTTP 429),"rate-limited or server error - not judged, will be retried"
865834,"Moroni, Luca Jr",lichess,Moro182,https://lichess.org/@/Moro182,unknown,rate limited (HTTP 429),"rate-limited or server error - not judged, will be retried"
3405400,"Morovic Fernandez, Ivan",chesscomPlayer,ivan-morovic-fernandez,https://www.chess.com/players/ivan-morovic-fernandez,unknown,rate limited (HTTP 429),"rate-limited or server error - not judged, will be retried"
3405400,"Morovic Fernandez, Ivan",chessgames,23112,https://www.chessgames.com/perl/chessplayer?pid=23112,unknown,rate limited (HTTP 429),"rate-limited or server error - not judged, will be retried"
4116992,"Morozevich, Alexander",chesscom,Quaternitychess,https://www.chess.com/member/Quaternitychess,alive,200,no action
4116992,"Morozevich, Alexander",chesscomPlayer,alexander-morozevich,https://www.chess.com/players/alexander-morozevich,unknown,rate limited (HTTP 429),"rate-limited or server error - not judged, will be retried"
4116992,"Morozevich, Alexander",chessgames,11719,https://www.chessgames.com/perl/chessplayer?pid=11719,unknown,rate limited (HTTP 429),"rate-limited or server error - not judged, will be retried"
12519278,"Mosadeghpour, Masoud",chesscom,Masmos97,https://www.chess.com/member/Masmos97,alive,200,no action
12519278,"Mosadeghpour, Masoud",chesscomPlayer,masoud-mosadeghpour,https://www.chess.com/players/masoud-mosadeghpour,alive,200,no action
12519278,"Mosadeghpour, Masoud",chessgames,152701,https://www.chessgames.com/perl/chessplayer?pid=152701,unknown,rate limited (HTTP 429),"rate-limited or server error - not judged, will be retried"
4155351,"Moskalenko, Alexander",chesscom,Alexander_Moskalenko,https://www.chess.com/member/Alexander_Moskalenko,alive,200,no action
4155351,"Moskalenko, Alexander",chesscomPlayer,alexander-moskalenko,https://www.chess.com/players/alexander-moskalenko,alive,200,no action
4155351,"Moskalenko, Alexander",chessgames,50146,https://www.chessgames.com/perl/chessplayer?pid=50146,unknown,rate limited (HTTP 429),"rate-limited or server error - not judged, will be retried"
14100100,"Moskalenko, Viktor",chesscom,gmMOSKALENKO,https://www.chess.com/member/gmMOSKALENKO,alive,200,no action
14100100,"Moskalenko, Viktor",chesscomPlayer,wiktor-moskalenko,https://www.chess.com/players/wiktor-moskalenko,unknown,rate limited (HTTP 429),"rate-limited or server error - not judged, will be retried"
14100100,"Moskalenko, Viktor",chessgames,15254,https://www.chessgames.com/perl/chessplayer?pid=15254,unknown,rate limited (HTTP 429),"rate-limited or server error - not judged, will be retried"
14100100,"Moskalenko, Viktor",lichess,Nemo101,https://lichess.org/@/Nemo101,dead,HTTP 404,removed from roster.csv - replace with the current handle if you find one
2400022,"Motwani, Paul",chesscomPlayer,paul-motwani,https://www.chess.com/players/paul-motwani,unknown,rate limited (HTTP 429),"rate-limited or server error - not judged, will be retried"
2400022,"Motwani, Paul",chessgames,13903,https://www.chessgames.com/perl/chessplayer?pid=13903,unknown,rate limited (HTTP 429),"rate-limited or server error - not judged, will be retried"
4121830,"Motylev, Alexander",chesscom,almo64,https://www.chess.com/member/almo64,alive,200,no action
4121830,"Motylev, Alexander",chesscomPlayer,alexander-motylev,https://www.chess.com/players/alexander-motylev,unknown,rate limited (HTTP 429),"rate-limited or server error - not judged, will be retried"
4121830,"Motylev, Alexander",chessgames,49027,https://www.chessgames.com/perl/chessplayer?pid=49027,unknown,rate limited (HTTP 429),"rate-limited or server error - not judged, will be retried"
12511099,"Mousavi, Seyed Khalil",chesscomPlayer,seyed-khalil-mousavi,https://www.chess.com/players/seyed-khalil-mousavi,alive,200,no action
12511099,"Mousavi, Seyed Khalil",chessgames,143115,https://www.chessgames.com/perl/chessplayer?pid=143115,unknown,rate limited (HTTP 429),"rate-limited or server error - not judged, will be retried"
642908,"Moussard, Jules",chesscom,Annawel,https://www.chess.com/member/Annawel,alive,200,no action
642908,"Moussard, Jules",chesscomPlayer,jules-moussard,https://www.chess.com/players/jules-moussard,unknown,rate limited (HTTP 429),"rate-limited or server error - not judged, will be retried"
642908,"Moussard, Jules",chessgames,104792,https://www.chessgames.com/perl/chessplayer?pid=104792,unknown,rate limited (HTTP 429),"rate-limited or server error - not judged, will be retried"
42520835,"Movahed, Sina",chesscomPlayer,sina-movahed,https://www.chess.com/players/sina-movahed,unknown,rate limited (HTTP 429),"rate-limited or server error - not judged, will be retried"
42520835,"Movahed, Sina",chessgames,193651,https://www.chessgames.com/perl/chessplayer?pid=193651,unknown,rate limited (HTTP 429),"rate-limited or server error - not judged, will be retried"
310204,"Movsesian, Sergei",chesscomPlayer,sergei-movsesian,https://www.chess.com/players/sergei-movsesian,alive,200,no action
310204,"Movsesian, Sergei",chessgames,19920,https://www.chessgames.com/perl/chessplayer?pid=19920,unknown,rate limited (HTTP 429),"rate-limited or server error - not judged, will be retried"
310204,"Movsesian, Sergei",x,Sergimov,https://x.com/Sergimov,alive,200,no action
13301152,"Movsziszian, Karen",chesscomPlayer,karen-movsziszian,https://www.chess.com/players/karen-movsziszian,unknown,rate limited (HTTP 429),"rate-limited or server error - not judged, will be retried"
13301152,"Movsziszian, Karen",chessgames,16937,https://www.chessgames.com/perl/chessplayer?pid=16937,unknown,rate limited (HTTP 429),"rate-limited or server error - not judged, will be retried"
4189825,"Mozharov, Mikhail",chesscom,kosya4ok,https://www.chess.com/member/kosya4ok,alive,200,no action
4189825,"Mozharov, Mikhail",chesscomPlayer,mikhail-mozharov,https://www.chess.com/players/mikhail-mozharov,unknown,rate limited (HTTP 429),"rate-limited or server error - not judged, will be retried"
4189825,"Mozharov, Mikhail",chessgames,107158,https://www.chessgames.com/perl/chessplayer?pid=107158,unknown,rate limited (HTTP 429),"rate-limited or server error - not judged, will be retried"
14900092,"Mrva, Martin",chesscomPlayer,martin-mrva,https://www.chess.com/players/martin-mrva,alive,200,no action
14900092,"Mrva, Martin",chessgames,49444,https://www.chessgames.com/perl/chessplayer?pid=49444,unknown,rate limited (HTTP 429),"rate-limited or server error - not judged, will be retried"
4600347,"Mueller, Karsten, Dr.",chesscomPlayer,dr-karsten-mueller,https://www.chess.com/players/dr-karsten-mueller,unknown,rate limited (HTTP 429),"rate-limited or server error - not judged, will be retried"
4600347,"Mueller, Karsten, Dr.",chessgames,11726,https://www.chessgames.com/perl/chessplayer?pid=11726,unknown,rate limited (HTTP 429),"rate-limited or server error - not judged, will be retried"
4901266,"Munkhgal, Gombosuren",chesscom,Virgo15,https://www.chess.com/member/Virgo15,alive,200,no action
4901266,"Munkhgal, Gombosuren",chesscomPlayer,gombosuren-munkhgal,https://www.chess.com/players/gombosuren-munkhgal,unknown,rate limited (HTTP 429),"rate-limited or server error - not judged, will be retried"
4901266,"Munkhgal, Gombosuren",chessgames,127110,https://www.chessgames.com/perl/chessplayer?pid=127110,unknown,rate limited (HTTP 429),"rate-limited or server error - not judged, will be retried"
3800229,"Munoz, Miguel",chesscomPlayer,miguel-munoz,https://www.chess.com/players/miguel-munoz,unknown,rate limited (HTTP 429),"rate-limited or server error - not judged, will be retried"
3800229,"Munoz, Miguel",chessgames,57382,https://www.chessgames.com/perl/chessplayer?pid=57382,unknown,rate limited (HTTP 429),"rate-limited or server error - not judged, will be retried"
13409301,"Muradli, Mahammad",chesscom,ChessLover0108,https://www.chess.com/member/ChessLover0108,alive,200,no action
13409301,"Muradli, Mahammad",chesscomPlayer,mahammad-muradli,https://www.chess.com/players/mahammad-muradli,alive,200,no action
13409301,"Muradli, Mahammad",chessgames,154705,https://www.chessgames.com/perl/chessplayer?pid=154705,unknown,rate limited (HTTP 429),"rate-limited or server error - not judged, will be retried"
13409301,"Muradli, Mahammad",lichess,MahammadMuradli2003,https://lichess.org/@/MahammadMuradli2003,alive,200,no action
1209272,"Murariu, Andrei",chesscomPlayer,andrei-murariu,https://www.chess.com/players/andrei-murariu,unknown,rate limited (HTTP 429),"rate-limited or server error - not judged, will be retried"
1209272,"Murariu, Andrei",chessgames,49417,https://www.chessgames.com/perl/chessplayer?pid=49417,unknown,rate limited (HTTP 429),"rate-limited or server error - not judged, will be retried"
921661,"Muratovic, Alija",chesscomPlayer,alija-muratovic,https://www.chess.com/players/alija-muratovic,unknown,rate limited (HTTP 429),"rate-limited or server error - not judged, will be retried"
921661,"Muratovic, Alija",chessgames,107140,https://www.chessgames.com/perl/chessplayer?pid=107140,unknown,rate limited (HTTP 429),"rate-limited or server error - not judged, will be retried"
2803585,"Murey, Jacob",chesscomPlayer,jacob-murey,https://www.chess.com/players/jacob-murey,unknown,rate limited (HTTP 429),"rate-limited or server error - not judged, will be retried"
2803585,"Murey, Jacob",chessgames,38671,https://www.chessgames.com/perl/chessplayer?pid=38671,unknown,rate limited (HTTP 429),"rate-limited or server error - not judged, will be retried"
10200010,"Murshed, Niaz",chesscom,NIAZ1966,https://www.chess.com/member/NIAZ1966,alive,200,no action
10200010,"Murshed, Niaz",chesscomPlayer,niaz-murshed,https://www.chess.com/players/niaz-murshed,alive,200,no action
10200010,"Murshed, Niaz",chessgames,41987,https://www.chessgames.com/perl/chessplayer?pid=41987,unknown,rate limited (HTTP 429),"rate-limited or server error - not judged, will be retried"
44155573,"Murzin, Volodar",chesscom,Volodar_Murzin,https://www.chess.com/member/Volodar_Murzin,alive,200,no action
44155573,"Murzin, Volodar",chesscomPlayer,volodar-murzin,https://www.chess.com/players/volodar-murzin,unknown,rate limited (HTTP 429),"rate-limited or server error - not judged, will be retried"
44155573,"Murzin, Volodar",chessgames,154451,https://www.chessgames.com/perl/chessplayer?pid=154451,unknown,rate limited (HTTP 429),"rate-limited or server error - not judged, will be retried"
44155573,"Murzin, Volodar",lichess,Murzin_Volodar,https://lichess.org/@/Murzin_Volodar,alive,200,no action
44155573,"Murzin, Volodar",instagram,volodar__murzin,,unchecked,login wall answers 200 for missing profiles,cannot be tested from a server - left in place
4600304,"Muse, Mladen",chesscomPlayer,mladen-muse,https://www.chess.com/players/mladen-muse,unknown,rate limited (HTTP 429),"rate-limited or server error - not judged, will be retried"
4600304,"Muse, Mladen",chessgames,19052,https://www.chessgames.com/perl/chessplayer?pid=19052,unknown,rate limited (HTTP 429),"rate-limited or server error - not judged, will be retried"
14111330,"Muzychuk, Anna",chesscom,Anna_Muzychuk,https://www.chess.com/member/Anna_Muzychuk,alive,200,no action
14111330,"Muzychuk, Anna",chesscomPlayer,anna-muzychuk,https://www.chess.com/players/anna-muzychuk,unknown,rate limited (HTTP 429),"rate-limited or server error - not judged, will be retried"
14111330,"Muzychuk, Anna",chessgames,54881,https://www.chessgames.com/perl/chessplayer?pid=54881,unknown,rate limited (HTTP 429),"rate-limited or server error - not judged, will be retried"
14114550,"Muzychuk, Mariya",chesscom,MariyaGM,https://www.chess.com/member/MariyaGM,alive,200,no action
14114550,"Muzychuk, Mariya",chesscomPlayer,mariya-muzychuk,https://www.chess.com/players/mariya-muzychuk,alive,200,no action
14114550,"Muzychuk, Mariya",chessgames,94551,https://www.chessgames.com/perl/chessplayer?pid=94551,unknown,rate limited (HTTP 429),"rate-limited or server error - not judged, will be retried"
14114550,"Muzychuk, Mariya",x,MariyaMuzychuk,https://x.com/MariyaMuzychuk,alive,200,no action
2809052,"Nabaty, Tamir",chesscom,TamirNabaty,https://www.chess.com/member/TamirNabaty,alive,200,no action
2809052,"Nabaty, Tamir",chesscomPlayer,tamir-nabaty,https://www.chess.com/players/tamir-nabaty,unknown,rate limited (HTTP 429),"rate-limited or server error - not judged, will be retried"
2809052,"Nabaty, Tamir",chessgames,96083,https://www.chessgames.com/perl/chessplayer?pid=96083,unknown,rate limited (HTTP 429),"rate-limited or server error - not judged, will be retried"
4135830,"Nadyrkhanov, Sergey",chesscomPlayer,sergey-nadyrkhanov,https://www.chess.com/players/sergey-nadyrkhanov,unknown,rate limited (HTTP 429),"rate-limited or server error - not judged, will be retried"
4135830,"Nadyrkhanov, Sergey",chessgames,26278,https://www.chessgames.com/perl/chessplayer?pid=26278,unknown,rate limited (HTTP 429),"rate-limited or server error - not judged, will be retried"
737119,"Nagy, Gabor",chesscom,Gabix_94,https://www.chess.com/member/Gabix_94,alive,200,no action
737119,"Nagy, Gabor",chesscomPlayer,gabor-nagy,https://www.chess.com/players/gabor-nagy,unknown,rate limited (HTTP 429),"rate-limited or server error - not judged, will be retried"
737119,"Nagy, Gabor",chessgames,132759,https://www.chessgames.com/perl/chessplayer?pid=132759,unknown,rate limited (HTTP 429),"rate-limited or server error - not judged, will be retried"
737119,"Nagy, Gabor",lichess,Gabix94,https://lichess.org/@/Gabix94,alive,200,no action
4650891,"Naiditsch, Arkadij",chesscom,CaptainJames,https://www.chess.com/member/CaptainJames,alive,200,no action
4650891,"Naiditsch, Arkadij",chesscomPlayer,arkadij-naiditsch,https://www.chess.com/players/arkadij-naiditsch,unknown,rate limited (HTTP 429),"rate-limited or server error - not judged, will be retried"
4650891,"Naiditsch, Arkadij",chessgames,48885,https://www.chessgames.com/perl/chessplayer?pid=48885,unknown,rate limited (HTTP 429),"rate-limited or server error - not judged, will be retried"
4650891,"Naiditsch, Arkadij",x,naiditsch,https://x.com/naiditsch,alive,200,no action
4650891,"Naiditsch, Arkadij",instagram,arkadijnaiditsch,,unchecked,login wall answers 200 for missing profiles,cannot be tested from a server - left in place
15001334,"Najdoski, Toni",chesscomPlayer,toni-najdoski,https://www.chess.com/players/toni-najdoski,alive,200,no action
15001334,"Najdoski, Toni",chessgames,108073,https://www.chessgames.com/perl/chessplayer?pid=108073,unknown,rate limited (HTTP 429),"rate-limited or server error - not judged, will be retried"
4118987,"Najer, Evgeniy",chesscom,ENajer77,https://www.chess.com/member/ENajer77,alive,200,no action
4118987,"Najer, Evgeniy",chesscomPlayer,evgeniy-najer,https://www.chess.com/players/evgeniy-najer,unknown,rate limited (HTTP 429),"rate-limited or server error - not judged, will be retried"
4118987,"Najer, Evgeniy",chessgames,35841,https://www.chessgames.com/perl/chessplayer?pid=35841,unknown,rate limited (HTTP 429),"rate-limited or server error - not judged, will be retried"
4118987,"Najer, Evgeniy",lichess,ENajer,https://lichess.org/@/ENajer,alive,200,no action
2016192,"Nakamura, Hikaru",chesscom,Hikaru,https://www.chess.com/member/Hikaru,alive,200,no action
2016192,"Nakamura, Hikaru",chesscomPlayer,hikaru-nakamura,https://www.chess.com/players/hikaru-nakamura,unknown,rate limited (HTTP 429),"rate-limited or server error - not judged, will be retried"
2016192,"Nakamura, Hikaru",chessgames,10084,https://www.chessgames.com/perl/chessplayer?pid=10084,unknown,rate limited (HTTP 429),"rate-limited or server error - not judged, will be retried"
2016192,"Nakamura, Hikaru",lichess,TSMFTXH,https://lichess.org/@/TSMFTXH,alive,200,no action
2016192,"Nakamura, Hikaru",x,GMHikaru,https://x.com/GMHikaru,alive,200,no action
2016192,"Nakamura, Hikaru",website,https://hikarunakamura.com,https://hikarunakamura.com,alive,200,no action
2016192,"Nakamura, Hikaru",facebook,GMHikaru,,unchecked,returns HTTP 400 to all automated requests,cannot be tested from a server - left in place
2016192,"Nakamura, Hikaru",instagram,gmhikaru,,unchecked,login wall answers 200 for missing profiles,cannot be tested from a server - left in place
2016192,"Nakamura, Hikaru",youtube,UCweCc7bSMX5J4jEH7HFImng,,unchecked,consent page answers 200 for missing channels,cannot be tested from a server - left in place
2016192,"Nakamura, Hikaru",twitch,GMHikaru,,unchecked,app shell answers 200 for missing channels,cannot be tested from a server - left in place
13300245,"Nalbandian, Tigran",chesscomPlayer,tigran-nalbandian,https://www.chess.com/players/tigran-nalbandian,alive,200,no action
13300245,"Nalbandian, Tigran",chessgames,21942,https://www.chessgames.com/perl/chessplayer?pid=21942,unknown,rate limited (HTTP 429),"rate-limited or server error - not judged, will be retried"
1204580,"Nanu, Costica-Ciprian",chesscomPlayer,costica-ciprian-nanu,https://www.chess.com/players/costica-ciprian-nanu,alive,200,no action
1204580,"Nanu, Costica-Ciprian",chessgames,49366,https://www.chessgames.com/perl/chessplayer?pid=49366,unknown,rate limited (HTTP 429),"rate-limited or server error - not judged, will be retried"
5058422,Narayanan S L,chesscom,Indianlad,https://www.chess.com/member/Indianlad,alive,200,no action
5058422,Narayanan S L,chesscomPlayer,narayanan-sunilduth-lyna,https://www.chess.com/players/narayanan-sunilduth-lyna,unknown,rate limited (HTTP 429),"rate-limited or server error - not judged, will be retried"
5058422,Narayanan S L,chessgames,131304,https://www.chessgames.com/perl/chessplayer?pid=131304,unknown,rate limited (HTTP 429),"rate-limited or server error - not judged, will be retried"
5018420,"Narayanan, Srinath",chesscom,GMSrinath,https://www.chess.com/member/GMSrinath,alive,200,no action
5018420,"Narayanan, Srinath",chesscomPlayer,srinath-narayanan,https://www.chess.com/players/srinath-narayanan,alive,200,no action
5018420,"Narayanan, Srinath",chessgames,95936,https://www.chessgames.com/perl/chessplayer?pid=95936,unknown,rate limited (HTTP 429),"rate-limited or server error - not judged, will be retried"
5018420,"Narayanan, Srinath",x,nsrinath69,https://x.com/nsrinath69,dead,HTTP 404,removed from roster.csv - replace with the current handle if you find one
2201500,"Narciso Dublan, Marc",chesscom,marcnd,https://www.chess.com/member/marcnd,alive,200,no action
2201500,"Narciso Dublan, Marc",chesscomPlayer,marc-narciso-i-dublan,https://www.chess.com/players/marc-narciso-i-dublan,unknown,rate limited (HTTP 429),"rate-limited or server error - not judged, will be retried"
2201500,"Narciso Dublan, Marc",chessgames,66968,https://www.chessgames.com/perl/chessplayer?pid=66968,unknown,rate limited (HTTP 429),"rate-limited or server error - not judged, will be retried"
2026961,"Naroditsky, Daniel",chesscom,DanielNaroditsky,https://www.chess.com/member/DanielNaroditsky,alive,200,no action
2026961,"Naroditsky, Daniel",chesscomPlayer,daniel-naroditsky,https://www.chess.com/players/daniel-naroditsky,unknown,rate limited (HTTP 429),"rate-limited or server error - not judged, will be retried"
2026961,"Naroditsky, Daniel",chessgames,114502,https://www.chessgames.com/perl/chessplayer?pid=114502,unknown,rate limited (HTTP 429),"rate-limited or server error - not judged, will be retried"
2026961,"Naroditsky, Daniel",lichess,RebeccaHarris,https://lichess.org/@/RebeccaHarris,alive,200,no action
2026961,"Naroditsky, Daniel",x,gmnaroditsky,https://x.com/gmnaroditsky,alive,200,no action
2026961,"Naroditsky, Daniel",youtube,UCHP9CdeguNUI-_nBv_UXBhw,,unchecked,consent page answers 200 for missing channels,cannot be tested from a server - left in place
2026961,"Naroditsky, Daniel",twitch,GMNaroditsky,,unchecked,app shell answers 200 for missing channels,cannot be tested from a server - left in place
4900774,"Nasanjargal, Urtnasan",chesscom,Naaas1,https://www.chess.com/member/Naaas1,alive,200,no action
4900774,"Nasanjargal, Urtnasan",chesscomPlayer,urtnasan-nasanjargal,https://www.chess.com/players/urtnasan-nasanjargal,unknown,rate limited (HTTP 429),"rate-limited or server error - not judged, will be retried"
4900774,"Nasanjargal, Urtnasan",chessgames,120009,https://www.chessgames.com/perl/chessplayer?pid=120009,unknown,rate limited (HTTP 429),"rate-limited or server error - not judged, will be retried"
1141686,"Nasuta, Grzegorz",chesscom,grzechu96,https://www.chess.com/member/grzechu96,alive,200,no action
1141686,"Nasuta, Grzegorz",chesscomPlayer,grzegorz-nasuta,https://www.chess.com/players/grzegorz-nasuta,alive,200,no action
1141686,"Nasuta, Grzegorz",chessgames,128364,https://www.chessgames.com/perl/chessplayer?pid=128364,unknown,rate limited (HTTP 429),"rate-limited or server error - not judged, will be retried"
605492,"Nataf, Igor-Alexandre",chesscom,Courgete,https://www.chess.com/member/Courgete,alive,200,no action
605492,"Nataf, Igor-Alexandre",chesscomPlayer,igor-alexandre-nataf,https://www.chess.com/players/igor-alexandre-nataf,unknown,rate limited (HTTP 429),"rate-limited or server error - not judged, will be retried"
605492,"Nataf, Igor-Alexandre",chessgames,64766,https://www.chessgames.com/perl/chessplayer?pid=64766,unknown,rate limited (HTTP 429),"rate-limited or server error - not judged, will be retried"
4623169,"Naumann, Alexander",chesscomPlayer,alexander-naumann,https://www.chess.com/players/alexander-naumann,unknown,rate limited (HTTP 429),"rate-limited or server error - not judged, will be retried"
4623169,"Naumann, Alexander",chessgames,38761,https://www.chessgames.com/perl/chessplayer?pid=38761,unknown,rate limited (HTTP 429),"rate-limited or server error - not judged, will be retried"
4101715,"Naumkin, Igor",chesscomPlayer,igor-naumkin,https://www.chess.com/players/igor-naumkin,unknown,rate limited (HTTP 429),"rate-limited or server error - not judged, will be retried"
4101715,"Naumkin, Igor",chessgames,17734,https://www.chessgames.com/perl/chessplayer?pid=17734,unknown,rate limited (HTTP 429),"rate-limited or server error - not judged, will be retried"
309095,"Navara, David",chesscom,FormerProdigy,https://www.chess.com/member/FormerProdigy,alive,200,no action
309095,"Navara, David",chesscomPlayer,david-navara,https://www.chess.com/players/david-navara,alive,200,no action
309095,"Navara, David",chessgames,49665,https://www.chessgames.com/perl/chessplayer?pid=49665,unknown,rate limited (HTTP 429),"rate-limited or server error - not judged, will be retried"
309095,"Navara, David",website,http://cmp.felk.cvut.cz/~navara/navarad.htm,http://cmp.felk.cvut.cz/~navara/navarad.htm,alive,200,no action
15000605,"Nedev, Trajko",chesscomPlayer,trajko-nedev,https://www.chess.com/players/trajko-nedev,unknown,rate limited (HTTP 429),"rate-limited or server error - not judged, will be retried"
15000605,"Nedev, Trajko",chessgames,45845,https://www.chessgames.com/perl/chessplayer?pid=45845,unknown,rate limited (HTTP 429),"rate-limited or server error - not judged, will be retried"
5003512,"Neelotpal, Das",chesscom,chesstrainer2042,https://www.chess.com/member/chesstrainer2042,alive,200,no action
5003512,"Neelotpal, Das",chesscomPlayer,neelotpal-das,https://www.chess.com/players/neelotpal-das,alive,200,no action
5003512,"Neelotpal, Das",chessgames,49539,https://www.chessgames.com/perl/chessplayer?pid=49539,unknown,rate limited (HTTP 429),"rate-limited or server error - not judged, will be retried"
5003512,"Neelotpal, Das",lichess,Neel82,https://lichess.org/@/Neel82,alive,200,no action
5016690,"Negi, Parimarjan",chesscom,Parimarjan,https://www.chess.com/member/Parimarjan,alive,200,no action
5016690,"Negi, Parimarjan",chesscomPlayer,parimarjan-negi,https://www.chess.com/players/parimarjan-negi,unknown,rate limited (HTTP 429),"rate-limited or server error - not judged, will be retried"
5016690,"Negi, Parimarjan",chessgames,81784,https://www.chessgames.com/perl/chessplayer?pid=81784,unknown,rate limited (HTTP 429),"rate-limited or server error - not judged, will be retried"
4500059,"Nei, Iivo",chesscomPlayer,iivo-nei,https://www.chess.com/players/iivo-nei,unknown,rate limited (HTTP 429),"rate-limited or server error - not judged, will be retried"
4500059,"Nei, Iivo",chessgames,37224,https://www.chessgames.com/perl/chessplayer?pid=37224,unknown,rate limited (HTTP 429),"rate-limited or server error - not judged, will be retried"
11601388,"Neiksans, Arturs",chesscom,GMNeiksans,https://www.chess.com/member/GMNeiksans,alive,200,no action
11601388,"Neiksans, Arturs",chesscomPlayer,arturs-neiksans,https://www.chess.com/players/arturs-neiksans,alive,200,no action
11601388,"Neiksans, Arturs",chessgames,53051,https://www.chessgames.com/perl/chessplayer?pid=53051,unknown,rate limited (HTTP 429),"rate-limited or server error - not judged, will be retried"
11601388,"Neiksans, Arturs",twitch,GMNeiksans,,unchecked,app shell answers 200 for missing channels,cannot be tested from a server - left in place
4168119,"Nepomniachtchi, Ian",chesscom,lachesisQ,https://www.chess.com/member/lachesisQ,alive,200,no action
4168119,"Nepomniachtchi, Ian",chesscomPlayer,ian-nepomniachtchi,https://www.chess.com/players/ian-nepomniachtchi,unknown,rate limited (HTTP 429),"rate-limited or server error - not judged, will be retried"
4168119,"Nepomniachtchi, Ian",chessgames,54683,https://www.chessgames.com/perl/chessplayer?pid=54683,unknown,rate limited (HTTP 429),"rate-limited or server error - not judged, will be retried"
4168119,"Nepomniachtchi, Ian",x,lachesisq,https://x.com/lachesisq,alive,200,no action
4168119,"Nepomniachtchi, Ian",facebook,ian.nepomniachtchi,,unchecked,returns HTTP 400 to all automated requests,cannot be tested from a server - left in place
4168119,"Nepomniachtchi, Ian",instagram,lachesisq,,unchecked,login wall answers 200 for missing profiles,cannot be tested from a server - left in place
4168119,"Nepomniachtchi, Ian",youtube,UCQla9v_FeIGUqlmtVWZopqw,,unchecked,consent page answers 200 for missing channels,cannot be tested from a server - left in place
4168119,"Nepomniachtchi, Ian",twitch,nepo,,unchecked,app shell answers 200 for missing channels,cannot be tested from a server - left in place
24198455,"Nesterov, Arseniy",chesscom,Arseniy_Nesterov,https://www.chess.com/member/Arseniy_Nesterov,alive,200,no action
24198455,"Nesterov, Arseniy",chesscomPlayer,arseniy-nesterov,https://www.chess.com/players/arseniy-nesterov,unknown,rate limited (HTTP 429),"rate-limited or server error - not judged, will be retried"
24198455,"Nesterov, Arseniy",chessgames,152581,https://www.chessgames.com/perl/chessplayer?pid=152581,unknown,rate limited (HTTP 429),"rate-limited or server error - not judged, will be retried"
24198455,"Nesterov, Arseniy",lichess,Arseniii_Nesterov,https://lichess.org/@/Arseniii_Nesterov,alive,200,no action
24198455,"Nesterov, Arseniy",youtube,UCev1BG00VIdNflNX_ZTg58g,,unchecked,consent page answers 200 for missing channels,cannot be tested from a server - left in place
13700030,"Nesterov, Yakov",chesscomPlayer,iakov-nesterov,https://www.chess.com/players/iakov-nesterov,unknown,rate limited (HTTP 429),"rate-limited or server error - not judged, will be retried"
13700030,"Nesterov, Yakov",chessgames,28479,https://www.chessgames.com/perl/chessplayer?pid=28479,unknown,rate limited (HTTP 429),"rate-limited or server error - not judged, will be retried"
934526,"Nestorovic, Nikola",chesscom,Storne89,https://www.chess.com/member/Storne89,alive,200,no action
934526,"Nestorovic, Nikola",chesscomPlayer,nikola-nestorovic,https://www.chess.com/players/nikola-nestorovic,alive,200,no action
934526,"Nestorovic, Nikola",chessgames,99263,https://www.chessgames.com/perl/chessplayer?pid=99263,unknown,rate limited (HTTP 429),"rate-limited or server error - not judged, will be retried"
305243,"Neuman, Petr",chesscom,nouma78,https://www.chess.com/member/nouma78,alive,200,no action
305243,"Neuman, Petr",chesscomPlayer,petr-neuman,https://www.chess.com/players/petr-neuman,unknown,rate limited (HTTP 429),"rate-limited or server error - not judged, will be retried"
305243,"Neuman, Petr",chessgames,40765,https://www.chessgames.com/perl/chessplayer?pid=40765,unknown,rate limited (HTTP 429),"rate-limited or server error - not judged, will be retried"
1205730,"Nevednichy, Vladislav",chesscom,Firegrizzly,https://www.chess.com/member/Firegrizzly,alive,200,no action
1205730,"Nevednichy, Vladislav",chesscomPlayer,vladislav-nevednichy,https://www.chess.com/players/vladislav-nevednichy,unknown,rate limited (HTTP 429),"rate-limited or server error - not judged, will be retried"
1205730,"Nevednichy, Vladislav",chessgames,17475,https://www.chessgames.com/perl/chessplayer?pid=17475,unknown,rate limited (HTTP 429),"rate-limited or server error - not judged, will be retried"
14100150,"Neverov, Valeriy",chesscomPlayer,valeriy-neverov,https://www.chess.com/players/valeriy-neverov,unknown,rate limited (HTTP 429),"rate-limited or server error - not judged, will be retried"
14100150,"Neverov, Valeriy",chessgames,37995,https://www.chessgames.com/perl/chessplayer?pid=37995,unknown,rate limited (HTTP 429),"rate-limited or server error - not judged, will be retried"
4114345,"Nevostrujev, Vladimir",chesscomPlayer,vladimir-nevostrujev,https://www.chess.com/players/vladimir-nevostrujev,unknown,rate limited (HTTP 429),"rate-limited or server error - not judged, will be retried"
4114345,"Nevostrujev, Vladimir",chessgames,38368,https://www.chessgames.com/perl/chessplayer?pid=38368,unknown,rate limited (HTTP 429),"rate-limited or server error - not judged, will be retried"
12400025,Nguyen Anh Dung,chesscomPlayer,nguyen-anh-dung,https://www.chess.com/players/nguyen-anh-dung,alive,200,no action
12400025,Nguyen Anh Dung,chessgames,10766,https://www.chessgames.com/perl/chessplayer?pid=10766,unknown,rate limited (HTTP 429),"rate-limited or server error - not judged, will be retried"
12401064,Nguyen Van Huy,chesscom,FCChelsea14,https://www.chess.com/member/FCChelsea14,alive,200,no action
12401064,Nguyen Van Huy,chesscomPlayer,van-huy-nguyen,https://www.chess.com/players/van-huy-nguyen,alive,200,no action
12401064,Nguyen Van Huy,chessgames,88796,https://www.chessgames.com/perl/chessplayer?pid=88796,unknown,rate limited (HTTP 429),"rate-limited or server error - not judged, will be retried"
12404675,"Nguyen, Anh Khoi",chesscom,Kinzhal,https://www.chess.com/member/Kinzhal,alive,200,no action
12404675,"Nguyen, Anh Khoi",chesscomPlayer,nguyen-anh-khoi,https://www.chess.com/players/nguyen-anh-khoi,unknown,rate limited (HTTP 429),"rate-limited or server error - not judged, will be retried"
12404675,"Nguyen, Anh Khoi",chessgames,145641,https://www.chessgames.com/perl/chessplayer?pid=145641,unknown,rate limited (HTTP 429),"rate-limited or server error - not judged, will be retried"
12401358,"Nguyen, Duc Hoa",chesscom,NguyenDucHoa,https://www.chess.com/member/NguyenDucHoa,alive,200,no action
12401358,"Nguyen, Duc Hoa",chesscomPlayer,nguyen-duc-hoa,https://www.chess.com/players/nguyen-duc-hoa,unknown,rate limited (HTTP 429),"rate-limited or server error - not judged, will be retried"
12401358,"Nguyen, Duc Hoa",chessgames,127676,https://www.chessgames.com/perl/chessplayer?pid=127676,unknown,rate limited (HTTP 429),"rate-limited or server error - not judged, will be retried"
12401358,"Nguyen, Duc Hoa",lichess,NguyenDucHoa,https://lichess.org/@/NguyenDucHoa,unknown,rate limited (HTTP 429),"rate-limited or server error - not judged, will be retried"
12401269,"Nguyen, Huynh Minh Huy",chesscomPlayer,nguyen-huynh-minh-huy,https://www.chess.com/players/nguyen-huynh-minh-huy,alive,200,no action
12401269,"Nguyen, Huynh Minh Huy",chessgames,115346,https://www.chessgames.com/perl/chessplayer?pid=115346,unknown,rate limited (HTTP 429),"rate-limited or server error - not judged, will be retried"
12401110,"Nguyen, Ngoc Truong Son",chesscom,crescentmoon2411,https://www.chess.com/member/crescentmoon2411,alive,200,no action
12401110,"Nguyen, Ngoc Truong Son",chesscomPlayer,nguyen-ngoc-truong-son,https://www.chess.com/players/nguyen-ngoc-truong-son,unknown,rate limited (HTTP 429),"rate-limited or server error - not judged, will be retried"
12401110,"Nguyen, Ngoc Truong Son",chessgames,95793,https://www.chessgames.com/perl/chessplayer?pid=95793,unknown,rate limited (HTTP 429),"rate-limited or server error - not judged, will be retried"
358878,"Nguyen, Thai Dai Van",chesscom,NTDVAN12,https://www.chess.com/member/NTDVAN12,alive,200,no action
358878,"Nguyen, Thai Dai Van",chesscomPlayer,thai-dai-van-nguyen,https://www.chess.com/players/thai-dai-van-nguyen,alive,200,no action
358878,"Nguyen, Thai Dai Van",chessgames,149208,https://www.chessgames.com/perl/chessplayer?pid=149208,unknown,rate limited (HTTP 429),"rate-limited or server error - not judged, will be retried"
8601160,"Ni, Hua",chesscom,Ni-Hua,https://www.chess.com/member/Ni-Hua,alive,200,no action
8601160,"Ni, Hua",chesscomPlayer,ni-hua,https://www.chess.com/players/ni-hua,unknown,rate limited (HTTP 429),"rate-limited or server error - not judged, will be retried"
8601160,"Ni, Hua",chessgames,51556,https://www.chessgames.com/perl/chessplayer?pid=51556,unknown,rate limited (HTTP 429),"rate-limited or server error - not judged, will be retried"
1400355,"Nielsen, Peter Heine",chesscomPlayer,peter-heine-nielsen,https://www.chess.com/players/peter-heine-nielsen,unknown,rate limited (HTTP 429),"rate-limited or server error - not judged, will be retried"
1400355,"Nielsen, Peter Heine",chessgames,11670,https://www.chessgames.com/perl/chessplayer?pid=11670,unknown,rate limited (HTTP 429),"rate-limited or server error - not judged, will be retried"
1400355,"Nielsen, Peter Heine",x,PHChess,https://x.com/PHChess,alive,200,no action
2093596,"Niemann, Hans Moke",chesscom,HansOnTwitch,https://www.chess.com/member/HansOnTwitch,alive,200,no action
2093596,"Niemann, Hans Moke",chesscomPlayer,hans-moke-niemann,https://www.chess.com/players/hans-moke-niemann,unknown,rate limited (HTTP 429),"rate-limited or server error - not judged, will be retried"
2093596,"Niemann, Hans Moke",chessgames,152611,https://www.chessgames.com/perl/chessplayer?pid=152611,unknown,rate limited (HTTP 429),"rate-limited or server error - not judged, will be retried"
2093596,"Niemann, Hans Moke",lichess,HansMoke,https://lichess.org/@/HansMoke,dead,HTTP 404,removed from roster.csv - replace with the current handle if you find one
2093596,"Niemann, Hans Moke",x,HansMokeNiemann,https://x.com/HansMokeNiemann,alive,200,no action
2093596,"Niemann, Hans Moke",website,https://endgame.ai,https://endgame.ai,alive,200,no action
2093596,"Niemann, Hans Moke",instagram,hans_niemann,,unchecked,login wall answers 200 for missing profiles,cannot be tested from a server - left in place
2093596,"Niemann, Hans Moke",youtube,UCo5nHDLDiRSmlALJjCWn1QQ,,unchecked,consent page answers 200 for missing channels,cannot be tested from a server - left in place
2093596,"Niemann, Hans Moke",twitch,GMHansN,,unchecked,app shell answers 200 for missing channels,cannot be tested from a server - left in place
13603078,"Nigalidze, Gaioz",chesscomPlayer,gaioz-nigalidze,https://www.chess.com/players/gaioz-nigalidze,alive,200,no action
13603078,"Nigalidze, Gaioz",chessgames,111010,https://www.chessgames.com/perl/chessplayer?pid=111010,unknown,rate limited (HTTP 429),"rate-limited or server error - not judged, will be retried"
14202131,"Nigmatov, Ortik",chesscom,Tash_Boy,https://www.chess.com/member/Tash_Boy,alive,200,no action
14202131,"Nigmatov, Ortik",chesscomPlayer,ortik-nigmatov,https://www.chess.com/players/ortik-nigmatov,unknown,rate limited (HTTP 429),"rate-limited or server error - not judged, will be retried"
14202131,"Nigmatov, Ortik",chessgames,149960,https://www.chessgames.com/perl/chessplayer?pid=149960,unknown,rate limited (HTTP 429),"rate-limited or server error - not judged, will be retried"
25092340,Nihal Sarin,chesscom,nihalsarin,https://www.chess.com/member/nihalsarin,alive,200,no action
25092340,Nihal Sarin,chesscomPlayer,nihal-sarin,https://www.chess.com/players/nihal-sarin,unknown,rate limited (HTTP 429),"rate-limited or server error - not judged, will be retried"
25092340,Nihal Sarin,chessgames,151598,https://www.chessgames.com/perl/chessplayer?pid=151598,unknown,rate limited (HTTP 429),"rate-limited or server error - not judged, will be retried"
25092340,Nihal Sarin,lichess,nihalsarin2004,https://lichess.org/@/nihalsarin2004,unknown,rate limited (HTTP 429),"rate-limited or server error - not judged, will be retried"
25092340,Nihal Sarin,x,NihalSarin,https://x.com/NihalSarin,alive,200,no action
25092340,Nihal Sarin,facebook,nihalchess,,unchecked,returns HTTP 400 to all automated requests,cannot be tested from a server - left in place
25092340,Nihal Sarin,instagram,nihalsarin,,unchecked,login wall answers 200 for missing profiles,cannot be tested from a server - left in place
25092340,Nihal Sarin,twitch,nihalsarin,,unchecked,app shell answers 200 for missing channels,cannot be tested from a server - left in place
1000063,"Nijboer, Friso",chesscomPlayer,friso-nijboer,https://www.chess.com/players/friso-nijboer,unknown,rate limited (HTTP 429),"rate-limited or server error - not judged, will be retried"
1000063,"Nijboer, Friso",chessgames,15211,https://www.chessgames.com/perl/chessplayer?pid=15211,unknown,rate limited (HTTP 429),"rate-limited or server error - not judged, will be retried"
901776,"Nikcevic, Nebojsa",chesscomPlayer,nebojsa-nikcevic,https://www.chess.com/players/nebojsa-nikcevic,alive,200,no action
901776,"Nikcevic, Nebojsa",chessgames,46581,https://www.chessgames.com/perl/chessplayer?pid=46581,unknown,rate limited (HTTP 429),"rate-limited or server error - not judged, will be retried"
13506862,"Nikitenko, Mihail",chesscom,MihailNik,https://www.chess.com/member/MihailNik,alive,200,no action
13506862,"Nikitenko, Mihail",chesscomPlayer,mihail-nikitenko,https://www.chess.com/players/mihail-nikitenko,unknown,rate limited (HTTP 429),"rate-limited or server error - not judged, will be retried"
13506862,"Nikitenko, Mihail",chessgames,149791,https://www.chessgames.com/perl/chessplayer?pid=149791,unknown,rate limited (HTTP 429),"rate-limited or server error - not judged, will be retried"
4119568,"Nikitin, Andrey",chesscom,Nat74,https://www.chess.com/member/Nat74,alive,200,no action
4119568,"Nikitin, Andrey",chesscomPlayer,andrey-nikitin,https://www.chess.com/players/andrey-nikitin,unknown,rate limited (HTTP 429),"rate-limited or server error - not judged, will be retried"
4119568,"Nikitin, Andrey",chessgames,61439,https://www.chessgames.com/perl/chessplayer?pid=61439,unknown,rate limited (HTTP 429),"rate-limited or server error - not judged, will be retried"
4119568,"Nikitin, Andrey",lichess,Nat74,https://lichess.org/@/Nat74,unknown,rate limited (HTTP 429),"rate-limited or server error - not judged, will be retried"
14500140,"Nikolac, Juraj",chesscomPlayer,juraj-nikolac,https://www.chess.com/players/juraj-nikolac,unknown,rate limited (HTTP 429),"rate-limited or server error - not judged, will be retried"
14500140,"Nikolac, Juraj",chessgames,43739,https://www.chessgames.com/perl/chessplayer?pid=43739,unknown,rate limited (HTTP 429),"rate-limited or server error - not judged, will be retried"
4202139,"Nikolaidis, Ioannis",chesscomPlayer,ioannis-nikolaidis,https://www.chess.com/players/ioannis-nikolaidis,alive,200,no action
4202139,"Nikolaidis, Ioannis",chessgames,18266,https://www.chessgames.com/perl/chessplayer?pid=18266,unknown,rate limited (HTTP 429),"rate-limited or server error - not judged, will be retried"
4101880,"Nikolenko, Oleg",chesscomPlayer,oleg-nikolenko,https://www.chess.com/players/oleg-nikolenko,unknown,rate limited (HTTP 429),"rate-limited or server error - not judged, will be retried"
4101880,"Nikolenko, Oleg",chessgames,26211,https://www.chessgames.com/perl/chessplayer?pid=26211,unknown,rate limited (HTTP 429),"rate-limited or server error - not judged, will be retried"
14400014,"Nikolic, Predrag",chesscomPlayer,predrag-nikolic,https://www.chess.com/players/predrag-nikolic,alive,200,no action
14400014,"Nikolic, Predrag",chessgames,11732,https://www.chessgames.com/perl/chessplayer?pid=11732,unknown,rate limited (HTTP 429),"rate-limited or server error - not judged, will be retried"
2905710,"Nikolov, Momchil",chesscom,MNikolov,https://www.chess.com/member/MNikolov,alive,200,no action
2905710,"Nikolov, Momchil",chesscomPlayer,momchil-nikolov,https://www.chess.com/players/momchil-nikolov,unknown,rate limited (HTTP 429),"rate-limited or server error - not judged, will be retried"
2905710,"Nikolov, Momchil",chessgames,48966,https://www.chessgames.com/perl/chessplayer?pid=48966,unknown,rate limited (HTTP 429),"rate-limited or server error - not judged, will be retried"
2905710,"Nikolov, Momchil",lichess,MNikolov,https://lichess.org/@/MNikolov,alive,200,no action
2900424,"Ninov, Nikolai",chesscomPlayer,nikolaj-ninov,https://www.chess.com/players/nikolaj-ninov,alive,200,no action
2900424,"Ninov, Nikolai",chessgames,29164,https://www.chessgames.com/perl/chessplayer?pid=29164,unknown,rate limited (HTTP 429),"rate-limited or server error - not judged, will be retried"
1202758,"Nisipeanu, Liviu-Dieter",chesscom,LiviuDieterNisipeanu,https://www.chess.com/member/LiviuDieterNisipeanu,alive,200,no action
1202758,"Nisipeanu, Liviu-Dieter",chesscomPlayer,liviu-dieter-nisipeanu,https://www.chess.com/players/liviu-dieter-nisipeanu,alive,200,no action
1202758,"Nisipeanu, Liviu-Dieter",chessgames,10915,https://www.chessgames.com/perl/chessplayer?pid=10915,unknown,rate limited (HTTP 429),"rate-limited or server error - not judged, will be retried"
24692018,"Noe, Christopher",chesscom,Schachspielerr,https://www.chess.com/member/Schachspielerr,alive,200,no action
24692018,"Noe, Christopher",chesscomPlayer,christopher-noe,https://www.chess.com/players/christopher-noe,unknown,rate limited (HTTP 429),"rate-limited or server error - not judged, will be retried"
24692018,"Noe, Christopher",chessgames,142074,https://www.chessgames.com/perl/chessplayer?pid=142074,unknown,rate limited (HTTP 429),"rate-limited or server error - not judged, will be retried"
24692018,"Noe, Christopher",lichess,gravereaper,https://lichess.org/@/gravereaper,alive,200,no action
13710427,"Nogerbek, Kazybek",chesscom,KazakhFighter04,https://www.chess.com/member/KazakhFighter04,dead,HTTP 404,removed from roster.csv - replace with the current handle if you find one
13710427,"Nogerbek, Kazybek",chesscomPlayer,kazybek-nogerbek,https://www.chess.com/players/kazybek-nogerbek,unknown,rate limited (HTTP 429),"rate-limited or server error - not judged, will be retried"
13710427,"Nogerbek, Kazybek",chessgames,155008,https://www.chessgames.com/perl/chessplayer?pid=155008,unknown,rate limited (HTTP 429),"rate-limited or server error - not judged, will be retried"
13710427,"Nogerbek, Kazybek",lichess,Dr_Martic,https://lichess.org/@/Dr_Martic,alive,200,no action
3500020,"Nogueiras Santiago, Jesus",chesscomPlayer,jesus-nogueiras-santiago,https://www.chess.com/players/jesus-nogueiras-santiago,alive,200,no action
3500020,"Nogueiras Santiago, Jesus",chessgames,15575,https://www.chessgames.com/perl/chessplayer?pid=15575,unknown,rate limited (HTTP 429),"rate-limited or server error - not judged, will be retried"
400106,"Norwood, David R",chesscomPlayer,david-r-norwood,https://www.chess.com/players/david-r-norwood,unknown,rate limited (HTTP 429),"rate-limited or server error - not judged, will be retried"
400106,"Norwood, David R",chessgames,15770,https://www.chessgames.com/perl/chessplayer?pid=15770,unknown,rate limited (HTTP 429),"rate-limited or server error - not judged, will be retried"
1506536,"Notkevich, Benjamin Arvola",chesscom,josemourinho2020,https://www.chess.com/member/josemourinho2020,alive,200,no action
1506536,"Notkevich, Benjamin Arvola",chesscomPlayer,benjamin-arvola-notkevich,https://www.chess.com/players/benjamin-arvola-notkevich,alive,200,no action
1506536,"Notkevich, Benjamin Arvola",chessgames,104536,https://www.chessgames.com/perl/chessplayer?pid=104536,unknown,rate limited (HTTP 429),"rate-limited or server error - not judged, will be retried"
4102924,"Novik, Maxim",chesscom,maximnovik,https://www.chess.com/member/maximnovik,alive,200,no action
4102924,"Novik, Maxim",chesscomPlayer,maksim-novik,https://www.chess.com/players/maksim-novik,unknown,rate limited (HTTP 429),"rate-limited or server error - not judged, will be retried"
4102924,"Novik, Maxim",chessgames,17071,https://www.chessgames.com/perl/chessplayer?pid=17071,unknown,rate limited (HTTP 429),"rate-limited or server error - not judged, will be retried"
14100037,"Novikov, Igor",chesscomPlayer,igor-novikov-1,https://www.chess.com/players/igor-novikov-1,unknown,rate limited (HTTP 429),"rate-limited or server error - not judged, will be retried"
14100037,"Novikov, Igor",chessgames,15649,https://www.chessgames.com/perl/chessplayer?pid=15649,unknown,rate limited (HTTP 429),"rate-limited or server error - not judged, will be retried"
4161289,"Novikov, Maxim",chesscomPlayer,maksim-novikov,https://www.chess.com/players/maksim-novikov,alive,200,no action
4161289,"Novikov, Maxim",chessgames,80505,https://www.chessgames.com/perl/chessplayer?pid=80505,unknown,rate limited (HTTP 429),"rate-limited or server error - not judged, will be retried"
4161289,"Novikov, Maxim",lichess,Novikov_MS,https://lichess.org/@/Novikov_MS,alive,200,no action
4125371,"Novikov, Stanislav",chesscom,StanislavNovikov,https://www.chess.com/member/StanislavNovikov,alive,200,no action
4125371,"Novikov, Stanislav",chesscomPlayer,stanislav-novikov,https://www.chess.com/players/stanislav-novikov,unknown,rate limited (HTTP 429),"rate-limited or server error - not judged, will be retried"
4125371,"Novikov, Stanislav",chessgames,54621,https://www.chessgames.com/perl/chessplayer?pid=54621,unknown,rate limited (HTTP 429),"rate-limited or server error - not judged, will be retried"
400017,"Nunn, John D M",chesscomPlayer,john-nunn,https://www.chess.com/players/john-nunn,unknown,rate limited (HTTP 429),"rate-limited or server error - not judged, will be retried"
400017,"Nunn, John D M",chessgames,15864,https://www.chessgames.com/perl/chessplayer?pid=15864,unknown,rate limited (HTTP 429),"rate-limited or server error - not judged, will be retried"
400017,"Nunn, John D M",x,johnnywalker04,https://x.com/johnnywalker04,alive,200,no action
503142,"Nyback, Tomi",chesscomPlayer,tomi-nyback,https://www.chess.com/players/tomi-nyback,unknown,rate limited (HTTP 429),"rate-limited or server error - not judged, will be retried"
503142,"Nyback, Tomi",chessgames,48919,https://www.chessgames.com/perl/chessplayer?pid=48919,unknown,rate limited (HTTP 429),"rate-limited or server error - not judged, will be retried"
14118084,"Nyzhnyk, Illya",chesscom,Nyzhnyk_Illia,https://www.chess.com/member/Nyzhnyk_Illia,dead,HTTP 404,removed from roster.csv - replace with the current handle if you find one
14118084,"Nyzhnyk, Illya",chesscomPlayer,illya-nyzhnyk,https://www.chess.com/players/illya-nyzhnyk,alive,200,no action
14118084,"Nyzhnyk, Illya",chessgames,95929,https://www.chessgames.com/perl/chessplayer?pid=95929,unknown,rate limited (HTTP 429),"rate-limited or server error - not judged, will be retried"
14118084,"Nyzhnyk, Illya",x,IlliaNyzhnyk,https://x.com/IlliaNyzhnyk,alive,200,no action
3507815,"Obregon Rivero, Juan Carlos",chesscom,theredking89,https://www.chess.com/member/theredking89,alive,200,no action
3507815,"Obregon Rivero, Juan Carlos",chesscomPlayer,juan-carlos-obregon-rivero,https://www.chess.com/players/juan-carlos-obregon-rivero,alive,200,no action
3507815,"Obregon Rivero, Juan Carlos",chessgames,139349,https://www.chessgames.com/perl/chessplayer?pid=139349,unknown,rate limited (HTTP 429),"rate-limited or server error - not judged, will be retried"
111724,"Obregon, Andres Carlos",chesscom,GMCarlosAObregon,https://www.chess.com/member/GMCarlosAObregon,alive,200,no action
111724,"Obregon, Andres Carlos",chesscomPlayer,andres-carlos-obregon,https://www.chess.com/players/andres-carlos-obregon,unknown,rate limited (HTTP 429),"rate-limited or server error - not judged, will be retried"
111724,"Obregon, Andres Carlos",chessgames,118615,https://www.chessgames.com/perl/chessplayer?pid=118615,unknown,rate limited (HTTP 429),"rate-limited or server error - not judged, will be retried"
111724,"Obregon, Andres Carlos",lichess,gmcarlosaobregon,https://lichess.org/@/gmcarlosaobregon,dead,HTTP 404,removed from roster.csv - replace with the current handle if you find one
4108442,"Obukhov, Alexander",chesscomPlayer,alexander-obukhov,https://www.chess.com/players/alexander-obukhov,alive,200,no action
4108442,"Obukhov, Alexander",chessgames,18254,https://www.chessgames.com/perl/chessplayer?pid=18254,unknown,rate limited (HTTP 429),"rate-limited or server error - not judged, will be retried"
1416928,"Ochsner, Bjorn Moller",chesscom,BMOchsner,https://www.chess.com/member/BMOchsner,alive,200,no action
1416928,"Ochsner, Bjorn Moller",chesscomPlayer,bjorn-moller-ochsner,https://www.chess.com/players/bjorn-moller-ochsner,alive,200,no action
1416928,"Ochsner, Bjorn Moller",chessgames,117708,https://www.chessgames.com/perl/chessplayer?pid=117708,unknown,rate limited (HTTP 429),"rate-limited or server error - not judged, will be retried"
14000091,"Odeev, Handszar",chesscomPlayer,handszar-odeev,https://www.chess.com/players/handszar-odeev,unknown,rate limited (HTTP 429),"rate-limited or server error - not judged, will be retried"
14000091,"Odeev, Handszar",chessgames,95359,https://www.chessgames.com/perl/chessplayer?pid=95359,unknown,rate limited (HTTP 429),"rate-limited or server error - not judged, will be retried"
1500074,"Ogaard, Leif",chesscom,Profylax,https://www.chess.com/member/Profylax,alive,200,no action
1500074,"Ogaard, Leif",chesscomPlayer,leif-ogaard,https://www.chess.com/players/leif-ogaard,unknown,rate limited (HTTP 429),"rate-limited or server error - not judged, will be retried"
1500074,"Ogaard, Leif",chessgames,23594,https://www.chessgames.com/perl/chessplayer?pid=23594,unknown,rate limited (HTTP 429),"rate-limited or server error - not judged, will be retried"
13312022,"Ohanyan, Emin",chesscom,OhanyanEminChess,https://www.chess.com/member/OhanyanEminChess,alive,200,no action
13312022,"Ohanyan, Emin",chesscomPlayer,emin-ohanyan,https://www.chess.com/players/emin-ohanyan,unknown,rate limited (HTTP 429),"rate-limited or server error - not judged, will be retried"
14101289,"Okhotnik, Vladimir",chesscom,kintoho,https://www.chess.com/member/kintoho,alive,200,no action
14101289,"Okhotnik, Vladimir",chesscomPlayer,vladimir-okhotnik,https://www.chess.com/players/vladimir-okhotnik,alive,200,no action
14101289,"Okhotnik, Vladimir",chessgames,18102,https://www.chessgames.com/perl/chessplayer?pid=18102,unknown,rate limited (HTTP 429),"rate-limited or server error - not judged, will be retried"
2300010,"Olafsson, Helgi",chesscom,scrapnel,https://www.chess.com/member/scrapnel,alive,200,no action
2300010,"Olafsson, Helgi",chesscomPlayer,helgi-olafsson,https://www.chess.com/players/helgi-olafsson,unknown,rate limited (HTTP 429),"rate-limited or server error - not judged, will be retried"
2300010,"Olafsson, Helgi",chessgames,14076,https://www.chessgames.com/perl/chessplayer?pid=14076,unknown,rate limited (HTTP 429),"rate-limited or server error - not judged, will be retried"
4152417,"Oleksiyenko, Mykhaylo",chesscom,hitaman,https://www.chess.com/member/hitaman,alive,200,no action
4152417,"Oleksiyenko, Mykhaylo",chesscomPlayer,mikhailo-oleksienko,https://www.chess.com/players/mikhailo-oleksienko,unknown,rate limited (HTTP 429),"rate-limited or server error - not judged, will be retried"
4152417,"Oleksiyenko, Mykhaylo",chessgames,87314,https://www.chessgames.com/perl/chessplayer?pid=87314,unknown,rate limited (HTTP 429),"rate-limited or server error - not judged, will be retried"
4152417,"Oleksiyenko, Mykhaylo",lichess,Oleksiyenko,https://lichess.org/@/Oleksiyenko,alive,200,no action
3500799,"Oliva Castaneda, Kevel",chesscom,keveloliva,https://www.chess.com/member/keveloliva,dead,HTTP 404,removed from roster.csv - replace with the current handle if you find one
3500799,"Oliva Castaneda, Kevel",chesscomPlayer,kevel-oliva-castaneda,https://www.chess.com/players/kevel-oliva-castaneda,unknown,rate limited (HTTP 429),"rate-limited or server error - not judged, will be retried"
3500799,"Oliva Castaneda, Kevel",chessgames,139637,https://www.chessgames.com/perl/chessplayer?pid=139637,unknown,rate limited (HTTP 429),"rate-limited or server error - not judged, will be retried"
1121251,"Olszewski, Michal",chesscomPlayer,michal-olszewski,https://www.chess.com/players/michal-olszewski,alive,200,no action
1121251,"Olszewski, Michal",chessgames,54699,https://www.chessgames.com/perl/chessplayer?pid=54699,unknown,rate limited (HTTP 429),"rate-limited or server error - not judged, will be retried"
14119846,"Omelja, Artem",chesscomPlayer,artem-omelja,https://www.chess.com/players/artem-omelja,unknown,rate limited (HTTP 429),"rate-limited or server error - not judged, will be retried"
14119846,"Omelja, Artem",chessgames,109545,https://www.chessgames.com/perl/chessplayer?pid=109545,unknown,rate limited (HTTP 429),"rate-limited or server error - not judged, will be retried"
2205521,"Oms Pallisse, Josep",chesscomPlayer,josep-oms-pallisse,https://www.chess.com/players/josep-oms-pallisse,unknown,rate limited (HTTP 429),"rate-limited or server error - not judged, will be retried"
2205521,"Oms Pallisse, Josep",chessgames,53537,https://www.chessgames.com/perl/chessplayer?pid=53537,unknown,rate limited (HTTP 429),"rate-limited or server error - not judged, will be retried"
2205521,"Oms Pallisse, Josep",website,http://www.josepoms.com,http://www.josepoms.com,alive,200,no action
14101025,"Onischuk, Alexander",chesscom,AlexOnischuk,https://www.chess.com/member/AlexOnischuk,alive,200,no action
14101025,"Onischuk, Alexander",chesscomPlayer,alexander-onischuk,https://www.chess.com/players/alexander-onischuk,unknown,rate limited (HTTP 429),"rate-limited or server error - not judged, will be retried"
14101025,"Onischuk, Alexander",chessgames,41227,https://www.chessgames.com/perl/chessplayer?pid=41227,unknown,rate limited (HTTP 429),"rate-limited or server error - not judged, will be retried"
14114038,"Onyshchuk, Volodymyr",chesscom,Onischuk_V,https://www.chess.com/member/Onischuk_V,dead,HTTP 404,removed from roster.csv - replace with the current handle if you find one
14114038,"Onyshchuk, Volodymyr",chesscomPlayer,vladimir-onischuk,https://www.chess.com/players/vladimir-onischuk,alive,200,no action
14114038,"Onyshchuk, Volodymyr",chessgames,69265,https://www.chessgames.com/perl/chessplayer?pid=69265,unknown,rate limited (HTTP 429),"rate-limited or server error - not judged, will be retried"
24125890,"Oparin, Grigoriy",chesscom,OparinGrigoriy,https://www.chess.com/member/OparinGrigoriy,alive,200,no action
24125890,"Oparin, Grigoriy",chesscomPlayer,grigoriy-oparin,https://www.chess.com/players/grigoriy-oparin,unknown,rate limited (HTTP 429),"rate-limited or server error - not judged, will be retried"
24125890,"Oparin, Grigoriy",chessgames,117645,https://www.chessgames.com/perl/chessplayer?pid=117645,unknown,rate limited (HTTP 429),"rate-limited or server error - not judged, will be retried"
24125890,"Oparin, Grigoriy",lichess,Ogrilla,https://lichess.org/@/Ogrilla,alive,200,no action
24125890,"Oparin, Grigoriy",x,OparinGA97,https://x.com/OparinGA97,dead,HTTP 404,removed from roster.csv - replace with the current handle if you find one
303739,"Oral, Tomas",chesscomPlayer,tomas-oral,https://www.chess.com/players/tomas-oral,alive,200,no action
303739,"Oral, Tomas",chessgames,21993,https://www.chessgames.com/perl/chessplayer?pid=21993,unknown,rate limited (HTTP 429),"rate-limited or server error - not judged, will be retried"
2802090,"Oratovsky, Michael",chesscom,GMOratovsky,https://www.chess.com/member/GMOratovsky,alive,200,no action
2802090,"Oratovsky, Michael",chesscomPlayer,michael-oratovsky,https://www.chess.com/players/michael-oratovsky,unknown,rate limited (HTTP 429),"rate-limited or server error - not judged, will be retried"
2802090,"Oratovsky, Michael",chessgames,69135,https://www.chessgames.com/perl/chessplayer?pid=69135,unknown,rate limited (HTTP 429),"rate-limited or server error - not judged, will be retried"
4125282,"Orlov, Andrey",chesscom,GM-AndreyOrlov,https://www.chess.com/member/GM-AndreyOrlov,alive,200,no action
4125282,"Orlov, Andrey",chesscomPlayer,andrey-orlov,https://www.chess.com/players/andrey-orlov,unknown,rate limited (HTTP 429),"rate-limited or server error - not judged, will be retried"
4125282,"Orlov, Andrey",chessgames,64053,https://www.chessgames.com/perl/chessplayer?pid=64053,unknown,rate limited (HTTP 429),"rate-limited or server error - not judged, will be retried"
4125282,"Orlov, Andrey",lichess,AOrlovPetersburg,https://lichess.org/@/AOrlovPetersburg,alive,200,no action
20000197,"Oro, Faustino",chesscomPlayer,faustino-oro,https://www.chess.com/players/faustino-oro,alive,200,no action
20000197,"Oro, Faustino",chessgames,194411,https://www.chessgames.com/perl/chessplayer?pid=194411,unknown,rate limited (HTTP 429),"rate-limited or server error - not judged, will be retried"
20000197,"Oro, Faustino",website,https://www.orofaustino.com/,https://www.orofaustino.com/,alive,200,no action
20000197,"Oro, Faustino",facebook,orofaustino,,unchecked,returns HTTP 400 to all automated requests,cannot be tested from a server - left in place
811416,"Ortega, Lexy",chesscomPlayer,lexy-ortega,https://www.chess.com/players/lexy-ortega,alive,200,no action
811416,"Ortega, Lexy",chessgames,49764,https://www.chessgames.com/perl/chessplayer?pid=49764,unknown,rate limited (HTTP 429),"rate-limited or server error - not judged, will be retried"
3507165,"Ortiz Suarez, Isan Reynaldo",chesscom,crackcubano,https://www.chess.com/member/crackcubano,alive,200,no action
3507165,"Ortiz Suarez, Isan Reynaldo",chesscomPlayer,isan-reynaldo-ortiz-suarez,https://www.chess.com/players/isan-reynaldo-ortiz-suarez,unknown,rate limited (HTTP 429),"rate-limited or server error - not judged, will be retried"
3507165,"Ortiz Suarez, Isan Reynaldo",chessgames,130255,https://www.chessgames.com/perl/chessplayer?pid=130255,unknown,rate limited (HTTP 429),"rate-limited or server error - not judged, will be retried"
1500058,"Ostenstad, Berge",chesscomPlayer,berge-ostenstad,https://www.chess.com/players/berge-ostenstad,unknown,rate limited (HTTP 429),"rate-limited or server error - not judged, will be retried"
1500058,"Ostenstad, Berge",chessgames,14457,https://www.chessgames.com/perl/chessplayer?pid=14457,unknown,rate limited (HTTP 429),"rate-limited or server error - not judged, will be retried"
4119991,"Ovetchkin, Roman",chesscom,Roman_Ovetchkin,https://www.chess.com/member/Roman_Ovetchkin,alive,200,no action
4119991,"Ovetchkin, Roman",chesscomPlayer,roman-ovetchkin,https://www.chess.com/players/roman-ovetchkin,unknown,rate limited (HTTP 429),"rate-limited or server error - not judged, will be retried"
4119991,"Ovetchkin, Roman",chessgames,42818,https://www.chessgames.com/perl/chessplayer?pid=42818,unknown,rate limited (HTTP 429),"rate-limited or server error - not judged, will be retried"
4119991,"Ovetchkin, Roman",lichess,R_Ov,https://lichess.org/@/R_Ov,unknown,rate limited (HTTP 429),"rate-limited or server error - not judged, will be retried"
4119991,"Ovetchkin, Roman",facebook,ovetchkin.ru,,unchecked,returns HTTP 400 to all automated requests,cannot be tested from a server - left in place
4119991,"Ovetchkin, Roman",youtube,UCBuE6fMTzLSWcHDSLgDrheg,,unchecked,consent page answers 200 for missing channels,cannot be tested from a server - left in place
4119991,"Ovetchkin, Roman",twitch,R_Ov,,unchecked,app shell answers 200 for missing channels,cannot be tested from a server - left in place
14101866,"Ovsejevitsch, Sergei",chesscomPlayer,sergei-ovsejevitsch,https://www.chess.com/players/sergei-ovsejevitsch,alive,200,no action
14101866,"Ovsejevitsch, Sergei",chessgames,44741,https://www.chessgames.com/perl/chessplayer?pid=44741,unknown,rate limited (HTTP 429),"rate-limited or server error - not judged, will be retried"
14907445,"Pacher, Milan",chesscom,Minisko,https://www.chess.com/member/Minisko,alive,200,no action
14907445,"Pacher, Milan",chesscomPlayer,milan-pacher,https://www.chess.com/players/milan-pacher,alive,200,no action
14907445,"Pacher, Milan",chessgames,58400,https://www.chessgames.com/perl/chessplayer?pid=58400,unknown,rate limited (HTTP 429),"rate-limited or server error - not judged, will be retried"
2900190,"Padevsky, Nikola",chesscomPlayer,nikola-padevsky,https://www.chess.com/players/nikola-padevsky,alive,200,no action
2900190,"Padevsky, Nikola",chessgames,15399,https://www.chessgames.com/perl/chessplayer?pid=15399,unknown,rate limited (HTTP 429),"rate-limited or server error - not judged, will be retried"
4641833,"Paehtz, Elisabeth",chesscom,ElliPaehtz,https://www.chess.com/member/ElliPaehtz,alive,200,no action
4641833,"Paehtz, Elisabeth",chesscomPlayer,elisabeth-paehtz,https://www.chess.com/players/elisabeth-paehtz,unknown,rate limited (HTTP 429),"rate-limited or server error - not judged, will be retried"
4641833,"Paehtz, Elisabeth",chessgames,50272,https://www.chessgames.com/perl/chessplayer?pid=50272,unknown,rate limited (HTTP 429),"rate-limited or server error - not judged, will be retried"
4641833,"Paehtz, Elisabeth",x,ElliPaehtz,https://x.com/ElliPaehtz,alive,200,no action
4641833,"Paehtz, Elisabeth",website,https://www.elisabeth-paehtz.de,https://www.elisabeth-paehtz.de,dead,domain does not resolve,removed from roster.csv - replace with the current handle if you find one
4641833,"Paehtz, Elisabeth",instagram,elisabeth_paehtz,,unchecked,login wall answers 200 for missing profiles,cannot be tested from a server - left in place
4611349,"Paehtz, Thomas",chesscomPlayer,thomas-paehtz,https://www.chess.com/players/thomas-paehtz,unknown,rate limited (HTTP 429),"rate-limited or server error - not judged, will be retried"
4611349,"Paehtz, Thomas",chessgames,71845,https://www.chessgames.com/perl/chessplayer?pid=71845,unknown,rate limited (HTTP 429),"rate-limited or server error - not judged, will be retried"
13602934,"Paichadze, Luka",chesscom,Lukianoo,https://www.chess.com/member/Lukianoo,alive,200,no action
13602934,"Paichadze, Luka",chesscomPlayer,luka-paichadze,https://www.chess.com/players/luka-paichadze,unknown,rate limited (HTTP 429),"rate-limited or server error - not judged, will be retried"
13602934,"Paichadze, Luka",chessgames,106643,https://www.chessgames.com/perl/chessplayer?pid=106643,unknown,rate limited (HTTP 429),"rate-limited or server error - not judged, will be retried"
1119290,"Pakleza, Zbigniew",chesscom,Byniolus,https://www.chess.com/member/Byniolus,alive,200,no action
1119290,"Pakleza, Zbigniew",chesscomPlayer,zbigniew-pakleza,https://www.chess.com/players/zbigniew-pakleza,alive,200,no action
1119290,"Pakleza, Zbigniew",chessgames,54523,https://www.chessgames.com/perl/chessplayer?pid=54523,unknown,rate limited (HTTP 429),"rate-limited or server error - not judged, will be retried"
14500116,"Palac, Mladen",chesscomPlayer,mladen-palac,https://www.chess.com/players/mladen-palac,unknown,rate limited (HTTP 429),"rate-limited or server error - not judged, will be retried"
14500116,"Palac, Mladen",chessgames,19757,https://www.chessgames.com/perl/chessplayer?pid=19757,unknown,rate limited (HTTP 429),"rate-limited or server error - not judged, will be retried"
2014610,"Palatnik, Semon",chesscomPlayer,semon-palatnik,https://www.chess.com/players/semon-palatnik,unknown,rate limited (HTTP 429),"rate-limited or server error - not judged, will be retried"
2014610,"Palatnik, Semon",chessgames,15861,https://www.chessgames.com/perl/chessplayer?pid=15861,unknown,rate limited (HTTP 429),"rate-limited or server error - not judged, will be retried"
2014610,"Palatnik, Semon",website,http://www.chessinn.com/,http://www.chessinn.com/,dead,HTTP 404,removed from roster.csv - replace with the current handle if you find one
1405853,"Palo, Davor",chesscomPlayer,davor-palo,https://www.chess.com/players/davor-palo,unknown,rate limited (HTTP 429),"rate-limited or server error - not judged, will be retried"
1405853,"Palo, Davor",chessgames,50712,https://www.chessgames.com/perl/chessplayer?pid=50712,unknown,rate limited (HTTP 429),"rate-limited or server error - not judged, will be retried"
4153251,"Panarin, Mikhail",chesscom,topotun,https://www.chess.com/member/topotun,alive,200,no action
4153251,"Panarin, Mikhail",chesscomPlayer,mikhail-panarin,https://www.chess.com/players/mikhail-panarin,unknown,rate limited (HTTP 429),"rate-limited or server error - not judged, will be retried"
4153251,"Panarin, Mikhail",chessgames,53168,https://www.chessgames.com/perl/chessplayer?pid=53168,unknown,rate limited (HTTP 429),"rate-limited or server error - not judged, will be retried"
4153251,"Panarin, Mikhail",lichess,CashVampire,https://lichess.org/@/CashVampire,alive,200,no action
5007429,"Panchanathan, Magesh Chandran",chesscom,thamizhan,https://www.chess.com/member/thamizhan,alive,200,no action
5007429,"Panchanathan, Magesh Chandran",chesscomPlayer,magesh-chandran-panchanathan,https://www.chess.com/players/magesh-chandran-panchanathan,alive,200,no action
5007429,"Panchanathan, Magesh Chandran",chessgames,122535,https://www.chessgames.com/perl/chessplayer?pid=122535,unknown,rate limited (HTTP 429),"rate-limited or server error - not judged, will be retried"
8609950,"Pang, Tao",chesscomPlayer,tao-pang,https://www.chess.com/players/tao-pang,unknown,rate limited (HTTP 429),"rate-limited or server error - not judged, will be retried"
8609950,"Pang, Tao",chessgames,158811,https://www.chessgames.com/perl/chessplayer?pid=158811,unknown,rate limited (HTTP 429),"rate-limited or server error - not judged, will be retried"
100153,"Panno, Oscar",chesscom,GMPanno,https://www.chess.com/member/GMPanno,alive,200,no action
100153,"Panno, Oscar",chesscomPlayer,oscar-panno,https://www.chess.com/players/oscar-panno,alive,200,no action
100153,"Panno, Oscar",chessgames,14024,https://www.chessgames.com/perl/chessplayer?pid=14024,unknown,rate limited (HTTP 429),"rate-limited or server error - not judged, will be retried"
13602071,"Pantsulaia, Levan",chesscom,GM_Levan_Pantsulaia,https://www.chess.com/member/GM_Levan_Pantsulaia,alive,200,no action
13602071,"Pantsulaia, Levan",chesscomPlayer,levan-pantsulaia,https://www.chess.com/players/levan-pantsulaia,unknown,rate limited (HTTP 429),"rate-limited or server error - not judged, will be retried"
13602071,"Pantsulaia, Levan",chessgames,50101,https://www.chessgames.com/perl/chessplayer?pid=50101,unknown,rate limited (HTTP 429),"rate-limited or server error - not judged, will be retried"
13602071,"Pantsulaia, Levan",lichess,Levan_Pantsulaia,https://lichess.org/@/Levan_Pantsulaia,alive,200,no action
725323,"Pap, Gyula",chesscomPlayer,gyula-pap,https://www.chess.com/players/gyula-pap,unknown,rate limited (HTTP 429),"rate-limited or server error - not judged, will be retried"
725323,"Pap, Gyula",chessgames,95853,https://www.chessgames.com/perl/chessplayer?pid=95853,unknown,rate limited (HTTP 429),"rate-limited or server error - not judged, will be retried"
725323,"Pap, Gyula",lichess,Pap-G,https://lichess.org/@/Pap-G,alive,200,no action
921610,"Pap, Misa",chesscom,MisaPap,https://www.chess.com/member/MisaPap,alive,200,no action
921610,"Pap, Misa",chesscomPlayer,misa-pap,https://www.chess.com/players/misa-pap,alive,200,no action
921610,"Pap, Misa",chessgames,35894,https://www.chessgames.com/perl/chessplayer?pid=35894,unknown,rate limited (HTTP 429),"rate-limited or server error - not judged, will be retried"
921610,"Pap, Misa",lichess,MisaPap,https://lichess.org/@/MisaPap,alive,200,no action
4207742,"Papadopoulos, Ioannis K.",chesscomPlayer,ioannis-k-papadopoulos,https://www.chess.com/players/ioannis-k-papadopoulos,alive,200,no action
4207742,"Papadopoulos, Ioannis K.",chessgames,87568,https://www.chessgames.com/perl/chessplayer?pid=87568,unknown,rate limited (HTTP 429),"rate-limited or server error - not judged, will be retried"
4201345,"Papaioannou, Ioannis",chesscomPlayer,ioannis-papaioannou,https://www.chess.com/players/ioannis-papaioannou,alive,200,no action
4201345,"Papaioannou, Ioannis",chessgames,42400,https://www.chessgames.com/perl/chessplayer?pid=42400,unknown,rate limited (HTTP 429),"rate-limited or server error - not judged, will be retried"
4143183,"Papin, Vasily",chesscom,Vasily_Papin,https://www.chess.com/member/Vasily_Papin,alive,200,no action
4143183,"Papin, Vasily",chesscomPlayer,vasily-papin,https://www.chess.com/players/vasily-papin,unknown,rate limited (HTTP 429),"rate-limited or server error - not judged, will be retried"
4143183,"Papin, Vasily",chessgames,105942,https://www.chessgames.com/perl/chessplayer?pid=105942,unknown,rate limited (HTTP 429),"rate-limited or server error - not judged, will be retried"
718602,"Papp, Gabor",chesscom,Pidzsy,https://www.chess.com/member/Pidzsy,alive,200,no action
718602,"Papp, Gabor",chesscomPlayer,gabor-papp,https://www.chess.com/players/gabor-papp,unknown,rate limited (HTTP 429),"rate-limited or server error - not judged, will be retried"
718602,"Papp, Gabor",chessgames,49203,https://www.chessgames.com/perl/chessplayer?pid=49203,unknown,rate limited (HTTP 429),"rate-limited or server error - not judged, will be retried"
5201241,"Paragua, Mark",chesscom,MarkParagua,https://www.chess.com/member/MarkParagua,alive,200,no action
5201241,"Paragua, Mark",chesscomPlayer,mark-paragua,https://www.chess.com/players/mark-paragua,unknown,rate limited (HTTP 429),"rate-limited or server error - not judged, will be retried"
5201241,"Paragua, Mark",chessgames,10126,https://www.chessgames.com/perl/chessplayer?pid=10126,unknown,rate limited (HTTP 429),"rate-limited or server error - not judged, will be retried"
4194985,"Paravyan, David",chesscom,dropstoneDP,https://www.chess.com/member/dropstoneDP,alive,200,no action
4194985,"Paravyan, David",chesscomPlayer,david-paravyan,https://www.chess.com/players/david-paravyan,alive,200,no action
4194985,"Paravyan, David",chessgames,118119,https://www.chessgames.com/perl/chessplayer?pid=118119,unknown,rate limited (HTTP 429),"rate-limited or server error - not judged, will be retried"
4194985,"Paravyan, David",lichess,drop_stone,https://lichess.org/@/drop_stone,alive,200,no action
400580,"Parker, Jonathan F",chesscomPlayer,jonathan-f-parker,https://www.chess.com/players/jonathan-f-parker,unknown,rate limited (HTTP 429),"rate-limited or server error - not judged, will be retried"
400580,"Parker, Jonathan F",chessgames,21379,https://www.chessgames.com/perl/chessplayer?pid=21379,unknown,rate limited (HTTP 429),"rate-limited or server error - not judged, will be retried"
2813408,"Parkhov, Yair",chesscom,YairParkhov,https://www.chess.com/member/YairParkhov,alive,200,no action
2813408,"Parkhov, Yair",chesscomPlayer,yair-parkhov,https://www.chess.com/players/yair-parkhov,unknown,rate limited (HTTP 429),"rate-limited or server error - not judged, will be retried"
2813408,"Parkhov, Yair",chessgames,150618,https://www.chessgames.com/perl/chessplayer?pid=150618,unknown,rate limited (HTTP 429),"rate-limited or server error - not judged, will be retried"
2813408,"Parkhov, Yair",facebook,100009584778307,,unchecked,returns HTTP 400 to all automated requests,cannot be tested from a server - left in place
1204297,"Parligras, Mircea-Emilian",chesscom,mirceaparligras,https://www.chess.com/member/mirceaparligras,alive,200,no action
1204297,"Parligras, Mircea-Emilian",chesscomPlayer,mircea-emilian-parligras,https://www.chess.com/players/mircea-emilian-parligras,alive,200,no action
1204297,"Parligras, Mircea-Emilian",chessgames,56498,https://www.chessgames.com/perl/chessplayer?pid=56498,unknown,rate limited (HTTP 429),"rate-limited or server error - not judged, will be retried"
1204297,"Parligras, Mircea-Emilian",lichess,mircica,https://lichess.org/@/mircica,alive,200,no action
14600706,"Parma, Bruno",chesscomPlayer,bruno-parma,https://www.chess.com/players/bruno-parma,unknown,rate limited (HTTP 429),"rate-limited or server error - not judged, will be retried"
14600706,"Parma, Bruno",chessgames,22978,https://www.chessgames.com/perl/chessplayer?pid=22978,unknown,rate limited (HTTP 429),"rate-limited or server error - not judged, will be retried"
13301578,"Pashikian, Arman",chesscom,RobEri,https://www.chess.com/member/RobEri,alive,200,no action
13301578,"Pashikian, Arman",chesscomPlayer,arman-pashikian,https://www.chess.com/players/arman-pashikian,alive,200,no action
13301578,"Pashikian, Arman",chessgames,50130,https://www.chessgames.com/perl/chessplayer?pid=50130,unknown,rate limited (HTTP 429),"rate-limited or server error - not judged, will be retried"
14600986,"Pavasovic, Dusko",chesscom,GM_Splinter,https://www.chess.com/member/GM_Splinter,alive,200,no action
14600986,"Pavasovic, Dusko",chesscomPlayer,dusko-pavasovic,https://www.chess.com/players/dusko-pavasovic,unknown,rate limited (HTTP 429),"rate-limited or server error - not judged, will be retried"
14600986,"Pavasovic, Dusko",chessgames,27077,https://www.chessgames.com/perl/chessplayer?pid=27077,unknown,rate limited (HTTP 429),"rate-limited or server error - not judged, will be retried"
14600986,"Pavasovic, Dusko",lichess,Mr_Orange,https://lichess.org/@/Mr_Orange,alive,200,no action
4212312,"Pavlidis, Antonios",chesscom,Faqade,https://www.chess.com/member/Faqade,alive,200,no action
4212312,"Pavlidis, Antonios",chesscomPlayer,antonios-pavlidis,https://www.chess.com/players/antonios-pavlidis,unknown,rate limited (HTTP 429),"rate-limited or server error - not judged, will be retried"
4212312,"Pavlidis, Antonios",chessgames,117753,https://www.chessgames.com/perl/chessplayer?pid=117753,unknown,rate limited (HTTP 429),"rate-limited or server error - not judged, will be retried"
14104350,"Pavlov, Maxim",chesscomPlayer,maxim-pavlov,https://www.chess.com/players/maxim-pavlov,unknown,rate limited (HTTP 429),"rate-limited or server error - not judged, will be retried"
14104350,"Pavlov, Maxim",chessgames,56544,https://www.chessgames.com/perl/chessplayer?pid=56544,unknown,rate limited (HTTP 429),"rate-limited or server error - not judged, will be retried"
900389,"Pavlovic, Milos",chesscomPlayer,milos-pavlovic,https://www.chess.com/players/milos-pavlovic,unknown,rate limited (HTTP 429),"rate-limited or server error - not judged, will be retried"
900389,"Pavlovic, Milos",chessgames,42541,https://www.chessgames.com/perl/chessplayer?pid=42541,unknown,rate limited (HTTP 429),"rate-limited or server error - not judged, will be retried"
14926970,"Pechac, Jergus",chesscomPlayer,jergus-pechac,https://www.chess.com/players/jergus-pechac,alive,200,no action
14926970,"Pechac, Jergus",chessgames,156981,https://www.chessgames.com/perl/chessplayer?pid=156981,unknown,rate limited (HTTP 429),"rate-limited or server error - not judged, will be retried"
1301837,"Pelletier, Yannick",chesscom,YannickPelletier,https://www.chess.com/member/YannickPelletier,alive,200,no action
1301837,"Pelletier, Yannick",chesscomPlayer,yannick-pelletier,https://www.chess.com/players/yannick-pelletier,unknown,rate limited (HTTP 429),"rate-limited or server error - not judged, will be retried"
1301837,"Pelletier, Yannick",chessgames,11676,https://www.chessgames.com/perl/chessplayer?pid=11676,unknown,rate limited (HTTP 429),"rate-limited or server error - not judged, will be retried"
1301837,"Pelletier, Yannick",x,PelletierChess,https://x.com/PelletierChess,alive,200,no action
2252813,"Pena Gomez, Manuel",chesscom,Fivetrick,https://www.chess.com/member/Fivetrick,alive,200,no action
2252813,"Pena Gomez, Manuel",chesscomPlayer,manuel-pena-gomez,https://www.chess.com/players/manuel-pena-gomez,alive,200,no action
2252813,"Pena Gomez, Manuel",chessgames,96060,https://www.chessgames.com/perl/chessplayer?pid=96060,unknown,rate limited (HTTP 429),"rate-limited or server error - not judged, will be retried"
14112620,"Peng, Li Min",chesscom,Peng_Li-Min,https://www.chess.com/member/Peng_Li-Min,alive,200,no action
14112620,"Peng, Li Min",chesscomPlayer,li-min-peng,https://www.chess.com/players/li-min-peng,unknown,rate limited (HTTP 429),"rate-limited or server error - not judged, will be retried"
14112620,"Peng, Li Min",chessgames,153899,https://www.chessgames.com/perl/chessplayer?pid=153899,unknown,rate limited (HTTP 429),"rate-limited or server error - not judged, will be retried"
14112620,"Peng, Li Min",lichess,Peng_Li_Min,https://lichess.org/@/Peng_Li_Min,alive,200,no action
8600511,"Peng, Xiaomin",chesscomPlayer,xiaomin-peng,https://www.chess.com/players/xiaomin-peng,alive,200,no action
8600511,"Peng, Xiaomin",chessgames,10835,https://www.chessgames.com/perl/chessplayer?pid=10835,unknown,rate limited (HTTP 429),"rate-limited or server error - not judged, will be retried"
8610550,"Peng, Xiongjian",chesscomPlayer,xiongjian-peng,https://www.chess.com/players/xiongjian-peng,alive,200,no action
8610550,"Peng, Xiongjian",chessgames,156956,https://www.chessgames.com/perl/chessplayer?pid=156956,unknown,rate limited (HTTP 429),"rate-limited or server error - not judged, will be retried"
1004786,"Peng, Zhaoqin",chesscom,HuangHou,https://www.chess.com/member/HuangHou,alive,200,no action
1004786,"Peng, Zhaoqin",chesscomPlayer,peng-zhaoqin,https://www.chess.com/players/peng-zhaoqin,unknown,rate limited (HTTP 429),"rate-limited or server error - not judged, will be retried"
1004786,"Peng, Zhaoqin",chessgames,17360,https://www.chessgames.com/perl/chessplayer?pid=17360,unknown,rate limited (HTTP 429),"rate-limited or server error - not judged, will be retried"
1004786,"Peng, Zhaoqin",x,PengZhaoqin,https://x.com/PengZhaoqin,alive,200,no action
400360,"Penrose, Jonathan",chesscomPlayer,jonathan-penrose,https://www.chess.com/players/jonathan-penrose,alive,200,no action
400360,"Penrose, Jonathan",chessgames,17945,https://www.chessgames.com/perl/chessplayer?pid=17945,unknown,rate limited (HTTP 429),"rate-limited or server error - not judged, will be retried"
105309,"Peralta, Fernando",chesscom,zstardust,https://www.chess.com/member/zstardust,alive,200,no action
105309,"Peralta, Fernando",chesscomPlayer,fernando-peralta,https://www.chess.com/players/fernando-peralta,unknown,rate limited (HTTP 429),"rate-limited or server error - not judged, will be retried"
105309,"Peralta, Fernando",chessgames,50006,https://www.chessgames.com/perl/chessplayer?pid=50006,unknown,rate limited (HTTP 429),"rate-limited or server error - not judged, will be retried"
2012529,"Perelshteyn, Eugene",chesscom,EugenePerelshteyn,https://www.chess.com/member/EugenePerelshteyn,alive,200,no action
2012529,"Perelshteyn, Eugene",chesscomPlayer,eugene-perelshteyn,https://www.chess.com/players/eugene-perelshteyn,unknown,rate limited (HTTP 429),"rate-limited or server error - not judged, will be retried"
2012529,"Perelshteyn, Eugene",chessgames,10214,https://www.chessgames.com/perl/chessplayer?pid=10214,unknown,rate limited (HTTP 429),"rate-limited or server error - not judged, will be retried"
2012529,"Perelshteyn, Eugene",x,EugenePerel,https://x.com/EugenePerel,alive,200,no action
2012529,"Perelshteyn, Eugene",twitch,EugenePerelshteyn,,unchecked,app shell answers 200 for missing channels,cannot be tested from a server - left in place
2210622,"Perez Candelario, Manuel",chesscom,MPCandelario,https://www.chess.com/member/MPCandelario,alive,200,no action
2210622,"Perez Candelario, Manuel",chesscomPlayer,manuel-perez-candelario,https://www.chess.com/players/manuel-perez-candelario,unknown,rate limited (HTTP 429),"rate-limited or server error - not judged, will be retried"
2210622,"Perez Candelario, Manuel",chessgames,49099,https://www.chessgames.com/perl/chessplayer?pid=49099,unknown,rate limited (HTTP 429),"rate-limited or server error - not judged, will be retried"
3502856,"Perez Mitjans, Orelvis",chesscomPlayer,orelvis-perez-mitjans,https://www.chess.com/players/orelvis-perez-mitjans,alive,200,no action
3502856,"Perez Mitjans, Orelvis",chessgames,99074,https://www.chessgames.com/perl/chessplayer?pid=99074,unknown,rate limited (HTTP 429),"rate-limited or server error - not judged, will be retried"
3502856,"Perez Mitjans, Orelvis",lichess,ElhachaGM,https://lichess.org/@/ElhachaGM,alive,200,no action
117927,"Perez Ponsa, Federico",chesscom,Genghis_K,https://www.chess.com/member/Genghis_K,alive,200,no action
117927,"Perez Ponsa, Federico",chesscomPlayer,federico-perez-ponsa,https://www.chess.com/players/federico-perez-ponsa,unknown,rate limited (HTTP 429),"rate-limited or server error - not judged, will be retried"
117927,"Perez Ponsa, Federico",chessgames,109851,https://www.chessgames.com/perl/chessplayer?pid=109851,unknown,rate limited (HTTP 429),"rate-limited or server error - not judged, will be retried"
117927,"Perez Ponsa, Federico",lichess,Federicov93,https://lichess.org/@/Federicov93,unknown,rate limited (HTTP 429),"rate-limited or server error - not judged, will be retried"
117927,"Perez Ponsa, Federico",x,fperezponsa,https://x.com/fperezponsa,alive,200,no action
117927,"Perez Ponsa, Federico",facebook,federico.perezponsa,,unchecked,returns HTTP 400 to all automated requests,cannot be tested from a server - left in place
3503364,"Perez Rodriguez, Luis Manuel",chesscom,mamey78,https://www.chess.com/member/mamey78,alive,200,no action
3503364,"Perez Rodriguez, Luis Manuel",chesscomPlayer,luis-manuel-perez-rodriguez,https://www.chess.com/players/luis-manuel-perez-rodriguez,unknown,rate limited (HTTP 429),"rate-limited or server error - not judged, will be retried"
3503364,"Perez Rodriguez, Luis Manuel",chessgames,118673,https://www.chessgames.com/perl/chessplayer?pid=118673,unknown,rate limited (HTTP 429),"rate-limited or server error - not judged, will be retried"
403989,"Pert, Nicholas",chesscom,GMNickPert,https://www.chess.com/member/GMNickPert,alive,200,no action
403989,"Pert, Nicholas",chesscomPlayer,nicholas-pert,https://www.chess.com/players/nicholas-pert,unknown,rate limited (HTTP 429),"rate-limited or server error - not judged, will be retried"
403989,"Pert, Nicholas",chessgames,48992,https://www.chessgames.com/perl/chessplayer?pid=48992,unknown,rate limited (HTTP 429),"rate-limited or server error - not judged, will be retried"
921629,"Perunovic, Milos",chesscom,Batica1984,https://www.chess.com/member/Batica1984,alive,200,no action
921629,"Perunovic, Milos",chesscomPlayer,milos-perunovic,https://www.chess.com/players/milos-perunovic,alive,200,no action
921629,"Perunovic, Milos",chessgames,49477,https://www.chessgames.com/perl/chessplayer?pid=49477,unknown,rate limited (HTTP 429),"rate-limited or server error - not judged, will be retried"
11600110,"Petkevich, Jusefs",chesscomPlayer,jusefs-petkevich,https://www.chess.com/players/jusefs-petkevich,alive,200,no action
11600110,"Petkevich, Jusefs",chessgames,15356,https://www.chessgames.com/perl/chessplayer?pid=15356,unknown,rate limited (HTTP 429),"rate-limited or server error - not judged, will be retried"
2921642,"Petkov, Momchil",chesscom,MomchilPetkov05,https://www.chess.com/member/MomchilPetkov05,dead,HTTP 404,removed from roster.csv - replace with the current handle if you find one
2921642,"Petkov, Momchil",chesscomPlayer,momchil-petkov,https://www.chess.com/players/momchil-petkov,unknown,rate limited (HTTP 429),"rate-limited or server error - not judged, will be retried"
2921642,"Petkov, Momchil",chessgames,156074,https://www.chessgames.com/perl/chessplayer?pid=156074,unknown,rate limited (HTTP 429),"rate-limited or server error - not judged, will be retried"
2901188,"Petkov, Vladimir",chesscom,GMVladimir_Petkov,https://www.chess.com/member/GMVladimir_Petkov,alive,200,no action
2901188,"Petkov, Vladimir",chesscomPlayer,vladimir-petkov,https://www.chess.com/players/vladimir-petkov,unknown,rate limited (HTTP 429),"rate-limited or server error - not judged, will be retried"
2901188,"Petkov, Vladimir",chessgames,93963,https://www.chessgames.com/perl/chessplayer?pid=93963,unknown,rate limited (HTTP 429),"rate-limited or server error - not judged, will be retried"
318299,"Petr, Martin",chesscomPlayer,martin-petr,https://www.chess.com/players/martin-petr,unknown,rate limited (HTTP 429),"rate-limited or server error - not judged, will be retried"
318299,"Petr, Martin",chessgames,94205,https://www.chessgames.com/perl/chessplayer?pid=94205,unknown,rate limited (HTTP 429),"rate-limited or server error - not judged, will be retried"
13611216,"Petriashvili, Nikoloz",chesscom,P-E-T-R-0,https://www.chess.com/member/P-E-T-R-0,alive,200,no action
13611216,"Petriashvili, Nikoloz",chesscomPlayer,nikoloz-petriashvili,https://www.chess.com/players/nikoloz-petriashvili,unknown,rate limited (HTTP 429),"rate-limited or server error - not judged, will be retried"
13611216,"Petriashvili, Nikoloz",chessgames,158133,https://www.chessgames.com/perl/chessplayer?pid=158133,unknown,rate limited (HTTP 429),"rate-limited or server error - not judged, will be retried"
13611216,"Petriashvili, Nikoloz",lichess,NIKiler,https://lichess.org/@/NIKiler,dead,HTTP 404,removed from roster.csv - replace with the current handle if you find one
14901625,"Petrik, Tomas",chesscomPlayer,tomas-petrik,https://www.chess.com/players/tomas-petrik,alive,200,no action
14901625,"Petrik, Tomas",chessgames,50864,https://www.chessgames.com/perl/chessplayer?pid=50864,unknown,rate limited (HTTP 429),"rate-limited or server error - not judged, will be retried"
13300288,"Petrosian, Arshak B",chesscomPlayer,arshak-petrosian,https://www.chess.com/players/arshak-petrosian,unknown,rate limited (HTTP 429),"rate-limited or server error - not judged, will be retried"
13300288,"Petrosian, Arshak B",chessgames,47134,https://www.chessgames.com/perl/chessplayer?pid=47134,unknown,rate limited (HTTP 429),"rate-limited or server error - not judged, will be retried"
13301349,"Petrosian, Davit G.",chesscomPlayer,davit-g-petrosian,https://www.chess.com/players/davit-g-petrosian,unknown,rate limited (HTTP 429),"rate-limited or server error - not judged, will be retried"
13301349,"Petrosian, Davit G.",chessgames,50120,https://www.chessgames.com/perl/chessplayer?pid=50120,unknown,rate limited (HTTP 429),"rate-limited or server error - not judged, will be retried"
13301616,"Petrosian, Tigran L.",chesscomPlayer,tigran-l-petrosian,https://www.chess.com/players/tigran-l-petrosian,unknown,rate limited (HTTP 429),"rate-limited or server error - not judged, will be retried"
13301616,"Petrosian, Tigran L.",chessgames,50086,https://www.chessgames.com/perl/chessplayer?pid=50086,unknown,rate limited (HTTP 429),"rate-limited or server error - not judged, will be retried"
13300857,"Petrosyan, Manuel",chesscom,Man-Chuk,https://www.chess.com/member/Man-Chuk,dead,HTTP 404,removed from roster.csv - replace with the current handle if you find one
13300857,"Petrosyan, Manuel",chesscomPlayer,manuel-petrosyan,https://www.chess.com/players/manuel-petrosyan,alive,200,no action
13300857,"Petrosyan, Manuel",chessgames,117611,https://www.chessgames.com/perl/chessplayer?pid=117611,unknown,rate limited (HTTP 429),"rate-limited or server error - not judged, will be retried"
2901773,"Petrov, Marian",chesscom,MarianPetrov,https://www.chess.com/member/MarianPetrov,alive,200,no action
2901773,"Petrov, Marian",chesscomPlayer,marian-petrow,https://www.chess.com/players/marian-petrow,alive,200,no action
2901773,"Petrov, Marian",chessgames,45823,https://www.chessgames.com/perl/chessplayer?pid=45823,unknown,rate limited (HTTP 429),"rate-limited or server error - not judged, will be retried"
2911086,"Petrov, Martin",chesscomPlayer,martin-petrov,https://www.chess.com/players/martin-petrov,unknown,rate limited (HTTP 429),"rate-limited or server error - not judged, will be retried"
2911086,"Petrov, Martin",chessgames,132286,https://www.chessgames.com/perl/chessplayer?pid=132286,unknown,rate limited (HTTP 429),"rate-limited or server error - not judged, will be retried"
2911086,"Petrov, Martin",lichess,Martin_Petrov,https://lichess.org/@/Martin_Petrov,alive,200,no action
4101286,"Petrov, Nikita",chesscomPlayer,nikita-petrov,https://www.chess.com/players/nikita-petrov,alive,200,no action
4101286,"Petrov, Nikita",chessgames,117646,https://www.chessgames.com/perl/chessplayer?pid=117646,unknown,rate limited (HTTP 429),"rate-limited or server error - not judged, will be retried"
2300028,"Petursson, Margeir",chesscomPlayer,margeir-petursson,https://www.chess.com/players/margeir-petursson,unknown,rate limited (HTTP 429),"rate-limited or server error - not judged, will be retried"
2300028,"Petursson, Margeir",chessgames,15512,https://www.chessgames.com/perl/chessplayer?pid=15512,unknown,rate limited (HTTP 429),"rate-limited or server error - not judged, will be retried"
4600100,"Pfleger, Helmut, Dr.",chesscomPlayer,helmut-pfleger,https://www.chess.com/players/helmut-pfleger,unknown,rate limited (HTTP 429),"rate-limited or server error - not judged, will be retried"
4600100,"Pfleger, Helmut, Dr.",chessgames,14779,https://www.chessgames.com/perl/chessplayer?pid=14779,unknown,rate limited (HTTP 429),"rate-limited or server error - not judged, will be retried"
110973,"Pichot, Alan",chesscom,platy3,https://www.chess.com/member/platy3,alive,200,no action
110973,"Pichot, Alan",chesscomPlayer,alan-pichot,https://www.chess.com/players/alan-pichot,alive,200,no action
110973,"Pichot, Alan",chessgames,130033,https://www.chessgames.com/perl/chessplayer?pid=130033,unknown,rate limited (HTTP 429),"rate-limited or server error - not judged, will be retried"
110973,"Pichot, Alan",x,alan_pichot1,https://x.com/alan_pichot1,alive,200,no action
4100514,"Pigusov, Evgeny",chesscom,EvgenyPigusov,https://www.chess.com/member/EvgenyPigusov,alive,200,no action
4100514,"Pigusov, Evgeny",chesscomPlayer,evgeny-pigusov,https://www.chess.com/players/evgeny-pigusov,unknown,rate limited (HTTP 429),"rate-limited or server error - not judged, will be retried"
4100514,"Pigusov, Evgeny",chessgames,11040,https://www.chessgames.com/perl/chessplayer?pid=11040,unknown,rate limited (HTTP 429),"rate-limited or server error - not judged, will be retried"
1019554,"Pijpers, Arthur",chesscomPlayer,arthur-pijpers,https://www.chess.com/players/arthur-pijpers,unknown,rate limited (HTTP 429),"rate-limited or server error - not judged, will be retried"
1019554,"Pijpers, Arthur",chessgames,113420,https://www.chessgames.com/perl/chessplayer?pid=113420,unknown,rate limited (HTTP 429),"rate-limited or server error - not judged, will be retried"
1000055,"Piket, Jeroen",chesscomPlayer,jeroen-piket,https://www.chess.com/players/jeroen-piket,unknown,rate limited (HTTP 429),"rate-limited or server error - not judged, will be retried"
1000055,"Piket, Jeroen",chessgames,10904,https://www.chessgames.com/perl/chessplayer?pid=10904,unknown,rate limited (HTTP 429),"rate-limited or server error - not judged, will be retried"
906379,"Pikula, Dejan",chesscom,Aradej,https://www.chess.com/member/Aradej,alive,200,no action
906379,"Pikula, Dejan",chesscomPlayer,dejan-pikula,https://www.chess.com/players/dejan-pikula,alive,200,no action
906379,"Pikula, Dejan",chessgames,60395,https://www.chessgames.com/perl/chessplayer?pid=60395,unknown,rate limited (HTTP 429),"rate-limited or server error - not judged, will be retried"
14109158,"Pilavov, Georgy",chesscomPlayer,georgy-pilavov,https://www.chess.com/players/georgy-pilavov,unknown,rate limited (HTTP 429),"rate-limited or server error - not judged, will be retried"
14109158,"Pilavov, Georgy",chessgames,74202,https://www.chessgames.com/perl/chessplayer?pid=74202,unknown,rate limited (HTTP 429),"rate-limited or server error - not judged, will be retried"
14109158,"Pilavov, Georgy",lichess,Digora,https://lichess.org/@/Digora,alive,200,no action
700045,"Pinter, Jozsef",chesscomPlayer,jozsef-pinter,https://www.chess.com/players/jozsef-pinter,unknown,rate limited (HTTP 429),"rate-limited or server error - not judged, will be retried"
700045,"Pinter, Jozsef",chessgames,37548,https://www.chessgames.com/perl/chessplayer?pid=37548,unknown,rate limited (HTTP 429),"rate-limited or server error - not judged, will be retried"
1130420,"Piorun, Kacper",chesscom,kpio91,https://www.chess.com/member/kpio91,dead,HTTP 404,removed from roster.csv - replace with the current handle if you find one
1130420,"Piorun, Kacper",chesscomPlayer,kacper-piorun,https://www.chess.com/players/kacper-piorun,unknown,rate limited (HTTP 429),"rate-limited or server error - not judged, will be retried"
1130420,"Piorun, Kacper",chessgames,117788,https://www.chessgames.com/perl/chessplayer?pid=117788,unknown,rate limited (HTTP 429),"rate-limited or server error - not judged, will be retried"
1130420,"Piorun, Kacper",x,kacparov91,https://x.com/kacparov91,dead,HTTP 404,removed from roster.csv - replace with the current handle if you find one
4101731,"Piskov, Yury",chesscomPlayer,yury-piskov,https://www.chess.com/players/yury-piskov,alive,200,no action
4101731,"Piskov, Yury",chessgames,15811,https://www.chessgames.com/perl/chessplayer?pid=15811,unknown,rate limited (HTTP 429),"rate-limited or server error - not judged, will be retried"
14900068,"Plachetka, Jan",chesscomPlayer,jan-plachetka,https://www.chess.com/players/jan-plachetka,unknown,rate limited (HTTP 429),"rate-limited or server error - not judged, will be retried"
14900068,"Plachetka, Jan",chessgames,17550,https://www.chessgames.com/perl/chessplayer?pid=17550,unknown,rate limited (HTTP 429),"rate-limited or server error - not judged, will be retried"
400238,"Plaskett, H James",chesscom,Parsifal7,https://www.chess.com/member/Parsifal7,alive,200,no action
400238,"Plaskett, H James",chesscomPlayer,h-james-plaskett,https://www.chess.com/players/h-james-plaskett,unknown,rate limited (HTTP 429),"rate-limited or server error - not judged, will be retried"
400238,"Plaskett, H James",chessgames,15772,https://www.chessgames.com/perl/chessplayer?pid=15772,unknown,rate limited (HTTP 429),"rate-limited or server error - not judged, will be retried"
400238,"Plaskett, H James",x,jamesplaskett,https://x.com/jamesplaskett,alive,200,no action
325740,"Plat, Vojtech",chesscom,VojtechPlat,https://www.chess.com/member/VojtechPlat,alive,200,no action
325740,"Plat, Vojtech",chesscomPlayer,vojtech-plat,https://www.chess.com/players/vojtech-plat,unknown,rate limited (HTTP 429),"rate-limited or server error - not judged, will be retried"
325740,"Plat, Vojtech",chessgames,125323,https://www.chessgames.com/perl/chessplayer?pid=125323,unknown,rate limited (HTTP 429),"rate-limited or server error - not judged, will be retried"
13504134,"Podolchenko, Evgeniy",chesscom,evgeniy_88,https://www.chess.com/member/evgeniy_88,alive,200,no action
13504134,"Podolchenko, Evgeniy",chesscomPlayer,evgeniy-podolchenko,https://www.chess.com/players/evgeniy-podolchenko,unknown,rate limited (HTTP 429),"rate-limited or server error - not judged, will be retried"
13504134,"Podolchenko, Evgeniy",chessgames,124140,https://www.chessgames.com/perl/chessplayer?pid=124140,unknown,rate limited (HTTP 429),"rate-limited or server error - not judged, will be retried"
24615137,"Poetsch, Hagen",chesscomPlayer,hagen-poetsch,https://www.chess.com/players/hagen-poetsch,alive,200,no action
24615137,"Poetsch, Hagen",chessgames,124978,https://www.chessgames.com/perl/chessplayer?pid=124978,unknown,rate limited (HTTP 429),"rate-limited or server error - not judged, will be retried"
14100363,"Pogorelov, Ruslan",chesscom,Checom,https://www.chess.com/member/Checom,alive,200,no action
14100363,"Pogorelov, Ruslan",chesscomPlayer,rouslan-pogorelov,https://www.chess.com/players/rouslan-pogorelov,unknown,rate limited (HTTP 429),"rate-limited or server error - not judged, will be retried"
14100363,"Pogorelov, Ruslan",chessgames,71380,https://www.chessgames.com/perl/chessplayer?pid=71380,unknown,rate limited (HTTP 429),"rate-limited or server error - not judged, will be retried"
300560,"Polak, Tomas",chesscom,TomasPolak74,https://www.chess.com/member/TomasPolak74,alive,200,no action
300560,"Polak, Tomas",chesscomPlayer,tomas-polak,https://www.chess.com/players/tomas-polak,unknown,rate limited (HTTP 429),"rate-limited or server error - not judged, will be retried"
300560,"Polak, Tomas",chessgames,17877,https://www.chessgames.com/perl/chessplayer?pid=17877,unknown,rate limited (HTTP 429),"rate-limited or server error - not judged, will be retried"
700070,"Polgar, Judit",chesscom,JuditPolgar,https://www.chess.com/member/JuditPolgar,alive,200,no action
700070,"Polgar, Judit",chesscomPlayer,judit-polgar,https://www.chess.com/players/judit-polgar,unknown,rate limited (HTTP 429),"rate-limited or server error - not judged, will be retried"
700070,"Polgar, Judit",chessgames,12190,https://www.chessgames.com/perl/chessplayer?pid=12190,unknown,rate limited (HTTP 429),"rate-limited or server error - not judged, will be retried"
700070,"Polgar, Judit",x,GMJuditPolgar,https://x.com/GMJuditPolgar,alive,200,no action
700070,"Polgar, Judit",website,https://juditpolgar.com,https://juditpolgar.com,alive,200,no action
700070,"Polgar, Judit",instagram,judit.polgar.official,,unchecked,login wall answers 200 for missing profiles,cannot be tested from a server - left in place
700088,"Polgar, Susan",chesscomPlayer,susan-polgar,https://www.chess.com/players/susan-polgar,alive,200,no action
700088,"Polgar, Susan",chessgames,15162,https://www.chessgames.com/perl/chessplayer?pid=15162,unknown,rate limited (HTTP 429),"rate-limited or server error - not judged, will be retried"
700088,"Polgar, Susan",x,SusanPolgar,https://x.com/SusanPolgar,alive,200,no action
700088,"Polgar, Susan",website,http://www.susanpolgar.com,http://www.susanpolgar.com,alive,200,no action
4112849,"Poluljahov, Aleksandr",chesscomPlayer,aleksandr-poluljahov,https://www.chess.com/players/aleksandr-poluljahov,unknown,rate limited (HTTP 429),"rate-limited or server error - not judged, will be retried"
4112849,"Poluljahov, Aleksandr",chessgames,14277,https://www.chessgames.com/perl/chessplayer?pid=14277,unknown,rate limited (HTTP 429),"rate-limited or server error - not judged, will be retried"
4610741,"Polzin, Rainer",chesscomPlayer,rainer-polzin,https://www.chess.com/players/rainer-polzin,unknown,rate limited (HTTP 429),"rate-limited or server error - not judged, will be retried"
4610741,"Polzin, Rainer",chessgames,94671,https://www.chessgames.com/perl/chessplayer?pid=94671,unknown,rate limited (HTTP 429),"rate-limited or server error - not judged, will be retried"
4157800,"Ponkratov, Pavel",chesscom,Infernal_XaM,https://www.chess.com/member/Infernal_XaM,alive,200,no action
4157800,"Ponkratov, Pavel",chesscomPlayer,pavel-ponkratov,https://www.chess.com/players/pavel-ponkratov,unknown,rate limited (HTTP 429),"rate-limited or server error - not judged, will be retried"
4157800,"Ponkratov, Pavel",chessgames,50222,https://www.chessgames.com/perl/chessplayer?pid=50222,unknown,rate limited (HTTP 429),"rate-limited or server error - not judged, will be retried"
4157800,"Ponkratov, Pavel",lichess,Infernal_XaM,https://lichess.org/@/Infernal_XaM,alive,200,no action
14103320,"Ponomariov, Ruslan",chesscom,NDePinEsPeRG,https://www.chess.com/member/NDePinEsPeRG,alive,200,no action
14103320,"Ponomariov, Ruslan",chesscomPlayer,ruslan-ponomariov,https://www.chess.com/players/ruslan-ponomariov,alive,200,no action
14103320,"Ponomariov, Ruslan",chessgames,12109,https://www.chessgames.com/perl/chessplayer?pid=12109,unknown,rate limited (HTTP 429),"rate-limited or server error - not judged, will be retried"
14103320,"Ponomariov, Ruslan",lichess,R-Ponomariov,https://lichess.org/@/R-Ponomariov,unknown,rate limited (HTTP 429),"rate-limited or server error - not judged, will be retried"
14103320,"Ponomariov, Ruslan",x,Ponomariov,https://x.com/Ponomariov,alive,200,no action
14103320,"Ponomariov, Ruslan",facebook,Ruslan.Ponomariov,,unchecked,returns HTTP 400 to all automated requests,cannot be tested from a server - left in place
14103320,"Ponomariov, Ruslan",youtube,UC7NuWtiPgwhXx-T0kpaMrtA,,unchecked,consent page answers 200 for missing channels,cannot be tested from a server - left in place
14103320,"Ponomariov, Ruslan",twitch,RuslanPonomariov,,unchecked,app shell answers 200 for missing channels,cannot be tested from a server - left in place
2900165,"Popchev, Milko",chesscomPlayer,milko-popchev,https://www.chess.com/players/milko-popchev,unknown,rate limited (HTTP 429),"rate-limited or server error - not judged, will be retried"
2900165,"Popchev, Milko",chessgames,17779,https://www.chessgames.com/perl/chessplayer?pid=17779,unknown,rate limited (HTTP 429),"rate-limited or server error - not judged, will be retried"
2809060,"Popilski, Gil",chesscom,rookoco,https://www.chess.com/member/rookoco,alive,200,no action
2809060,"Popilski, Gil",chesscomPlayer,gil-popilski,https://www.chess.com/players/gil-popilski,alive,200,no action
2809060,"Popilski, Gil",chessgames,118270,https://www.chessgames.com/perl/chessplayer?pid=118270,unknown,rate limited (HTTP 429),"rate-limited or server error - not judged, will be retried"
4170350,"Popov, Ivan",chesscom,POPOV_IVAN,https://www.chess.com/member/POPOV_IVAN,alive,200,no action
4170350,"Popov, Ivan",chesscomPlayer,ivan-popov,https://www.chess.com/players/ivan-popov,unknown,rate limited (HTTP 429),"rate-limited or server error - not judged, will be retried"
4170350,"Popov, Ivan",chessgames,103331,https://www.chessgames.com/perl/chessplayer?pid=103331,unknown,rate limited (HTTP 429),"rate-limited or server error - not judged, will be retried"
4119410,"Popov, Valerij",chesscom,NewZorro,https://www.chess.com/member/NewZorro,alive,200,no action
4119410,"Popov, Valerij",chesscomPlayer,valery-popov,https://www.chess.com/players/valery-popov,unknown,rate limited (HTTP 429),"rate-limited or server error - not judged, will be retried"
4119410,"Popov, Valerij",chessgames,49075,https://www.chessgames.com/perl/chessplayer?pid=49075,unknown,rate limited (HTTP 429),"rate-limited or server error - not judged, will be retried"
4119410,"Popov, Valerij",lichess,NewZorro,https://lichess.org/@/NewZorro,dead,HTTP 404,removed from roster.csv - replace with the current handle if you find one
927031,"Popovic, Dusan",chesscom,dusanacns,https://www.chess.com/member/dusanacns,alive,200,no action
927031,"Popovic, Dusan",chesscomPlayer,dusan-popovic,https://www.chess.com/players/dusan-popovic,alive,200,no action
927031,"Popovic, Dusan",chessgames,54597,https://www.chessgames.com/perl/chessplayer?pid=54597,unknown,rate limited (HTTP 429),"rate-limited or server error - not judged, will be retried"
900109,"Popovic, Petar",chesscomPlayer,petar-popovic,https://www.chess.com/players/petar-popovic,unknown,rate limited (HTTP 429),"rate-limited or server error - not judged, will be retried"
900109,"Popovic, Petar",chessgames,29843,https://www.chessgames.com/perl/chessplayer?pid=29843,unknown,rate limited (HTTP 429),"rate-limited or server error - not judged, will be retried"
700037,"Portisch, Lajos",chesscomPlayer,lajos-portisch,https://www.chess.com/players/lajos-portisch,unknown,rate limited (HTTP 429),"rate-limited or server error - not judged, will be retried"
700037,"Portisch, Lajos",chessgames,14568,https://www.chessgames.com/perl/chessplayer?pid=14568,unknown,rate limited (HTTP 429),"rate-limited or server error - not judged, will be retried"
2804344,"Postny, Evgeny",chesscom,Evgeny81,https://www.chess.com/member/Evgeny81,alive,200,no action
2804344,"Postny, Evgeny",chesscomPlayer,evgeny-postny,https://www.chess.com/players/evgeny-postny,unknown,rate limited (HTTP 429),"rate-limited or server error - not judged, will be retried"
2804344,"Postny, Evgeny",chessgames,51579,https://www.chessgames.com/perl/chessplayer?pid=51579,unknown,rate limited (HTTP 429),"rate-limited or server error - not judged, will be retried"
2804344,"Postny, Evgeny",lichess,EvgenyPostny,https://lichess.org/@/EvgenyPostny,unknown,rate limited (HTTP 429),"rate-limited or server error - not judged, will be retried"
4115074,"Potapov, Alexander",chesscom,yamalchess,https://www.chess.com/member/yamalchess,alive,200,no action
4115074,"Potapov, Alexander",chesscomPlayer,aleksandr-potarov,https://www.chess.com/players/aleksandr-potarov,unknown,rate limited (HTTP 429),"rate-limited or server error - not judged, will be retried"
4115074,"Potapov, Alexander",chessgames,51346,https://www.chessgames.com/perl/chessplayer?pid=51346,unknown,rate limited (HTTP 429),"rate-limited or server error - not judged, will be retried"
4169786,"Potapov, Pavel",chesscom,potap1923,https://www.chess.com/member/potap1923,alive,200,no action
4169786,"Potapov, Pavel",chesscomPlayer,pavel-potapov,https://www.chess.com/players/pavel-potapov,alive,200,no action
4169786,"Potapov, Pavel",chessgames,51700,https://www.chessgames.com/perl/chessplayer?pid=51700,unknown,rate limited (HTTP 429),"rate-limited or server error - not judged, will be retried"
4169786,"Potapov, Pavel",lichess,ElfenomenoR9,https://lichess.org/@/ElfenomenoR9,unknown,rate limited (HTTP 429),"rate-limited or server error - not judged, will be retried"
4131061,"Potkin, Vladimir",chesscom,VladimirPotkin,https://www.chess.com/member/VladimirPotkin,alive,200,no action
4131061,"Potkin, Vladimir",chesscomPlayer,vladimir-potkin,https://www.chess.com/players/vladimir-potkin,unknown,rate limited (HTTP 429),"rate-limited or server error - not judged, will be retried"
4131061,"Potkin, Vladimir",chessgames,49040,https://www.chessgames.com/perl/chessplayer?pid=49040,unknown,rate limited (HTTP 429),"rate-limited or server error - not judged, will be retried"
12511412,"Pourramezanali, Amirreza",chesscom,Amirreza_p,https://www.chess.com/member/Amirreza_p,alive,200,no action
12511412,"Pourramezanali, Amirreza",chesscomPlayer,amirreza-pourramezanali,https://www.chess.com/players/amirreza-pourramezanali,unknown,rate limited (HTTP 429),"rate-limited or server error - not judged, will be retried"
12511412,"Pourramezanali, Amirreza",chessgames,114805,https://www.chessgames.com/perl/chessplayer?pid=114805,unknown,rate limited (HTTP 429),"rate-limited or server error - not judged, will be retried"
12511412,"Pourramezanali, Amirreza",lichess,Amirreza_p,https://lichess.org/@/Amirreza_p,unknown,rate limited (HTTP 429),"rate-limited or server error - not judged, will be retried"
3507203,"Pozo Vera, Sandro",chesscom,sandropozo,https://www.chess.com/member/sandropozo,alive,200,no action
3507203,"Pozo Vera, Sandro",chesscomPlayer,sandro-pozo-vera,https://www.chess.com/players/sandro-pozo-vera,unknown,rate limited (HTTP 429),"rate-limited or server error - not judged, will be retried"
3507203,"Pozo Vera, Sandro",chessgames,111473,https://www.chessgames.com/perl/chessplayer?pid=111473,unknown,rate limited (HTTP 429),"rate-limited or server error - not judged, will be retried"
25059530,Praggnanandhaa R,chesscom,rpragchess,https://www.chess.com/member/rpragchess,alive,200,no action
25059530,Praggnanandhaa R,chesscomPlayer,praggnanandhaa-rameshbabu,https://www.chess.com/players/praggnanandhaa-rameshbabu,alive,200,no action
25059530,Praggnanandhaa R,chessgames,151629,https://www.chessgames.com/perl/chessplayer?pid=151629,unknown,rate limited (HTTP 429),"rate-limited or server error - not judged, will be retried"
25059530,Praggnanandhaa R,lichess,Praggnanandhaachess,https://lichess.org/@/Praggnanandhaachess,unknown,rate limited (HTTP 429),"rate-limited or server error - not judged, will be retried"
25059530,Praggnanandhaa R,x,rpragchess,https://x.com/rpragchess,alive,200,no action
25059530,Praggnanandhaa R,facebook,rpragchess,,unchecked,returns HTTP 400 to all automated requests,cannot be tested from a server - left in place
46626786,Pranav Anand,chesscomPlayer,pranav-anand,https://www.chess.com/players/pranav-anand,unknown,rate limited (HTTP 429),"rate-limited or server error - not judged, will be retried"
46626786,Pranav Anand,chessgames,156926,https://www.chessgames.com/perl/chessplayer?pid=156926,unknown,rate limited (HTTP 429),"rate-limited or server error - not judged, will be retried"
25060783,"Pranav, V",chesscom,vi_pranav,https://www.chess.com/member/vi_pranav,alive,200,no action
25060783,"Pranav, V",chesscomPlayer,v-pranav,https://www.chess.com/players/v-pranav,unknown,rate limited (HTTP 429),"rate-limited or server error - not judged, will be retried"
25060783,"Pranav, V",chessgames,156243,https://www.chessgames.com/perl/chessplayer?pid=156243,unknown,rate limited (HTTP 429),"rate-limited or server error - not judged, will be retried"
35028600,Pranesh M,chesscomPlayer,m-pranesh,https://www.chess.com/players/m-pranesh,unknown,rate limited (HTTP 429),"rate-limited or server error - not judged, will be retried"
35028600,Pranesh M,chessgames,161892,https://www.chessgames.com/perl/chessplayer?pid=161892,unknown,rate limited (HTTP 429),"rate-limited or server error - not judged, will be retried"
24107581,"Predke, Alexandr",chesscom,Alexandr_Predke,https://www.chess.com/member/Alexandr_Predke,alive,200,no action
24107581,"Predke, Alexandr",chesscomPlayer,alexandr-predke,https://www.chess.com/players/alexandr-predke,alive,200,no action
24107581,"Predke, Alexandr",chessgames,124558,https://www.chessgames.com/perl/chessplayer?pid=124558,unknown,rate limited (HTTP 429),"rate-limited or server error - not judged, will be retried"
930849,"Predojevic, Borki",chesscom,kiborg1987,https://www.chess.com/member/kiborg1987,alive,200,no action
930849,"Predojevic, Borki",chesscomPlayer,borki-predojevic,https://www.chess.com/players/borki-predojevic,unknown,rate limited (HTTP 429),"rate-limited or server error - not judged, will be retried"
930849,"Predojevic, Borki",chessgames,54653,https://www.chessgames.com/perl/chessplayer?pid=54653,unknown,rate limited (HTTP 429),"rate-limited or server error - not judged, will be retried"
930849,"Predojevic, Borki",lichess,Kiborg1987,https://lichess.org/@/Kiborg1987,unknown,rate limited (HTTP 429),"rate-limited or server error - not judged, will be retried"
2613280,"Preotu, Razvan",chesscom,attack2mateU,https://www.chess.com/member/attack2mateU,alive,200,no action
2613280,"Preotu, Razvan",chesscomPlayer,razvan-preotu,https://www.chess.com/players/razvan-preotu,unknown,rate limited (HTTP 429),"rate-limited or server error - not judged, will be retried"
2613280,"Preotu, Razvan",chessgames,128720,https://www.chessgames.com/perl/chessplayer?pid=128720,unknown,rate limited (HTTP 429),"rate-limited or server error - not judged, will be retried"
7105029,"Priasmoro, Novendra",chesscom,bocah_sakit,https://www.chess.com/member/bocah_sakit,alive,200,no action
7105029,"Priasmoro, Novendra",chesscomPlayer,novendra-priasmoro,https://www.chess.com/players/novendra-priasmoro,unknown,rate limited (HTTP 429),"rate-limited or server error - not judged, will be retried"
7105029,"Priasmoro, Novendra",chessgames,150811,https://www.chessgames.com/perl/chessplayer?pid=150811,unknown,rate limited (HTTP 429),"rate-limited or server error - not judged, will be retried"
4127870,"Pridorozhni, Aleksei",chesscom,Alexsur1981,https://www.chess.com/member/Alexsur1981,alive,200,no action
4127870,"Pridorozhni, Aleksei",chesscomPlayer,aleksei-pridorozhni,https://www.chess.com/players/aleksei-pridorozhni,alive,200,no action
4127870,"Pridorozhni, Aleksei",chessgames,49035,https://www.chessgames.com/perl/chessplayer?pid=49035,unknown,rate limited (HTTP 429),"rate-limited or server error - not judged, will be retried"
600172,"Prie, Eric",chesscomPlayer,eric-prie,https://www.chess.com/players/eric-prie,unknown,rate limited (HTTP 429),"rate-limited or server error - not judged, will be retried"
600172,"Prie, Eric",chessgames,27454,https://www.chessgames.com/perl/chessplayer?pid=27454,unknown,rate limited (HTTP 429),"rate-limited or server error - not judged, will be retried"
46618546,Prithu Gupta,chesscom,gmpeter008,https://www.chess.com/member/gmpeter008,dead,HTTP 404,removed from roster.csv - replace with the current handle if you find one
46618546,Prithu Gupta,chesscomPlayer,prithu-gupta,https://www.chess.com/players/prithu-gupta,unknown,rate limited (HTTP 429),"rate-limited or server error - not judged, will be retried"
46618546,Prithu Gupta,chessgames,156928,https://www.chessgames.com/perl/chessplayer?pid=156928,unknown,rate limited (HTTP 429),"rate-limited or server error - not judged, will be retried"
726265,"Prohaszka, Peter",chesscom,ChessSkool,https://www.chess.com/member/ChessSkool,alive,200,no action
726265,"Prohaszka, Peter",chesscomPlayer,peter-prohaszka,https://www.chess.com/players/peter-prohaszka,unknown,rate limited (HTTP 429),"rate-limited or server error - not judged, will be retried"
726265,"Prohaszka, Peter",chessgames,99356,https://www.chessgames.com/perl/chessplayer?pid=99356,unknown,rate limited (HTTP 429),"rate-limited or server error - not judged, will be retried"
4120965,"Prokopchuk, Evgeny",chesscomPlayer,evgeny-prokopchuk,https://www.chess.com/players/evgeny-prokopchuk,unknown,rate limited (HTTP 429),"rate-limited or server error - not judged, will be retried"
4120965,"Prokopchuk, Evgeny",chessgames,17253,https://www.chessgames.com/perl/chessplayer?pid=17253,unknown,rate limited (HTTP 429),"rate-limited or server error - not judged, will be retried"
46622373,Prraneeth Vuppala,chesscomPlayer,prraneeth-vuppala,https://www.chess.com/players/prraneeth-vuppala,alive,200,no action
1013068,"Pruijssers, Roeland",chesscom,RoelandPruijssers,https://www.chess.com/member/RoelandPruijssers,alive,200,no action
1013068,"Pruijssers, Roeland",chesscomPlayer,roeland-pruijssers,https://www.chess.com/players/roeland-pruijssers,unknown,rate limited (HTTP 429),"rate-limited or server error - not judged, will be retried"
1013068,"Pruijssers, Roeland",chessgames,90989,https://www.chessgames.com/perl/chessplayer?pid=90989,unknown,rate limited (HTTP 429),"rate-limited or server error - not judged, will be retried"
4642325,"Prusikin, Michael",chesscomPlayer,michael-prusikin,https://www.chess.com/players/michael-prusikin,unknown,rate limited (HTTP 429),"rate-limited or server error - not judged, will be retried"
4642325,"Prusikin, Michael",chessgames,83288,https://www.chessgames.com/perl/chessplayer?pid=83288,unknown,rate limited (HTTP 429),"rate-limited or server error - not judged, will be retried"
2800012,"Psakhis, Lev",chesscom,psakhislev,https://www.chess.com/member/psakhislev,alive,200,no action
2800012,"Psakhis, Lev",chesscomPlayer,lev-psakhis,https://www.chess.com/players/lev-psakhis,unknown,rate limited (HTTP 429),"rate-limited or server error - not judged, will be retried"
2800012,"Psakhis, Lev",chessgames,11059,https://www.chessgames.com/perl/chessplayer?pid=11059,unknown,rate limited (HTTP 429),"rate-limited or server error - not judged, will be retried"
2800012,"Psakhis, Lev",website,http://www.gmsquare.com/Psakhis/psakhis-buzz.html,http://www.gmsquare.com/Psakhis/psakhis-buzz.html,alive,200,no action
12809390,"Pultinevicius, Paulius",chesscom,Nemegejas,https://www.chess.com/member/Nemegejas,alive,200,no action
12809390,"Pultinevicius, Paulius",chesscomPlayer,paulius-pultinevicius,https://www.chess.com/players/paulius-pultinevicius,alive,200,no action
12809390,"Pultinevicius, Paulius",chessgames,155332,https://www.chessgames.com/perl/chessplayer?pid=155332,unknown,rate limited (HTTP 429),"rate-limited or server error - not judged, will be retried"
5061245,"Puranik, Abhimanyu",chesscom,abhidabhi,https://www.chess.com/member/abhidabhi,alive,200,no action
5061245,"Puranik, Abhimanyu",chesscomPlayer,abhimanyu-puranik,https://www.chess.com/players/abhimanyu-puranik,unknown,rate limited (HTTP 429),"rate-limited or server error - not judged, will be retried"
5061245,"Puranik, Abhimanyu",chessgames,134922,https://www.chessgames.com/perl/chessplayer?pid=134922,unknown,rate limited (HTTP 429),"rate-limited or server error - not judged, will be retried"
4117131,"Pushkov, Nikolai",chesscomPlayer,nikolai-pushkov,https://www.chess.com/players/nikolai-pushkov,unknown,rate limited (HTTP 429),"rate-limited or server error - not judged, will be retried"
4117131,"Pushkov, Nikolai",chessgames,42034,https://www.chessgames.com/perl/chessplayer?pid=42034,unknown,rate limited (HTTP 429),"rate-limited or server error - not judged, will be retried"
30938279,"Putnam, Liam",chesscom,LiamPutnam2008,https://www.chess.com/member/LiamPutnam2008,alive,200,no action
30938279,"Putnam, Liam",chesscomPlayer,liam-putnam,https://www.chess.com/players/liam-putnam,unknown,rate limited (HTTP 429),"rate-limited or server error - not judged, will be retried"
30938279,"Putnam, Liam",lichess,LiamPutnam2008,https://lichess.org/@/LiamPutnam2008,unknown,rate limited (HTTP 429),"rate-limited or server error - not judged, will be retried"
13600842,"Qashashvili, Alexandre",chesscom,QashashviliAlexandre,https://www.chess.com/member/QashashviliAlexandre,alive,200,no action
13600842,"Qashashvili, Alexandre",chesscomPlayer,alexandre-qashashvili,https://www.chess.com/players/alexandre-qashashvili,alive,200,no action
13600842,"Qashashvili, Alexandre",chessgames,91802,https://www.chessgames.com/perl/chessplayer?pid=91802,unknown,rate limited (HTTP 429),"rate-limited or server error - not judged, will be retried"
3520773,"Quesada Perez, Luis Ernesto",chesscom,LuisEQP,https://www.chess.com/member/LuisEQP,alive,200,no action
3520773,"Quesada Perez, Luis Ernesto",chesscomPlayer,luis-ernesto-quesada-perez,https://www.chess.com/players/luis-ernesto-quesada-perez,unknown,rate limited (HTTP 429),"rate-limited or server error - not judged, will be retried"
3520773,"Quesada Perez, Luis Ernesto",chessgames,165441,https://www.chessgames.com/perl/chessplayer?pid=165441,unknown,rate limited (HTTP 429),"rate-limited or server error - not judged, will be retried"
3509362,"Quesada Perez, Yasser",chesscom,YQPerez,https://www.chess.com/member/YQPerez,alive,200,no action
3509362,"Quesada Perez, Yasser",chesscomPlayer,yasser-quesada-perez,https://www.chess.com/players/yasser-quesada-perez,unknown,rate limited (HTTP 429),"rate-limited or server error - not judged, will be retried"
3509362,"Quesada Perez, Yasser",chessgames,133355,https://www.chessgames.com/perl/chessplayer?pid=133355,unknown,rate limited (HTTP 429),"rate-limited or server error - not judged, will be retried"
3504409,"Quesada Perez, Yuniesky",chesscom,TenisMaster,https://www.chess.com/member/TenisMaster,alive,200,no action
3504409,"Quesada Perez, Yuniesky",chesscomPlayer,yuniesky-quesada-perez,https://www.chess.com/players/yuniesky-quesada-perez,unknown,rate limited (HTTP 429),"rate-limited or server error - not judged, will be retried"
3504409,"Quesada Perez, Yuniesky",chessgames,49093,https://www.chessgames.com/perl/chessplayer?pid=49093,unknown,rate limited (HTTP 429),"rate-limited or server error - not judged, will be retried"
100021,"Quinteros, Miguel A.",chesscomPlayer,miguel-a-quinteros,https://www.chess.com/players/miguel-a-quinteros,alive,200,no action
100021,"Quinteros, Miguel A.",chessgames,16175,https://www.chessgames.com/perl/chessplayer?pid=16175,unknown,rate limited (HTTP 429),"rate-limited or server error - not judged, will be retried"
2117568,"Quintiliano, Renato R.",chesscom,QuintilianoR,https://www.chess.com/member/QuintilianoR,alive,200,no action
2117568,"Quintiliano, Renato R.",chesscomPlayer,renato-r-quintiliano-pinto,https://www.chess.com/players/renato-r-quintiliano-pinto,unknown,rate limited (HTTP 429),"rate-limited or server error - not judged, will be retried"
2117568,"Quintiliano, Renato R.",chessgames,151720,https://www.chessgames.com/perl/chessplayer?pid=151720,unknown,rate limited (HTTP 429),"rate-limited or server error - not judged, will be retried"
5217911,"Quizon, Daniel",chesscom,quizden37,https://www.chess.com/member/quizden37,alive,200,no action
5217911,"Quizon, Daniel",chesscomPlayer,daniel-quizon,https://www.chess.com/players/daniel-quizon,unknown,rate limited (HTTP 429),"rate-limited or server error - not judged, will be retried"
5217911,"Quizon, Daniel",chessgames,161895,https://www.chessgames.com/perl/chessplayer?pid=161895,unknown,rate limited (HTTP 429),"rate-limited or server error - not judged, will be retried"
13602250,"Quparadze, Giga",chesscom,GigaQuparadze,https://www.chess.com/member/GigaQuparadze,alive,200,no action
13602250,"Quparadze, Giga",chesscomPlayer,giga-quparadze,https://www.chess.com/players/giga-quparadze,unknown,rate limited (HTTP 429),"rate-limited or server error - not judged, will be retried"
13602250,"Quparadze, Giga",chessgames,126949,https://www.chessgames.com/perl/chessplayer?pid=126949,unknown,rate limited (HTTP 429),"rate-limited or server error - not judged, will be retried"
25035525,Raahul V S,chesscomPlayer,raahul-v-s,https://www.chess.com/players/raahul-v-s,unknown,rate limited (HTTP 429),"rate-limited or server error - not judged, will be retried"
4601475,"Rabiega, Robert",chesscomPlayer,robert-rabiega,https://www.chess.com/players/robert-rabiega,alive,200,no action
4601475,"Rabiega, Robert",chessgames,17878,https://www.chessgames.com/perl/chessplayer?pid=17878,unknown,rate limited (HTTP 429),"rate-limited or server error - not judged, will be retried"
13400924,"Radjabov, Teimour",chesscom,TRadjabov,https://www.chess.com/member/TRadjabov,alive,200,no action
13400924,"Radjabov, Teimour",chesscomPlayer,teimour-radjabov,https://www.chess.com/players/teimour-radjabov,unknown,rate limited (HTTP 429),"rate-limited or server error - not judged, will be retried"
13400924,"Radjabov, Teimour",chessgames,49796,https://www.chessgames.com/perl/chessplayer?pid=49796,unknown,rate limited (HTTP 429),"rate-limited or server error - not judged, will be retried"
13400924,"Radjabov, Teimour",x,rajachess,https://x.com/rajachess,alive,200,no action
13400924,"Radjabov, Teimour",facebook,teimourradjabovofficial,,unchecked,returns HTTP 400 to all automated requests,cannot be tested from a server - left in place
13400924,"Radjabov, Teimour",instagram,teimour.radjabov,,unchecked,login wall answers 200 for missing profiles,cannot be tested from a server - left in place
13400924,"Radjabov, Teimour",youtube,UCgLfe_wehMOAdRyFZXmXp6g,,unchecked,consent page answers 200 for missing channels,cannot be tested from a server - left in place
2900300,"Radulov, Ivan",chesscomPlayer,ivan-radulov,https://www.chess.com/players/ivan-radulov,unknown,rate limited (HTTP 429),"rate-limited or server error - not judged, will be retried"
2900300,"Radulov, Ivan",chessgames,14353,https://www.chessgames.com/perl/chessplayer?pid=14353,unknown,rate limited (HTTP 429),"rate-limited or server error - not judged, will be retried"
4103203,"Raetsky, Alexander",chesscom,wrongking,https://www.chess.com/member/wrongking,alive,200,no action
4103203,"Raetsky, Alexander",chesscomPlayer,alexander-raetsky,https://www.chess.com/players/alexander-raetsky,unknown,rate limited (HTTP 429),"rate-limited or server error - not judged, will be retried"
4103203,"Raetsky, Alexander",chessgames,17834,https://www.chessgames.com/perl/chessplayer?pid=17834,unknown,rate limited (HTTP 429),"rate-limited or server error - not judged, will be retried"
1610856,"Ragger, Markus",chesscom,MarkusRagger,https://www.chess.com/member/MarkusRagger,alive,200,no action
1610856,"Ragger, Markus",chesscomPlayer,markus-ragger,https://www.chess.com/players/markus-ragger,alive,200,no action
1610856,"Ragger, Markus",chessgames,54675,https://www.chessgames.com/perl/chessplayer?pid=54675,unknown,rate limited (HTTP 429),"rate-limited or server error - not judged, will be retried"
1610856,"Ragger, Markus",x,MarkusRagger,https://x.com/MarkusRagger,alive,200,no action
10200037,"Rahman, Ziaur",chesscom,Ziachess74,https://www.chess.com/member/Ziachess74,alive,200,no action
10200037,"Rahman, Ziaur",chesscomPlayer,ziaur-rahman,https://www.chess.com/players/ziaur-rahman,unknown,rate limited (HTTP 429),"rate-limited or server error - not judged, will be retried"
10200037,"Rahman, Ziaur",chessgames,80120,https://www.chessgames.com/perl/chessplayer?pid=80120,unknown,rate limited (HTTP 429),"rate-limited or server error - not judged, will be retried"
25059653,Rahul Srivatshav P,chesscom,Nakachuk,https://www.chess.com/member/Nakachuk,alive,200,no action
25059653,Rahul Srivatshav P,chesscomPlayer,rahul-srivatshav-p,https://www.chess.com/players/rahul-srivatshav-p,unknown,rate limited (HTTP 429),"rate-limited or server error - not judged, will be retried"
900605,"Raicevic, Vladimir",chesscomPlayer,vladimir-raicevic,https://www.chess.com/players/vladimir-raicevic,unknown,rate limited (HTTP 429),"rate-limited or server error - not judged, will be retried"
900605,"Raicevic, Vladimir",chessgames,17532,https://www.chessgames.com/perl/chessplayer?pid=17532,unknown,rate limited (HTTP 429),"rate-limited or server error - not judged, will be retried"
5089000,Raja Harshit,chesscomPlayer,raja-harshit,https://www.chess.com/players/raja-harshit,unknown,rate limited (HTTP 429),"rate-limited or server error - not judged, will be retried"
5089000,Raja Harshit,chessgames,151626,https://www.chessgames.com/perl/chessplayer?pid=151626,unknown,rate limited (HTTP 429),"rate-limited or server error - not judged, will be retried"
5089000,Raja Harshit,lichess,Johnking,https://lichess.org/@/Johnking,unknown,rate limited (HTTP 429),"rate-limited or server error - not judged, will be retried"
35007394,Raja Rithvik R,chesscom,starworld123,https://www.chess.com/member/starworld123,alive,200,no action
35007394,Raja Rithvik R,chesscomPlayer,raja-rithvik-r,https://www.chess.com/players/raja-rithvik-r,unknown,rate limited (HTTP 429),"rate-limited or server error - not judged, will be retried"
35007394,Raja Rithvik R,chessgames,157956,https://www.chessgames.com/perl/chessplayer?pid=157956,unknown,rate limited (HTTP 429),"rate-limited or server error - not judged, will be retried"
900265,"Rajkovic, Dusan",chesscomPlayer,dusan-rajkovic,https://www.chess.com/players/dusan-rajkovic,unknown,rate limited (HTTP 429),"rate-limited or server error - not judged, will be retried"
900265,"Rajkovic, Dusan",chessgames,49485,https://www.chessgames.com/perl/chessplayer?pid=49485,unknown,rate limited (HTTP 429),"rate-limited or server error - not judged, will be retried"
4173708,"Rakhmanov, Aleksandr",chesscom,Rakhmanov_Aleksandr,https://www.chess.com/member/Rakhmanov_Aleksandr,alive,200,no action
4173708,"Rakhmanov, Aleksandr",chesscomPlayer,aleksandr-rakhmanov,https://www.chess.com/players/aleksandr-rakhmanov,unknown,rate limited (HTTP 429),"rate-limited or server error - not judged, will be retried"
4173708,"Rakhmanov, Aleksandr",chessgames,56727,https://www.chessgames.com/perl/chessplayer?pid=56727,unknown,rate limited (HTTP 429),"rate-limited or server error - not judged, will be retried"
4173708,"Rakhmanov, Aleksandr",x,GMRakhmanov,https://x.com/GMRakhmanov,alive,200,no action
20657307,"Rambaldi, Francesco",chesscom,Kaphrep,https://www.chess.com/member/Kaphrep,alive,200,no action
20657307,"Rambaldi, Francesco",chesscomPlayer,francesco-rambaldi,https://www.chess.com/players/francesco-rambaldi,alive,200,no action
20657307,"Rambaldi, Francesco",chessgames,139773,https://www.chessgames.com/perl/chessplayer?pid=139773,unknown,rate limited (HTTP 429),"rate-limited or server error - not judged, will be retried"
5002109,Ramesh R B,chesscom,thalaiva,https://www.chess.com/member/thalaiva,alive,200,no action
5002109,Ramesh R B,chesscomPlayer,ramachandran-ramesh,https://www.chess.com/players/ramachandran-ramesh,unknown,rate limited (HTTP 429),"rate-limited or server error - not judged, will be retried"
5002109,Ramesh R B,chessgames,14571,https://www.chessgames.com/perl/chessplayer?pid=14571,unknown,rate limited (HTTP 429),"rate-limited or server error - not judged, will be retried"
5002109,Ramesh R B,x,Rameshchess,https://x.com/Rameshchess,alive,200,no action
6500617,"Ramirez, Alejandro",chesscom,LittlePeasant,https://www.chess.com/member/LittlePeasant,alive,200,no action
6500617,"Ramirez, Alejandro",chesscomPlayer,alejandro-ramirez,https://www.chess.com/players/alejandro-ramirez,unknown,rate limited (HTTP 429),"rate-limited or server error - not judged, will be retried"
6500617,"Ramirez, Alejandro",chessgames,49584,https://www.chessgames.com/perl/chessplayer?pid=49584,unknown,rate limited (HTTP 429),"rate-limited or server error - not judged, will be retried"
6500617,"Ramirez, Alejandro",lichess,LittlePeasant,https://lichess.org/@/LittlePeasant,dead,HTTP 404,removed from roster.csv - replace with the current handle if you find one
6500617,"Ramirez, Alejandro",x,GMLittlePeasant,https://x.com/GMLittlePeasant,alive,200,no action
738590,"Rapport, Richard",chesscom,Lordillidan,https://www.chess.com/member/Lordillidan,alive,200,no action
738590,"Rapport, Richard",chesscomPlayer,richard-rapport,https://www.chess.com/players/richard-rapport,unknown,rate limited (HTTP 429),"rate-limited or server error - not judged, will be retried"
738590,"Rapport, Richard",chessgames,123427,https://www.chessgames.com/perl/chessplayer?pid=123427,unknown,rate limited (HTTP 429),"rate-limited or server error - not judged, will be retried"
738590,"Rapport, Richard",x,rjrapport,https://x.com/rjrapport,alive,200,no action
738590,"Rapport, Richard",website,http://www.rapportrichard.hu,http://www.rapportrichard.hu,dead,domain does not resolve,removed from roster.csv - replace with the current handle if you find one
4100603,"Rashkovsky, Nukhim N.",chesscomPlayer,nukhim-n-rashkovsky,https://www.chess.com/players/nukhim-n-rashkovsky,unknown,rate limited (HTTP 429),"rate-limited or server error - not judged, will be retried"
4100603,"Rashkovsky, Nukhim N.",chessgames,15373,https://www.chessgames.com/perl/chessplayer?pid=15373,unknown,rate limited (HTTP 429),"rate-limited or server error - not judged, will be retried"
300306,"Rasik, Vitezslav",chesscomPlayer,vitezslav-rasik,https://www.chess.com/players/vitezslav-rasik,alive,200,no action
300306,"Rasik, Vitezslav",chessgames,17747,https://www.chessgames.com/perl/chessplayer?pid=17747,unknown,rate limited (HTTP 429),"rate-limited or server error - not judged, will be retried"
1406000,"Rasmussen, Allan Stig",chesscom,AllanStig,https://www.chess.com/member/AllanStig,alive,200,no action
1406000,"Rasmussen, Allan Stig",chesscomPlayer,allan-stig-rasmussen,https://www.chess.com/players/allan-stig-rasmussen,unknown,rate limited (HTTP 429),"rate-limited or server error - not judged, will be retried"
1406000,"Rasmussen, Allan Stig",chessgames,105166,https://www.chessgames.com/perl/chessplayer?pid=105166,unknown,rate limited (HTTP 429),"rate-limited or server error - not judged, will be retried"
13402390,"Rasulov, Vugar",chesscom,vugarrasulov,https://www.chess.com/member/vugarrasulov,alive,200,no action
13402390,"Rasulov, Vugar",chesscomPlayer,vugar-rasulov,https://www.chess.com/players/vugar-rasulov,unknown,rate limited (HTTP 429),"rate-limited or server error - not judged, will be retried"
13402390,"Rasulov, Vugar",chessgames,117801,https://www.chessgames.com/perl/chessplayer?pid=117801,unknown,rate limited (HTTP 429),"rate-limited or server error - not judged, will be retried"
914517,"Ratkovic, Miloje",chesscomPlayer,miloje-ratkovic,https://www.chess.com/players/miloje-ratkovic,unknown,rate limited (HTTP 429),"rate-limited or server error - not judged, will be retried"
914517,"Ratkovic, Miloje",chessgames,119794,https://www.chessgames.com/perl/chessplayer?pid=119794,unknown,rate limited (HTTP 429),"rate-limited or server error - not judged, will be retried"
914525,"Ratkovic, Milovan",chesscom,milovanratkovic,https://www.chess.com/member/milovanratkovic,alive,200,no action
914525,"Ratkovic, Milovan",chesscomPlayer,milovan-ratkovic,https://www.chess.com/players/milovan-ratkovic,alive,200,no action
914525,"Ratkovic, Milovan",chessgames,119677,https://www.chessgames.com/perl/chessplayer?pid=119677,unknown,rate limited (HTTP 429),"rate-limited or server error - not judged, will be retried"
914525,"Ratkovic, Milovan",lichess,MilovanR,https://lichess.org/@/MilovanR,unknown,rate limited (HTTP 429),"rate-limited or server error - not judged, will be retried"
2811154,"Raznikov, Danny",chesscom,danir29,https://www.chess.com/member/danir29,alive,200,no action
2811154,"Raznikov, Danny",chesscomPlayer,danny-raznikov,https://www.chess.com/players/danny-raznikov,unknown,rate limited (HTTP 429),"rate-limited or server error - not judged, will be retried"
2811154,"Raznikov, Danny",chessgames,109568,https://www.chessgames.com/perl/chessplayer?pid=109568,unknown,rate limited (HTTP 429),"rate-limited or server error - not judged, will be retried"
2800047,"Rechlis, Gad",chesscomPlayer,gad-rechlis,https://www.chess.com/players/gad-rechlis,alive,200,no action
2800047,"Rechlis, Gad",chessgames,13839,https://www.chessgames.com/perl/chessplayer?pid=13839,unknown,rate limited (HTTP 429),"rate-limited or server error - not judged, will be retried"
1000098,"Ree, Hans",chesscom,koningsbaars,https://www.chess.com/member/koningsbaars,alive,200,no action
1000098,"Ree, Hans",chesscomPlayer,hans-ree,https://www.chess.com/players/hans-ree,alive,200,no action
1000098,"Ree, Hans",chessgames,14816,https://www.chessgames.com/perl/chessplayer?pid=14816,unknown,rate limited (HTTP 429),"rate-limited or server error - not judged, will be retried"
10200207,"Reefat, Bin-Sattar",chesscom,Tacticusbd,https://www.chess.com/member/Tacticusbd,alive,200,no action
10200207,"Reefat, Bin-Sattar",chesscomPlayer,reefat-bin-sattar,https://www.chess.com/players/reefat-bin-sattar,unknown,rate limited (HTTP 429),"rate-limited or server error - not judged, will be retried"
10200207,"Reefat, Bin-Sattar",chessgames,39683,https://www.chessgames.com/perl/chessplayer?pid=39683,unknown,rate limited (HTTP 429),"rate-limited or server error - not judged, will be retried"
1001302,"Reinderman, Dimitri",chesscom,KingOfConvenience,https://www.chess.com/member/KingOfConvenience,alive,200,no action
1001302,"Reinderman, Dimitri",chesscomPlayer,dimitri-reinderman,https://www.chess.com/players/dimitri-reinderman,unknown,rate limited (HTTP 429),"rate-limited or server error - not judged, will be retried"
1001302,"Reinderman, Dimitri",chessgames,10920,https://www.chessgames.com/perl/chessplayer?pid=10920,unknown,rate limited (HTTP 429),"rate-limited or server error - not judged, will be retried"
1001302,"Reinderman, Dimitri",x,chessbookreview,https://x.com/chessbookreview,alive,200,no action
600822,"Relange, Eloi",chesscomPlayer,eloi-relange,https://www.chess.com/players/eloi-relange,alive,200,no action
600822,"Relange, Eloi",chessgames,26318,https://www.chessgames.com/perl/chessplayer?pid=26318,unknown,rate limited (HTTP 429),"rate-limited or server error - not judged, will be retried"
600822,"Relange, Eloi",lichess,Eloi-Relange,https://lichess.org/@/Eloi-Relange,unknown,rate limited (HTTP 429),"rate-limited or server error - not judged, will be retried"
600040,"Renet, Olivier",chesscomPlayer,olivier-renet,https://www.chess.com/players/olivier-renet,unknown,rate limited (HTTP 429),"rate-limited or server error - not judged, will be retried"
600040,"Renet, Olivier",chessgames,14084,https://www.chessgames.com/perl/chessplayer?pid=14084,unknown,rate limited (HTTP 429),"rate-limited or server error - not judged, will be retried"
14918781,"Repka, Christopher",chesscom,IncredibleBubacik,https://www.chess.com/member/IncredibleBubacik,alive,200,no action
14918781,"Repka, Christopher",chesscomPlayer,christopher-repka,https://www.chess.com/players/christopher-repka,unknown,rate limited (HTTP 429),"rate-limited or server error - not judged, will be retried"
14918781,"Repka, Christopher",chessgames,151560,https://www.chessgames.com/perl/chessplayer?pid=151560,unknown,rate limited (HTTP 429),"rate-limited or server error - not judged, will be retried"
4125029,"Riazantsev, Alexander",chesscomPlayer,alexander-riazantsev,https://www.chess.com/players/alexander-riazantsev,unknown,rate limited (HTTP 429),"rate-limited or server error - not judged, will be retried"
4125029,"Riazantsev, Alexander",chessgames,18308,https://www.chessgames.com/perl/chessplayer?pid=18308,unknown,rate limited (HTTP 429),"rate-limited or server error - not judged, will be retried"
700010,"Ribli, Zoltan",chesscomPlayer,zoltan-ribli,https://www.chess.com/players/zoltan-ribli,alive,200,no action
700010,"Ribli, Zoltan",chessgames,11640,https://www.chessgames.com/perl/chessplayer?pid=11640,unknown,rate limited (HTTP 429),"rate-limited or server error - not judged, will be retried"
100242,"Ricardi, Pablo",chesscomPlayer,pablo-ricardi,https://www.chess.com/players/pablo-ricardi,unknown,rate limited (HTTP 429),"rate-limited or server error - not judged, will be retried"
100242,"Ricardi, Pablo",chessgames,14027,https://www.chessgames.com/perl/chessplayer?pid=14027,unknown,rate limited (HTTP 429),"rate-limited or server error - not judged, will be retried"
4618920,"Richter, Michael",chesscomPlayer,michael-richter,https://www.chess.com/players/michael-richter,unknown,rate limited (HTTP 429),"rate-limited or server error - not judged, will be retried"
4618920,"Richter, Michael",chessgames,98713,https://www.chessgames.com/perl/chessplayer?pid=98713,unknown,rate limited (HTTP 429),"rate-limited or server error - not judged, will be retried"
611190,"Riff, Jean-Noel",chesscom,jncool68,https://www.chess.com/member/jncool68,alive,200,no action
611190,"Riff, Jean-Noel",chesscomPlayer,jean-noel-riff,https://www.chess.com/players/jean-noel-riff,unknown,rate limited (HTTP 429),"rate-limited or server error - not judged, will be retried"
611190,"Riff, Jean-Noel",chessgames,106186,https://www.chessgames.com/perl/chessplayer?pid=106186,unknown,rate limited (HTTP 429),"rate-limited or server error - not judged, will be retried"
611190,"Riff, Jean-Noel",x,ploppy68,https://x.com/ploppy68,alive,200,no action
208027,"Ringoir, Tanguy",chesscomPlayer,tanguy-ringoir,https://www.chess.com/players/tanguy-ringoir,alive,200,no action
208027,"Ringoir, Tanguy",chessgames,110027,https://www.chessgames.com/perl/chessplayer?pid=110027,unknown,rate limited (HTTP 429),"rate-limited or server error - not judged, will be retried"
4403940,"Rios Gomez, Cristhian Camilo",chesscomPlayer,cristhian-camilo-rios,https://www.chess.com/players/cristhian-camilo-rios,alive,200,no action
4403940,"Rios Gomez, Cristhian Camilo",chessgames,127781,https://www.chessgames.com/perl/chessplayer?pid=127781,unknown,rate limited (HTTP 429),"rate-limited or server error - not judged, will be retried"
901318,"Ristic, Nenad",chesscomPlayer,nenad-ristic,https://www.chess.com/players/nenad-ristic,unknown,rate limited (HTTP 429),"rate-limited or server error - not judged, will be retried"
901318,"Ristic, Nenad",chessgames,42051,https://www.chessgames.com/perl/chessplayer?pid=42051,unknown,rate limited (HTTP 429),"rate-limited or server error - not judged, will be retried"
2200058,"Rivas Pastor, Manuel",chesscomPlayer,manuel-rivas-pastor,https://www.chess.com/players/manuel-rivas-pastor,unknown,rate limited (HTTP 429),"rate-limited or server error - not judged, will be retried"
2200058,"Rivas Pastor, Manuel",chessgames,23111,https://www.chessgames.com/perl/chessplayer?pid=23111,unknown,rate limited (HTTP 429),"rate-limited or server error - not judged, will be retried"
7900309,"Rizouk, Aimen",chesscomPlayer,aimen-rizouk,https://www.chess.com/players/aimen-rizouk,unknown,rate limited (HTTP 429),"rate-limited or server error - not judged, will be retried"
7900309,"Rizouk, Aimen",chessgames,22025,https://www.chessgames.com/perl/chessplayer?pid=22025,unknown,rate limited (HTTP 429),"rate-limited or server error - not judged, will be retried"
2023970,"Robson, Ray",chesscom,RayRobson,https://www.chess.com/member/RayRobson,alive,200,no action
2023970,"Robson, Ray",chesscomPlayer,ray-robson,https://www.chess.com/players/ray-robson,alive,200,no action
2023970,"Robson, Ray",chessgames,93903,https://www.chessgames.com/perl/chessplayer?pid=93903,unknown,rate limited (HTTP 429),"rate-limited or server error - not judged, will be retried"
2023970,"Robson, Ray",x,RayShayRobson,https://x.com/RayShayRobson,alive,200,no action
2620049,"Rodrigue-Lemieux, Shawn",chesscom,fmshawnrl123,https://www.chess.com/member/fmshawnrl123,alive,200,no action
2620049,"Rodrigue-Lemieux, Shawn",chesscomPlayer,shawn-rodrigue-lemieux,https://www.chess.com/players/shawn-rodrigue-lemieux,unknown,rate limited (HTTP 429),"rate-limited or server error - not judged, will be retried"
2620049,"Rodrigue-Lemieux, Shawn",chessgames,156059,https://www.chessgames.com/perl/chessplayer?pid=156059,unknown,rate limited (HTTP 429),"rate-limited or server error - not judged, will be retried"
3500039,"Rodriguez Cespedes, Amador",chesscomPlayer,amador-rodriguez-cespedes,https://www.chess.com/players/amador-rodriguez-cespedes,unknown,rate limited (HTTP 429),"rate-limited or server error - not judged, will be retried"
3500039,"Rodriguez Cespedes, Amador",chessgames,47080,https://www.chessgames.com/perl/chessplayer?pid=47080,unknown,rate limited (HTTP 429),"rate-limited or server error - not judged, will be retried"
2216892,"Rodriguez Guerrero, Enrique",chesscomPlayer,enrique-rodriguez-guerrero,https://www.chess.com/players/enrique-rodriguez-guerrero,unknown,rate limited (HTTP 429),"rate-limited or server error - not judged, will be retried"
2216892,"Rodriguez Guerrero, Enrique",chessgames,88240,https://www.chessgames.com/perl/chessplayer?pid=88240,unknown,rate limited (HTTP 429),"rate-limited or server error - not judged, will be retried"
3000010,"Rodriguez Vila, Andres",chesscom,andyrodri,https://www.chess.com/member/andyrodri,alive,200,no action
3000010,"Rodriguez Vila, Andres",chesscomPlayer,andres-rodriguez-vila,https://www.chess.com/players/andres-rodriguez-vila,unknown,rate limited (HTTP 429),"rate-limited or server error - not judged, will be retried"
3000010,"Rodriguez Vila, Andres",chessgames,36794,https://www.chessgames.com/perl/chessplayer?pid=36794,unknown,rate limited (HTTP 429),"rate-limited or server error - not judged, will be retried"
2203189,"Rodríguez Vargas, Orestes",chesscomPlayer,orestes-rodriguez-vargas,https://www.chess.com/players/orestes-rodriguez-vargas,alive,200,no action
2203189,"Rodríguez Vargas, Orestes",chessgames,15584,https://www.chessgames.com/perl/chessplayer?pid=15584,unknown,rate limited (HTTP 429),"rate-limited or server error - not judged, will be retried"
2806851,"Rodshtein, Maxim",chesscom,ColErranMorad,https://www.chess.com/member/ColErranMorad,alive,200,no action
2806851,"Rodshtein, Maxim",chesscomPlayer,maxim-rodshtein,https://www.chess.com/players/maxim-rodshtein,unknown,rate limited (HTTP 429),"rate-limited or server error - not judged, will be retried"
2806851,"Rodshtein, Maxim",chessgames,54702,https://www.chessgames.com/perl/chessplayer?pid=54702,unknown,rate limited (HTTP 429),"rate-limited or server error - not judged, will be retried"
937614,"Roganovic, Milos",chesscomPlayer,milos-roganovic,https://www.chess.com/players/milos-roganovic,unknown,rate limited (HTTP 429),"rate-limited or server error - not judged, will be retried"
937614,"Roganovic, Milos",chessgames,106677,https://www.chessgames.com/perl/chessplayer?pid=106677,unknown,rate limited (HTTP 429),"rate-limited or server error - not judged, will be retried"
3200019,"Rogers, Ian",chesscom,GMIanRogers,https://www.chess.com/member/GMIanRogers,alive,200,no action
3200019,"Rogers, Ian",chesscomPlayer,ian-rogers,https://www.chess.com/players/ian-rogers,unknown,rate limited (HTTP 429),"rate-limited or server error - not judged, will be retried"
3200019,"Rogers, Ian",chessgames,15797,https://www.chessgames.com/perl/chessplayer?pid=15797,unknown,rate limited (HTTP 429),"rate-limited or server error - not judged, will be retried"
3200019,"Rogers, Ian",x,GMIanRogers,https://x.com/GMIanRogers,alive,200,no action
14501228,"Rogic, Davor",chesscom,Davor_Rogic,https://www.chess.com/member/Davor_Rogic,alive,200,no action
14501228,"Rogic, Davor",chesscomPlayer,davor-rogic,https://www.chess.com/players/davor-rogic,alive,200,no action
14501228,"Rogic, Davor",chessgames,24745,https://www.chessgames.com/perl/chessplayer?pid=24745,unknown,rate limited (HTTP 429),"rate-limited or server error - not judged, will be retried"
14501228,"Rogic, Davor",lichess,Davor_Rogic,https://lichess.org/@/Davor_Rogic,unknown,rate limited (HTTP 429),"rate-limited or server error - not judged, will be retried"
2000237,"Rogoff, Kenneth",chesscomPlayer,kenneth-rogoff,https://www.chess.com/players/kenneth-rogoff,unknown,rate limited (HTTP 429),"rate-limited or server error - not judged, will be retried"
2000237,"Rogoff, Kenneth",chessgames,44815,https://www.chessgames.com/perl/chessplayer?pid=44815,unknown,rate limited (HTTP 429),"rate-limited or server error - not judged, will be retried"
2000237,"Rogoff, Kenneth",x,krogoff,https://x.com/krogoff,alive,200,no action
14101378,"Rogovski, Vladimir",chesscom,viziruk,https://www.chess.com/member/viziruk,alive,200,no action
14101378,"Rogovski, Vladimir",chesscomPlayer,vladimir-rogovski,https://www.chess.com/players/vladimir-rogovski,unknown,rate limited (HTTP 429),"rate-limited or server error - not judged, will be retried"
14101378,"Rogovski, Vladimir",chessgames,24784,https://www.chessgames.com/perl/chessplayer?pid=24784,unknown,rate limited (HTTP 429),"rate-limited or server error - not judged, will be retried"
1210319,"Rogozenco, Dorian",chesscom,dorian2017,https://www.chess.com/member/dorian2017,alive,200,no action
1210319,"Rogozenco, Dorian",chesscomPlayer,dorian-rogozenko,https://www.chess.com/players/dorian-rogozenko,unknown,rate limited (HTTP 429),"rate-limited or server error - not judged, will be retried"
1210319,"Rogozenco, Dorian",chessgames,25196,https://www.chessgames.com/perl/chessplayer?pid=25196,unknown,rate limited (HTTP 429),"rate-limited or server error - not judged, will be retried"
2000172,"Rohde, Michael",chesscom,boo786,https://www.chess.com/member/boo786,alive,200,no action
2000172,"Rohde, Michael",chesscomPlayer,michael-rohde,https://www.chess.com/players/michael-rohde,alive,200,no action
2000172,"Rohde, Michael",chessgames,28215,https://www.chessgames.com/perl/chessplayer?pid=28215,unknown,rate limited (HTTP 429),"rate-limited or server error - not judged, will be retried"
46617051,Rohith Krishna S,chesscomPlayer,s-rohith-krishna,https://www.chess.com/players/s-rohith-krishna,unknown,rate limited (HTTP 429),"rate-limited or server error - not judged, will be retried"
2804158,"Roiz, Michael",chesscom,MichaelRoiz,https://www.chess.com/member/MichaelRoiz,alive,200,no action
2804158,"Roiz, Michael",chesscomPlayer,michael-roiz,https://www.chess.com/players/michael-roiz,unknown,rate limited (HTTP 429),"rate-limited or server error - not judged, will be retried"
2804158,"Roiz, Michael",chessgames,51137,https://www.chessgames.com/perl/chessplayer?pid=51137,unknown,rate limited (HTTP 429),"rate-limited or server error - not judged, will be retried"
2804158,"Roiz, Michael",website,http://www.chessbasic.com,http://www.chessbasic.com,alive,200,no action
13502921,"Romanenko, Vladimir",chesscom,Romanenko-MAN,https://www.chess.com/member/Romanenko-MAN,alive,200,no action
13502921,"Romanenko, Vladimir",chesscomPlayer,vladimir-romanenko,https://www.chess.com/players/vladimir-romanenko,unknown,rate limited (HTTP 429),"rate-limited or server error - not judged, will be retried"
13502921,"Romanenko, Vladimir",chessgames,124557,https://www.chessgames.com/perl/chessplayer?pid=124557,unknown,rate limited (HTTP 429),"rate-limited or server error - not judged, will be retried"
14100088,"Romanishin, Oleg M",chesscom,OlegRomanishin,https://www.chess.com/member/OlegRomanishin,alive,200,no action
14100088,"Romanishin, Oleg M",chesscomPlayer,oleg-romanishin,https://www.chess.com/players/oleg-romanishin,alive,200,no action
14100088,"Romanishin, Oleg M",chessgames,14173,https://www.chessgames.com/perl/chessplayer?pid=14173,unknown,rate limited (HTTP 429),"rate-limited or server error - not judged, will be retried"
4148843,"Romanov, Evgeny",chesscom,EvgenyRomanov,https://www.chess.com/member/EvgenyRomanov,alive,200,no action
4148843,"Romanov, Evgeny",chesscomPlayer,evgeny-romanov,https://www.chess.com/players/evgeny-romanov,unknown,rate limited (HTTP 429),"rate-limited or server error - not judged, will be retried"
4148843,"Romanov, Evgeny",chessgames,95759,https://www.chessgames.com/perl/chessplayer?pid=95759,unknown,rate limited (HTTP 429),"rate-limited or server error - not judged, will be retried"
815837,"Rombaldoni, Axel",chesscom,GMAxel23,https://www.chess.com/member/GMAxel23,alive,200,no action
815837,"Rombaldoni, Axel",chesscomPlayer,axel-rombaldoni,https://www.chess.com/players/axel-rombaldoni,alive,200,no action
815837,"Rombaldoni, Axel",chessgames,112575,https://www.chessgames.com/perl/chessplayer?pid=112575,unknown,rate limited (HTTP 429),"rate-limited or server error - not judged, will be retried"
815837,"Rombaldoni, Axel",x,XMaister23,https://x.com/XMaister23,dead,HTTP 404,removed from roster.csv - replace with the current handle if you find one
815837,"Rombaldoni, Axel",facebook,axel.rombaldoni,,unchecked,returns HTTP 400 to all automated requests,cannot be tested from a server - left in place
2200066,"Romero Holmes, Alfonso",chesscomPlayer,alfonso-romero-holmes,https://www.chess.com/players/alfonso-romero-holmes,unknown,rate limited (HTTP 429),"rate-limited or server error - not judged, will be retried"
2200066,"Romero Holmes, Alfonso",chessgames,25893,https://www.chessgames.com/perl/chessplayer?pid=25893,unknown,rate limited (HTTP 429),"rate-limited or server error - not judged, will be retried"
4662997,"Rotstein, Arkadij",chesscom,arkonada50,https://www.chess.com/member/arkonada50,alive,200,no action
4662997,"Rotstein, Arkadij",chesscomPlayer,arkadi-rotstein,https://www.chess.com/players/arkadi-rotstein,unknown,rate limited (HTTP 429),"rate-limited or server error - not judged, will be retried"
4662997,"Rotstein, Arkadij",chessgames,24372,https://www.chessgames.com/perl/chessplayer?pid=24372,unknown,rate limited (HTTP 429),"rate-limited or server error - not judged, will be retried"
2603659,"Roussel-Roozmon, Thomas",chesscom,NNepenthes,https://www.chess.com/member/NNepenthes,dead,HTTP 404,removed from roster.csv - replace with the current handle if you find one
2603659,"Roussel-Roozmon, Thomas",chesscomPlayer,thomas-roussel-roozmon,https://www.chess.com/players/thomas-roussel-roozmon,unknown,rate limited (HTTP 429),"rate-limited or server error - not judged, will be retried"
2603659,"Roussel-Roozmon, Thomas",chessgames,51437,https://www.chessgames.com/perl/chessplayer?pid=51437,unknown,rate limited (HTTP 429),"rate-limited or server error - not judged, will be retried"
2400561,"Rowson, Jonathan",chesscomPlayer,jonathan-rowson,https://www.chess.com/players/jonathan-rowson,alive,200,no action
2400561,"Rowson, Jonathan",chessgames,10949,https://www.chessgames.com/perl/chessplayer?pid=10949,unknown,rate limited (HTTP 429),"rate-limited or server error - not judged, will be retried"
2400561,"Rowson, Jonathan",x,Jonathan_Rowson,https://x.com/Jonathan_Rowson,alive,200,no action
5002974,"Roy Chowdhury, Saptarshi",chesscom,Sevenstar82,https://www.chess.com/member/Sevenstar82,alive,200,no action
5002974,"Roy Chowdhury, Saptarshi",chesscomPlayer,saptarshi-roy-chowdhury,https://www.chess.com/players/saptarshi-roy-chowdhury,unknown,rate limited (HTTP 429),"rate-limited or server error - not judged, will be retried"
5002974,"Roy Chowdhury, Saptarshi",chessgames,17200,https://www.chessgames.com/perl/chessplayer?pid=17200,unknown,rate limited (HTTP 429),"rate-limited or server error - not judged, will be retried"
448869,"Royal, Shreyas",chesscom,mjray79,https://www.chess.com/member/mjray79,alive,200,no action
448869,"Royal, Shreyas",chesscomPlayer,shreyas-royal,https://www.chess.com/players/shreyas-royal,unknown,rate limited (HTTP 429),"rate-limited or server error - not judged, will be retried"
448869,"Royal, Shreyas",chessgames,162641,https://www.chessgames.com/perl/chessplayer?pid=162641,unknown,rate limited (HTTP 429),"rate-limited or server error - not judged, will be retried"
12800023,"Rozentalis, Eduardas",chesscomPlayer,eduardas-rozentalis,https://www.chess.com/players/eduardas-rozentalis,unknown,rate limited (HTTP 429),"rate-limited or server error - not judged, will be retried"
12800023,"Rozentalis, Eduardas",chessgames,46215,https://www.chessgames.com/perl/chessplayer?pid=46215,unknown,rate limited (HTTP 429),"rate-limited or server error - not judged, will be retried"
24104272,"Rozum, Ivan",chesscom,Rozum_Ivan,https://www.chess.com/member/Rozum_Ivan,alive,200,no action
24104272,"Rozum, Ivan",chesscomPlayer,ivan-rozum,https://www.chess.com/players/ivan-rozum,alive,200,no action
24104272,"Rozum, Ivan",chessgames,117790,https://www.chessgames.com/perl/chessplayer?pid=117790,unknown,rate limited (HTTP 429),"rate-limited or server error - not judged, will be retried"
4100387,"Ruban, Vadim",chesscomPlayer,vadim-ruban,https://www.chess.com/players/vadim-ruban,unknown,rate limited (HTTP 429),"rate-limited or server error - not judged, will be retried"
4100387,"Ruban, Vadim",chessgames,18100,https://www.chessgames.com/perl/chessplayer?pid=18100,unknown,rate limited (HTTP 429),"rate-limited or server error - not judged, will be retried"
4115309,"Rublevsky, Sergei",chesscomPlayer,sergei-rublevsky,https://www.chess.com/players/sergei-rublevsky,unknown,rate limited (HTTP 429),"rate-limited or server error - not judged, will be retried"
4115309,"Rublevsky, Sergei",chessgames,18234,https://www.chessgames.com/perl/chessplayer?pid=18234,unknown,rate limited (HTTP 429),"rate-limited or server error - not judged, will be retried"
705713,"Ruck, Robert",chesscomPlayer,robert-ruck,https://www.chess.com/players/robert-ruck,unknown,rate limited (HTTP 429),"rate-limited or server error - not judged, will be retried"
705713,"Ruck, Robert",chessgames,15262,https://www.chessgames.com/perl/chessplayer?pid=15262,unknown,rate limited (HTTP 429),"rate-limited or server error - not judged, will be retried"
4400704,"Ruiz Castillo, Joshua Daniel",chesscom,joshdaruca,https://www.chess.com/member/joshdaruca,alive,200,no action
4400704,"Ruiz Castillo, Joshua Daniel",chesscomPlayer,joshua-daniel-ruiz-castillo,https://www.chess.com/players/joshua-daniel-ruiz-castillo,alive,200,no action
4400704,"Ruiz Castillo, Joshua Daniel",chessgames,143125,https://www.chessgames.com/perl/chessplayer?pid=143125,unknown,rate limited (HTTP 429),"rate-limited or server error - not judged, will be retried"
2905434,"Rusev, Krasimir",chesscom,Krasimir_Rusev,https://www.chess.com/member/Krasimir_Rusev,alive,200,no action
2905434,"Rusev, Krasimir",chesscomPlayer,krasimir-rusev,https://www.chess.com/players/krasimir-rusev,unknown,rate limited (HTTP 429),"rate-limited or server error - not judged, will be retried"
2905434,"Rusev, Krasimir",chessgames,48978,https://www.chessgames.com/perl/chessplayer?pid=48978,unknown,rate limited (HTTP 429),"rate-limited or server error - not judged, will be retried"
2905434,"Rusev, Krasimir",lichess,Krasimir_Rusev,https://lichess.org/@/Krasimir_Rusev,unknown,rate limited (HTTP 429),"rate-limited or server error - not judged, will be retried"
4119002,"Rustemov, Alexander",chesscom,alexrustemov,https://www.chess.com/member/alexrustemov,alive,200,no action
4119002,"Rustemov, Alexander",chesscomPlayer,alexander-rustemov,https://www.chess.com/players/alexander-rustemov,unknown,rate limited (HTTP 429),"rate-limited or server error - not judged, will be retried"
4119002,"Rustemov, Alexander",chessgames,18284,https://www.chessgames.com/perl/chessplayer?pid=18284,unknown,rate limited (HTTP 429),"rate-limited or server error - not judged, will be retried"
12800104,"Ruzele, Darius",chesscomPlayer,darius-ruzele,https://www.chess.com/players/darius-ruzele,unknown,rate limited (HTTP 429),"rate-limited or server error - not judged, will be retried"
12800104,"Ruzele, Darius",chessgames,26197,https://www.chessgames.com/perl/chessplayer?pid=26197,unknown,rate limited (HTTP 429),"rate-limited or server error - not judged, will be retried"
4119932,"Rychagov, Andrey",chesscom,ftorodent,https://www.chess.com/member/ftorodent,alive,200,no action
4119932,"Rychagov, Andrey",chesscomPlayer,andrey-rychagov,https://www.chess.com/players/andrey-rychagov,alive,200,no action
4119932,"Rychagov, Andrey",chessgames,51623,https://www.chessgames.com/perl/chessplayer?pid=51623,unknown,rate limited (HTTP 429),"rate-limited or server error - not judged, will be retried"
4500040,"Rychagov, Mikhail",chesscomPlayer,mikhail-rychagov,https://www.chess.com/players/mikhail-rychagov,unknown,rate limited (HTTP 429),"rate-limited or server error - not judged, will be retried"
4500040,"Rychagov, Mikhail",chessgames,21975,https://www.chessgames.com/perl/chessplayer?pid=21975,unknown,rate limited (HTTP 429),"rate-limited or server error - not judged, will be retried"
35093487,"Sadhwani, Raunak",chesscom,RaunakSadhwani2005,https://www.chess.com/member/RaunakSadhwani2005,alive,200,no action
35093487,"Sadhwani, Raunak",chesscomPlayer,raunak-sadhwani,https://www.chess.com/players/raunak-sadhwani,unknown,rate limited (HTTP 429),"rate-limited or server error - not judged, will be retried"
35093487,"Sadhwani, Raunak",chessgames,155279,https://www.chessgames.com/perl/chessplayer?pid=155279,unknown,rate limited (HTTP 429),"rate-limited or server error - not judged, will be retried"
35093487,"Sadhwani, Raunak",x,sadhwani2005,https://x.com/sadhwani2005,alive,200,no action
13401416,"Sadikhov, Ulvi",chesscom,TheJoker64,https://www.chess.com/member/TheJoker64,alive,200,no action
13401416,"Sadikhov, Ulvi",chesscomPlayer,ulvi-sadikhov,https://www.chess.com/players/ulvi-sadikhov,unknown,rate limited (HTTP 429),"rate-limited or server error - not judged, will be retried"
13401416,"Sadikhov, Ulvi",chessgames,138034,https://www.chessgames.com/perl/chessplayer?pid=138034,unknown,rate limited (HTTP 429),"rate-limited or server error - not judged, will be retried"
400173,"Sadler, Matthew D",chesscomPlayer,matthew-sadler,https://www.chess.com/players/matthew-sadler,unknown,rate limited (HTTP 429),"rate-limited or server error - not judged, will be retried"
400173,"Sadler, Matthew D",chessgames,27493,https://www.chessgames.com/perl/chessplayer?pid=27493,unknown,rate limited (HTTP 429),"rate-limited or server error - not judged, will be retried"
400173,"Sadler, Matthew D",x,gmmds,https://x.com/gmmds,alive,200,no action
400173,"Sadler, Matthew D",website,https://matthewsadler.me.uk/,https://matthewsadler.me.uk/,alive,200,no action
400173,"Sadler, Matthew D",youtube,UCq06gd_5HTiG8IIu5-enWyA,,unchecked,consent page answers 200 for missing channels,cannot be tested from a server - left in place
5201268,"Sadorra, Julio Catalino",chesscom,SenseiJulio,https://www.chess.com/member/SenseiJulio,alive,200,no action
5201268,"Sadorra, Julio Catalino",chesscomPlayer,julio-catalino-sadorra,https://www.chess.com/players/julio-catalino-sadorra,alive,200,no action
5201268,"Sadorra, Julio Catalino",chessgames,76910,https://www.chessgames.com/perl/chessplayer?pid=76910,unknown,rate limited (HTTP 429),"rate-limited or server error - not judged, will be retried"
13700464,"Sadvakasov, Darmen",chesscomPlayer,darmen-sadvakasov,https://www.chess.com/players/darmen-sadvakasov,unknown,rate limited (HTTP 429),"rate-limited or server error - not judged, will be retried"
13700464,"Sadvakasov, Darmen",chessgames,49142,https://www.chessgames.com/perl/chessplayer?pid=49142,unknown,rate limited (HTTP 429),"rate-limited or server error - not judged, will be retried"
1132253,"Sadzikowski, Daniel",chesscom,chessdude,https://www.chess.com/member/chessdude,alive,200,no action
1132253,"Sadzikowski, Daniel",chesscomPlayer,daniel-sadzikowski,https://www.chess.com/players/daniel-sadzikowski,unknown,rate limited (HTTP 429),"rate-limited or server error - not judged, will be retried"
1132253,"Sadzikowski, Daniel",chessgames,126592,https://www.chessgames.com/perl/chessplayer?pid=126592,unknown,rate limited (HTTP 429),"rate-limited or server error - not judged, will be retried"
13402129,"Safarli, Eltaj",chesscom,Eltaj_Safarli,https://www.chess.com/member/Eltaj_Safarli,alive,200,no action
13402129,"Safarli, Eltaj",chesscomPlayer,eltaj-safarli,https://www.chess.com/players/eltaj-safarli,unknown,rate limited (HTTP 429),"rate-limited or server error - not judged, will be retried"
13402129,"Safarli, Eltaj",chessgames,91832,https://www.chessgames.com/perl/chessplayer?pid=91832,unknown,rate limited (HTTP 429),"rate-limited or server error - not judged, will be retried"
2007916,"Sagalchik, Gennadij",chesscom,MaestroG,https://www.chess.com/member/MaestroG,alive,200,no action
2007916,"Sagalchik, Gennadij",chesscomPlayer,gennadij-sagalchik,https://www.chess.com/players/gennadij-sagalchik,alive,200,no action
2007916,"Sagalchik, Gennadij",chessgames,23398,https://www.chessgames.com/perl/chessplayer?pid=23398,unknown,rate limited (HTTP 429),"rate-limited or server error - not judged, will be retried"
4104226,"Sakaev, Konstantin",chesscomPlayer,konstantin-sakaev,https://www.chess.com/players/konstantin-sakaev,unknown,rate limited (HTTP 429),"rate-limited or server error - not judged, will be retried"
4104226,"Sakaev, Konstantin",chessgames,16382,https://www.chessgames.com/perl/chessplayer?pid=16382,unknown,rate limited (HTTP 429),"rate-limited or server error - not judged, will be retried"
9301348,"Salem, A.R. Saleh",chesscom,Salem-AR,https://www.chess.com/member/Salem-AR,alive,200,no action
9301348,"Salem, A.R. Saleh",chesscomPlayer,saleh-salem,https://www.chess.com/players/saleh-salem,unknown,rate limited (HTTP 429),"rate-limited or server error - not judged, will be retried"
9301348,"Salem, A.R. Saleh",chessgames,84026,https://www.chessgames.com/perl/chessplayer?pid=84026,unknown,rate limited (HTTP 429),"rate-limited or server error - not judged, will be retried"
9301348,"Salem, A.R. Saleh",x,salemarsaleh,https://x.com/salemarsaleh,alive,200,no action
9301348,"Salem, A.R. Saleh",instagram,salem_alhuwar,,unchecked,login wall answers 200 for missing profiles,cannot be tested from a server - left in place
2257327,"Salgado Lopez, Ivan",chesscom,SalgadoChess91,https://www.chess.com/member/SalgadoChess91,alive,200,no action
2257327,"Salgado Lopez, Ivan",chesscomPlayer,ivan-salgado-lopez,https://www.chess.com/players/ivan-salgado-lopez,unknown,rate limited (HTTP 429),"rate-limited or server error - not judged, will be retried"
2257327,"Salgado Lopez, Ivan",chessgames,92742,https://www.chessgames.com/perl/chessplayer?pid=92742,unknown,rate limited (HTTP 429),"rate-limited or server error - not judged, will be retried"
3407128,"Salinas Herrera, Pablo",chesscom,XDPS,https://www.chess.com/member/XDPS,alive,200,no action
3407128,"Salinas Herrera, Pablo",chesscomPlayer,pablo-salinas-herrera,https://www.chess.com/players/pablo-salinas-herrera,alive,200,no action
3407128,"Salinas Herrera, Pablo",chessgames,124513,https://www.chessgames.com/perl/chessplayer?pid=124513,unknown,rate limited (HTTP 429),"rate-limited or server error - not judged, will be retried"
3407128,"Salinas Herrera, Pablo",lichess,ChrolloL,https://lichess.org/@/ChrolloL,unknown,rate limited (HTTP 429),"rate-limited or server error - not judged, will be retried"
3407128,"Salinas Herrera, Pablo",twitch,GMSalinas,,unchecked,app shell answers 200 for missing channels,cannot be tested from a server - left in place
1509500,"Salomon, Johan",chesscom,JohanSalomon,https://www.chess.com/member/JohanSalomon,alive,200,no action
1509500,"Salomon, Johan",chesscomPlayer,johan-salomon,https://www.chess.com/players/johan-salomon,unknown,rate limited (HTTP 429),"rate-limited or server error - not judged, will be retried"
1509500,"Salomon, Johan",chessgames,120970,https://www.chessgames.com/perl/chessplayer?pid=120970,unknown,rate limited (HTTP 429),"rate-limited or server error - not judged, will be retried"
1509500,"Salomon, Johan",x,JohanSalomon,https://x.com/JohanSalomon,alive,200,no action
4100069,"Salov, Valery",chesscomPlayer,valery-salov,https://www.chess.com/players/valery-salov,unknown,rate limited (HTTP 429),"rate-limited or server error - not judged, will be retried"
4100069,"Salov, Valery",chessgames,13983,https://www.chessgames.com/perl/chessplayer?pid=13983,unknown,rate limited (HTTP 429),"rate-limited or server error - not judged, will be retried"
14200058,"Saltaev, Mihail",chesscomPlayer,mihail-saltaev,https://www.chess.com/players/mihail-saltaev,unknown,rate limited (HTTP 429),"rate-limited or server error - not judged, will be retried"
14200058,"Saltaev, Mihail",chessgames,17037,https://www.chessgames.com/perl/chessplayer?pid=17037,unknown,rate limited (HTTP 429),"rate-limited or server error - not judged, will be retried"
5201047,"Salvador, Roland",chesscomPlayer,roland-salvador,https://www.chess.com/players/roland-salvador,alive,200,no action
5201047,"Salvador, Roland",chessgames,46928,https://www.chessgames.com/perl/chessplayer?pid=46928,unknown,rate limited (HTTP 429),"rate-limited or server error - not judged, will be retried"
35080580,Samant Aditya S,chesscomPlayer,samant-aditya-s,https://www.chess.com/players/samant-aditya-s,unknown,rate limited (HTTP 429),"rate-limited or server error - not judged, will be retried"
4128290,"Sambuev, Bator",chesscom,likemachine,https://www.chess.com/member/likemachine,alive,200,no action
4128290,"Sambuev, Bator",chesscomPlayer,bator-sambuev,https://www.chess.com/players/bator-sambuev,unknown,rate limited (HTTP 429),"rate-limited or server error - not judged, will be retried"
4128290,"Sambuev, Bator",chessgames,49721,https://www.chessgames.com/perl/chessplayer?pid=49721,unknown,rate limited (HTTP 429),"rate-limited or server error - not judged, will be retried"
14187086,"Samunenkov, Ihor",chesscom,sokidze,https://www.chess.com/member/sokidze,alive,200,no action
14187086,"Samunenkov, Ihor",chesscomPlayer,ihor-samunenkov,https://www.chess.com/players/ihor-samunenkov,unknown,rate limited (HTTP 429),"rate-limited or server error - not judged, will be retried"
14187086,"Samunenkov, Ihor",chessgames,174415,https://www.chessgames.com/perl/chessplayer?pid=174415,unknown,rate limited (HTTP 429),"rate-limited or server error - not judged, will be retried"
2200082,"San Segundo Carrillo, Pablo",chesscomPlayer,pablo-san-segundo-carrillo,https://www.chess.com/players/pablo-san-segundo-carrillo,unknown,rate limited (HTTP 429),"rate-limited or server error - not judged, will be retried"
2200082,"San Segundo Carrillo, Pablo",chessgames,89330,https://www.chessgames.com/perl/chessplayer?pid=89330,unknown,rate limited (HTTP 429),"rate-limited or server error - not judged, will be retried"
6300545,"Sanal, Vahap",chesscom,SantoBlue,https://www.chess.com/member/SantoBlue,alive,200,no action
6300545,"Sanal, Vahap",chesscomPlayer,vahap-sanal,https://www.chess.com/players/vahap-sanal,alive,200,no action
6300545,"Sanal, Vahap",chessgames,129541,https://www.chessgames.com/perl/chessplayer?pid=129541,unknown,rate limited (HTTP 429),"rate-limited or server error - not judged, will be retried"
6300545,"Sanal, Vahap",lichess,BlueGreensun,https://lichess.org/@/BlueGreensun,unknown,rate limited (HTTP 429),"rate-limited or server error - not judged, will be retried"
5201233,"Sanchez, Joseph",chesscomPlayer,joseph-sanchez,https://www.chess.com/players/joseph-sanchez,unknown,rate limited (HTTP 429),"rate-limited or server error - not judged, will be retried"
5201233,"Sanchez, Joseph",chessgames,12472,https://www.chessgames.com/perl/chessplayer?pid=12472,unknown,rate limited (HTTP 429),"rate-limited or server error - not judged, will be retried"
13900161,"Sanduleac, Vasile",chesscom,VSanduleac,https://www.chess.com/member/VSanduleac,alive,200,no action
13900161,"Sanduleac, Vasile",chesscomPlayer,vasile-sanduleac,https://www.chess.com/players/vasile-sanduleac,unknown,rate limited (HTTP 429),"rate-limited or server error - not judged, will be retried"
13900161,"Sanduleac, Vasile",chessgames,48937,https://www.chessgames.com/perl/chessplayer?pid=48937,unknown,rate limited (HTTP 429),"rate-limited or server error - not judged, will be retried"
13602608,"Sanikidze, Tornike",chesscom,tornikesanikidze,https://www.chess.com/member/tornikesanikidze,alive,200,no action
13602608,"Sanikidze, Tornike",chesscomPlayer,tornike-sanikidse,https://www.chess.com/players/tornike-sanikidse,unknown,rate limited (HTTP 429),"rate-limited or server error - not judged, will be retried"
13602608,"Sanikidze, Tornike",chessgames,88258,https://www.chessgames.com/perl/chessplayer?pid=88258,unknown,rate limited (HTTP 429),"rate-limited or server error - not judged, will be retried"
5097010,Sankalp Gupta,chesscom,Sankalp_Gupta2003,https://www.chess.com/member/Sankalp_Gupta2003,alive,200,no action
5097010,Sankalp Gupta,chesscomPlayer,sankalp-gupta,https://www.chess.com/players/sankalp-gupta,alive,200,no action
5097010,Sankalp Gupta,chessgames,117450,https://www.chessgames.com/perl/chessplayer?pid=117450,unknown,rate limited (HTTP 429),"rate-limited or server error - not judged, will be retried"
2103877,"Santiago, Yago De Moura",chesscom,Kira170,https://www.chess.com/member/Kira170,alive,200,no action
2103877,"Santiago, Yago De Moura",chesscomPlayer,yago-de-moura-santiago,https://www.chess.com/players/yago-de-moura-santiago,unknown,rate limited (HTTP 429),"rate-limited or server error - not judged, will be retried"
2103877,"Santiago, Yago De Moura",chessgames,124962,https://www.chessgames.com/perl/chessplayer?pid=124962,unknown,rate limited (HTTP 429),"rate-limited or server error - not judged, will be retried"
600083,"Santo-Roman, Marc",chesscomPlayer,marc-santo-roman,https://www.chess.com/players/marc-santo-roman,unknown,rate limited (HTTP 429),"rate-limited or server error - not judged, will be retried"
600083,"Santo-Roman, Marc",chessgames,85854,https://www.chessgames.com/perl/chessplayer?pid=85854,unknown,rate limited (HTTP 429),"rate-limited or server error - not judged, will be retried"
2293307,"Santos Latasa, Jaime",chesscomPlayer,jaime-santos-latasa,https://www.chess.com/players/jaime-santos-latasa,unknown,rate limited (HTTP 429),"rate-limited or server error - not judged, will be retried"
2293307,"Santos Latasa, Jaime",chessgames,113371,https://www.chessgames.com/perl/chessplayer?pid=113371,unknown,rate limited (HTTP 429),"rate-limited or server error - not judged, will be retried"
22291482,"Santos Ruiz, Miguel",chesscom,srMiguel99,https://www.chess.com/member/srMiguel99,dead,HTTP 404,removed from roster.csv - replace with the current handle if you find one
22291482,"Santos Ruiz, Miguel",chesscomPlayer,miguel-santos-ruiz,https://www.chess.com/players/miguel-santos-ruiz,alive,200,no action
22291482,"Santos Ruiz, Miguel",chessgames,143198,https://www.chessgames.com/perl/chessplayer?pid=143198,unknown,rate limited (HTTP 429),"rate-limited or server error - not judged, will be retried"
5008980,"Saptarshi, Roy",chesscomPlayer,roy-saptarshi,https://www.chess.com/players/roy-saptarshi,unknown,rate limited (HTTP 429),"rate-limited or server error - not judged, will be retried"
5008980,"Saptarshi, Roy",chessgames,117286,https://www.chessgames.com/perl/chessplayer?pid=117286,unknown,rate limited (HTTP 429),"rate-limited or server error - not judged, will be retried"
24133795,"Sarana, Alexey",chesscom,mishanick,https://www.chess.com/member/mishanick,alive,200,no action
24133795,"Sarana, Alexey",chesscomPlayer,alexey-sarana,https://www.chess.com/players/alexey-sarana,unknown,rate limited (HTTP 429),"rate-limited or server error - not judged, will be retried"
24133795,"Sarana, Alexey",chessgames,141456,https://www.chessgames.com/perl/chessplayer?pid=141456,unknown,rate limited (HTTP 429),"rate-limited or server error - not judged, will be retried"
24133795,"Sarana, Alexey",lichess,may6enexttime,https://lichess.org/@/may6enexttime,unknown,rate limited (HTTP 429),"rate-limited or server error - not judged, will be retried"
24133795,"Sarana, Alexey",x,GMSarana,https://x.com/GMSarana,alive,200,no action
24133795,"Sarana, Alexey",instagram,saranusik,,unchecked,login wall answers 200 for missing profiles,cannot be tested from a server - left in place
13300881,"Sargissian, Gabriel",chesscom,Arm-Akiba,https://www.chess.com/member/Arm-Akiba,alive,200,no action
13300881,"Sargissian, Gabriel",chesscomPlayer,gabriel-sargissian,https://www.chess.com/players/gabriel-sargissian,unknown,rate limited (HTTP 429),"rate-limited or server error - not judged, will be retried"
13300881,"Sargissian, Gabriel",chessgames,49434,https://www.chessgames.com/perl/chessplayer?pid=49434,unknown,rate limited (HTTP 429),"rate-limited or server error - not judged, will be retried"
13300881,"Sargissian, Gabriel",lichess,Arm-Akiba,https://lichess.org/@/Arm-Akiba,unknown,rate limited (HTTP 429),"rate-limited or server error - not judged, will be retried"
13306766,"Sargsyan, Shant",chesscom,Shant_Sargsyan,https://www.chess.com/member/Shant_Sargsyan,alive,200,no action
13306766,"Sargsyan, Shant",chesscomPlayer,shant-sargsyan,https://www.chess.com/players/shant-sargsyan,alive,200,no action
13306766,"Sargsyan, Shant",chessgames,149281,https://www.chessgames.com/perl/chessplayer?pid=149281,unknown,rate limited (HTTP 429),"rate-limited or server error - not judged, will be retried"
13306766,"Sargsyan, Shant",lichess,Shant7777777,https://lichess.org/@/Shant7777777,unknown,rate limited (HTTP 429),"rate-limited or server error - not judged, will be retried"
14506254,"Saric, Ante",chesscom,Mornar1951,https://www.chess.com/member/Mornar1951,alive,200,no action
14506254,"Saric, Ante",chesscomPlayer,ante-saric,https://www.chess.com/players/ante-saric,unknown,rate limited (HTTP 429),"rate-limited or server error - not judged, will be retried"
14506254,"Saric, Ante",chessgames,76728,https://www.chessgames.com/perl/chessplayer?pid=76728,unknown,rate limited (HTTP 429),"rate-limited or server error - not judged, will be retried"
14401290,"Saric, Ibro",chesscom,ChessOnTheMat007,https://www.chess.com/member/ChessOnTheMat007,alive,200,no action
14401290,"Saric, Ibro",chesscomPlayer,ibro-saric,https://www.chess.com/players/ibro-saric,unknown,rate limited (HTTP 429),"rate-limited or server error - not judged, will be retried"
14401290,"Saric, Ibro",chessgames,49223,https://www.chessgames.com/perl/chessplayer?pid=49223,unknown,rate limited (HTTP 429),"rate-limited or server error - not judged, will be retried"
14508150,"Saric, Ivan",chesscom,dalmatinac101,https://www.chess.com/member/dalmatinac101,alive,200,no action
14508150,"Saric, Ivan",chesscomPlayer,ivan-saric,https://www.chess.com/players/ivan-saric,unknown,rate limited (HTTP 429),"rate-limited or server error - not judged, will be retried"
14508150,"Saric, Ivan",chessgames,54689,https://www.chessgames.com/perl/chessplayer?pid=54689,unknown,rate limited (HTTP 429),"rate-limited or server error - not judged, will be retried"
14508150,"Saric, Ivan",lichess,dalmatinac101,https://lichess.org/@/dalmatinac101,unknown,rate limited (HTTP 429),"rate-limited or server error - not judged, will be retried"
14508150,"Saric, Ivan",x,IvanSaricGM,https://x.com/IvanSaricGM,alive,200,no action
14508150,"Saric, Ivan",facebook,ivan.saric.146,,unchecked,returns HTTP 400 to all automated requests,cannot be tested from a server - left in place
5004985,"Sasikiran, Krishnan",chesscom,g3god,https://www.chess.com/member/g3god,alive,200,no action
5004985,"Sasikiran, Krishnan",chesscomPlayer,krishnan-sasikiran,https://www.chess.com/players/krishnan-sasikiran,unknown,rate limited (HTTP 429),"rate-limited or server error - not judged, will be retried"
5004985,"Sasikiran, Krishnan",chessgames,49247,https://www.chessgames.com/perl/chessplayer?pid=49247,unknown,rate limited (HTTP 429),"rate-limited or server error - not judged, will be retried"
5004985,"Sasikiran, Krishnan",x,GMSasikiran,https://x.com/GMSasikiran,alive,200,no action
4147332,"Savchenko, Boris",chesscom,tigra,https://www.chess.com/member/tigra,alive,200,no action
4147332,"Savchenko, Boris",chesscomPlayer,boris-savchenko,https://www.chess.com/players/boris-savchenko,unknown,rate limited (HTTP 429),"rate-limited or server error - not judged, will be retried"
4147332,"Savchenko, Boris",chessgames,69898,https://www.chessgames.com/perl/chessplayer?pid=69898,unknown,rate limited (HTTP 429),"rate-limited or server error - not judged, will be retried"
4147332,"Savchenko, Boris",lichess,pochtalionPechkin,https://lichess.org/@/pochtalionPechkin,unknown,rate limited (HTTP 429),"rate-limited or server error - not judged, will be retried"
14101262,"Savchenko, Stanislav",chesscom,SS003,https://www.chess.com/member/SS003,alive,200,no action
14101262,"Savchenko, Stanislav",chesscomPlayer,stanislav-savchenko,https://www.chess.com/players/stanislav-savchenko,unknown,rate limited (HTTP 429),"rate-limited or server error - not judged, will be retried"
14101262,"Savchenko, Stanislav",chessgames,17739,https://www.chessgames.com/perl/chessplayer?pid=17739,unknown,rate limited (HTTP 429),"rate-limited or server error - not judged, will be retried"
920479,"Savic, Miodrag R",chesscom,mrsavic77,https://www.chess.com/member/mrsavic77,alive,200,no action
920479,"Savic, Miodrag R",chesscomPlayer,miodrag-r-savic,https://www.chess.com/players/miodrag-r-savic,unknown,rate limited (HTTP 429),"rate-limited or server error - not judged, will be retried"
920479,"Savic, Miodrag R",chessgames,49612,https://www.chessgames.com/perl/chessplayer?pid=49612,unknown,rate limited (HTTP 429),"rate-limited or server error - not judged, will be retried"
1400070,"Schandorff, Lars",chesscomPlayer,lars-schandorff,https://www.chess.com/players/lars-schandorff,unknown,rate limited (HTTP 429),"rate-limited or server error - not judged, will be retried"
1400070,"Schandorff, Lars",chessgames,14319,https://www.chessgames.com/perl/chessplayer?pid=14319,unknown,rate limited (HTTP 429),"rate-limited or server error - not judged, will be retried"
4603338,"Schebler, Gerhard",chesscom,Chesseducation4u,https://www.chess.com/member/Chesseducation4u,alive,200,no action
4603338,"Schebler, Gerhard",chesscomPlayer,gerhard-schebler,https://www.chess.com/players/gerhard-schebler,alive,200,no action
4603338,"Schebler, Gerhard",chessgames,17794,https://www.chessgames.com/perl/chessplayer?pid=17794,unknown,rate limited (HTTP 429),"rate-limited or server error - not judged, will be retried"
13905465,"Schitco, Ivan",chesscom,vanea_03,https://www.chess.com/member/vanea_03,alive,200,no action
13905465,"Schitco, Ivan",chesscomPlayer,ivan-schitco,https://www.chess.com/players/ivan-schitco,unknown,rate limited (HTTP 429),"rate-limited or server error - not judged, will be retried"
13905465,"Schitco, Ivan",chessgames,154101,https://www.chessgames.com/perl/chessplayer?pid=154101,unknown,rate limited (HTTP 429),"rate-limited or server error - not judged, will be retried"
4600169,"Schlosser, Philipp",chesscomPlayer,philipp-schlosser,https://www.chess.com/players/philipp-schlosser,unknown,rate limited (HTTP 429),"rate-limited or server error - not judged, will be retried"
4600169,"Schlosser, Philipp",chessgames,11689,https://www.chessgames.com/perl/chessplayer?pid=11689,unknown,rate limited (HTTP 429),"rate-limited or server error - not judged, will be retried"
4614054,"Schmaltz, Roland",chesscomPlayer,roland-schmaltz,https://www.chess.com/players/roland-schmaltz,unknown,rate limited (HTTP 429),"rate-limited or server error - not judged, will be retried"
4614054,"Schmaltz, Roland",chessgames,25935,https://www.chessgames.com/perl/chessplayer?pid=25935,unknown,rate limited (HTTP 429),"rate-limited or server error - not judged, will be retried"
4614054,"Schmaltz, Roland",lichess,Hawkeye,https://lichess.org/@/Hawkeye,unknown,rate limited (HTTP 429),"rate-limited or server error - not judged, will be retried"
4600061,"Schmid, Lothar",chesscomPlayer,lothar-schmid,https://www.chess.com/players/lothar-schmid,alive,200,no action
4600061,"Schmid, Lothar",chessgames,15288,https://www.chessgames.com/perl/chessplayer?pid=15288,unknown,rate limited (HTTP 429),"rate-limited or server error - not judged, will be retried"
1100041,"Schmidt, Włodzimierz",chesscomPlayer,wlodzimierz-schmidt,https://www.chess.com/players/wlodzimierz-schmidt,unknown,rate limited (HTTP 429),"rate-limited or server error - not judged, will be retried"
1100041,"Schmidt, Włodzimierz",chessgames,14872,https://www.chessgames.com/perl/chessplayer?pid=14872,unknown,rate limited (HTTP 429),"rate-limited or server error - not judged, will be retried"
4600096,"Schmittdiel, Eckhard",chesscomPlayer,eckhard-schmittdiel,https://www.chess.com/players/eckhard-schmittdiel,unknown,rate limited (HTTP 429),"rate-limited or server error - not judged, will be retried"
4600096,"Schmittdiel, Eckhard",chessgames,14060,https://www.chessgames.com/perl/chessplayer?pid=14060,unknown,rate limited (HTTP 429),"rate-limited or server error - not judged, will be retried"
4600096,"Schmittdiel, Eckhard",lichess,EckhardSchmittdiel,https://lichess.org/@/EckhardSchmittdiel,dead,HTTP 404,removed from roster.csv - replace with the current handle if you find one
1046730,"Schoppen, Casper",chesscomPlayer,casper-schoppen,https://www.chess.com/players/casper-schoppen,unknown,rate limited (HTTP 429),"rate-limited or server error - not judged, will be retried"
1046730,"Schoppen, Casper",chessgames,156774,https://www.chessgames.com/perl/chessplayer?pid=156774,unknown,rate limited (HTTP 429),"rate-limited or server error - not judged, will be retried"
24662259,"Schroeder, Jan-Christian",chesscomPlayer,jan-christian-schroeder,https://www.chess.com/players/jan-christian-schroeder,alive,200,no action
24662259,"Schroeder, Jan-Christian",chessgames,134714,https://www.chessgames.com/perl/chessplayer?pid=134714,unknown,rate limited (HTTP 429),"rate-limited or server error - not judged, will be retried"
1700081,"Schussler, Harry",chesscomPlayer,harry-schussler,https://www.chess.com/players/harry-schussler,unknown,rate limited (HTTP 429),"rate-limited or server error - not judged, will be retried"
1700081,"Schussler, Harry",chessgames,29770,https://www.chessgames.com/perl/chessplayer?pid=29770,unknown,rate limited (HTTP 429),"rate-limited or server error - not judged, will be retried"
1700081,"Schussler, Harry",lichess,HarrySweden,https://lichess.org/@/HarrySweden,alive,200,no action
2011255,"Schwartzman, Gabriel",chesscomPlayer,gabriel-schwartzman,https://www.chess.com/players/gabriel-schwartzman,unknown,rate limited (HTTP 429),"rate-limited or server error - not judged, will be retried"
2011255,"Schwartzman, Gabriel",chessgames,19891,https://www.chessgames.com/perl/chessplayer?pid=19891,unknown,rate limited (HTTP 429),"rate-limited or server error - not judged, will be retried"
617822,"Sebag, Marie",chesscom,Etoilegeniale,https://www.chess.com/member/Etoilegeniale,alive,200,no action
617822,"Sebag, Marie",chesscomPlayer,marie-sebag,https://www.chess.com/players/marie-sebag,unknown,rate limited (HTTP 429),"rate-limited or server error - not judged, will be retried"
617822,"Sebag, Marie",chessgames,49255,https://www.chessgames.com/perl/chessplayer?pid=49255,unknown,rate limited (HTTP 429),"rate-limited or server error - not judged, will be retried"
617822,"Sebag, Marie",x,MarieSebag,https://x.com/MarieSebag,alive,200,no action
14602296,"Sebenik, Matej",chesscom,RaphaeI,https://www.chess.com/member/RaphaeI,alive,200,no action
14602296,"Sebenik, Matej",chesscomPlayer,matej-sebenik,https://www.chess.com/players/matej-sebenik,alive,200,no action
14602296,"Sebenik, Matej",chessgames,50259,https://www.chessgames.com/perl/chessplayer?pid=50259,unknown,rate limited (HTTP 429),"rate-limited or server error - not judged, will be retried"
922900,"Sedlak, Nikola",chesscom,cody1983,https://www.chess.com/member/cody1983,alive,200,no action
922900,"Sedlak, Nikola",chesscomPlayer,nikola-sedlak,https://www.chess.com/players/nikola-sedlak,alive,200,no action
922900,"Sedlak, Nikola",chessgames,49602,https://www.chessgames.com/perl/chessplayer?pid=49602,unknown,rate limited (HTTP 429),"rate-limited or server error - not judged, will be retried"
21874697,"Seemann, Jakub",chesscomPlayer,jakub-seemann,https://www.chess.com/players/jakub-seemann,unknown,rate limited (HTTP 429),"rate-limited or server error - not judged, will be retried"
13301071,"Seferjan, Narek",chesscomPlayer,narek-seferjan,https://www.chess.com/players/narek-seferjan,unknown,rate limited (HTTP 429),"rate-limited or server error - not judged, will be retried"
13301071,"Seferjan, Narek",chessgames,50566,https://www.chessgames.com/perl/chessplayer?pid=50566,unknown,rate limited (HTTP 429),"rate-limited or server error - not judged, will be retried"
2000032,"Seirawan, Yasser",chesscom,GMYAZ,https://www.chess.com/member/GMYAZ,alive,200,no action
2000032,"Seirawan, Yasser",chesscomPlayer,yasser-seirawan,https://www.chess.com/players/yasser-seirawan,unknown,rate limited (HTTP 429),"rate-limited or server error - not judged, will be retried"
2000032,"Seirawan, Yasser",chessgames,14075,https://www.chessgames.com/perl/chessplayer?pid=14075,unknown,rate limited (HTTP 429),"rate-limited or server error - not judged, will be retried"
2000032,"Seirawan, Yasser",lichess,yasser-seirawan,https://lichess.org/@/yasser-seirawan,alive,200,no action
1706993,"Semcesen, Daniel",chesscom,Khaz_Modan,https://www.chess.com/member/Khaz_Modan,alive,200,no action
1706993,"Semcesen, Daniel",chesscomPlayer,daniel-semcesen,https://www.chess.com/players/daniel-semcesen,alive,200,no action
1706993,"Semcesen, Daniel",chessgames,105186,https://www.chessgames.com/perl/chessplayer?pid=105186,unknown,rate limited (HTTP 429),"rate-limited or server error - not judged, will be retried"
5008352,"Sengupta, Deep",chesscom,deep306,https://www.chess.com/member/deep306,alive,200,no action
5008352,"Sengupta, Deep",chesscomPlayer,deep-sengupta,https://www.chess.com/players/deep-sengupta,unknown,rate limited (HTTP 429),"rate-limited or server error - not judged, will be retried"
5008352,"Sengupta, Deep",chessgames,56773,https://www.chessgames.com/perl/chessplayer?pid=56773,unknown,rate limited (HTTP 429),"rate-limited or server error - not judged, will be retried"
5008352,"Sengupta, Deep",x,gmdeepsengupta,https://x.com/gmdeepsengupta,alive,200,no action
701254,"Seres, Lajos",chesscomPlayer,lajos-seres,https://www.chess.com/players/lajos-seres,unknown,rate limited (HTTP 429),"rate-limited or server error - not judged, will be retried"
701254,"Seres, Lajos",chessgames,10763,https://www.chessgames.com/perl/chessplayer?pid=10763,unknown,rate limited (HTTP 429),"rate-limited or server error - not judged, will be retried"
14101076,"Sergeev, Vladimir",chesscomPlayer,vladimir-sergeev,https://www.chess.com/players/vladimir-sergeev,unknown,rate limited (HTTP 429),"rate-limited or server error - not judged, will be retried"
14101076,"Sergeev, Vladimir",chessgames,50832,https://www.chessgames.com/perl/chessplayer?pid=50832,unknown,rate limited (HTTP 429),"rate-limited or server error - not judged, will be retried"
14600714,"Sermek, Drazen",chesscomPlayer,drazen-sermek,https://www.chess.com/players/drazen-sermek,unknown,rate limited (HTTP 429),"rate-limited or server error - not judged, will be retried"
14600714,"Sermek, Drazen",chessgames,24720,https://www.chessgames.com/perl/chessplayer?pid=24720,unknown,rate limited (HTTP 429),"rate-limited or server error - not judged, will be retried"
2012642,"Serper, Grigory",chesscom,Gserper,https://www.chess.com/member/Gserper,alive,200,no action
2012642,"Serper, Grigory",chesscomPlayer,gregory-serper,https://www.chess.com/players/gregory-serper,alive,200,no action
2012642,"Serper, Grigory",chessgames,13854,https://www.chessgames.com/perl/chessplayer?pid=13854,unknown,rate limited (HTTP 429),"rate-limited or server error - not judged, will be retried"
5021596,"Sethuraman, S.P.",chesscom,Sethu0025,https://www.chess.com/member/Sethu0025,alive,200,no action
5021596,"Sethuraman, S.P.",chesscomPlayer,s-p-sethuraman,https://www.chess.com/players/s-p-sethuraman,unknown,rate limited (HTTP 429),"rate-limited or server error - not judged, will be retried"
5021596,"Sethuraman, S.P.",chessgames,99254,https://www.chessgames.com/perl/chessplayer?pid=99254,unknown,rate limited (HTTP 429),"rate-limited or server error - not judged, will be retried"
5021596,"Sethuraman, S.P.",x,sethuramanchess,https://x.com/sethuramanchess,alive,200,no action
5021596,"Sethuraman, S.P.",instagram,sethuramanchess,,unchecked,login wall answers 200 for missing profiles,cannot be tested from a server - left in place
13402463,"Sevdimaliyev, Urfan",chesscomPlayer,urfan-sevdimaliyev,https://www.chess.com/players/urfan-sevdimaliyev,unknown,rate limited (HTTP 429),"rate-limited or server error - not judged, will be retried"
13402463,"Sevdimaliyev, Urfan",chessgames,147857,https://www.chessgames.com/perl/chessplayer?pid=147857,unknown,rate limited (HTTP 429),"rate-limited or server error - not judged, will be retried"
2040506,"Sevian, Samuel",chesscom,Konavets,https://www.chess.com/member/Konavets,alive,200,no action
2040506,"Sevian, Samuel",chesscomPlayer,sam-sevian,https://www.chess.com/players/sam-sevian,unknown,rate limited (HTTP 429),"rate-limited or server error - not judged, will be retried"
2040506,"Sevian, Samuel",chessgames,128737,https://www.chessgames.com/perl/chessplayer?pid=128737,unknown,rate limited (HTTP 429),"rate-limited or server error - not judged, will be retried"
2040506,"Sevian, Samuel",x,SamSevian,https://x.com/SamSevian,alive,200,no action
5200156,"Sevillano, Enrico",chesscom,Taxidermist,https://www.chess.com/member/Taxidermist,alive,200,no action
5200156,"Sevillano, Enrico",chesscomPlayer,enrico-sevillano,https://www.chess.com/players/enrico-sevillano,alive,200,no action
5200156,"Sevillano, Enrico",chessgames,85716,https://www.chessgames.com/perl/chessplayer?pid=85716,unknown,rate limited (HTTP 429),"rate-limited or server error - not judged, will be retried"
2008572,"Shabalov, Alexander",chesscom,superblysse,https://www.chess.com/member/superblysse,alive,200,no action
2008572,"Shabalov, Alexander",chesscomPlayer,alexander-shabalov,https://www.chess.com/players/alexander-shabalov,unknown,rate limited (HTTP 429),"rate-limited or server error - not judged, will be retried"
2008572,"Shabalov, Alexander",chessgames,17665,https://www.chessgames.com/perl/chessplayer?pid=17665,unknown,rate limited (HTTP 429),"rate-limited or server error - not judged, will be retried"
2007991,"Shaked, Tal",chesscomPlayer,tal-shaked,https://www.chess.com/players/tal-shaked,unknown,rate limited (HTTP 429),"rate-limited or server error - not judged, will be retried"
2007991,"Shaked, Tal",chessgames,12119,https://www.chessgames.com/perl/chessplayer?pid=12119,unknown,rate limited (HTTP 429),"rate-limited or server error - not judged, will be retried"
2007991,"Shaked, Tal",website,http://talshaked.com,http://talshaked.com,alive,200,no action
4146042,"Shalnev, Nikolai",chesscomPlayer,nikolai-shalnev,https://www.chess.com/players/nikolai-shalnev,unknown,rate limited (HTTP 429),"rate-limited or server error - not judged, will be retried"
4146042,"Shalnev, Nikolai",chessgames,30561,https://www.chessgames.com/perl/chessplayer?pid=30561,unknown,rate limited (HTTP 429),"rate-limited or server error - not judged, will be retried"
13601784,"Shanava, Konstantine",chesscom,Killer-Kostya,https://www.chess.com/member/Killer-Kostya,alive,200,no action
13601784,"Shanava, Konstantine",chesscomPlayer,konstantine-shanava,https://www.chess.com/players/konstantine-shanava,alive,200,no action
13601784,"Shanava, Konstantine",chessgames,50124,https://www.chessgames.com/perl/chessplayer?pid=50124,unknown,rate limited (HTTP 429),"rate-limited or server error - not judged, will be retried"
2004887,"Shankland, Sam",chesscom,Shankland,https://www.chess.com/member/Shankland,alive,200,no action
2004887,"Shankland, Sam",chesscomPlayer,sam-shankland,https://www.chess.com/players/sam-shankland,unknown,rate limited (HTTP 429),"rate-limited or server error - not judged, will be retried"
2004887,"Shankland, Sam",chessgames,114803,https://www.chessgames.com/perl/chessplayer?pid=114803,unknown,rate limited (HTTP 429),"rate-limited or server error - not judged, will be retried"
2004887,"Shankland, Sam",x,GMShanky,https://x.com/GMShanky,alive,200,no action
2004887,"Shankland, Sam",website,https://samshankland.com,https://samshankland.com,alive,200,no action
4122232,"Shaposhnikov, Evgeny",chesscomPlayer,jewgeni-nikolajewitsch-schaposchnikow,https://www.chess.com/players/jewgeni-nikolajewitsch-schaposchnikow,unknown,rate limited (HTTP 429),"rate-limited or server error - not judged, will be retried"
4122232,"Shaposhnikov, Evgeny",chessgames,49076,https://www.chessgames.com/perl/chessplayer?pid=49076,unknown,rate limited (HTTP 429),"rate-limited or server error - not judged, will be retried"
4122232,"Shaposhnikov, Evgeny",lichess,E-Shaposhnikov,https://lichess.org/@/E-Shaposhnikov,alive,200,no action
14103133,"Sharapov, Yevhen",chesscom,SharapovEvgeny,https://www.chess.com/member/SharapovEvgeny,alive,200,no action
14103133,"Sharapov, Yevhen",chesscomPlayer,evgeny-sharapov,https://www.chess.com/players/evgeny-sharapov,unknown,rate limited (HTTP 429),"rate-limited or server error - not judged, will be retried"
14103133,"Sharapov, Yevhen",chessgames,54458,https://www.chessgames.com/perl/chessplayer?pid=54458,unknown,rate limited (HTTP 429),"rate-limited or server error - not judged, will be retried"
4900340,"Sharavdorj, Dashzegve",chesscom,Shiirav,https://www.chess.com/member/Shiirav,alive,200,no action
4900340,"Sharavdorj, Dashzegve",chesscomPlayer,dashzegve-sharavdorj,https://www.chess.com/players/dashzegve-sharavdorj,alive,200,no action
4900340,"Sharavdorj, Dashzegve",chessgames,42802,https://www.chessgames.com/perl/chessplayer?pid=42802,unknown,rate limited (HTTP 429),"rate-limited or server error - not judged, will be retried"
4122747,"Shariyazdanov, Andrey",chesscomPlayer,andrey-shariyazdanov,https://www.chess.com/players/andrey-shariyazdanov,alive,200,no action
4122747,"Shariyazdanov, Andrey",chessgames,44771,https://www.chessgames.com/perl/chessplayer?pid=44771,unknown,rate limited (HTTP 429),"rate-limited or server error - not judged, will be retried"
2400553,"Shaw, John",chesscomPlayer,john-shaw,https://www.chess.com/players/john-shaw,unknown,rate limited (HTTP 429),"rate-limited or server error - not judged, will be retried"
2400553,"Shaw, John",chessgames,21966,https://www.chessgames.com/perl/chessplayer?pid=21966,unknown,rate limited (HTTP 429),"rate-limited or server error - not judged, will be retried"
4107730,"Shchekachev, Andrei",chesscomPlayer,andrei-shchekachev,https://www.chess.com/players/andrei-shchekachev,unknown,rate limited (HTTP 429),"rate-limited or server error - not judged, will be retried"
4107730,"Shchekachev, Andrei",chessgames,67581,https://www.chessgames.com/perl/chessplayer?pid=67581,unknown,rate limited (HTTP 429),"rate-limited or server error - not judged, will be retried"
4102240,"Shcherbakov, Ruslan",chesscom,Chowman64,https://www.chess.com/member/Chowman64,alive,200,no action
4102240,"Shcherbakov, Ruslan",chesscomPlayer,ruslan-shcherbakov,https://www.chess.com/players/ruslan-shcherbakov,unknown,rate limited (HTTP 429),"rate-limited or server error - not judged, will be retried"
4102240,"Shcherbakov, Ruslan",chessgames,21383,https://www.chessgames.com/perl/chessplayer?pid=21383,unknown,rate limited (HTTP 429),"rate-limited or server error - not judged, will be retried"
2057360,"Sheng, Joshua",chesscom,jjosu,https://www.chess.com/member/jjosu,alive,200,no action
2057360,"Sheng, Joshua",chesscomPlayer,joshua-sheng,https://www.chess.com/players/joshua-sheng,alive,200,no action
2057360,"Sheng, Joshua",chessgames,139693,https://www.chessgames.com/perl/chessplayer?pid=139693,unknown,rate limited (HTTP 429),"rate-limited or server error - not judged, will be retried"
13601270,"Shengelia, David",chesscomPlayer,dawit-schengelia,https://www.chess.com/players/dawit-schengelia,unknown,rate limited (HTTP 429),"rate-limited or server error - not judged, will be retried"
13601270,"Shengelia, David",chessgames,50092,https://www.chessgames.com/perl/chessplayer?pid=50092,unknown,rate limited (HTTP 429),"rate-limited or server error - not judged, will be retried"
2019574,"Sher, Miron",chesscomPlayer,miron-sher,https://www.chess.com/players/miron-sher,unknown,rate limited (HTTP 429),"rate-limited or server error - not judged, will be retried"
2019574,"Sher, Miron",chessgames,27771,https://www.chessgames.com/perl/chessplayer?pid=27771,unknown,rate limited (HTTP 429),"rate-limited or server error - not judged, will be retried"
2000512,"Sherzer, Alex",chesscomPlayer,alex-sherzer,https://www.chess.com/players/alex-sherzer,alive,200,no action
2000512,"Sherzer, Alex",chessgames,23381,https://www.chessgames.com/perl/chessplayer?pid=23381,unknown,rate limited (HTTP 429),"rate-limited or server error - not judged, will be retried"
14129574,"Shevchenko, Kirill",chesscom,kirillshevchenko,https://www.chess.com/member/kirillshevchenko,alive,200,no action
14129574,"Shevchenko, Kirill",chesscomPlayer,kirill-shevchenko,https://www.chess.com/players/kirill-shevchenko,unknown,rate limited (HTTP 429),"rate-limited or server error - not judged, will be retried"
14129574,"Shevchenko, Kirill",chessgames,154681,https://www.chessgames.com/perl/chessplayer?pid=154681,unknown,rate limited (HTTP 429),"rate-limited or server error - not judged, will be retried"
14129574,"Shevchenko, Kirill",lichess,Chesser22,https://lichess.org/@/Chesser22,alive,200,no action
14129574,"Shevchenko, Kirill",x,Chesser_22,https://x.com/Chesser_22,alive,200,no action
4198603,"Shimanov, Aleksandr",chesscom,ShimanovAlex,https://www.chess.com/member/ShimanovAlex,alive,200,no action
4198603,"Shimanov, Aleksandr",chesscomPlayer,aleksandr-shimanov,https://www.chess.com/players/aleksandr-shimanov,unknown,rate limited (HTTP 429),"rate-limited or server error - not judged, will be retried"
4198603,"Shimanov, Aleksandr",chessgames,114534,https://www.chessgames.com/perl/chessplayer?pid=114534,unknown,rate limited (HTTP 429),"rate-limited or server error - not judged, will be retried"
4198603,"Shimanov, Aleksandr",lichess,Multibrendovyi,https://lichess.org/@/Multibrendovyi,unknown,ConnectionResetError,"rate-limited or server error - not judged, will be retried"
4198603,"Shimanov, Aleksandr",youtube,UCW7D0jKNvkd8C839wIwNJ8A,,unchecked,consent page answers 200 for missing channels,cannot be tested from a server - left in place
4198603,"Shimanov, Aleksandr",twitch,shiman4ik,,unchecked,app shell answers 200 for missing channels,cannot be tested from a server - left in place
4113624,"Shipov, Sergei",chesscom,GM_Crest,https://www.chess.com/member/GM_Crest,alive,200,no action
4113624,"Shipov, Sergei",chesscomPlayer,sergei-shipov,https://www.chess.com/players/sergei-shipov,alive,200,no action
4113624,"Shipov, Sergei",chessgames,21968,https://www.chessgames.com/perl/chessplayer?pid=21968,unknown,rate limited (HTTP 429),"rate-limited or server error - not judged, will be retried"
4113624,"Shipov, Sergei",lichess,Crest64,https://lichess.org/@/Crest64,unknown,ConnectionResetError,"rate-limited or server error - not judged, will be retried"
4113624,"Shipov, Sergei",x,crestbook64,https://x.com/crestbook64,alive,200,no action
4113624,"Shipov, Sergei",facebook,sergey.shipov.7,,unchecked,returns HTTP 400 to all automated requests,cannot be tested from a server - left in place
4113624,"Shipov, Sergei",instagram,crestbook,,unchecked,login wall answers 200 for missing profiles,cannot be tested from a server - left in place
4113624,"Shipov, Sergei",youtube,UCKU4AiWGEmXdf91rrj8BHRw,,unchecked,consent page answers 200 for missing channels,cannot be tested from a server - left in place
4113624,"Shipov, Sergei",twitch,crestbook64,,unchecked,app shell answers 200 for missing channels,cannot be tested from a server - left in place
2209390,"Shirov, Alexei",chesscom,AlexeiShirov,https://www.chess.com/member/AlexeiShirov,alive,200,no action
2209390,"Shirov, Alexei",chesscomPlayer,alexei-shirov,https://www.chess.com/players/alexei-shirov,alive,200,no action
2209390,"Shirov, Alexei",chessgames,15809,https://www.chessgames.com/perl/chessplayer?pid=15809,unknown,rate limited (HTTP 429),"rate-limited or server error - not judged, will be retried"
2209390,"Shirov, Alexei",facebook,alexei.shirov.3,,unchecked,returns HTTP 400 to all automated requests,cannot be tested from a server - left in place
14101696,"Shishkin, Vadim",chesscomPlayer,vadim-chichkine,https://www.chess.com/players/vadim-chichkine,unknown,rate limited (HTTP 429),"rate-limited or server error - not judged, will be retried"
14101696,"Shishkin, Vadim",chessgames,58166,https://www.chessgames.com/perl/chessplayer?pid=58166,unknown,rate limited (HTTP 429),"rate-limited or server error - not judged, will be retried"
14108836,"Shkuro, Iuri",chesscom,Iuri_Shkuro,https://www.chess.com/member/Iuri_Shkuro,alive,200,no action
14108836,"Shkuro, Iuri",chesscomPlayer,youri-chkouro,https://www.chess.com/players/youri-chkouro,unknown,rate limited (HTTP 429),"rate-limited or server error - not judged, will be retried"
14108836,"Shkuro, Iuri",chessgames,56644,https://www.chessgames.com/perl/chessplayer?pid=56644,unknown,rate limited (HTTP 429),"rate-limited or server error - not judged, will be retried"
14108836,"Shkuro, Iuri",website,https://chessno.com/,https://chessno.com/,alive,200,no action
14100045,"Shneider, Aleksandr",chesscomPlayer,aleksandr-shneider,https://www.chess.com/players/aleksandr-shneider,unknown,rate limited (HTTP 429),"rate-limited or server error - not judged, will be retried"
14100045,"Shneider, Aleksandr",chessgames,17638,https://www.chessgames.com/perl/chessplayer?pid=17638,unknown,rate limited (HTTP 429),"rate-limited or server error - not judged, will be retried"
627143,"Shoker, Samy",chesscom,samolo,https://www.chess.com/member/samolo,alive,200,no action
627143,"Shoker, Samy",chesscomPlayer,samy-shoker,https://www.chess.com/players/samy-shoker,alive,200,no action
627143,"Shoker, Samy",chessgames,51992,https://www.chessgames.com/perl/chessplayer?pid=51992,unknown,rate limited (HTTP 429),"rate-limited or server error - not judged, will be retried"
4135148,"Shomoev, Anton",chesscom,AntonShomoev,https://www.chess.com/member/AntonShomoev,alive,200,no action
4135148,"Shomoev, Anton",chesscomPlayer,anton-shomoev,https://www.chess.com/players/anton-shomoev,unknown,rate limited (HTTP 429),"rate-limited or server error - not judged, will be retried"
4135148,"Shomoev, Anton",chessgames,50320,https://www.chessgames.com/perl/chessplayer?pid=50320,unknown,rate limited (HTTP 429),"rate-limited or server error - not judged, will be retried"
400025,"Short, Nigel D",chesscom,NigelShort,https://www.chess.com/member/NigelShort,alive,200,no action
400025,"Short, Nigel D",chesscomPlayer,nigel-short,https://www.chess.com/players/nigel-short,unknown,rate limited (HTTP 429),"rate-limited or server error - not judged, will be retried"
400025,"Short, Nigel D",chessgames,12181,https://www.chessgames.com/perl/chessplayer?pid=12181,unknown,rate limited (HTTP 429),"rate-limited or server error - not judged, will be retried"
400025,"Short, Nigel D",x,nigelshortchess,https://x.com/nigelshortchess,dead,HTTP 404,removed from roster.csv - replace with the current handle if you find one
14113325,"Shtembuliak, Evgeny",chesscom,Shtembuliak,https://www.chess.com/member/Shtembuliak,alive,200,no action
14113325,"Shtembuliak, Evgeny",chesscomPlayer,evgeny-shtembuliak,https://www.chess.com/players/evgeny-shtembuliak,unknown,rate limited (HTTP 429),"rate-limited or server error - not judged, will be retried"
14113325,"Shtembuliak, Evgeny",chessgames,118240,https://www.chessgames.com/perl/chessplayer?pid=118240,unknown,rate limited (HTTP 429),"rate-limited or server error - not judged, will be retried"
4103351,"Shtyrenkov, Veniamen",chesscomPlayer,veniamen-shtyrenkov,https://www.chess.com/players/veniamen-shtyrenkov,alive,200,no action
4103351,"Shtyrenkov, Veniamen",chessgames,50142,https://www.chessgames.com/perl/chessplayer?pid=50142,unknown,rate limited (HTTP 429),"rate-limited or server error - not judged, will be retried"
34119962,"Shubin, Kirill",chesscom,Shubinkirill2003,https://www.chess.com/member/Shubinkirill2003,alive,200,no action
34119962,"Shubin, Kirill",chesscomPlayer,kirill-shubin,https://www.chess.com/players/kirill-shubin,unknown,rate limited (HTTP 429),"rate-limited or server error - not judged, will be retried"
34119962,"Shubin, Kirill",chessgames,154099,https://www.chessgames.com/perl/chessplayer?pid=154099,unknown,rate limited (HTTP 429),"rate-limited or server error - not judged, will be retried"
34119962,"Shubin, Kirill",lichess,Batko2003,https://lichess.org/@/Batko2003,unknown,ConnectionResetError,"rate-limited or server error - not judged, will be retried"
13500520,"Shulman, Yury",chesscom,YuryShulman,https://www.chess.com/member/YuryShulman,alive,200,no action
13500520,"Shulman, Yury",chesscomPlayer,yury-shulman,https://www.chess.com/players/yury-shulman,unknown,rate limited (HTTP 429),"rate-limited or server error - not judged, will be retried"
13500520,"Shulman, Yury",chessgames,28307,https://www.chessgames.com/perl/chessplayer?pid=28307,unknown,rate limited (HTTP 429),"rate-limited or server error - not judged, will be retried"
4500490,"Shvyrjov, Igor",chesscomPlayer,igor-shvyrjov,https://www.chess.com/players/igor-shvyrjov,unknown,rate limited (HTTP 429),"rate-limited or server error - not judged, will be retried"
4500490,"Shvyrjov, Igor",chessgames,99039,https://www.chessgames.com/perl/chessplayer?pid=99039,unknown,rate limited (HTTP 429),"rate-limited or server error - not judged, will be retried"
5024218,Shyaam Nikhil P,chesscomPlayer,shyaamnikhil-p,https://www.chess.com/players/shyaamnikhil-p,alive,200,no action
5019141,"Shyam, Sundar M.",chesscom,shyam,https://www.chess.com/member/shyam,alive,200,no action
5019141,"Shyam, Sundar M.",chesscomPlayer,sundar-m-shyam,https://www.chess.com/players/sundar-m-shyam,unknown,rate limited (HTTP 429),"rate-limited or server error - not judged, will be retried"
5019141,"Shyam, Sundar M.",chessgames,117314,https://www.chessgames.com/perl/chessplayer?pid=117314,unknown,rate limited (HTTP 429),"rate-limited or server error - not judged, will be retried"
812633,"Shytaj, Iart Luca",chesscomPlayer,luca-shytaj,https://www.chess.com/players/luca-shytaj,unknown,rate limited (HTTP 429),"rate-limited or server error - not judged, will be retried"
812633,"Shytaj, Iart Luca",chessgames,86865,https://www.chessgames.com/perl/chessplayer?pid=86865,unknown,rate limited (HTTP 429),"rate-limited or server error - not judged, will be retried"
5818320,"Siddharth, Jagadeesh",chesscom,SiddharthGMJagadeesh,https://www.chess.com/member/SiddharthGMJagadeesh,dead,HTTP 404,removed from roster.csv - replace with the current handle if you find one
5818320,"Siddharth, Jagadeesh",chesscomPlayer,jagadeesh-siddharth,https://www.chess.com/players/jagadeesh-siddharth,unknown,rate limited (HTTP 429),"rate-limited or server error - not judged, will be retried"
5818320,"Siddharth, Jagadeesh",chessgames,162542,https://www.chessgames.com/perl/chessplayer?pid=162542,unknown,rate limited (HTTP 429),"rate-limited or server error - not judged, will be retried"
4609352,"Siebrecht, Sebastian",chesscomPlayer,sebastian-siebrecht,https://www.chess.com/players/sebastian-siebrecht,unknown,rate limited (HTTP 429),"rate-limited or server error - not judged, will be retried"
4609352,"Siebrecht, Sebastian",chessgames,18222,https://www.chessgames.com/perl/chessplayer?pid=18222,unknown,rate limited (HTTP 429),"rate-limited or server error - not judged, will be retried"
2300079,"Sigurjonsson, Gudmundur",chesscomPlayer,gudmundur-sigurjonsson,https://www.chess.com/players/gudmundur-sigurjonsson,alive,200,no action
2300079,"Sigurjonsson, Gudmundur",chessgames,37448,https://www.chessgames.com/perl/chessplayer?pid=37448,unknown,rate limited (HTTP 429),"rate-limited or server error - not judged, will be retried"
14104911,"Sikula, Vaszilij",chesscomPlayer,vaszilij-sikula,https://www.chess.com/players/vaszilij-sikula,unknown,rate limited (HTTP 429),"rate-limited or server error - not judged, will be retried"
14104911,"Sikula, Vaszilij",chessgames,56968,https://www.chessgames.com/perl/chessplayer?pid=56968,unknown,rate limited (HTTP 429),"rate-limited or server error - not judged, will be retried"
307165,"Simacek, Pavel",chesscomPlayer,pavel-simacek,https://www.chess.com/players/pavel-simacek,unknown,rate limited (HTTP 429),"rate-limited or server error - not judged, will be retried"
307165,"Simacek, Pavel",chessgames,51463,https://www.chessgames.com/perl/chessplayer?pid=51463,unknown,rate limited (HTTP 429),"rate-limited or server error - not judged, will be retried"
14104555,"Simantsev, Mikhail",chesscomPlayer,mikhail-simantsev,https://www.chess.com/players/mikhail-simantsev,unknown,rate limited (HTTP 429),"rate-limited or server error - not judged, will be retried"
14104555,"Simantsev, Mikhail",chessgames,10887,https://www.chessgames.com/perl/chessplayer?pid=10887,unknown,rate limited (HTTP 429),"rate-limited or server error - not judged, will be retried"
13302337,"Simonian, Hrair",chesscomPlayer,hrair-simonian,https://www.chess.com/players/hrair-simonian,alive,200,no action
13302337,"Simonian, Hrair",chessgames,105731,https://www.chessgames.com/perl/chessplayer?pid=105731,unknown,rate limited (HTTP 429),"rate-limited or server error - not judged, will be retried"
8700168,"Simutowe, Amon",chesscomPlayer,amon-simutowe,https://www.chess.com/players/amon-simutowe,unknown,rate limited (HTTP 429),"rate-limited or server error - not judged, will be retried"
8700168,"Simutowe, Amon",chessgames,49263,https://www.chessgames.com/perl/chessplayer?pid=49263,unknown,rate limited (HTTP 429),"rate-limited or server error - not judged, will be retried"
14205483,"Sindarov, Javokhir",chesscomPlayer,javokhir-sindarov,https://www.chess.com/players/javokhir-sindarov,unknown,rate limited (HTTP 429),"rate-limited or server error - not judged, will be retried"
14205483,"Sindarov, Javokhir",chessgames,155744,https://www.chessgames.com/perl/chessplayer?pid=155744,unknown,rate limited (HTTP 429),"rate-limited or server error - not judged, will be retried"
14205483,"Sindarov, Javokhir",website,https://sindarov.com/,https://sindarov.com/,alive,200,no action
14116502,"Sivuk, Vitaly",chesscomPlayer,vitaly-sivuk,https://www.chess.com/players/vitaly-sivuk,unknown,rate limited (HTTP 429),"rate-limited or server error - not judged, will be retried"
14116502,"Sivuk, Vitaly",chessgames,113390,https://www.chessgames.com/perl/chessplayer?pid=113390,unknown,rate limited (HTTP 429),"rate-limited or server error - not judged, will be retried"
4189302,"Sjugirov, Sanan",chesscom,Sanan_Sjugirov,https://www.chess.com/member/Sanan_Sjugirov,alive,200,no action
4189302,"Sjugirov, Sanan",chesscomPlayer,sanan-sjugirov,https://www.chess.com/players/sanan-sjugirov,alive,200,no action
4189302,"Sjugirov, Sanan",chessgames,95905,https://www.chessgames.com/perl/chessplayer?pid=95905,unknown,rate limited (HTTP 429),"rate-limited or server error - not judged, will be retried"
4121848,"Skatchkov, Pavel",chesscom,pavel_skatchkov,https://www.chess.com/member/pavel_skatchkov,alive,200,no action
4121848,"Skatchkov, Pavel",chesscomPlayer,pavel-skatchkov,https://www.chess.com/players/pavel-skatchkov,unknown,rate limited (HTTP 429),"rate-limited or server error - not judged, will be retried"
4121848,"Skatchkov, Pavel",chessgames,49700,https://www.chessgames.com/perl/chessplayer?pid=49700,unknown,rate limited (HTTP 429),"rate-limited or server error - not judged, will be retried"
4200020,"Skembris, Spyridon",chesscomPlayer,spyridon-skembris,https://www.chess.com/players/spyridon-skembris,alive,200,no action
4200020,"Skembris, Spyridon",chessgames,20808,https://www.chessgames.com/perl/chessplayer?pid=20808,unknown,rate limited (HTTP 429),"rate-limited or server error - not judged, will be retried"
14604299,"Skoberne, Jure",chesscom,L3on4rdo,https://www.chess.com/member/L3on4rdo,alive,200,no action
14604299,"Skoberne, Jure",chesscomPlayer,jure-skoberne,https://www.chess.com/players/jure-skoberne,unknown,rate limited (HTTP 429),"rate-limited or server error - not judged, will be retried"
14604299,"Skoberne, Jure",chessgames,35981,https://www.chessgames.com/perl/chessplayer?pid=35981,unknown,rate limited (HTTP 429),"rate-limited or server error - not judged, will be retried"
4131029,"Skorchenko, Dmitriy",chesscomPlayer,dmitriy-skorchenko,https://www.chess.com/players/dmitriy-skorchenko,unknown,rate limited (HTTP 429),"rate-limited or server error - not judged, will be retried"
4131029,"Skorchenko, Dmitriy",chessgames,50193,https://www.chessgames.com/perl/chessplayer?pid=50193,unknown,rate limited (HTTP 429),"rate-limited or server error - not judged, will be retried"
100250,"Slipak, Sergio",chesscom,Slipak,https://www.chess.com/member/Slipak,alive,200,no action
100250,"Slipak, Sergio",chesscomPlayer,sergio-slipak,https://www.chess.com/players/sergio-slipak,alive,200,no action
100250,"Slipak, Sergio",chessgames,26902,https://www.chessgames.com/perl/chessplayer?pid=26902,unknown,rate limited (HTTP 429),"rate-limited or server error - not judged, will be retried"
4617347,"Slobodjan, Roman",chesscomPlayer,roman-slobodjan,https://www.chess.com/players/roman-slobodjan,unknown,rate limited (HTTP 429),"rate-limited or server error - not judged, will be retried"
4617347,"Slobodjan, Roman",chessgames,11661,https://www.chessgames.com/perl/chessplayer?pid=11661,unknown,rate limited (HTTP 429),"rate-limited or server error - not judged, will be retried"
4100425,"Smagin, Sergey",chesscomPlayer,sergey-smagin,https://www.chess.com/players/sergey-smagin,unknown,rate limited (HTTP 429),"rate-limited or server error - not judged, will be retried"
4100425,"Smagin, Sergey",chessgames,16704,https://www.chessgames.com/perl/chessplayer?pid=16704,unknown,rate limited (HTTP 429),"rate-limited or server error - not judged, will be retried"
1007246,"Smeets, Jan",chesscom,JanSmeets,https://www.chess.com/member/JanSmeets,alive,200,no action
1007246,"Smeets, Jan",chesscomPlayer,jan-smeets,https://www.chess.com/players/jan-smeets,unknown,rate limited (HTTP 429),"rate-limited or server error - not judged, will be retried"
1007246,"Smeets, Jan",chessgames,35886,https://www.chessgames.com/perl/chessplayer?pid=35886,unknown,rate limited (HTTP 429),"rate-limited or server error - not judged, will be retried"
300020,"Smejkal, Jan",chesscomPlayer,jan-smejkal,https://www.chess.com/players/jan-smejkal,alive,200,no action
300020,"Smejkal, Jan",chessgames,29727,https://www.chessgames.com/perl/chessplayer?pid=29727,unknown,rate limited (HTTP 429),"rate-limited or server error - not judged, will be retried"
3202305,"Smerdon, David C",chesscom,smurfo,https://www.chess.com/member/smurfo,alive,200,no action
3202305,"Smerdon, David C",chesscomPlayer,david-c-smerdon,https://www.chess.com/players/david-c-smerdon,unknown,rate limited (HTTP 429),"rate-limited or server error - not judged, will be retried"
3202305,"Smerdon, David C",chessgames,58830,https://www.chessgames.com/perl/chessplayer?pid=58830,unknown,rate limited (HTTP 429),"rate-limited or server error - not judged, will be retried"
3202305,"Smerdon, David C",x,dsmerdon,https://x.com/dsmerdon,alive,200,no action
3202305,"Smerdon, David C",website,https://www.davidsmerdon.com/,https://www.davidsmerdon.com/,alive,200,no action
2801990,"Smirin, Ilia",chesscom,Tapuah,https://www.chess.com/member/Tapuah,alive,200,no action
2801990,"Smirin, Ilia",chesscomPlayer,ilya-smirin,https://www.chess.com/players/ilya-smirin,unknown,rate limited (HTTP 429),"rate-limited or server error - not judged, will be retried"
2801990,"Smirin, Ilia",chessgames,14149,https://www.chessgames.com/perl/chessplayer?pid=14149,unknown,rate limited (HTTP 429),"rate-limited or server error - not judged, will be retried"
3208923,"Smirnov, Anton",chesscom,AntonSmirnov,https://www.chess.com/member/AntonSmirnov,alive,200,no action
3208923,"Smirnov, Anton",chesscomPlayer,anton-smirnov,https://www.chess.com/players/anton-smirnov,unknown,rate limited (HTTP 429),"rate-limited or server error - not judged, will be retried"
3208923,"Smirnov, Anton",chessgames,130817,https://www.chessgames.com/perl/chessplayer?pid=130817,unknown,rate limited (HTTP 429),"rate-limited or server error - not judged, will be retried"
3208923,"Smirnov, Anton",lichess,Crew12,https://lichess.org/@/Crew12,unknown,ConnectionResetError,"rate-limited or server error - not judged, will be retried"
14110482,"Smirnov, Igor",chesscom,GM_Igor_Smirnov,https://www.chess.com/member/GM_Igor_Smirnov,alive,200,no action
14110482,"Smirnov, Igor",chesscomPlayer,igor-smirnov,https://www.chess.com/players/igor-smirnov,alive,200,no action
14110482,"Smirnov, Igor",chessgames,65764,https://www.chessgames.com/perl/chessplayer?pid=65764,unknown,rate limited (HTTP 429),"rate-limited or server error - not judged, will be retried"
4123425,"Smirnov, Pavel",chesscom,Smirnov_Pavel,https://www.chess.com/member/Smirnov_Pavel,alive,200,no action
4123425,"Smirnov, Pavel",chesscomPlayer,pavel-smirnov,https://www.chess.com/players/pavel-smirnov,unknown,rate limited (HTTP 429),"rate-limited or server error - not judged, will be retried"
4123425,"Smirnov, Pavel",chessgames,49030,https://www.chessgames.com/perl/chessplayer?pid=49030,unknown,rate limited (HTTP 429),"rate-limited or server error - not judged, will be retried"
1707930,"Smith, Axel",chesscomPlayer,axel-smith,https://www.chess.com/players/axel-smith,unknown,rate limited (HTTP 429),"rate-limited or server error - not judged, will be retried"
1707930,"Smith, Axel",chessgames,106309,https://www.chessgames.com/perl/chessplayer?pid=106309,unknown,rate limited (HTTP 429),"rate-limited or server error - not judged, will be retried"
2017083,"Smith, Bryan",chesscom,BryanSmith,https://www.chess.com/member/BryanSmith,alive,200,no action
2017083,"Smith, Bryan",chesscomPlayer,bryan-g-smith,https://www.chess.com/players/bryan-g-smith,unknown,rate limited (HTTP 429),"rate-limited or server error - not judged, will be retried"
2017083,"Smith, Bryan",chessgames,10169,https://www.chessgames.com/perl/chessplayer?pid=10169,unknown,rate limited (HTTP 429),"rate-limited or server error - not judged, will be retried"
5202213,"So, Wesley",chesscom,GMWSO,https://www.chess.com/member/GMWSO,alive,200,no action
5202213,"So, Wesley",chesscomPlayer,wesley-so,https://www.chess.com/players/wesley-so,unknown,rate limited (HTTP 429),"rate-limited or server error - not judged, will be retried"
5202213,"So, Wesley",chessgames,95915,https://www.chessgames.com/perl/chessplayer?pid=95915,unknown,rate limited (HTTP 429),"rate-limited or server error - not judged, will be retried"
5202213,"So, Wesley",website,https://www.wesleyso.com,https://www.wesleyso.com,alive,200,no action
5202213,"So, Wesley",facebook,wesleyso,,unchecked,returns HTTP 400 to all automated requests,cannot be tested from a server - left in place
662569,"Sochacki, Christophe",chesscom,LaStreetCmaMaison,https://www.chess.com/member/LaStreetCmaMaison,alive,200,no action
662569,"Sochacki, Christophe",chesscomPlayer,christophe-sochacki,https://www.chess.com/players/christophe-sochacki,alive,200,no action
662569,"Sochacki, Christophe",chessgames,117705,https://www.chessgames.com/perl/chessplayer?pid=117705,unknown,rate limited (HTTP 429),"rate-limited or server error - not judged, will be retried"
1107038,"Socko, Bartosz",chesscom,BartoszSocko,https://www.chess.com/member/BartoszSocko,alive,200,no action
1107038,"Socko, Bartosz",chesscomPlayer,bartosz-socko,https://www.chess.com/players/bartosz-socko,unknown,rate limited (HTTP 429),"rate-limited or server error - not judged, will be retried"
1107038,"Socko, Bartosz",chessgames,34659,https://www.chessgames.com/perl/chessplayer?pid=34659,unknown,rate limited (HTTP 429),"rate-limited or server error - not judged, will be retried"
1107038,"Socko, Bartosz",lichess,BartoszSocko,https://lichess.org/@/BartoszSocko,unknown,ConnectionResetError,"rate-limited or server error - not judged, will be retried"
1106619,"Socko, Monika",chesscom,gliglu,https://www.chess.com/member/gliglu,alive,200,no action
1106619,"Socko, Monika",chesscomPlayer,monika-socko,https://www.chess.com/players/monika-socko,unknown,rate limited (HTTP 429),"rate-limited or server error - not judged, will be retried"
1106619,"Socko, Monika",chessgames,51452,https://www.chessgames.com/perl/chessplayer?pid=51452,unknown,rate limited (HTTP 429),"rate-limited or server error - not judged, will be retried"
1106619,"Socko, Monika",facebook,monika.socko.10,,unchecked,returns HTTP 400 to all automated requests,cannot be tested from a server - left in place
2800101,"Soffer, Ram",chesscomPlayer,ram-soffer,https://www.chess.com/players/ram-soffer,unknown,rate limited (HTTP 429),"rate-limited or server error - not judged, will be retried"
2800101,"Soffer, Ram",chessgames,27698,https://www.chessgames.com/perl/chessplayer?pid=27698,unknown,rate limited (HTTP 429),"rate-limited or server error - not judged, will be retried"
627089,"Sokolov, Andrei",chesscomPlayer,andrei-sokolov,https://www.chess.com/players/andrei-sokolov,alive,200,no action
627089,"Sokolov, Andrei",chessgames,11701,https://www.chessgames.com/perl/chessplayer?pid=11701,unknown,rate limited (HTTP 429),"rate-limited or server error - not judged, will be retried"
627089,"Sokolov, Andrei",website,http://a.sokolov.free.fr,http://a.sokolov.free.fr,alive,200,no action
14400030,"Sokolov, Ivan",chesscom,vegasicilia,https://www.chess.com/member/vegasicilia,alive,200,no action
14400030,"Sokolov, Ivan",chesscomPlayer,ivan-sokolov,https://www.chess.com/players/ivan-sokolov,unknown,rate limited (HTTP 429),"rate-limited or server error - not judged, will be retried"
14400030,"Sokolov, Ivan",chessgames,10992,https://www.chessgames.com/perl/chessplayer?pid=10992,unknown,rate limited (HTTP 429),"rate-limited or server error - not judged, will be retried"
2820242,"Sokolovsky, Yahli",chesscom,Sokoloco,https://www.chess.com/member/Sokoloco,alive,200,no action
2820242,"Sokolovsky, Yahli",chesscomPlayer,yahli-sokolovsky,https://www.chess.com/players/yahli-sokolovsky,unknown,rate limited (HTTP 429),"rate-limited or server error - not judged, will be retried"
2820242,"Sokolovsky, Yahli",chessgames,156298,https://www.chessgames.com/perl/chessplayer?pid=156298,unknown,rate limited (HTTP 429),"rate-limited or server error - not judged, will be retried"
916811,"Solak, Dragan",chesscom,DraganSolak,https://www.chess.com/member/DraganSolak,alive,200,no action
916811,"Solak, Dragan",chesscomPlayer,dragan-solak,https://www.chess.com/players/dragan-solak,unknown,rate limited (HTTP 429),"rate-limited or server error - not judged, will be retried"
916811,"Solak, Dragan",chessgames,49488,https://www.chessgames.com/perl/chessplayer?pid=49488,unknown,rate limited (HTTP 429),"rate-limited or server error - not judged, will be retried"
916811,"Solak, Dragan",x,dragansolak,https://x.com/dragansolak,alive,200,no action
1005286,"Solleveld, Maarten",chesscom,MaartenSolleveld,https://www.chess.com/member/MaartenSolleveld,alive,200,no action
1005286,"Solleveld, Maarten",chesscomPlayer,maarten-solleveld,https://www.chess.com/players/maarten-solleveld,alive,200,no action
1005286,"Solleveld, Maarten",chessgames,49112,https://www.chessgames.com/perl/chessplayer?pid=49112,unknown,rate limited (HTTP 429),"rate-limited or server error - not judged, will be retried"
14104369,"Solodovnichenko, Yuri",chesscomPlayer,youri-solodovnitchenko,https://www.chess.com/players/youri-solodovnitchenko,unknown,rate limited (HTTP 429),"rate-limited or server error - not judged, will be retried"
14104369,"Solodovnichenko, Yuri",chessgames,76787,https://www.chessgames.com/perl/chessplayer?pid=76787,unknown,rate limited (HTTP 429),"rate-limited or server error - not judged, will be retried"
14300192,"Solomon, Kenneth Terence",chesscom,underdogchss,https://www.chess.com/member/underdogchss,alive,200,no action
14300192,"Solomon, Kenneth Terence",chesscomPlayer,kenny-solomon,https://www.chess.com/players/kenny-solomon,unknown,rate limited (HTTP 429),"rate-limited or server error - not judged, will be retried"
14300192,"Solomon, Kenneth Terence",chessgames,51154,https://www.chessgames.com/perl/chessplayer?pid=51154,unknown,rate limited (HTTP 429),"rate-limited or server error - not judged, will be retried"
14300192,"Solomon, Kenneth Terence",website,http://kennysolomon.co.za/,http://kennysolomon.co.za/,alive,200,no action
4102266,"Solozhenkin, Evgeniy",chesscomPlayer,evgeniy-solozhenkin,https://www.chess.com/players/evgeniy-solozhenkin,unknown,rate limited (HTTP 429),"rate-limited or server error - not judged, will be retried"
4102266,"Solozhenkin, Evgeniy",chessgames,18154,https://www.chessgames.com/perl/chessplayer?pid=18154,unknown,rate limited (HTTP 429),"rate-limited or server error - not judged, will be retried"
2000741,"Soltis, Andrew",chesscomPlayer,andrew-soltis,https://www.chess.com/players/andrew-soltis,alive,200,no action
2000741,"Soltis, Andrew",chessgames,37439,https://www.chessgames.com/perl/chessplayer?pid=37439,unknown,rate limited (HTTP 429),"rate-limited or server error - not judged, will be retried"
3203824,"Song, Raymond",chesscomPlayer,raymond-song,https://www.chess.com/players/raymond-song,unknown,rate limited (HTTP 429),"rate-limited or server error - not judged, will be retried"
3203824,"Song, Raymond",chessgames,101746,https://www.chessgames.com/perl/chessplayer?pid=101746,unknown,rate limited (HTTP 429),"rate-limited or server error - not judged, will be retried"
895733,"Sonis, Francesco",chesscomPlayer,francesco-sonis,https://www.chess.com/players/francesco-sonis,unknown,rate limited (HTTP 429),"rate-limited or server error - not judged, will be retried"
895733,"Sonis, Francesco",chessgames,155910,https://www.chessgames.com/perl/chessplayer?pid=155910,unknown,rate limited (HTTP 429),"rate-limited or server error - not judged, will be retried"
100196,"Sorin, Ariel",chesscom,A_Sorin,https://www.chess.com/member/A_Sorin,alive,200,no action
100196,"Sorin, Ariel",chesscomPlayer,ariel-sorin,https://www.chess.com/players/ariel-sorin,unknown,rate limited (HTTP 429),"rate-limited or server error - not judged, will be retried"
100196,"Sorin, Ariel",chessgames,19906,https://www.chessgames.com/perl/chessplayer?pid=19906,unknown,rate limited (HTTP 429),"rate-limited or server error - not judged, will be retried"
24176460,"Sorokin, Aleksey",chesscom,Aleksey_Sorokin,https://www.chess.com/member/Aleksey_Sorokin,alive,200,no action
24176460,"Sorokin, Aleksey",chesscomPlayer,aleksey-sorokin,https://www.chess.com/players/aleksey-sorokin,unknown,rate limited (HTTP 429),"rate-limited or server error - not judged, will be retried"
24176460,"Sorokin, Aleksey",chessgames,150516,https://www.chessgames.com/perl/chessplayer?pid=150516,unknown,rate limited (HTTP 429),"rate-limited or server error - not judged, will be retried"
24176460,"Sorokin, Aleksey",lichess,AVS2000,https://lichess.org/@/AVS2000,unknown,ConnectionResetError,"rate-limited or server error - not judged, will be retried"
121576,"Sosa, Tomas",chesscom,Sosat98,https://www.chess.com/member/Sosat98,alive,200,no action
121576,"Sosa, Tomas",chesscomPlayer,tomas-valentin-sosa,https://www.chess.com/players/tomas-valentin-sosa,alive,200,no action
121576,"Sosa, Tomas",chessgames,153896,https://www.chessgames.com/perl/chessplayer?pid=153896,unknown,rate limited (HTTP 429),"rate-limited or server error - not judged, will be retried"
1000039,"Sosonko, Gennadi",chesscom,Genna1943,https://www.chess.com/member/Genna1943,alive,200,no action
1000039,"Sosonko, Gennadi",chesscomPlayer,genna-sosonko,https://www.chess.com/players/genna-sosonko,unknown,rate limited (HTTP 429),"rate-limited or server error - not judged, will be retried"
1000039,"Sosonko, Gennadi",chessgames,23985,https://www.chessgames.com/perl/chessplayer?pid=23985,unknown,rate limited (HTTP 429),"rate-limited or server error - not judged, will be retried"
101966,"Spangenberg, Hugo",chesscom,hugospangenberg,https://www.chess.com/member/hugospangenberg,alive,200,no action
101966,"Spangenberg, Hugo",chesscomPlayer,hugo-spangenberg,https://www.chess.com/players/hugo-spangenberg,unknown,rate limited (HTTP 429),"rate-limited or server error - not judged, will be retried"
101966,"Spangenberg, Hugo",chessgames,14588,https://www.chessgames.com/perl/chessplayer?pid=14588,unknown,rate limited (HTTP 429),"rate-limited or server error - not judged, will be retried"
2900041,"Spasov, Vasil",chesscomPlayer,vasil-spasov,https://www.chess.com/players/vasil-spasov,unknown,rate limited (HTTP 429),"rate-limited or server error - not judged, will be retried"
2900041,"Spasov, Vasil",chessgames,37893,https://www.chessgames.com/perl/chessplayer?pid=37893,unknown,rate limited (HTTP 429),"rate-limited or server error - not judged, will be retried"
600024,"Spassky, Boris V.",chesscomPlayer,boris-spassky,https://www.chess.com/players/boris-spassky,alive,200,no action
600024,"Spassky, Boris V.",chessgames,21136,https://www.chessgames.com/perl/chessplayer?pid=21136,unknown,rate limited (HTTP 429),"rate-limited or server error - not judged, will be retried"
2900220,"Spassov, Liuben",chesscomPlayer,liuben-spassov,https://www.chess.com/players/liuben-spassov,unknown,rate limited (HTTP 429),"rate-limited or server error - not judged, will be retried"
2900220,"Spassov, Liuben",chessgames,67486,https://www.chessgames.com/perl/chessplayer?pid=67486,unknown,rate limited (HTTP 429),"rate-limited or server error - not judged, will be retried"
400033,"Speelman, Jon S",chesscom,jon_speelman,https://www.chess.com/member/jon_speelman,alive,200,no action
400033,"Speelman, Jon S",chesscomPlayer,jon-s-speelman,https://www.chess.com/players/jon-s-speelman,unknown,rate limited (HTTP 429),"rate-limited or server error - not judged, will be retried"
400033,"Speelman, Jon S",chessgames,27451,https://www.chessgames.com/perl/chessplayer?pid=27451,unknown,rate limited (HTTP 429),"rate-limited or server error - not judged, will be retried"
400033,"Speelman, Jon S",lichess,Jon_Speelman,https://lichess.org/@/Jon_Speelman,unknown,ConnectionResetError,"rate-limited or server error - not judged, will be retried"
400033,"Speelman, Jon S",x,JonSpeelman,https://x.com/JonSpeelman,alive,200,no action
400033,"Speelman, Jon S",twitch,JonSpeelman,,unchecked,app shell answers 200 for missing channels,cannot be tested from a server - left in place
2900238,"Spiridonov, Nikola",chesscomPlayer,nikola-spiridonov,https://www.chess.com/players/nikola-spiridonov,unknown,rate limited (HTTP 429),"rate-limited or server error - not judged, will be retried"
2900238,"Spiridonov, Nikola",chessgames,71469,https://www.chessgames.com/perl/chessplayer?pid=71469,unknown,rate limited (HTTP 429),"rate-limited or server error - not judged, will be retried"
1010891,"Spoelman, Wouter",chesscom,Mr_Dynamic,https://www.chess.com/member/Mr_Dynamic,alive,200,no action
1010891,"Spoelman, Wouter",chesscomPlayer,wouter-spoelman,https://www.chess.com/players/wouter-spoelman,alive,200,no action
1010891,"Spoelman, Wouter",chessgames,65795,https://www.chessgames.com/perl/chessplayer?pid=65795,unknown,rate limited (HTTP 429),"rate-limited or server error - not judged, will be retried"
2600013,"Spraggett, Kevin",chesscomPlayer,kevin-spraggett,https://www.chess.com/players/kevin-spraggett,unknown,rate limited (HTTP 429),"rate-limited or server error - not judged, will be retried"
2600013,"Spraggett, Kevin",chessgames,21784,https://www.chessgames.com/perl/chessplayer?pid=21784,unknown,rate limited (HTTP 429),"rate-limited or server error - not judged, will be retried"
4646258,"Sprenger, Jan Michael, Dr.",chesscomPlayer,dr-jan-michael-sprenger,https://www.chess.com/players/dr-jan-michael-sprenger,unknown,rate limited (HTTP 429),"rate-limited or server error - not judged, will be retried"
4646258,"Sprenger, Jan Michael, Dr.",chessgames,36815,https://www.chessgames.com/perl/chessplayer?pid=36815,unknown,rate limited (HTTP 429),"rate-limited or server error - not judged, will be retried"
4646258,"Sprenger, Jan Michael, Dr.",website,https://www.laeuferpaar.de,https://www.laeuferpaar.de,alive,200,no action
46617116,Srihari L R,chesscom,blitzking1729,https://www.chess.com/member/blitzking1729,alive,200,no action
46617116,Srihari L R,chesscomPlayer,l-r-srihari,https://www.chess.com/players/l-r-srihari,unknown,rate limited (HTTP 429),"rate-limited or server error - not judged, will be retried"
46617116,Srihari L R,chessgames,162079,https://www.chessgames.com/perl/chessplayer?pid=162079,unknown,rate limited (HTTP 429),"rate-limited or server error - not judged, will be retried"
5001668,"Sriram, Jha",chesscom,DelhiGM,https://www.chess.com/member/DelhiGM,alive,200,no action
5001668,"Sriram, Jha",chesscomPlayer,sriram-jha,https://www.chess.com/players/sriram-jha,alive,200,no action
5001668,"Sriram, Jha",chessgames,49541,https://www.chessgames.com/perl/chessplayer?pid=49541,unknown,rate limited (HTTP 429),"rate-limited or server error - not judged, will be retried"
1601776,"Stanec, Nikolaus",chesscomPlayer,nikolaus-stanec,https://www.chess.com/players/nikolaus-stanec,unknown,rate limited (HTTP 429),"rate-limited or server error - not judged, will be retried"
1601776,"Stanec, Nikolaus",chessgames,19847,https://www.chessgames.com/perl/chessplayer?pid=19847,unknown,rate limited (HTTP 429),"rate-limited or server error - not judged, will be retried"
15000257,"Stanojoski, Zvonko",chesscom,Ucitelot,https://www.chess.com/member/Ucitelot,alive,200,no action
15000257,"Stanojoski, Zvonko",chesscomPlayer,zvonko-stanojoski,https://www.chess.com/players/zvonko-stanojoski,unknown,rate limited (HTTP 429),"rate-limited or server error - not judged, will be retried"
15000257,"Stanojoski, Zvonko",chessgames,44759,https://www.chessgames.com/perl/chessplayer?pid=44759,unknown,rate limited (HTTP 429),"rate-limited or server error - not judged, will be retried"
5029104,"Stany, G.A.",chesscom,stanyga,https://www.chess.com/member/stanyga,alive,200,no action
5029104,"Stany, G.A.",chesscomPlayer,g-a-stany,https://www.chess.com/players/g-a-stany,unknown,rate limited (HTTP 429),"rate-limited or server error - not judged, will be retried"
5029104,"Stany, G.A.",chessgames,131275,https://www.chessgames.com/perl/chessplayer?pid=131275,unknown,rate limited (HTTP 429),"rate-limited or server error - not judged, will be retried"
5029104,"Stany, G.A.",x,Stany0122,https://x.com/Stany0122,alive,200,no action
11600748,"Starostits, Ilmars",chesscomPlayer,ilmars-starostits,https://www.chess.com/players/ilmars-starostits,alive,200,no action
11600748,"Starostits, Ilmars",chessgames,55519,https://www.chessgames.com/perl/chessplayer?pid=55519,unknown,rate limited (HTTP 429),"rate-limited or server error - not judged, will be retried"
400130,"Stean, Michael F",chesscomPlayer,michael-f-stean,https://www.chess.com/players/michael-f-stean,alive,200,no action
400130,"Stean, Michael F",chessgames,37449,https://www.chessgames.com/perl/chessplayer?pid=37449,unknown,rate limited (HTTP 429),"rate-limited or server error - not judged, will be retried"
2902257,"Stefanova, Antoaneta",chesscom,GMStefanova,https://www.chess.com/member/GMStefanova,alive,200,no action
2902257,"Stefanova, Antoaneta",chesscomPlayer,antoaneta-stefanova,https://www.chess.com/players/antoaneta-stefanova,unknown,rate limited (HTTP 429),"rate-limited or server error - not judged, will be retried"
2902257,"Stefanova, Antoaneta",chessgames,44272,https://www.chessgames.com/perl/chessplayer?pid=44272,unknown,rate limited (HTTP 429),"rate-limited or server error - not judged, will be retried"
2902257,"Stefanova, Antoaneta",lichess,AntoanetaStefanova79,https://lichess.org/@/AntoanetaStefanova79,unknown,ConnectionResetError,"rate-limited or server error - not judged, will be retried"
2300087,"Stefansson, Hannes",chesscom,TheRobot72,https://www.chess.com/member/TheRobot72,alive,200,no action
2300087,"Stefansson, Hannes",chesscomPlayer,hannes-stefansson,https://www.chess.com/players/hannes-stefansson,unknown,rate limited (HTTP 429),"rate-limited or server error - not judged, will be retried"
2300087,"Stefansson, Hannes",chessgames,13793,https://www.chessgames.com/perl/chessplayer?pid=13793,unknown,rate limited (HTTP 429),"rate-limited or server error - not judged, will be retried"
2308649,"Stefansson, Vignir Vatnar",chesscomPlayer,vignir-vatnar-stefansson,https://www.chess.com/players/vignir-vatnar-stefansson,unknown,rate limited (HTTP 429),"rate-limited or server error - not judged, will be retried"
2308649,"Stefansson, Vignir Vatnar",chessgames,129027,https://www.chessgames.com/perl/chessplayer?pid=129027,unknown,rate limited (HTTP 429),"rate-limited or server error - not judged, will be retried"
2801795,"Steinberg, Nitzan",chesscom,Nitzan_Steinberg,https://www.chess.com/member/Nitzan_Steinberg,alive,200,no action
2801795,"Steinberg, Nitzan",chesscomPlayer,nitzan-steinberg,https://www.chess.com/players/nitzan-steinberg,alive,200,no action
2801795,"Steinberg, Nitzan",chessgames,134693,https://www.chessgames.com/perl/chessplayer?pid=134693,unknown,rate limited (HTTP 429),"rate-limited or server error - not judged, will be retried"
2300117,"Steingrimsson, Hedinn",chesscom,Hedinn,https://www.chess.com/member/Hedinn,alive,200,no action
2300117,"Steingrimsson, Hedinn",chesscomPlayer,hedinn-steingrimsson,https://www.chess.com/players/hedinn-steingrimsson,unknown,rate limited (HTTP 429),"rate-limited or server error - not judged, will be retried"
2300117,"Steingrimsson, Hedinn",chessgames,29157,https://www.chessgames.com/perl/chessplayer?pid=29157,unknown,rate limited (HTTP 429),"rate-limited or server error - not judged, will be retried"
827061,"Stella, Andrea",chesscom,Superetual,https://www.chess.com/member/Superetual,alive,200,no action
827061,"Stella, Andrea",chesscomPlayer,andrea-stella,https://www.chess.com/players/andrea-stella,unknown,rate limited (HTTP 429),"rate-limited or server error - not judged, will be retried"
827061,"Stella, Andrea",chessgames,118220,https://www.chessgames.com/perl/chessplayer?pid=118220,unknown,rate limited (HTTP 429),"rate-limited or server error - not judged, will be retried"
1006673,"Stellwagen, Daniel",chesscomPlayer,daniel-stellwagen,https://www.chess.com/players/daniel-stellwagen,unknown,rate limited (HTTP 429),"rate-limited or server error - not judged, will be retried"
1006673,"Stellwagen, Daniel",chessgames,50906,https://www.chessgames.com/perl/chessplayer?pid=50906,unknown,rate limited (HTTP 429),"rate-limited or server error - not judged, will be retried"
4611799,"Stern, Rene",chesscomPlayer,rene-stern,https://www.chess.com/players/rene-stern,unknown,rate limited (HTTP 429),"rate-limited or server error - not judged, will be retried"
4611799,"Stern, Rene",chessgames,17888,https://www.chessgames.com/perl/chessplayer?pid=17888,unknown,rate limited (HTTP 429),"rate-limited or server error - not judged, will be retried"
14502569,"Stevic, Hrvoje",chesscom,Art_Vandelay1980,https://www.chess.com/member/Art_Vandelay1980,alive,200,no action
14502569,"Stevic, Hrvoje",chesscomPlayer,hrvoje-stevic,https://www.chess.com/players/hrvoje-stevic,alive,200,no action
14502569,"Stevic, Hrvoje",chessgames,24742,https://www.chessgames.com/perl/chessplayer?pid=24742,unknown,rate limited (HTTP 429),"rate-limited or server error - not judged, will be retried"
304760,"Stocek, Jiri",chesscom,KruHor,https://www.chess.com/member/KruHor,alive,200,no action
304760,"Stocek, Jiri",chesscomPlayer,jiri-stocek,https://www.chess.com/players/jiri-stocek,unknown,rate limited (HTTP 429),"rate-limited or server error - not judged, will be retried"
304760,"Stocek, Jiri",chessgames,19861,https://www.chessgames.com/perl/chessplayer?pid=19861,unknown,rate limited (HTTP 429),"rate-limited or server error - not judged, will be retried"
14900025,"Stohl, Igor",chesscomPlayer,igor-stohl,https://www.chess.com/players/igor-stohl,unknown,rate limited (HTTP 429),"rate-limited or server error - not judged, will be retried"
14900025,"Stohl, Igor",chessgames,11703,https://www.chessgames.com/perl/chessplayer?pid=11703,unknown,rate limited (HTTP 429),"rate-limited or server error - not judged, will be retried"
922692,"Stojanovic, Dalibor",chesscomPlayer,dalibor-stojanovic,https://www.chess.com/players/dalibor-stojanovic,unknown,rate limited (HTTP 429),"rate-limited or server error - not judged, will be retried"
922692,"Stojanovic, Dalibor",chessgames,53030,https://www.chessgames.com/perl/chessplayer?pid=53030,unknown,rate limited (HTTP 429),"rate-limited or server error - not judged, will be retried"
916366,"Stojanovic, Mihajlo",chesscom,Bentsfriend,https://www.chess.com/member/Bentsfriend,alive,200,no action
916366,"Stojanovic, Mihajlo",chesscomPlayer,mihajlo-stojanovic,https://www.chess.com/players/mihajlo-stojanovic,alive,200,no action
916366,"Stojanovic, Mihajlo",chessgames,26740,https://www.chessgames.com/perl/chessplayer?pid=26740,unknown,rate limited (HTTP 429),"rate-limited or server error - not judged, will be retried"
1119591,"Stopa, Jacek",chesscom,Leeroy275,https://www.chess.com/member/Leeroy275,alive,200,no action
1119591,"Stopa, Jacek",chesscomPlayer,jacek-stopa,https://www.chess.com/players/jacek-stopa,unknown,rate limited (HTTP 429),"rate-limited or server error - not judged, will be retried"
1119591,"Stopa, Jacek",chessgames,95963,https://www.chessgames.com/perl/chessplayer?pid=95963,unknown,rate limited (HTTP 429),"rate-limited or server error - not judged, will be retried"
12804444,"Stremavicius, Titas",chesscomPlayer,titas-stremavicius,https://www.chess.com/players/titas-stremavicius,unknown,rate limited (HTTP 429),"rate-limited or server error - not judged, will be retried"
12804444,"Stremavicius, Titas",chessgames,134815,https://www.chessgames.com/perl/chessplayer?pid=134815,unknown,rate limited (HTTP 429),"rate-limited or server error - not judged, will be retried"
900150,"Strikovic, Aleksa",chesscom,lestri,https://www.chess.com/member/lestri,alive,200,no action
900150,"Strikovic, Aleksa",chesscomPlayer,aleksa-strikovic,https://www.chess.com/players/aleksa-strikovic,unknown,rate limited (HTTP 429),"rate-limited or server error - not judged, will be retried"
900150,"Strikovic, Aleksa",chessgames,13997,https://www.chessgames.com/perl/chessplayer?pid=13997,unknown,rate limited (HTTP 429),"rate-limited or server error - not judged, will be retried"
2015315,"Stripunsky, Alexander",chesscom,Alex_Stripunsky,https://www.chess.com/member/Alex_Stripunsky,alive,200,no action
2015315,"Stripunsky, Alexander",chesscomPlayer,alexander-stripunsky,https://www.chess.com/players/alexander-stripunsky,alive,200,no action
2015315,"Stripunsky, Alexander",chessgames,17205,https://www.chessgames.com/perl/chessplayer?pid=17205,unknown,rate limited (HTTP 429),"rate-limited or server error - not judged, will be retried"
1319620,"Studer, Noel",chesscom,swisspower96,https://www.chess.com/member/swisspower96,alive,200,no action
1319620,"Studer, Noel",chesscomPlayer,noel-studer,https://www.chess.com/players/noel-studer,unknown,rate limited (HTTP 429),"rate-limited or server error - not judged, will be retried"
1319620,"Studer, Noel",chessgames,134838,https://www.chessgames.com/perl/chessplayer?pid=134838,unknown,rate limited (HTTP 429),"rate-limited or server error - not judged, will be retried"
1319620,"Studer, Noel",x,NoelStuder,https://x.com/NoelStuder,dead,HTTP 404,removed from roster.csv - replace with the current handle if you find one
24107131,"Stukopin, Andrey",chesscom,andreystukopin,https://www.chess.com/member/andreystukopin,alive,200,no action
24107131,"Stukopin, Andrey",chesscomPlayer,andrey-stukopin,https://www.chess.com/players/andrey-stukopin,unknown,rate limited (HTTP 429),"rate-limited or server error - not judged, will be retried"
24107131,"Stukopin, Andrey",chessgames,119969,https://www.chessgames.com/perl/chessplayer?pid=119969,unknown,rate limited (HTTP 429),"rate-limited or server error - not judged, will be retried"
13503758,"Stupak, Kirill",chesscom,S2PAc,https://www.chess.com/member/S2PAc,alive,200,no action
13503758,"Stupak, Kirill",chesscomPlayer,kirill-stupak,https://www.chess.com/players/kirill-stupak,unknown,rate limited (HTTP 429),"rate-limited or server error - not judged, will be retried"
13503758,"Stupak, Kirill",chessgames,95990,https://www.chessgames.com/perl/chessplayer?pid=95990,unknown,rate limited (HTTP 429),"rate-limited or server error - not judged, will be retried"
2007304,"Sturt, Raven",chesscom,chessathletic,https://www.chess.com/member/chessathletic,alive,200,no action
2007304,"Sturt, Raven",chesscomPlayer,raven-m-sturt,https://www.chess.com/players/raven-m-sturt,alive,200,no action
2007304,"Sturt, Raven",chessgames,124657,https://www.chessgames.com/perl/chessplayer?pid=124657,unknown,rate limited (HTTP 429),"rate-limited or server error - not judged, will be retried"
13600095,"Sturua, Zurab",chesscomPlayer,zurab-sturua,https://www.chess.com/players/zurab-sturua,unknown,rate limited (HTTP 429),"rate-limited or server error - not judged, will be retried"
13600095,"Sturua, Zurab",chessgames,16904,https://www.chessgames.com/perl/chessplayer?pid=16904,unknown,rate limited (HTTP 429),"rate-limited or server error - not judged, will be retried"
1203363,"Suba, Mihai",chesscom,mihaisuba,https://www.chess.com/member/mihaisuba,alive,200,no action
1203363,"Suba, Mihai",chesscomPlayer,mihai-suba,https://www.chess.com/players/mihai-suba,unknown,rate limited (HTTP 429),"rate-limited or server error - not judged, will be retried"
1203363,"Suba, Mihai",chessgames,15401,https://www.chessgames.com/perl/chessplayer?pid=15401,unknown,rate limited (HTTP 429),"rate-limited or server error - not judged, will be retried"
14618583,"Subelj, Jan",chesscom,js20000,https://www.chess.com/member/js20000,alive,200,no action
14618583,"Subelj, Jan",chesscomPlayer,jan-subelj,https://www.chess.com/players/jan-subelj,alive,200,no action
14618583,"Subelj, Jan",chessgames,156041,https://www.chessgames.com/perl/chessplayer?pid=156041,unknown,rate limited (HTTP 429),"rate-limited or server error - not judged, will be retried"
13413937,"Suleymanli, Aydin",chesscom,LastGladiator1,https://www.chess.com/member/LastGladiator1,alive,200,no action
13413937,"Suleymanli, Aydin",chesscomPlayer,aydin-suleymanli,https://www.chess.com/players/aydin-suleymanli,unknown,rate limited (HTTP 429),"rate-limited or server error - not judged, will be retried"
13413937,"Suleymanli, Aydin",chessgames,154733,https://www.chessgames.com/perl/chessplayer?pid=154733,unknown,rate limited (HTTP 429),"rate-limited or server error - not judged, will be retried"
13707833,"Suleymenov, Alisher",chesscom,alishersuleymenov,https://www.chess.com/member/alishersuleymenov,alive,200,no action
13707833,"Suleymenov, Alisher",chesscomPlayer,alisher-suleymenov,https://www.chess.com/players/alisher-suleymenov,unknown,rate limited (HTTP 429),"rate-limited or server error - not judged, will be retried"
13707833,"Suleymenov, Alisher",chessgames,155955,https://www.chessgames.com/perl/chessplayer?pid=155955,unknown,rate limited (HTTP 429),"rate-limited or server error - not judged, will be retried"
13707833,"Suleymenov, Alisher",lichess,Alisher_Suleymenov,https://lichess.org/@/Alisher_Suleymenov,unknown,ConnectionResetError,"rate-limited or server error - not judged, will be retried"
12800112,"Sulskis, Sarunas",chesscom,MargirisKaunas,https://www.chess.com/member/MargirisKaunas,alive,200,no action
12800112,"Sulskis, Sarunas",chesscomPlayer,sarunas-sulskis,https://www.chess.com/players/sarunas-sulskis,alive,200,no action
12800112,"Sulskis, Sarunas",chessgames,35787,https://www.chessgames.com/perl/chessplayer?pid=35787,unknown,rate limited (HTTP 429),"rate-limited or server error - not judged, will be retried"
14100487,"Sulypa, Oleksandr",chesscom,Flycont,https://www.chess.com/member/Flycont,alive,200,no action
14100487,"Sulypa, Oleksandr",chesscomPlayer,oleksandr-sulypa,https://www.chess.com/players/oleksandr-sulypa,unknown,rate limited (HTTP 429),"rate-limited or server error - not judged, will be retried"
14100487,"Sulypa, Oleksandr",chessgames,49435,https://www.chessgames.com/perl/chessplayer?pid=49435,unknown,rate limited (HTTP 429),"rate-limited or server error - not judged, will be retried"
14100487,"Sulypa, Oleksandr",x,Flycont,https://x.com/Flycont,alive,200,no action
14105500,"Sumets, Andrey",chesscom,diokletian,https://www.chess.com/member/diokletian,alive,200,no action
14105500,"Sumets, Andrey",chesscomPlayer,andrey-sumets,https://www.chess.com/players/andrey-sumets,alive,200,no action
14105500,"Sumets, Andrey",chessgames,52055,https://www.chessgames.com/perl/chessplayer?pid=52055,unknown,rate limited (HTTP 429),"rate-limited or server error - not judged, will be retried"
14105500,"Sumets, Andrey",lichess,Odessacoach,https://lichess.org/@/Odessacoach,unknown,ConnectionResetError,"rate-limited or server error - not judged, will be retried"
400980,"Summerscale, Aaron P",chesscom,airgun1,https://www.chess.com/member/airgun1,alive,200,no action
400980,"Summerscale, Aaron P",chesscomPlayer,aaron-p-summerscale,https://www.chess.com/players/aaron-p-summerscale,unknown,rate limited (HTTP 429),"rate-limited or server error - not judged, will be retried"
400980,"Summerscale, Aaron P",chessgames,13772,https://www.chessgames.com/perl/chessplayer?pid=13772,unknown,rate limited (HTTP 429),"rate-limited or server error - not judged, will be retried"
400980,"Summerscale, Aaron P",facebook,aaron.summerscale,,unchecked,returns HTTP 400 to all automated requests,cannot be tested from a server - left in place
5005370,"Sundararajan, Kidambi",chesscom,Sundarkidambi,https://www.chess.com/member/Sundarkidambi,alive,200,no action
5005370,"Sundararajan, Kidambi",chesscomPlayer,kidambi-sundararajan,https://www.chess.com/players/kidambi-sundararajan,unknown,rate limited (HTTP 429),"rate-limited or server error - not judged, will be retried"
5005370,"Sundararajan, Kidambi",chessgames,11567,https://www.chessgames.com/perl/chessplayer?pid=11567,unknown,rate limited (HTTP 429),"rate-limited or server error - not judged, will be retried"
5005370,"Sundararajan, Kidambi",x,KidambiGm,https://x.com/KidambiGm,alive,200,no action
2100037,"Sunye Neto, Jaime",chesscomPlayer,jaime-sunye-neto,https://www.chess.com/players/jaime-sunye-neto,alive,200,no action
2100037,"Sunye Neto, Jaime",chessgames,15457,https://www.chessgames.com/perl/chessplayer?pid=15457,unknown,rate limited (HTTP 429),"rate-limited or server error - not judged, will be retried"
2106388,"Supi, Luis Paulo",chesscom,LPSupi,https://www.chess.com/member/LPSupi,alive,200,no action
2106388,"Supi, Luis Paulo",chesscomPlayer,luis-paulo-supi,https://www.chess.com/players/luis-paulo-supi,unknown,rate limited (HTTP 429),"rate-limited or server error - not judged, will be retried"
2106388,"Supi, Luis Paulo",chessgames,149239,https://www.chessgames.com/perl/chessplayer?pid=149239,unknown,rate limited (HTTP 429),"rate-limited or server error - not judged, will be retried"
2106388,"Supi, Luis Paulo",instagram,gmsupi,,unchecked,login wall answers 200 for missing profiles,cannot be tested from a server - left in place
2106388,"Supi, Luis Paulo",youtube,UCpiJhNVDJoKDhShQeC7tN4A,,unchecked,consent page answers 200 for missing channels,cannot be tested from a server - left in place
2106388,"Supi, Luis Paulo",twitch,gmsupi,,unchecked,app shell answers 200 for missing channels,cannot be tested from a server - left in place
2802007,"Sutovsky, Emil",chesscomPlayer,emil-sutovsky,https://www.chess.com/players/emil-sutovsky,unknown,rate limited (HTTP 429),"rate-limited or server error - not judged, will be retried"
2802007,"Sutovsky, Emil",chessgames,10836,https://www.chessgames.com/perl/chessplayer?pid=10836,unknown,rate limited (HTTP 429),"rate-limited or server error - not judged, will be retried"
2802007,"Sutovsky, Emil",x,EmilSutovsky,https://x.com/EmilSutovsky,alive,200,no action
2600056,"Suttles, Duncan",chesscomPlayer,duncan-suttles,https://www.chess.com/players/duncan-suttles,unknown,rate limited (HTTP 429),"rate-limited or server error - not judged, will be retried"
2600056,"Suttles, Duncan",chessgames,16142,https://www.chessgames.com/perl/chessplayer?pid=16142,unknown,rate limited (HTTP 429),"rate-limited or server error - not judged, will be retried"
12923044,"Svane, Frederik",chesscom,frederiksvane,https://www.chess.com/member/frederiksvane,alive,200,no action
12923044,"Svane, Frederik",chesscomPlayer,frederik-svane,https://www.chess.com/players/frederik-svane,alive,200,no action
12923044,"Svane, Frederik",chessgames,150644,https://www.chessgames.com/perl/chessplayer?pid=150644,unknown,rate limited (HTTP 429),"rate-limited or server error - not judged, will be retried"
12923044,"Svane, Frederik",lichess,Chessfis,https://lichess.org/@/Chessfis,unknown,ConnectionResetError,"rate-limited or server error - not judged, will be retried"
12923044,"Svane, Frederik",x,GMFrederikSvane,https://x.com/GMFrederikSvane,alive,200,no action
12923044,"Svane, Frederik",twitch,gmfrederiksvane,,unchecked,app shell answers 200 for missing channels,cannot be tested from a server - left in place
4657101,"Svane, Rasmus",chesscom,rasmussvane,https://www.chess.com/member/rasmussvane,alive,200,no action
4657101,"Svane, Rasmus",chesscomPlayer,rasmus-svane,https://www.chess.com/players/rasmus-svane,unknown,rate limited (HTTP 429),"rate-limited or server error - not judged, will be retried"
4657101,"Svane, Rasmus",chessgames,118157,https://www.chessgames.com/perl/chessplayer?pid=118157,unknown,rate limited (HTTP 429),"rate-limited or server error - not judged, will be retried"
4657101,"Svane, Rasmus",lichess,sumsar42,https://lichess.org/@/sumsar42,unknown,ConnectionResetError,"rate-limited or server error - not judged, will be retried"
4657101,"Svane, Rasmus",x,GMRasmusSvane,https://x.com/GMRasmusSvane,alive,200,no action
4657101,"Svane, Rasmus",youtube,UC2XtMJKnr8SCaj3aU2jgaDg,,unchecked,consent page answers 200 for missing channels,cannot be tested from a server - left in place
4657101,"Svane, Rasmus",twitch,gmrasmussvane,,unchecked,app shell answers 200 for missing channels,cannot be tested from a server - left in place
4100638,"Sveshnikov, Evgeny",chesscomPlayer,evgeny-sveshnikov,https://www.chess.com/players/evgeny-sveshnikov,unknown,rate limited (HTTP 429),"rate-limited or server error - not judged, will be retried"
4100638,"Sveshnikov, Evgeny",chessgames,44139,https://www.chessgames.com/perl/chessplayer?pid=44139,unknown,rate limited (HTTP 429),"rate-limited or server error - not judged, will be retried"
4102142,"Svidler, Peter",chesscom,PSvidler,https://www.chess.com/member/PSvidler,alive,200,no action
4102142,"Svidler, Peter",chesscomPlayer,peter-svidler,https://www.chess.com/players/peter-svidler,unknown,rate limited (HTTP 429),"rate-limited or server error - not judged, will be retried"
4102142,"Svidler, Peter",chessgames,79968,https://www.chessgames.com/perl/chessplayer?pid=79968,unknown,rate limited (HTTP 429),"rate-limited or server error - not judged, will be retried"
4102142,"Svidler, Peter",lichess,Moose959,https://lichess.org/@/Moose959,unknown,ConnectionResetError,"rate-limited or server error - not judged, will be retried"
4102142,"Svidler, Peter",x,polborta,https://x.com/polborta,alive,200,no action
4102142,"Svidler, Peter",facebook,peter.svidler.3,,unchecked,returns HTTP 400 to all automated requests,cannot be tested from a server - left in place
5019184,"Swapnil, S. Dhopade",chesscom,swapchess90,https://www.chess.com/member/swapchess90,alive,200,no action
5019184,"Swapnil, S. Dhopade",chesscomPlayer,s-dhopade-swapnil,https://www.chess.com/players/s-dhopade-swapnil,unknown,rate limited (HTTP 429),"rate-limited or server error - not judged, will be retried"
5019184,"Swapnil, S. Dhopade",chessgames,117291,https://www.chessgames.com/perl/chessplayer?pid=117291,unknown,rate limited (HTTP 429),"rate-limited or server error - not judged, will be retried"
5028183,"Swayams, Mishra",chesscom,swayamsm,https://www.chess.com/member/swayamsm,alive,200,no action
5028183,"Swayams, Mishra",chesscomPlayer,mishra-swayams,https://www.chess.com/players/mishra-swayams,unknown,rate limited (HTTP 429),"rate-limited or server error - not judged, will be retried"
5028183,"Swayams, Mishra",chessgames,131265,https://www.chessgames.com/perl/chessplayer?pid=131265,unknown,rate limited (HTTP 429),"rate-limited or server error - not judged, will be retried"
1126881,"Swiercz, Dariusz",chesscom,daro94,https://www.chess.com/member/daro94,alive,200,no action
1126881,"Swiercz, Dariusz",chesscomPlayer,dariusz-swiercz,https://www.chess.com/players/dariusz-swiercz,unknown,rate limited (HTTP 429),"rate-limited or server error - not judged, will be retried"
1126881,"Swiercz, Dariusz",chessgames,54770,https://www.chessgames.com/perl/chessplayer?pid=54770,unknown,rate limited (HTTP 429),"rate-limited or server error - not judged, will be retried"
1010824,"Swinkels, Robin",chesscom,RobinSwinkels,https://www.chess.com/member/RobinSwinkels,alive,200,no action
1010824,"Swinkels, Robin",chesscomPlayer,robin-swinkels,https://www.chess.com/players/robin-swinkels,unknown,rate limited (HTTP 429),"rate-limited or server error - not judged, will be retried"
1010824,"Swinkels, Robin",chessgames,54705,https://www.chessgames.com/perl/chessplayer?pid=54705,unknown,rate limited (HTTP 429),"rate-limited or server error - not judged, will be retried"
4114060,"Sychev, Klementy",chesscom,Sychev_Klementy,https://www.chess.com/member/Sychev_Klementy,alive,200,no action
4114060,"Sychev, Klementy",chesscomPlayer,klementy-sychev,https://www.chess.com/players/klementy-sychev,unknown,rate limited (HTTP 429),"rate-limited or server error - not judged, will be retried"
4114060,"Sychev, Klementy",chessgames,141633,https://www.chessgames.com/perl/chessplayer?pid=141633,unknown,rate limited (HTTP 429),"rate-limited or server error - not judged, will be retried"
4114060,"Sychev, Klementy",lichess,venajalainen,https://lichess.org/@/venajalainen,unknown,ConnectionResetError,"rate-limited or server error - not judged, will be retried"
4114060,"Sychev, Klementy",youtube,UCf8-mSW5HG38Ae3NJfR5qvg,,unchecked,consent page answers 200 for missing channels,cannot be tested from a server - left in place
1205064,"Szabo, Gergely-Andras-Gyula",chesscom,Anaconda1983,https://www.chess.com/member/Anaconda1983,alive,200,no action
1205064,"Szabo, Gergely-Andras-Gyula",chesscomPlayer,gergely-andras-gyula-szabo,https://www.chess.com/players/gergely-andras-gyula-szabo,alive,200,no action
1205064,"Szabo, Gergely-Andras-Gyula",chessgames,17294,https://www.chessgames.com/perl/chessplayer?pid=17294,unknown,rate limited (HTTP 429),"rate-limited or server error - not judged, will be retried"
722901,"Szabo, Krisztian",chesscom,GMSzabo,https://www.chess.com/member/GMSzabo,alive,200,no action
722901,"Szabo, Krisztian",chesscomPlayer,krisztian-szabo,https://www.chess.com/players/krisztian-szabo,unknown,rate limited (HTTP 429),"rate-limited or server error - not judged, will be retried"
722901,"Szabo, Krisztian",chessgames,74289,https://www.chessgames.com/perl/chessplayer?pid=74289,unknown,rate limited (HTTP 429),"rate-limited or server error - not judged, will be retried"
1184989,"Szpar, Milosz",chesscom,Szparu,https://www.chess.com/member/Szparu,alive,200,no action
1184989,"Szpar, Milosz",chesscomPlayer,milosz-szpar,https://www.chess.com/players/milosz-szpar,unknown,rate limited (HTTP 429),"rate-limited or server error - not judged, will be retried"
1184989,"Szpar, Milosz",chessgames,157992,https://www.chessgames.com/perl/chessplayer?pid=157992,unknown,rate limited (HTTP 429),"rate-limited or server error - not judged, will be retried"
12521213,"Tabatabaei, M. Amin",chesscom,amintabatabaei,https://www.chess.com/member/amintabatabaei,alive,200,no action
12521213,"Tabatabaei, M. Amin",chesscomPlayer,amin-tabatabaei,https://www.chess.com/players/amin-tabatabaei,unknown,rate limited (HTTP 429),"rate-limited or server error - not judged, will be retried"
12521213,"Tabatabaei, M. Amin",chessgames,142947,https://www.chessgames.com/perl/chessplayer?pid=142947,unknown,rate limited (HTTP 429),"rate-limited or server error - not judged, will be retried"
12521213,"Tabatabaei, M. Amin",instagram,amin_____tb,,unchecked,login wall answers 200 for missing profiles,cannot be tested from a server - left in place
916412,"Tadic, Branko",chesscomPlayer,branko-tadic,https://www.chess.com/players/branko-tadic,alive,200,no action
916412,"Tadic, Branko",chessgames,49478,https://www.chessgames.com/perl/chessplayer?pid=49478,unknown,rate limited (HTTP 429),"rate-limited or server error - not judged, will be retried"
916412,"Tadic, Branko",lichess,Branko_Tadic,https://lichess.org/@/Branko_Tadic,unknown,ConnectionResetError,"rate-limited or server error - not judged, will be retried"
13401661,"Tahirov, Farhad",chesscomPlayer,farhad-tahirov,https://www.chess.com/players/farhad-tahirov,unknown,rate limited (HTTP 429),"rate-limited or server error - not judged, will be retried"
13401661,"Tahirov, Farhad",chessgames,50084,https://www.chessgames.com/perl/chessplayer?pid=50084,unknown,rate limited (HTTP 429),"rate-limited or server error - not judged, will be retried"
9300201,"Taleb, Moussa",chesscomPlayer,taleb-moussa,https://www.chess.com/players/taleb-moussa,unknown,rate limited (HTTP 429),"rate-limited or server error - not judged, will be retried"
9300201,"Taleb, Moussa",chessgames,47159,https://www.chessgames.com/perl/chessplayer?pid=47159,unknown,rate limited (HTTP 429),"rate-limited or server error - not judged, will be retried"
303445,"Talla, Vladimir",chesscomPlayer,vladimir-talla,https://www.chess.com/players/vladimir-talla,unknown,rate limited (HTTP 429),"rate-limited or server error - not judged, will be retried"
303445,"Talla, Vladimir",chessgames,51461,https://www.chessgames.com/perl/chessplayer?pid=51461,unknown,rate limited (HTTP 429),"rate-limited or server error - not judged, will be retried"
3206882,"Tan, Justin",chesscom,justantan,https://www.chess.com/member/justantan,alive,200,no action
3206882,"Tan, Justin",chesscomPlayer,justin-tan,https://www.chess.com/players/justin-tan,alive,200,no action
3206882,"Tan, Justin",chessgames,134352,https://www.chessgames.com/perl/chessplayer?pid=134352,unknown,rate limited (HTTP 429),"rate-limited or server error - not judged, will be retried"
8603642,"Tan, Zhongyi",chesscom,daika91,https://www.chess.com/member/daika91,alive,200,no action
8603642,"Tan, Zhongyi",chesscomPlayer,tan-zhongyi,https://www.chess.com/players/tan-zhongyi,unknown,rate limited (HTTP 429),"rate-limited or server error - not judged, will be retried"
8603642,"Tan, Zhongyi",chessgames,51565,https://www.chessgames.com/perl/chessplayer?pid=51565,unknown,rate limited (HTTP 429),"rate-limited or server error - not judged, will be retried"
2059630,"Tang, Andrew",chesscom,penguingm1,https://www.chess.com/member/penguingm1,alive,200,no action
2059630,"Tang, Andrew",chesscomPlayer,andrew-tang,https://www.chess.com/players/andrew-tang,unknown,rate limited (HTTP 429),"rate-limited or server error - not judged, will be retried"
2059630,"Tang, Andrew",chessgames,153470,https://www.chessgames.com/perl/chessplayer?pid=153470,unknown,rate limited (HTTP 429),"rate-limited or server error - not judged, will be retried"
2059630,"Tang, Andrew",x,penguingm1,https://x.com/penguingm1,alive,200,no action
2059630,"Tang, Andrew",instagram,andrewtang1_,,unchecked,login wall answers 200 for missing profiles,cannot be tested from a server - left in place
2059630,"Tang, Andrew",youtube,UCcJxY7NovRrYCsxyl6qaFLA,,unchecked,consent page answers 200 for missing channels,cannot be tested from a server - left in place
2059630,"Tang, Andrew",twitch,penguingm1,,unchecked,app shell answers 200 for missing channels,cannot be tested from a server - left in place
34544712,"Tarhan, Adar",chesscomPlayer,adar-tarhan,https://www.chess.com/players/adar-tarhan,unknown,rate limited (HTTP 429),"rate-limited or server error - not judged, will be retried"
1510045,"Tari, Aryan",chesscom,AryanTari,https://www.chess.com/member/AryanTari,alive,200,no action
1510045,"Tari, Aryan",chesscomPlayer,aryan-tari,https://www.chess.com/players/aryan-tari,alive,200,no action
1510045,"Tari, Aryan",chessgames,122590,https://www.chessgames.com/perl/chessplayer?pid=122590,unknown,rate limited (HTTP 429),"rate-limited or server error - not judged, will be retried"
1510045,"Tari, Aryan",x,aryan_tari,https://x.com/aryan_tari,alive,200,no action
1510045,"Tari, Aryan",instagram,aryan.tari,,unchecked,login wall answers 200 for missing profiles,cannot be tested from a server - left in place
2000180,"Tarjan, James",chesscom,Tirantes,https://www.chess.com/member/Tirantes,alive,200,no action
2000180,"Tarjan, James",chesscomPlayer,james-tarjan,https://www.chess.com/players/james-tarjan,unknown,rate limited (HTTP 429),"rate-limited or server error - not judged, will be retried"
2000180,"Tarjan, James",chessgames,23094,https://www.chessgames.com/perl/chessplayer?pid=23094,unknown,rate limited (HTTP 429),"rate-limited or server error - not judged, will be retried"
14114089,"Tarlev, Konstantin",chesscom,Tarlev_Konstantin,https://www.chess.com/member/Tarlev_Konstantin,alive,200,no action
14114089,"Tarlev, Konstantin",chesscomPlayer,konstantin-tarlev,https://www.chess.com/players/konstantin-tarlev,unknown,rate limited (HTTP 429),"rate-limited or server error - not judged, will be retried"
14114089,"Tarlev, Konstantin",chessgames,76825,https://www.chessgames.com/perl/chessplayer?pid=76825,unknown,rate limited (HTTP 429),"rate-limited or server error - not judged, will be retried"
14114089,"Tarlev, Konstantin",lichess,Konstantin_Tarlev,https://lichess.org/@/Konstantin_Tarlev,unknown,ConnectionResetError,"rate-limited or server error - not judged, will be retried"
1122452,"Tazbir, Marcin",chesscom,GMTazbir,https://www.chess.com/member/GMTazbir,alive,200,no action
1122452,"Tazbir, Marcin",chesscomPlayer,marcin-tazbir,https://www.chess.com/players/marcin-tazbir,unknown,rate limited (HTTP 429),"rate-limited or server error - not judged, will be retried"
1122452,"Tazbir, Marcin",chessgames,54472,https://www.chessgames.com/perl/chessplayer?pid=54472,unknown,rate limited (HTTP 429),"rate-limited or server error - not judged, will be retried"
1185934,"Teclaf, Pawel",chesscom,Yarebore2003,https://www.chess.com/member/Yarebore2003,alive,200,no action
1185934,"Teclaf, Pawel",chesscomPlayer,pawel-teclaf,https://www.chess.com/players/pawel-teclaf,unknown,rate limited (HTTP 429),"rate-limited or server error - not judged, will be retried"
1185934,"Teclaf, Pawel",chessgames,157967,https://www.chessgames.com/perl/chessplayer?pid=157967,unknown,rate limited (HTTP 429),"rate-limited or server error - not judged, will be retried"
13700022,"Temirbayev, Serikbay",chesscomPlayer,serikbay-temirbayev,https://www.chess.com/players/serikbay-temirbayev,alive,200,no action
13700022,"Temirbayev, Serikbay",chessgames,41905,https://www.chessgames.com/perl/chessplayer?pid=41905,unknown,rate limited (HTTP 429),"rate-limited or server error - not judged, will be retried"
1026356,"Ten Hertog, Hugo",chesscom,Federtiu,https://www.chess.com/member/Federtiu,alive,200,no action
1026356,"Ten Hertog, Hugo",chesscomPlayer,hugo-ten-hertog,https://www.chess.com/players/hugo-ten-hertog,unknown,rate limited (HTTP 429),"rate-limited or server error - not judged, will be retried"
1026356,"Ten Hertog, Hugo",chessgames,102264,https://www.chessgames.com/perl/chessplayer?pid=102264,unknown,rate limited (HTTP 429),"rate-limited or server error - not judged, will be retried"
13302531,"Ter-Sahakyan, Samvel",chesscom,Sam_ChessMood,https://www.chess.com/member/Sam_ChessMood,alive,200,no action
13302531,"Ter-Sahakyan, Samvel",chesscomPlayer,samvel-ter-sahakyan,https://www.chess.com/players/samvel-ter-sahakyan,unknown,rate limited (HTTP 429),"rate-limited or server error - not judged, will be retried"
13302531,"Ter-Sahakyan, Samvel",chessgames,95921,https://www.chessgames.com/perl/chessplayer?pid=95921,unknown,rate limited (HTTP 429),"rate-limited or server error - not judged, will be retried"
4611500,"Teske, Henrik",chesscomPlayer,henrik-teske,https://www.chess.com/players/henrik-teske,unknown,rate limited (HTTP 429),"rate-limited or server error - not judged, will be retried"
4611500,"Teske, Henrik",chessgames,18083,https://www.chessgames.com/perl/chessplayer?pid=18083,unknown,rate limited (HTTP 429),"rate-limited or server error - not judged, will be retried"
13501429,"Teterev, Vitaly",chesscomPlayer,vitaly-teterev,https://www.chess.com/players/vitaly-teterev,alive,200,no action
13501429,"Teterev, Vitaly",chessgames,54498,https://www.chessgames.com/perl/chessplayer?pid=54498,unknown,rate limited (HTTP 429),"rate-limited or server error - not judged, will be retried"
13501429,"Teterev, Vitaly",lichess,Lastpartisan,https://lichess.org/@/Lastpartisan,unknown,ConnectionResetError,"rate-limited or server error - not judged, will be retried"
5009154,"Thejkumar, M. S.",chesscom,Thej11,https://www.chess.com/member/Thej11,alive,200,no action
5009154,"Thejkumar, M. S.",chesscomPlayer,m-s-thejkumar,https://www.chess.com/players/m-s-thejkumar,alive,200,no action
5009154,"Thejkumar, M. S.",chessgames,102338,https://www.chessgames.com/perl/chessplayer?pid=102338,unknown,rate limited (HTTP 429),"rate-limited or server error - not judged, will be retried"
4262875,"Theodorou, Nikolas",chesscom,NikoTheodorou,https://www.chess.com/member/NikoTheodorou,alive,200,no action
4262875,"Theodorou, Nikolas",chesscomPlayer,nikolas-theodorou,https://www.chess.com/players/nikolas-theodorou,unknown,rate limited (HTTP 429),"rate-limited or server error - not judged, will be retried"
4262875,"Theodorou, Nikolas",chessgames,139868,https://www.chessgames.com/perl/chessplayer?pid=139868,unknown,rate limited (HTTP 429),"rate-limited or server error - not judged, will be retried"
4262875,"Theodorou, Nikolas",lichess,Nikotheo,https://lichess.org/@/Nikotheo,unknown,ConnectionResetError,"rate-limited or server error - not judged, will be retried"
4262875,"Theodorou, Nikolas",facebook,100004384051909,,unchecked,returns HTTP 400 to all automated requests,cannot be tested from a server - left in place
5000033,"Thipsay, Praveen M",chesscom,Thipsay,https://www.chess.com/member/Thipsay,alive,200,no action
5000033,"Thipsay, Praveen M",chesscomPlayer,praveen-m-thipsay,https://www.chess.com/players/praveen-m-thipsay,unknown,rate limited (HTTP 429),"rate-limited or server error - not judged, will be retried"
5000033,"Thipsay, Praveen M",chessgames,12239,https://www.chessgames.com/perl/chessplayer?pid=12239,unknown,rate limited (HTTP 429),"rate-limited or server error - not judged, will be retried"
2300958,"Thorfinnsson, Bragi",chesscom,B-man,https://www.chess.com/member/B-man,alive,200,no action
2300958,"Thorfinnsson, Bragi",chesscomPlayer,bragi-thorfinnsson,https://www.chess.com/players/bragi-thorfinnsson,unknown,rate limited (HTTP 429),"rate-limited or server error - not judged, will be retried"
2300958,"Thorfinnsson, Bragi",chessgames,49470,https://www.chessgames.com/perl/chessplayer?pid=49470,unknown,rate limited (HTTP 429),"rate-limited or server error - not judged, will be retried"
2300958,"Thorfinnsson, Bragi",lichess,FerdinandBardamu,https://lichess.org/@/FerdinandBardamu,unknown,ConnectionResetError,"rate-limited or server error - not judged, will be retried"
2300109,"Thorhallsson, Throstur",chesscomPlayer,throstur-thorhallsson,https://www.chess.com/players/throstur-thorhallsson,alive,200,no action
2300109,"Thorhallsson, Throstur",chessgames,11020,https://www.chessgames.com/perl/chessplayer?pid=11020,unknown,rate limited (HTTP 429),"rate-limited or server error - not judged, will be retried"
1438832,"Thybo, Jesper Sondergaard",chesscomPlayer,jesper-sondergaard-thybo,https://www.chess.com/players/jesper-sondergaard-thybo,unknown,rate limited (HTTP 429),"rate-limited or server error - not judged, will be retried"
1438832,"Thybo, Jesper Sondergaard",chessgames,147393,https://www.chessgames.com/perl/chessplayer?pid=147393,unknown,rate limited (HTTP 429),"rate-limited or server error - not judged, will be retried"
2087456,"Tiglon, Bryce",chesscomPlayer,bryce-tiglon,https://www.chess.com/players/bryce-tiglon,unknown,rate limited (HTTP 429),"rate-limited or server error - not judged, will be retried"
2087456,"Tiglon, Bryce",chessgames,157431,https://www.chessgames.com/perl/chessplayer?pid=157431,unknown,rate limited (HTTP 429),"rate-limited or server error - not judged, will be retried"
13500325,"Tihonov, Jurij",chesscomPlayer,jurij-tihonov,https://www.chess.com/players/jurij-tihonov,unknown,rate limited (HTTP 429),"rate-limited or server error - not judged, will be retried"
13500325,"Tihonov, Jurij",chessgames,38766,https://www.chessgames.com/perl/chessplayer?pid=38766,unknown,rate limited (HTTP 429),"rate-limited or server error - not judged, will be retried"
1706446,"Tikkanen, Hans",chesscom,brainwolf,https://www.chess.com/member/brainwolf,alive,200,no action
1706446,"Tikkanen, Hans",chesscomPlayer,hans-tikkanen,https://www.chess.com/players/hans-tikkanen,alive,200,no action
1706446,"Tikkanen, Hans",chessgames,56571,https://www.chessgames.com/perl/chessplayer?pid=56571,unknown,rate limited (HTTP 429),"rate-limited or server error - not judged, will be retried"
24114928,"Tilicheev, Viacheslav",chesscom,MrMotley,https://www.chess.com/member/MrMotley,alive,200,no action
24114928,"Tilicheev, Viacheslav",chesscomPlayer,viacheslav-tilicheev,https://www.chess.com/players/viacheslav-tilicheev,alive,200,no action
24114928,"Tilicheev, Viacheslav",chessgames,117714,https://www.chessgames.com/perl/chessplayer?pid=117714,unknown,rate limited (HTTP 429),"rate-limited or server error - not judged, will be retried"
1000012,"Timman, Jan H.",chesscomPlayer,jan-timman,https://www.chess.com/players/jan-timman,unknown,rate limited (HTTP 429),"rate-limited or server error - not judged, will be retried"
1000012,"Timman, Jan H.",chessgames,14220,https://www.chessgames.com/perl/chessplayer?pid=14220,unknown,rate limited (HTTP 429),"rate-limited or server error - not judged, will be retried"
4140419,"Timofeev, Artyom",chesscom,TimofeevAr,https://www.chess.com/member/TimofeevAr,alive,200,no action
4140419,"Timofeev, Artyom",chesscomPlayer,artyom-timofeev,https://www.chess.com/players/artyom-timofeev,alive,200,no action
4140419,"Timofeev, Artyom",chessgames,49038,https://www.chessgames.com/perl/chessplayer?pid=49038,unknown,rate limited (HTTP 429),"rate-limited or server error - not judged, will be retried"
14901536,"Timoscenko, Gennadij",chesscomPlayer,gennadi-timoshchenko,https://www.chess.com/players/gennadi-timoshchenko,alive,200,no action
14901536,"Timoscenko, Gennadij",chessgames,16902,https://www.chessgames.com/perl/chessplayer?pid=16902,unknown,rate limited (HTTP 429),"rate-limited or server error - not judged, will be retried"
14100118,"Timoshenko, Georgy",chesscomPlayer,georgi-timochenko,https://www.chess.com/players/georgi-timochenko,unknown,rate limited (HTTP 429),"rate-limited or server error - not judged, will be retried"
14100118,"Timoshenko, Georgy",chessgames,47194,https://www.chessgames.com/perl/chessplayer?pid=47194,unknown,rate limited (HTTP 429),"rate-limited or server error - not judged, will be retried"
5804418,"Tin, Jingyao",chesscom,tjychess,https://www.chess.com/member/tjychess,alive,200,no action
5804418,"Tin, Jingyao",chesscomPlayer,jingyao-tin,https://www.chess.com/players/jingyao-tin,unknown,rate limited (HTTP 429),"rate-limited or server error - not judged, will be retried"
5804418,"Tin, Jingyao",chessgames,143086,https://www.chessgames.com/perl/chessplayer?pid=143086,unknown,rate limited (HTTP 429),"rate-limited or server error - not judged, will be retried"
4611322,"Tischbierek, Raj",chesscomPlayer,raj-tischbierek,https://www.chess.com/players/raj-tischbierek,alive,200,no action
4611322,"Tischbierek, Raj",chessgames,17697,https://www.chessgames.com/perl/chessplayer?pid=17697,unknown,rate limited (HTTP 429),"rate-limited or server error - not judged, will be retried"
1500066,"Tisdall, Jonathan D",chesscom,JonathanTisdall,https://www.chess.com/member/JonathanTisdall,alive,200,no action
1500066,"Tisdall, Jonathan D",chesscomPlayer,jonathan-d-tisdall,https://www.chess.com/players/jonathan-d-tisdall,unknown,rate limited (HTTP 429),"rate-limited or server error - not judged, will be retried"
1500066,"Tisdall, Jonathan D",chessgames,13939,https://www.chessgames.com/perl/chessplayer?pid=13939,unknown,rate limited (HTTP 429),"rate-limited or server error - not judged, will be retried"
4130057,"Tishin, Petr",chesscomPlayer,petr-tishin,https://www.chess.com/players/petr-tishin,unknown,rate limited (HTTP 429),"rate-limited or server error - not judged, will be retried"
4130057,"Tishin, Petr",chessgames,49704,https://www.chessgames.com/perl/chessplayer?pid=49704,unknown,rate limited (HTTP 429),"rate-limited or server error - not judged, will be retried"
1008013,"Tiviakov, Sergei",chesscom,Tiviakov,https://www.chess.com/member/Tiviakov,alive,200,no action
1008013,"Tiviakov, Sergei",chesscomPlayer,sergei-tiviakov,https://www.chess.com/players/sergei-tiviakov,unknown,rate limited (HTTP 429),"rate-limited or server error - not judged, will be retried"
1008013,"Tiviakov, Sergei",chessgames,14003,https://www.chessgames.com/perl/chessplayer?pid=14003,unknown,rate limited (HTTP 429),"rate-limited or server error - not judged, will be retried"
1008013,"Tiviakov, Sergei",x,Tiviakov,https://x.com/Tiviakov,alive,200,no action
618438,"Tkachiev, Vladislav",chesscom,vladislavtkachev,https://www.chess.com/member/vladislavtkachev,alive,200,no action
618438,"Tkachiev, Vladislav",chesscomPlayer,vladislav-tkachiev,https://www.chess.com/players/vladislav-tkachiev,alive,200,no action
618438,"Tkachiev, Vladislav",chessgames,14240,https://www.chessgames.com/perl/chessplayer?pid=14240,unknown,rate limited (HTTP 429),"rate-limited or server error - not judged, will be retried"
900060,"Todorcevic Antic, Miodrag",chesscomPlayer,miodrag-todorcevic-antic,https://www.chess.com/players/miodrag-todorcevic-antic,unknown,rate limited (HTTP 429),"rate-limited or server error - not judged, will be retried"
900060,"Todorcevic Antic, Miodrag",chessgames,15090,https://www.chessgames.com/perl/chessplayer?pid=15090,unknown,rate limited (HTTP 429),"rate-limited or server error - not judged, will be retried"
2903237,"Todorov, Todor",chesscom,gmtodorov,https://www.chess.com/member/gmtodorov,alive,200,no action
2903237,"Todorov, Todor",chesscomPlayer,todor-todorov,https://www.chess.com/players/todor-todorov,unknown,rate limited (HTTP 429),"rate-limited or server error - not judged, will be retried"
2903237,"Todorov, Todor",chessgames,51340,https://www.chessgames.com/perl/chessplayer?pid=51340,unknown,rate limited (HTTP 429),"rate-limited or server error - not judged, will be retried"
900168,"Todorovic, Goran M",chesscomPlayer,goran-m-todorovic,https://www.chess.com/players/goran-m-todorovic,unknown,rate limited (HTTP 429),"rate-limited or server error - not judged, will be retried"
900168,"Todorovic, Goran M",chessgames,49607,https://www.chessgames.com/perl/chessplayer?pid=49607,unknown,rate limited (HTTP 429),"rate-limited or server error - not judged, will be retried"
700126,"Tolnai, Tibor",chesscomPlayer,tibor-tolnai,https://www.chess.com/players/tibor-tolnai,unknown,rate limited (HTTP 429),"rate-limited or server error - not judged, will be retried"
700126,"Tolnai, Tibor",chessgames,12211,https://www.chessgames.com/perl/chessplayer?pid=12211,unknown,rate limited (HTTP 429),"rate-limited or server error - not judged, will be retried"
4147235,"Tomashevsky, Evgeny",chesscom,EvgenyT,https://www.chess.com/member/EvgenyT,alive,200,no action
4147235,"Tomashevsky, Evgeny",chesscomPlayer,evgeny-tomashevsky,https://www.chess.com/players/evgeny-tomashevsky,alive,200,no action
4147235,"Tomashevsky, Evgeny",chessgames,49039,https://www.chessgames.com/perl/chessplayer?pid=49039,unknown,rate limited (HTTP 429),"rate-limited or server error - not judged, will be retried"
4147235,"Tomashevsky, Evgeny",lichess,MetaBreaker,https://lichess.org/@/MetaBreaker,unknown,ConnectionResetError,"rate-limited or server error - not judged, will be retried"
1124668,"Tomczak, Jacek",chesscom,Som2310,https://www.chess.com/member/Som2310,alive,200,no action
1124668,"Tomczak, Jacek",chesscomPlayer,jacek-tomczak,https://www.chess.com/players/jacek-tomczak,unknown,rate limited (HTTP 429),"rate-limited or server error - not judged, will be retried"
1124668,"Tomczak, Jacek",chessgames,95991,https://www.chessgames.com/perl/chessplayer?pid=95991,unknown,rate limited (HTTP 429),"rate-limited or server error - not judged, will be retried"
2900084,"Topalov, Veselin",chesscom,VESELINTOPALOV359,https://www.chess.com/member/VESELINTOPALOV359,alive,200,no action
2900084,"Topalov, Veselin",chesscomPlayer,veselin-topalov,https://www.chess.com/players/veselin-topalov,unknown,rate limited (HTTP 429),"rate-limited or server error - not judged, will be retried"
2900084,"Topalov, Veselin",chessgames,12089,https://www.chessgames.com/perl/chessplayer?pid=12089,unknown,rate limited (HTTP 429),"rate-limited or server error - not judged, will be retried"
2900084,"Topalov, Veselin",instagram,veselin_topalov,,unchecked,login wall answers 200 for missing profiles,cannot be tested from a server - left in place
5200016,"Torre, Eugenio",chesscom,batolovic,https://www.chess.com/member/batolovic,alive,200,no action
5200016,"Torre, Eugenio",chesscomPlayer,eugenio-torre,https://www.chess.com/players/eugenio-torre,unknown,rate limited (HTTP 429),"rate-limited or server error - not judged, will be retried"
5200016,"Torre, Eugenio",chessgames,15793,https://www.chessgames.com/perl/chessplayer?pid=15793,unknown,rate limited (HTTP 429),"rate-limited or server error - not judged, will be retried"
4115228,"Totsky, Leonid",chesscomPlayer,leonid-totsky,https://www.chess.com/players/leonid-totsky,alive,200,no action
4115228,"Totsky, Leonid",chessgames,44436,https://www.chessgames.com/perl/chessplayer?pid=44436,unknown,rate limited (HTTP 429),"rate-limited or server error - not judged, will be retried"
12503592,"Toufighi, Homayoon",chesscom,HomayoonTofighi,https://www.chess.com/member/HomayoonTofighi,alive,200,no action
12503592,"Toufighi, Homayoon",chesscomPlayer,homayoon-toufighi,https://www.chess.com/players/homayoon-toufighi,unknown,rate limited (HTTP 429),"rate-limited or server error - not judged, will be retried"
12503592,"Toufighi, Homayoon",chessgames,95994,https://www.chessgames.com/perl/chessplayer?pid=95994,unknown,rate limited (HTTP 429),"rate-limited or server error - not judged, will be retried"
12401820,"Tran, Tuan Minh",chesscom,TranJMinh,https://www.chess.com/member/TranJMinh,alive,200,no action
12401820,"Tran, Tuan Minh",chesscomPlayer,tuan-minh-tran,https://www.chess.com/players/tuan-minh-tran,unknown,rate limited (HTTP 429),"rate-limited or server error - not judged, will be retried"
12401820,"Tran, Tuan Minh",chessgames,120856,https://www.chessgames.com/perl/chessplayer?pid=120856,unknown,rate limited (HTTP 429),"rate-limited or server error - not judged, will be retried"
14600684,"Tratar, Marko",chesscomPlayer,marko-tratar,https://www.chess.com/players/marko-tratar,unknown,rate limited (HTTP 429),"rate-limited or server error - not judged, will be retried"
14600684,"Tratar, Marko",chessgames,19756,https://www.chessgames.com/perl/chessplayer?pid=19756,unknown,rate limited (HTTP 429),"rate-limited or server error - not judged, will be retried"
4115341,"Tregubov, Pavel V.",chesscom,TregubovP,https://www.chess.com/member/TregubovP,alive,200,no action
4115341,"Tregubov, Pavel V.",chesscomPlayer,pavel-v-tregubov,https://www.chess.com/players/pavel-v-tregubov,alive,200,no action
4115341,"Tregubov, Pavel V.",chessgames,18184,https://www.chessgames.com/perl/chessplayer?pid=18184,unknown,rate limited (HTTP 429),"rate-limited or server error - not judged, will be retried"
113816,"Tristan, Leonardo",chesscom,Rodalquilar,https://www.chess.com/member/Rodalquilar,alive,200,no action
113816,"Tristan, Leonardo",chesscomPlayer,leonardo-tristan,https://www.chess.com/players/leonardo-tristan,unknown,rate limited (HTTP 429),"rate-limited or server error - not judged, will be retried"
113816,"Tristan, Leonardo",chessgames,56842,https://www.chessgames.com/perl/chessplayer?pid=56842,unknown,rate limited (HTTP 429),"rate-limited or server error - not judged, will be retried"
2047896,"Troff, Kayden",chesscom,KaydenTroffChess,https://www.chess.com/member/KaydenTroffChess,dead,HTTP 404,removed from roster.csv - replace with the current handle if you find one
2047896,"Troff, Kayden",chesscomPlayer,kayden-troff,https://www.chess.com/players/kayden-troff,unknown,rate limited (HTTP 429),"rate-limited or server error - not judged, will be retried"
2047896,"Troff, Kayden",chessgames,128276,https://www.chessgames.com/perl/chessplayer?pid=128276,unknown,rate limited (HTTP 429),"rate-limited or server error - not judged, will be retried"
13511173,"Tsaruk, Maksim",chesscom,tsaruk_maks,https://www.chess.com/member/tsaruk_maks,alive,200,no action
13511173,"Tsaruk, Maksim",chesscomPlayer,maksim-tsaruk,https://www.chess.com/players/maksim-tsaruk,unknown,rate limited (HTTP 429),"rate-limited or server error - not judged, will be retried"
2800128,"Tseitlin, Mark D",chesscomPlayer,mark-d-tseitlin,https://www.chess.com/players/mark-d-tseitlin,alive,200,no action
2800128,"Tseitlin, Mark D",chessgames,37413,https://www.chessgames.com/perl/chessplayer?pid=37413,unknown,rate limited (HTTP 429),"rate-limited or server error - not judged, will be retried"
4108566,"Tsydypov, Zhamsaran",chesscom,Zhuu96,https://www.chess.com/member/Zhuu96,alive,200,no action
4108566,"Tsydypov, Zhamsaran",chesscomPlayer,zhamsaran-tsydypov,https://www.chess.com/players/zhamsaran-tsydypov,unknown,rate limited (HTTP 429),"rate-limited or server error - not judged, will be retried"
4108566,"Tsydypov, Zhamsaran",chessgames,141393,https://www.chessgames.com/perl/chessplayer?pid=141393,unknown,rate limited (HTTP 429),"rate-limited or server error - not judged, will be retried"
4108566,"Tsydypov, Zhamsaran",lichess,Chesstoday,https://lichess.org/@/Chesstoday,unknown,ConnectionResetError,"rate-limited or server error - not judged, will be retried"
12400076,"Tu, Hoang Thong",chesscom,NguyenXi,https://www.chess.com/member/NguyenXi,alive,200,no action
12400076,"Tu, Hoang Thong",chesscomPlayer,hoang-thong-tu,https://www.chess.com/players/hoang-thong-tu,unknown,rate limited (HTTP 429),"rate-limited or server error - not judged, will be retried"
12400076,"Tu, Hoang Thong",chessgames,89106,https://www.chessgames.com/perl/chessplayer?pid=89106,unknown,rate limited (HTTP 429),"rate-limited or server error - not judged, will be retried"
14109476,"Tukhaev, Adam",chesscomPlayer,adam-tukhaev,https://www.chess.com/players/adam-tukhaev,unknown,rate limited (HTTP 429),"rate-limited or server error - not judged, will be retried"
14109476,"Tukhaev, Adam",chessgames,95761,https://www.chessgames.com/perl/chessplayer?pid=95761,unknown,rate limited (HTTP 429),"rate-limited or server error - not judged, will be retried"
14100096,"Tukmakov, Vladimir B",chesscomPlayer,vladimir-b-tukmakov,https://www.chess.com/players/vladimir-b-tukmakov,unknown,rate limited (HTTP 429),"rate-limited or server error - not judged, will be retried"
14100096,"Tukmakov, Vladimir B",chessgames,15330,https://www.chessgames.com/perl/chessplayer?pid=15330,unknown,rate limited (HTTP 429),"rate-limited or server error - not judged, will be retried"
4101219,"Tunik, Gennady",chesscomPlayer,guennadi-tounik,https://www.chess.com/players/guennadi-tounik,alive,200,no action
4101219,"Tunik, Gennady",chessgames,17079,https://www.chessgames.com/perl/chessplayer?pid=17079,unknown,rate limited (HTTP 429),"rate-limited or server error - not judged, will be retried"
402893,"Turner, Matthew J",chesscom,Immatt64,https://www.chess.com/member/Immatt64,alive,200,no action
402893,"Turner, Matthew J",chesscomPlayer,matthew-j-turner,https://www.chess.com/players/matthew-j-turner,alive,200,no action
402893,"Turner, Matthew J",chessgames,25032,https://www.chessgames.com/perl/chessplayer?pid=25032,unknown,rate limited (HTTP 429),"rate-limited or server error - not judged, will be retried"
4120086,"Turov, Maxim",chesscomPlayer,maxim-turov,https://www.chess.com/players/maxim-turov,unknown,rate limited (HTTP 429),"rate-limited or server error - not judged, will be retried"
4120086,"Turov, Maxim",chessgames,49029,https://www.chessgames.com/perl/chessplayer?pid=49029,unknown,rate limited (HTTP 429),"rate-limited or server error - not judged, will be retried"
4120086,"Turov, Maxim",lichess,MTurov,https://lichess.org/@/MTurov,unknown,ConnectionResetError,"rate-limited or server error - not judged, will be retried"
2803089,"Tyomkin, Dimitri",chesscomPlayer,dimitri-tyomkin,https://www.chess.com/players/dimitri-tyomkin,unknown,rate limited (HTTP 429),"rate-limited or server error - not judged, will be retried"
2803089,"Tyomkin, Dimitri",chessgames,29872,https://www.chessgames.com/perl/chessplayer?pid=29872,unknown,rate limited (HTTP 429),"rate-limited or server error - not judged, will be retried"
2824493,"Tzidkiya, Yeshaayahu",chesscomPlayer,yeshaayahu-tzidkiya,https://www.chess.com/players/yeshaayahu-tzidkiya,unknown,rate limited (HTTP 429),"rate-limited or server error - not judged, will be retried"
13600052,"Ubilava, Elizbar",chesscomPlayer,elizbar-ubilava,https://www.chess.com/players/elizbar-ubilava,alive,200,no action
13600052,"Ubilava, Elizbar",chessgames,16901,https://www.chessgames.com/perl/chessplayer?pid=16901,unknown,rate limited (HTTP 429),"rate-limited or server error - not judged, will be retried"
4101405,"Ulybin, Mikhail",chesscomPlayer,mikhail-ulibin,https://www.chess.com/players/mikhail-ulibin,unknown,rate limited (HTTP 429),"rate-limited or server error - not judged, will be retried"
4101405,"Ulybin, Mikhail",chessgames,14002,https://www.chessgames.com/perl/chessplayer?pid=14002,unknown,rate limited (HTTP 429),"rate-limited or server error - not judged, will be retried"
3800032,"Urday, Henry",chesscomPlayer,henry-urday,https://www.chess.com/players/henry-urday,unknown,rate limited (HTTP 429),"rate-limited or server error - not judged, will be retried"
3800032,"Urday, Henry",chessgames,17010,https://www.chessgames.com/perl/chessplayer?pid=17010,unknown,rate limited (HTTP 429),"rate-limited or server error - not judged, will be retried"
1506102,"Urkedal, Frode Olav Olsen",chesscom,Daat,https://www.chess.com/member/Daat,alive,200,no action
1506102,"Urkedal, Frode Olav Olsen",chesscomPlayer,frode-olav-olsen-urkedal,https://www.chess.com/players/frode-olav-olsen-urkedal,unknown,rate limited (HTTP 429),"rate-limited or server error - not judged, will be retried"
1506102,"Urkedal, Frode Olav Olsen",chessgames,105264,https://www.chessgames.com/perl/chessplayer?pid=105264,unknown,rate limited (HTTP 429),"rate-limited or server error - not judged, will be retried"
14110911,"Ushenina, Anna",chesscom,Enki007,https://www.chess.com/member/Enki007,alive,200,no action
14110911,"Ushenina, Anna",chesscomPlayer,anna-ushenina,https://www.chess.com/players/anna-ushenina,alive,200,no action
14110911,"Ushenina, Anna",chessgames,76809,https://www.chessgames.com/perl/chessplayer?pid=76809,unknown,rate limited (HTTP 429),"rate-limited or server error - not judged, will be retried"
14110911,"Ushenina, Anna",lichess,Enki007,https://lichess.org/@/Enki007,alive,200,no action
14110911,"Ushenina, Anna",x,SweetyCat10,https://x.com/SweetyCat10,alive,200,no action
14110911,"Ushenina, Anna",website,http://www.ushenina.com,http://www.ushenina.com,alive,200,no action
34254854,"Uskov, Artem",chesscomPlayer,artem-uskov,https://www.chess.com/players/artem-uskov,unknown,rate limited (HTTP 429),"rate-limited or server error - not judged, will be retried"
34254854,"Uskov, Artem",chessgames,182368,https://www.chessgames.com/perl/chessplayer?pid=182368,unknown,rate limited (HTTP 429),"rate-limited or server error - not judged, will be retried"
34254854,"Uskov, Artem",lichess,chess-art-us,https://lichess.org/@/chess-art-us,alive,200,no action
623539,"Vachier-Lagrave, Maxime",chesscom,LyonBeast,https://www.chess.com/member/LyonBeast,alive,200,no action
623539,"Vachier-Lagrave, Maxime",chesscomPlayer,maxime-vachier-lagrave,https://www.chess.com/players/maxime-vachier-lagrave,alive,200,no action
623539,"Vachier-Lagrave, Maxime",chessgames,56798,https://www.chessgames.com/perl/chessplayer?pid=56798,unknown,rate limited (HTTP 429),"rate-limited or server error - not judged, will be retried"
623539,"Vachier-Lagrave, Maxime",lichess,avalongamemaster,https://lichess.org/@/avalongamemaster,alive,200,no action
623539,"Vachier-Lagrave, Maxime",x,Vachier_Lagrave,https://x.com/Vachier_Lagrave,alive,200,no action
623539,"Vachier-Lagrave, Maxime",website,https://www.mvlchess.com/,https://www.mvlchess.com/,alive,200,no action
623539,"Vachier-Lagrave, Maxime",instagram,mvl_chess,,unchecked,login wall answers 200 for missing profiles,cannot be tested from a server - left in place
13300016,"Vaganian, Rafael A",chesscomPlayer,rafael-vaganian,https://www.chess.com/players/rafael-vaganian,unknown,rate limited (HTTP 429),"rate-limited or server error - not judged, will be retried"
13300016,"Vaganian, Rafael A",chessgames,13989,https://www.chessgames.com/perl/chessplayer?pid=13989,unknown,rate limited (HTTP 429),"rate-limited or server error - not judged, will be retried"
14200155,"Vahidov, Tair",chesscom,Uzbektiger1963,https://www.chess.com/member/Uzbektiger1963,alive,200,no action
14200155,"Vahidov, Tair",chesscomPlayer,tahir-vahidov,https://www.chess.com/players/tahir-vahidov,unknown,rate limited (HTTP 429),"rate-limited or server error - not judged, will be retried"
14200155,"Vahidov, Tair",chessgames,42807,https://www.chessgames.com/perl/chessplayer?pid=42807,unknown,rate limited (HTTP 429),"rate-limited or server error - not judged, will be retried"
5045185,"Vaibhav, Suri",chesscom,obliviate12,https://www.chess.com/member/obliviate12,alive,200,no action
5045185,"Vaibhav, Suri",chesscomPlayer,suri-vaibhav,https://www.chess.com/players/suri-vaibhav,unknown,rate limited (HTTP 429),"rate-limited or server error - not judged, will be retried"
5045185,"Vaibhav, Suri",chessgames,117419,https://www.chessgames.com/perl/chessplayer?pid=117419,unknown,rate limited (HTTP 429),"rate-limited or server error - not judged, will be retried"
5091756,"Vaishali, Rameshbabu",chesscom,vaishali2001,https://www.chess.com/member/vaishali2001,alive,200,no action
5091756,"Vaishali, Rameshbabu",chesscomPlayer,vaishali-r,https://www.chess.com/players/vaishali-r,unknown,rate limited (HTTP 429),"rate-limited or server error - not judged, will be retried"
5091756,"Vaishali, Rameshbabu",chessgames,151571,https://www.chessgames.com/perl/chessplayer?pid=151571,unknown,rate limited (HTTP 429),"rate-limited or server error - not judged, will be retried"
5091756,"Vaishali, Rameshbabu",lichess,vaishali2001,https://lichess.org/@/vaishali2001,alive,200,no action
603252,"Vaisser, Anatoli",chesscom,snavr,https://www.chess.com/member/snavr,alive,200,no action
603252,"Vaisser, Anatoli",chesscomPlayer,anatoly-vaisser,https://www.chess.com/players/anatoly-vaisser,alive,200,no action
603252,"Vaisser, Anatoli",chessgames,14218,https://www.chessgames.com/perl/chessplayer?pid=14218,unknown,rate limited (HTTP 429),"rate-limited or server error - not judged, will be retried"
1203975,"Vajda, Levente",chesscom,Trankuilizer,https://www.chess.com/member/Trankuilizer,alive,200,no action
1203975,"Vajda, Levente",chesscomPlayer,levente-vajda,https://www.chess.com/players/levente-vajda,unknown,rate limited (HTTP 429),"rate-limited or server error - not judged, will be retried"
1203975,"Vajda, Levente",chessgames,11592,https://www.chessgames.com/perl/chessplayer?pid=11592,unknown,rate limited (HTTP 429),"rate-limited or server error - not judged, will be retried"
1203975,"Vajda, Levente",lichess,Trankuilizer,https://lichess.org/@/Trankuilizer,alive,200,no action
1203975,"Vajda, Levente",twitch,GM_Trankuilizer,,unchecked,app shell answers 200 for missing channels,cannot be tested from a server - left in place
14201801,"Vakhidov, Jakhongir",chesscomPlayer,jakhongir-vakhidov,https://www.chess.com/players/jakhongir-vakhidov,alive,200,no action
14201801,"Vakhidov, Jakhongir",chessgames,119994,https://www.chessgames.com/perl/chessplayer?pid=119994,unknown,rate limited (HTTP 429),"rate-limited or server error - not judged, will be retried"
100587,"Valerga, Diego",chesscomPlayer,diego-valerga,https://www.chess.com/players/diego-valerga,alive,200,no action
100587,"Valerga, Diego",chessgames,36035,https://www.chessgames.com/perl/chessplayer?pid=36035,unknown,rate limited (HTTP 429),"rate-limited or server error - not judged, will be retried"
100587,"Valerga, Diego",lichess,DHVJonSnow,https://lichess.org/@/DHVJonSnow,alive,200,no action
2205530,"Vallejo Pons, Francisco",chesscom,GMVallejo,https://www.chess.com/member/GMVallejo,alive,200,no action
2205530,"Vallejo Pons, Francisco",chesscomPlayer,francisco-vallejo-pons,https://www.chess.com/players/francisco-vallejo-pons,unknown,rate limited (HTTP 429),"rate-limited or server error - not judged, will be retried"
2205530,"Vallejo Pons, Francisco",chessgames,49085,https://www.chessgames.com/perl/chessplayer?pid=49085,unknown,rate limited (HTTP 429),"rate-limited or server error - not judged, will be retried"
2205530,"Vallejo Pons, Francisco",lichess,GMVallejo,https://lichess.org/@/GMVallejo,alive,200,no action
2205530,"Vallejo Pons, Francisco",x,chessidharta,https://x.com/chessidharta,alive,200,no action
2205530,"Vallejo Pons, Francisco",website,http://www.gmvallejo.com/vallejopons.html,http://www.gmvallejo.com/vallejopons.html,dead,domain does not resolve,removed from roster.csv - replace with the current handle if you find one
2205530,"Vallejo Pons, Francisco",facebook,francisco.vallejopons,,unchecked,returns HTTP 400 to all automated requests,cannot be tested from a server - left in place
818860,"Valsecchi, Alessio",chesscom,Dragonflow,https://www.chess.com/member/Dragonflow,alive,200,no action
818860,"Valsecchi, Alessio",chesscomPlayer,alessio-valsecchi,https://www.chess.com/players/alessio-valsecchi,unknown,rate limited (HTTP 429),"rate-limited or server error - not judged, will be retried"
818860,"Valsecchi, Alessio",chessgames,112560,https://www.chessgames.com/perl/chessplayer?pid=112560,unknown,rate limited (HTTP 429),"rate-limited or server error - not judged, will be retried"
1003720,"Van den Doel, Erik",chesscom,DudeDoel,https://www.chess.com/member/DudeDoel,alive,200,no action
1003720,"Van den Doel, Erik",chesscomPlayer,erik-van-den-doel,https://www.chess.com/players/erik-van-den-doel,alive,200,no action
1003720,"Van den Doel, Erik",chessgames,42404,https://www.chessgames.com/perl/chessplayer?pid=42404,unknown,rate limited (HTTP 429),"rate-limited or server error - not judged, will be retried"
1000071,"Van der Sterren, Paul",chesscomPlayer,paul-van-der-sterren,https://www.chess.com/players/paul-van-der-sterren,unknown,rate limited (HTTP 429),"rate-limited or server error - not judged, will be retried"
1000071,"Van der Sterren, Paul",chessgames,37462,https://www.chessgames.com/perl/chessplayer?pid=37462,unknown,rate limited (HTTP 429),"rate-limited or server error - not judged, will be retried"
1003143,"Van der Weide, Karel",chesscomPlayer,karel-van-der-weide,https://www.chess.com/players/karel-van-der-weide,unknown,rate limited (HTTP 429),"rate-limited or server error - not judged, will be retried"
1003143,"Van der Weide, Karel",chessgames,43145,https://www.chessgames.com/perl/chessplayer?pid=43145,unknown,rate limited (HTTP 429),"rate-limited or server error - not judged, will be retried"
1000020,"Van der Wiel, John T.H.",chesscomPlayer,john-t-h-van-der-wiel,https://www.chess.com/players/john-t-h-van-der-wiel,unknown,rate limited (HTTP 429),"rate-limited or server error - not judged, will be retried"
1000020,"Van der Wiel, John T.H.",chessgames,16254,https://www.chessgames.com/perl/chessplayer?pid=16254,unknown,rate limited (HTTP 429),"rate-limited or server error - not judged, will be retried"
1039784,"Van Foreest, Jorden",chesscom,joppie2,https://www.chess.com/member/joppie2,alive,200,no action
1039784,"Van Foreest, Jorden",chesscomPlayer,jorden-van-foreest,https://www.chess.com/players/jorden-van-foreest,alive,200,no action
1039784,"Van Foreest, Jorden",chessgames,131179,https://www.chessgames.com/perl/chessplayer?pid=131179,unknown,rate limited (HTTP 429),"rate-limited or server error - not judged, will be retried"
1039784,"Van Foreest, Jorden",x,jordenvforeest,https://x.com/jordenvforeest,alive,200,no action
1039784,"Van Foreest, Jorden",website,https://vanforeest.com/jorden,https://vanforeest.com/jorden,alive,200,no action
1039784,"Van Foreest, Jorden",instagram,jordenvforeest,,unchecked,login wall answers 200 for missing profiles,cannot be tested from a server - left in place
1039792,"Van Foreest, Lucas",chesscomPlayer,lucas-van-foreest,https://www.chess.com/players/lucas-van-foreest,unknown,rate limited (HTTP 429),"rate-limited or server error - not judged, will be retried"
1039792,"Van Foreest, Lucas",chessgames,133502,https://www.chessgames.com/perl/chessplayer?pid=133502,unknown,rate limited (HTTP 429),"rate-limited or server error - not judged, will be retried"
1039792,"Van Foreest, Lucas",x,LucasvanForeest,https://x.com/LucasvanForeest,dead,HTTP 404,removed from roster.csv - replace with the current handle if you find one
1020854,"Van Kampen, Robin",chesscom,Kempsy,https://www.chess.com/member/Kempsy,alive,200,no action
1020854,"Van Kampen, Robin",chesscomPlayer,robin-van-kampen,https://www.chess.com/players/robin-van-kampen,alive,200,no action
1020854,"Van Kampen, Robin",chessgames,113403,https://www.chessgames.com/perl/chessplayer?pid=113403,unknown,rate limited (HTTP 429),"rate-limited or server error - not judged, will be retried"
1020854,"Van Kampen, Robin",website,http://vankampenchess.com,http://vankampenchess.com,alive,200,no action
1000268,"Van Wely, Loek",chesscom,KingLoek,https://www.chess.com/member/KingLoek,alive,200,no action
1000268,"Van Wely, Loek",chesscomPlayer,loek-van-wely,https://www.chess.com/players/loek-van-wely,unknown,rate limited (HTTP 429),"rate-limited or server error - not judged, will be retried"
1000268,"Van Wely, Loek",chessgames,11733,https://www.chessgames.com/perl/chessplayer?pid=11733,unknown,rate limited (HTTP 429),"rate-limited or server error - not judged, will be retried"
1000268,"Van Wely, Loek",x,loekvanwely,https://x.com/loekvanwely,alive,200,no action
4101766,"Varavin, Viktor",chesscomPlayer,viktor-varavin,https://www.chess.com/players/viktor-varavin,unknown,rate limited (HTTP 429),"rate-limited or server error - not judged, will be retried"
4101766,"Varavin, Viktor",chessgames,19837,https://www.chessgames.com/perl/chessplayer?pid=19837,unknown,rate limited (HTTP 429),"rate-limited or server error - not judged, will be retried"
700509,"Varga, Zoltan",chesscomPlayer,zoltan-varga,https://www.chess.com/players/zoltan-varga,alive,200,no action
700509,"Varga, Zoltan",chessgames,12206,https://www.chessgames.com/perl/chessplayer?pid=12206,unknown,rate limited (HTTP 429),"rate-limited or server error - not judged, will be retried"
2903628,"Vasilev, Milen",chesscomPlayer,milen-vasilev,https://www.chess.com/players/milen-vasilev,unknown,rate limited (HTTP 429),"rate-limited or server error - not judged, will be retried"
2903628,"Vasilev, Milen",chessgames,48982,https://www.chessgames.com/perl/chessplayer?pid=48982,unknown,rate limited (HTTP 429),"rate-limited or server error - not judged, will be retried"
3400042,"Vasquez Schroeder, Rodrigo",chesscom,K_A_S_T_O_R,https://www.chess.com/member/K_A_S_T_O_R,alive,200,no action
3400042,"Vasquez Schroeder, Rodrigo",chesscomPlayer,rodrigo-vasquez-schroeder,https://www.chess.com/players/rodrigo-vasquez-schroeder,unknown,rate limited (HTTP 429),"rate-limited or server error - not judged, will be retried"
3400042,"Vasquez Schroeder, Rodrigo",chessgames,16442,https://www.chessgames.com/perl/chessplayer?pid=16442,unknown,rate limited (HTTP 429),"rate-limited or server error - not judged, will be retried"
3400042,"Vasquez Schroeder, Rodrigo",lichess,Kastorcito,https://lichess.org/@/Kastorcito,alive,200,no action
4169530,"Vavulin, Maxim",chesscom,MaxVavulin,https://www.chess.com/member/MaxVavulin,alive,200,no action
4169530,"Vavulin, Maxim",chesscomPlayer,maksim-vavulin,https://www.chess.com/players/maksim-vavulin,alive,200,no action
4169530,"Vavulin, Maxim",chessgames,141420,https://www.chessgames.com/perl/chessplayer?pid=141420,unknown,rate limited (HTTP 429),"rate-limited or server error - not judged, will be retried"
3503054,"Vazquez Igarza, Renier",chesscom,Renier07,https://www.chess.com/member/Renier07,alive,200,no action
3503054,"Vazquez Igarza, Renier",chesscomPlayer,renier-vazquez-igarza,https://www.chess.com/players/renier-vazquez-igarza,unknown,rate limited (HTTP 429),"rate-limited or server error - not judged, will be retried"
3503054,"Vazquez Igarza, Renier",chessgames,13288,https://www.chessgames.com/perl/chessplayer?pid=13288,unknown,rate limited (HTTP 429),"rate-limited or server error - not judged, will be retried"
3702308,"Vazquez, Guillermo",chesscom,gena217,https://www.chess.com/member/gena217,alive,200,no action
3702308,"Vazquez, Guillermo",chesscomPlayer,guillermo-vazquez,https://www.chess.com/players/guillermo-vazquez,unknown,rate limited (HTTP 429),"rate-limited or server error - not judged, will be retried"
3702308,"Vazquez, Guillermo",chessgames,127207,https://www.chessgames.com/perl/chessplayer?pid=127207,unknown,rate limited (HTTP 429),"rate-limited or server error - not judged, will be retried"
3702308,"Vazquez, Guillermo",lichess,gsvc,https://lichess.org/@/gsvc,alive,200,no action
300659,"Velicka, Petr",chesscom,PetrVelicka,https://www.chess.com/member/PetrVelicka,alive,200,no action
300659,"Velicka, Petr",chesscomPlayer,petr-velicka,https://www.chess.com/players/petr-velicka,alive,200,no action
300659,"Velicka, Petr",chessgames,19866,https://www.chessgames.com/perl/chessplayer?pid=19866,unknown,rate limited (HTTP 429),"rate-limited or server error - not judged, will be retried"
2900149,"Velikov, Petar",chesscomPlayer,petar-velikov,https://www.chess.com/players/petar-velikov,unknown,rate limited (HTTP 429),"rate-limited or server error - not judged, will be retried"
2900149,"Velikov, Petar",chessgames,17609,https://www.chessgames.com/perl/chessplayer?pid=17609,unknown,rate limited (HTTP 429),"rate-limited or server error - not judged, will be retried"
681091,"Velten, Paul",chesscom,PaulVelten,https://www.chess.com/member/PaulVelten,alive,200,no action
681091,"Velten, Paul",chesscomPlayer,paul-velten,https://www.chess.com/players/paul-velten,alive,200,no action
681091,"Velten, Paul",chessgames,132247,https://www.chessgames.com/perl/chessplayer?pid=132247,unknown,rate limited (HTTP 429),"rate-limited or server error - not judged, will be retried"
681091,"Velten, Paul",lichess,Elda64,https://lichess.org/@/Elda64,alive,200,no action
5005779,"Venkatesh, M.R.",chesscom,MrVenky,https://www.chess.com/member/MrVenky,alive,200,no action
5005779,"Venkatesh, M.R.",chesscomPlayer,marani-rajendran-venkatesh,https://www.chess.com/players/marani-rajendran-venkatesh,unknown,rate limited (HTTP 429),"rate-limited or server error - not judged, will be retried"
5005779,"Venkatesh, M.R.",chessgames,51262,https://www.chessgames.com/perl/chessplayer?pid=51262,unknown,rate limited (HTTP 429),"rate-limited or server error - not judged, will be retried"
3500055,"Vera Gonzalez-Quevedo, Reynaldo",chesscomPlayer,reynaldo-vera-gonzalez-quevedo,https://www.chess.com/players/reynaldo-vera-gonzalez-quevedo,unknown,rate limited (HTTP 429),"rate-limited or server error - not judged, will be retried"
3500055,"Vera Gonzalez-Quevedo, Reynaldo",chessgames,16260,https://www.chessgames.com/perl/chessplayer?pid=16260,unknown,rate limited (HTTP 429),"rate-limited or server error - not judged, will be retried"
3500055,"Vera Gonzalez-Quevedo, Reynaldo",lichess,Bucheplome,https://lichess.org/@/Bucheplome,alive,200,no action
3804623,"Vera Siguenas, Deivy",chesscom,NuidisVulko,https://www.chess.com/member/NuidisVulko,alive,200,no action
3804623,"Vera Siguenas, Deivy",chesscomPlayer,deivy-vera-siguenas,https://www.chess.com/players/deivy-vera-siguenas,alive,200,no action
3804623,"Vera Siguenas, Deivy",chessgames,140217,https://www.chessgames.com/perl/chessplayer?pid=140217,unknown,rate limited (HTTP 429),"rate-limited or server error - not judged, will be retried"
633046,"Vernay, Clovis",chesscomPlayer,clovis-vernay,https://www.chess.com/players/clovis-vernay,unknown,rate limited (HTTP 429),"rate-limited or server error - not judged, will be retried"
633046,"Vernay, Clovis",chessgames,96024,https://www.chessgames.com/perl/chessplayer?pid=96024,unknown,rate limited (HTTP 429),"rate-limited or server error - not judged, will be retried"
2100789,"Vescovi, Giovanni",chesscomPlayer,giovanni-vescovi,https://www.chess.com/players/giovanni-vescovi,unknown,rate limited (HTTP 429),"rate-limited or server error - not judged, will be retried"
2100789,"Vescovi, Giovanni",chessgames,16789,https://www.chessgames.com/perl/chessplayer?pid=16789,unknown,rate limited (HTTP 429),"rate-limited or server error - not judged, will be retried"
44144474,"Vetokhin, Savva",chesscom,Savva09022009,https://www.chess.com/member/Savva09022009,alive,200,no action
44144474,"Vetokhin, Savva",chesscomPlayer,savva-vetokhin,https://www.chess.com/players/savva-vetokhin,alive,200,no action
14122480,"Vetoshko, Volodymyr",chesscom,Incognito_Knight,https://www.chess.com/member/Incognito_Knight,alive,200,no action
14122480,"Vetoshko, Volodymyr",chesscomPlayer,volodymyr-vetoshko,https://www.chess.com/players/volodymyr-vetoshko,unknown,rate limited (HTTP 429),"rate-limited or server error - not judged, will be retried"
14122480,"Vetoshko, Volodymyr",chessgames,134700,https://www.chessgames.com/perl/chessplayer?pid=134700,unknown,rate limited (HTTP 429),"rate-limited or server error - not judged, will be retried"
5029465,"Vidit, Santosh Gujrathi",chesscom,viditchess,https://www.chess.com/member/viditchess,alive,200,no action
5029465,"Vidit, Santosh Gujrathi",chesscomPlayer,vidit-santosh-gujrathi,https://www.chess.com/players/vidit-santosh-gujrathi,unknown,rate limited (HTTP 429),"rate-limited or server error - not judged, will be retried"
5029465,"Vidit, Santosh Gujrathi",chessgames,117302,https://www.chessgames.com/perl/chessplayer?pid=117302,unknown,rate limited (HTTP 429),"rate-limited or server error - not judged, will be retried"
5029465,"Vidit, Santosh Gujrathi",x,viditchess,https://x.com/viditchess,alive,200,no action
5029465,"Vidit, Santosh Gujrathi",website,https://viditgujrathi.com,https://viditgujrathi.com,unknown,ConnectionResetError,"rate-limited or server error - not judged, will be retried"
5029465,"Vidit, Santosh Gujrathi",facebook,vidit.sports,,unchecked,returns HTTP 400 to all automated requests,cannot be tested from a server - left in place
5029465,"Vidit, Santosh Gujrathi",youtube,UCpjTx5WsF4yqyvGIYY8nuVg,,unchecked,consent page answers 200 for missing channels,cannot be tested from a server - left in place
25012215,Vignesh N R,chesscom,nrvignesh,https://www.chess.com/member/nrvignesh,alive,200,no action
25012215,Vignesh N R,chesscomPlayer,vignesh-n-r,https://www.chess.com/players/vignesh-n-r,alive,200,no action
2261090,"Vila Gazquez, Xavier",chesscomPlayer,xavier-vila-gazquez,https://www.chess.com/players/xavier-vila-gazquez,unknown,rate limited (HTTP 429),"rate-limited or server error - not judged, will be retried"
2261090,"Vila Gazquez, Xavier",chessgames,88076,https://www.chessgames.com/perl/chessplayer?pid=88076,unknown,rate limited (HTTP 429),"rate-limited or server error - not judged, will be retried"
5200393,"Villamayor, Buenaventura",chesscomPlayer,buenaventura-villamayor,https://www.chess.com/players/buenaventura-villamayor,unknown,rate limited (HTTP 429),"rate-limited or server error - not judged, will be retried"
5200393,"Villamayor, Buenaventura",chessgames,46934,https://www.chessgames.com/perl/chessplayer?pid=46934,unknown,rate limited (HTTP 429),"rate-limited or server error - not judged, will be retried"
25012223,Visakh N R,chesscom,nrvisakh,https://www.chess.com/member/nrvisakh,alive,200,no action
25012223,Visakh N R,chesscomPlayer,visakh-n-r,https://www.chess.com/players/visakh-n-r,unknown,rate limited (HTTP 429),"rate-limited or server error - not judged, will be retried"
25012223,Visakh N R,chessgames,131314,https://www.chessgames.com/perl/chessplayer?pid=131314,unknown,rate limited (HTTP 429),"rate-limited or server error - not judged, will be retried"
5030692,Vishnu Prasanna. V,chesscom,VishnuPrasanna,https://www.chess.com/member/VishnuPrasanna,alive,200,no action
5030692,Vishnu Prasanna. V,chesscomPlayer,vishnu-prasanna-vasanthan,https://www.chess.com/players/vishnu-prasanna-vasanthan,unknown,rate limited (HTTP 429),"rate-limited or server error - not judged, will be retried"
5030692,Vishnu Prasanna. V,chessgames,115569,https://www.chessgames.com/perl/chessplayer?pid=115569,unknown,rate limited (HTTP 429),"rate-limited or server error - not judged, will be retried"
1000578,"Visser, Yge",chesscomPlayer,yge-visser,https://www.chess.com/players/yge-visser,alive,200,no action
1000578,"Visser, Yge",chessgames,10929,https://www.chessgames.com/perl/chessplayer?pid=10929,unknown,rate limited (HTTP 429),"rate-limited or server error - not judged, will be retried"
4152956,"Vitiugov, Nikita",chesscom,Colchonero64,https://www.chess.com/member/Colchonero64,alive,200,no action
4152956,"Vitiugov, Nikita",chesscomPlayer,nikita-vitiugov,https://www.chess.com/players/nikita-vitiugov,unknown,rate limited (HTTP 429),"rate-limited or server error - not judged, will be retried"
4152956,"Vitiugov, Nikita",chessgames,54643,https://www.chessgames.com/perl/chessplayer?pid=54643,unknown,rate limited (HTTP 429),"rate-limited or server error - not judged, will be retried"
4152956,"Vitiugov, Nikita",lichess,Colchonero64,https://lichess.org/@/Colchonero64,alive,200,no action
4152956,"Vitiugov, Nikita",x,N_Vitiugov,https://x.com/N_Vitiugov,alive,200,no action
4152956,"Vitiugov, Nikita",facebook,vitiugov.nikita,,unchecked,returns HTTP 400 to all automated requests,cannot be tested from a server - left in place
13700014,"Vladimirov, Yevgeniy",chesscomPlayer,evgeny-vladimirov,https://www.chess.com/players/evgeny-vladimirov,unknown,rate limited (HTTP 429),"rate-limited or server error - not judged, will be retried"
13700014,"Vladimirov, Yevgeniy",chessgames,15815,https://www.chessgames.com/perl/chessplayer?pid=15815,unknown,rate limited (HTTP 429),"rate-limited or server error - not judged, will be retried"
813192,"Vocaturo, Daniele",chesscom,Diwi89,https://www.chess.com/member/Diwi89,alive,200,no action
813192,"Vocaturo, Daniele",chesscomPlayer,daniele-vocaturo,https://www.chess.com/players/daniele-vocaturo,unknown,rate limited (HTTP 429),"rate-limited or server error - not judged, will be retried"
813192,"Vocaturo, Daniele",chessgames,95812,https://www.chessgames.com/perl/chessplayer?pid=95812,unknown,rate limited (HTTP 429),"rate-limited or server error - not judged, will be retried"
12908088,"Vogel, Roven",chesscomPlayer,roven-vogel,https://www.chess.com/players/roven-vogel,unknown,rate limited (HTTP 429),"rate-limited or server error - not judged, will be retried"
12908088,"Vogel, Roven",chessgames,153785,https://www.chessgames.com/perl/chessplayer?pid=153785,unknown,rate limited (HTTP 429),"rate-limited or server error - not judged, will be retried"
4611292,"Vogt, Lothar",chesscomPlayer,lothar-vogt,https://www.chess.com/players/lothar-vogt,alive,200,no action
4611292,"Vogt, Lothar",chessgames,11663,https://www.chessgames.com/perl/chessplayer?pid=11663,unknown,rate limited (HTTP 429),"rate-limited or server error - not judged, will be retried"
4113470,"Voitsekhovsky, Stanislav",chesscomPlayer,stanislav-voitsekhovsky,https://www.chess.com/players/stanislav-voitsekhovsky,unknown,rate limited (HTTP 429),"rate-limited or server error - not judged, will be retried"
4113470,"Voitsekhovsky, Stanislav",chessgames,26119,https://www.chessgames.com/perl/chessplayer?pid=26119,unknown,rate limited (HTTP 429),"rate-limited or server error - not judged, will be retried"
4119711,"Vokarev, Sergey",chesscom,Monmoransy,https://www.chess.com/member/Monmoransy,alive,200,no action
4119711,"Vokarev, Sergey",chesscomPlayer,sergey-vokarev,https://www.chess.com/players/sergey-vokarev,unknown,rate limited (HTTP 429),"rate-limited or server error - not judged, will be retried"
4119711,"Vokarev, Sergey",chessgames,49064,https://www.chessgames.com/perl/chessplayer?pid=49064,unknown,rate limited (HTTP 429),"rate-limited or server error - not judged, will be retried"
14204223,"Vokhidov, Shamsiddin",chesscom,Shield12,https://www.chess.com/member/Shield12,alive,200,no action
14204223,"Vokhidov, Shamsiddin",chesscomPlayer,shamsiddin-vokhidov,https://www.chess.com/players/shamsiddin-vokhidov,unknown,rate limited (HTTP 429),"rate-limited or server error - not judged, will be retried"
14204223,"Vokhidov, Shamsiddin",chessgames,149948,https://www.chessgames.com/perl/chessplayer?pid=149948,unknown,rate limited (HTTP 429),"rate-limited or server error - not judged, will be retried"
300101,"Vokáč, Marek",chesscomPlayer,marek-vokac,https://www.chess.com/players/marek-vokac,alive,200,no action
300101,"Vokáč, Marek",chessgames,19670,https://www.chessgames.com/perl/chessplayer?pid=19670,unknown,rate limited (HTTP 429),"rate-limited or server error - not judged, will be retried"
4122763,"Volkov, Sergey",chesscom,VSERGUEI,https://www.chess.com/member/VSERGUEI,alive,200,no action
4122763,"Volkov, Sergey",chesscomPlayer,sergey-volkov,https://www.chess.com/players/sergey-volkov,alive,200,no action
4122763,"Volkov, Sergey",chessgames,42782,https://www.chessgames.com/perl/chessplayer?pid=42782,unknown,rate limited (HTTP 429),"rate-limited or server error - not judged, will be retried"
4501950,"Volodin, Aleksandr",chesscom,AVolodin,https://www.chess.com/member/AVolodin,alive,200,no action
4501950,"Volodin, Aleksandr",chesscomPlayer,aleksandr-volodin,https://www.chess.com/players/aleksandr-volodin,unknown,rate limited (HTTP 429),"rate-limited or server error - not judged, will be retried"
4501950,"Volodin, Aleksandr",chessgames,95993,https://www.chessgames.com/perl/chessplayer?pid=95993,unknown,rate limited (HTTP 429),"rate-limited or server error - not judged, will be retried"
14107090,"Volokitin, Andrei",chesscomPlayer,andrei-volokitin,https://www.chess.com/players/andrei-volokitin,unknown,rate limited (HTTP 429),"rate-limited or server error - not judged, will be retried"
14107090,"Volokitin, Andrei",chessgames,49244,https://www.chessgames.com/perl/chessplayer?pid=49244,unknown,rate limited (HTTP 429),"rate-limited or server error - not judged, will be retried"
311111,"Volosin, Leon",chesscomPlayer,leonid-voloshin,https://www.chess.com/players/leonid-voloshin,unknown,rate limited (HTTP 429),"rate-limited or server error - not judged, will be retried"
311111,"Volosin, Leon",chessgames,29151,https://www.chessgames.com/perl/chessplayer?pid=29151,unknown,rate limited (HTTP 429),"rate-limited or server error - not judged, will be retried"
4115031,"Volzhin, Alexander",chesscomPlayer,alexander-volzhin,https://www.chess.com/players/alexander-volzhin,alive,200,no action
4115031,"Volzhin, Alexander",chessgames,27721,https://www.chessgames.com/perl/chessplayer?pid=27721,unknown,rate limited (HTTP 429),"rate-limited or server error - not judged, will be retried"
4121341,"Vorobiov, Evgeny E.",chesscomPlayer,evgeny-e-vorobiov,https://www.chess.com/players/evgeny-e-vorobiov,unknown,rate limited (HTTP 429),"rate-limited or server error - not judged, will be retried"
4121341,"Vorobiov, Evgeny E.",chessgames,49687,https://www.chessgames.com/perl/chessplayer?pid=49687,unknown,rate limited (HTTP 429),"rate-limited or server error - not judged, will be retried"
14116367,"Vorontsov, Pavlo",chesscom,PVorontsov,https://www.chess.com/member/PVorontsov,alive,200,no action
14116367,"Vorontsov, Pavlo",chesscomPlayer,pavel-vorontsov,https://www.chess.com/players/pavel-vorontsov,unknown,rate limited (HTTP 429),"rate-limited or server error - not judged, will be retried"
14116367,"Vorontsov, Pavlo",chessgames,118140,https://www.chessgames.com/perl/chessplayer?pid=118140,unknown,rate limited (HTTP 429),"rate-limited or server error - not judged, will be retried"
14116367,"Vorontsov, Pavlo",lichess,Pavel-Vorontsov,https://lichess.org/@/Pavel-Vorontsov,alive,200,no action
4103009,"Vorotnikov, Vladislav V",chesscomPlayer,vladislav-v-vorotnikov,https://www.chess.com/players/vladislav-v-vorotnikov,unknown,rate limited (HTTP 429),"rate-limited or server error - not judged, will be retried"
4103009,"Vorotnikov, Vladislav V",chessgames,102929,https://www.chessgames.com/perl/chessplayer?pid=102929,unknown,rate limited (HTTP 429),"rate-limited or server error - not judged, will be retried"
300535,"Votava, Jan",chesscomPlayer,jan-votava,https://www.chess.com/players/jan-votava,alive,200,no action
300535,"Votava, Jan",chessgames,19782,https://www.chessgames.com/perl/chessplayer?pid=19782,unknown,rate limited (HTTP 429),"rate-limited or server error - not judged, will be retried"
14114470,"Vovk, Andriy",chesscom,VovAn1991,https://www.chess.com/member/VovAn1991,alive,200,no action
14114470,"Vovk, Andriy",chesscomPlayer,andrey-vovk,https://www.chess.com/players/andrey-vovk,unknown,rate limited (HTTP 429),"rate-limited or server error - not judged, will be retried"
14114470,"Vovk, Andriy",chessgames,99223,https://www.chessgames.com/perl/chessplayer?pid=99223,unknown,rate limited (HTTP 429),"rate-limited or server error - not judged, will be retried"
14113171,"Vovk, Yuri",chesscom,vovkcoach,https://www.chess.com/member/vovkcoach,alive,200,no action
14113171,"Vovk, Yuri",chesscomPlayer,yuri-vovk,https://www.chess.com/players/yuri-vovk,unknown,rate limited (HTTP 429),"rate-limited or server error - not judged, will be retried"
14113171,"Vovk, Yuri",chessgames,98711,https://www.chessgames.com/perl/chessplayer?pid=98711,unknown,rate limited (HTTP 429),"rate-limited or server error - not judged, will be retried"
1048333,"Vrolijk, Liam",chesscomPlayer,liam-vrolijk,https://www.chess.com/players/liam-vrolijk,unknown,rate limited (HTTP 429),"rate-limited or server error - not judged, will be retried"
1048333,"Vrolijk, Liam",chessgames,158069,https://www.chessgames.com/perl/chessplayer?pid=158069,unknown,rate limited (HTTP 429),"rate-limited or server error - not judged, will be retried"
1048333,"Vrolijk, Liam",lichess,GekkeLeon,https://lichess.org/@/GekkeLeon,alive,200,no action
922277,"Vuckovic, Bojan",chesscomPlayer,bojan-vuckovic,https://www.chess.com/players/bojan-vuckovic,unknown,rate limited (HTTP 429),"rate-limited or server error - not judged, will be retried"
922277,"Vuckovic, Bojan",chessgames,52149,https://www.chessgames.com/perl/chessplayer?pid=52149,unknown,rate limited (HTTP 429),"rate-limited or server error - not judged, will be retried"
900273,"Vukic, Milan",chesscomPlayer,milan-vukic,https://www.chess.com/players/milan-vukic,alive,200,no action
900273,"Vukic, Milan",chessgames,14954,https://www.chessgames.com/perl/chessplayer?pid=14954,unknown,rate limited (HTTP 429),"rate-limited or server error - not judged, will be retried"
4104307,"Vul, Arkadi Eremeevich",chesscomPlayer,arkadi-eremeevich-vul,https://www.chess.com/players/arkadi-eremeevich-vul,alive,200,no action
4104307,"Vul, Arkadi Eremeevich",chessgames,33713,https://www.chessgames.com/perl/chessplayer?pid=33713,unknown,rate limited (HTTP 429),"rate-limited or server error - not judged, will be retried"
14103516,"Vysochin, Spartak",chesscom,Spartakus1975,https://www.chess.com/member/Spartakus1975,alive,200,no action
14103516,"Vysochin, Spartak",chesscomPlayer,spartak-vysochin,https://www.chess.com/players/spartak-vysochin,unknown,rate limited (HTTP 429),"rate-limited or server error - not judged, will be retried"
14103516,"Vysochin, Spartak",chessgames,39808,https://www.chessgames.com/perl/chessplayer?pid=39808,unknown,rate limited (HTTP 429),"rate-limited or server error - not judged, will be retried"
415804,"Wadsworth, Matthew J",chesscom,wadsy27,https://www.chess.com/member/wadsy27,alive,200,no action
415804,"Wadsworth, Matthew J",chesscomPlayer,matthew-j-wadsworth,https://www.chess.com/players/matthew-j-wadsworth,unknown,rate limited (HTTP 429),"rate-limited or server error - not judged, will be retried"
415804,"Wadsworth, Matthew J",chessgames,138948,https://www.chessgames.com/perl/chessplayer?pid=138948,unknown,rate limited (HTTP 429),"rate-limited or server error - not judged, will be retried"
24650684,"Wagner, Dennis",chesscom,chessdjw,https://www.chess.com/member/chessdjw,alive,200,no action
24650684,"Wagner, Dennis",chesscomPlayer,dennis-wagner,https://www.chess.com/players/dennis-wagner,unknown,rate limited (HTTP 429),"rate-limited or server error - not judged, will be retried"
24650684,"Wagner, Dennis",chessgames,129294,https://www.chessgames.com/perl/chessplayer?pid=129294,unknown,rate limited (HTTP 429),"rate-limited or server error - not judged, will be retried"
24650684,"Wagner, Dennis",lichess,Invictus_2015,https://lichess.org/@/Invictus_2015,alive,200,no action
7100019,"Wahjuwidajat, Utut Adianto",chesscomPlayer,utut-adianto,https://www.chess.com/players/utut-adianto,alive,200,no action
7100019,"Wahjuwidajat, Utut Adianto",chessgames,16249,https://www.chessgames.com/perl/chessplayer?pid=16249,unknown,rate limited (HTTP 429),"rate-limited or server error - not judged, will be retried"
4600070,"Wahls, Matthias",chesscomPlayer,matthias-wahls,https://www.chess.com/players/matthias-wahls,alive,200,no action
4600070,"Wahls, Matthias",chessgames,22720,https://www.chessgames.com/perl/chessplayer?pid=22720,unknown,rate limited (HTTP 429),"rate-limited or server error - not judged, will be retried"
8603189,"Wan, Yunguo",chesscom,tk161,https://www.chess.com/member/tk161,alive,200,no action
8603189,"Wan, Yunguo",chesscomPlayer,wan-yunguo,https://www.chess.com/players/wan-yunguo,alive,200,no action
8603189,"Wan, Yunguo",chessgames,114771,https://www.chessgames.com/perl/chessplayer?pid=114771,unknown,rate limited (HTTP 429),"rate-limited or server error - not judged, will be retried"
8602883,"Wang, Hao",chesscom,Aoitsukibluemoon,https://www.chess.com/member/Aoitsukibluemoon,alive,200,no action
8602883,"Wang, Hao",chesscomPlayer,wang-hao,https://www.chess.com/players/wang-hao,unknown,rate limited (HTTP 429),"rate-limited or server error - not judged, will be retried"
8602883,"Wang, Hao",chessgames,78863,https://www.chessgames.com/perl/chessplayer?pid=78863,unknown,rate limited (HTTP 429),"rate-limited or server error - not judged, will be retried"
8601003,"Wang, Rui",chesscomPlayer,wang-rui,https://www.chess.com/players/wang-rui,unknown,rate limited (HTTP 429),"rate-limited or server error - not judged, will be retried"
8601003,"Wang, Rui",chessgames,47323,https://www.chessgames.com/perl/chessplayer?pid=47323,unknown,rate limited (HTTP 429),"rate-limited or server error - not judged, will be retried"
8601429,"Wang, Yue",chesscom,chesswy,https://www.chess.com/member/chesswy,alive,200,no action
8601429,"Wang, Yue",chesscomPlayer,wang-yue,https://www.chess.com/players/wang-yue,unknown,rate limited (HTTP 429),"rate-limited or server error - not judged, will be retried"
8601429,"Wang, Yue",chessgames,52672,https://www.chessgames.com/perl/chessplayer?pid=52672,unknown,rate limited (HTTP 429),"rate-limited or server error - not judged, will be retried"
8600023,"Wang, Zili",chesscomPlayer,wang-zili,https://www.chess.com/players/wang-zili,alive,200,no action
8600023,"Wang, Zili",chessgames,10839,https://www.chessgames.com/perl/chessplayer?pid=10839,unknown,rate limited (HTTP 429),"rate-limited or server error - not judged, will be retried"
1124552,"Warakomski, Tomasz",chesscom,Wraku89,https://www.chess.com/member/Wraku89,alive,200,no action
1124552,"Warakomski, Tomasz",chesscomPlayer,tomasz-warakomski,https://www.chess.com/players/tomasz-warakomski,unknown,rate limited (HTTP 429),"rate-limited or server error - not judged, will be retried"
1124552,"Warakomski, Tomasz",chessgames,54714,https://www.chessgames.com/perl/chessplayer?pid=54714,unknown,rate limited (HTTP 429),"rate-limited or server error - not judged, will be retried"
400203,"Ward, Chris G",chesscomPlayer,chris-g-ward,https://www.chess.com/players/chris-g-ward,unknown,rate limited (HTTP 429),"rate-limited or server error - not judged, will be retried"
400203,"Ward, Chris G",chessgames,14224,https://www.chessgames.com/perl/chessplayer?pid=14224,unknown,rate limited (HTTP 429),"rate-limited or server error - not judged, will be retried"
1048104,"Warmerdam, Max",chesscom,xamax2000,https://www.chess.com/member/xamax2000,alive,200,no action
1048104,"Warmerdam, Max",chesscomPlayer,max-warmerdam,https://www.chess.com/players/max-warmerdam,unknown,rate limited (HTTP 429),"rate-limited or server error - not judged, will be retried"
1048104,"Warmerdam, Max",chessgames,157318,https://www.chessgames.com/perl/chessplayer?pid=157318,unknown,rate limited (HTTP 429),"rate-limited or server error - not judged, will be retried"
1048104,"Warmerdam, Max",lichess,xamax2000,https://lichess.org/@/xamax2000,dead,HTTP 404,removed from roster.csv - replace with the current handle if you find one
1048104,"Warmerdam, Max",x,max_warmerdam,https://x.com/max_warmerdam,alive,200,no action
400157,"Watson, William N",chesscomPlayer,william-n-watson,https://www.chess.com/players/william-n-watson,alive,200,no action
400157,"Watson, William N",chessgames,13958,https://www.chessgames.com/perl/chessplayer?pid=13958,unknown,rate limited (HTTP 429),"rate-limited or server error - not judged, will be retried"
1700073,"Wedberg, Tom",chesscom,WasaWarrior1,https://www.chess.com/member/WasaWarrior1,alive,200,no action
1700073,"Wedberg, Tom",chesscomPlayer,tom-wedberg,https://www.chess.com/players/tom-wedberg,unknown,rate limited (HTTP 429),"rate-limited or server error - not judged, will be retried"
1700073,"Wedberg, Tom",chessgames,14340,https://www.chessgames.com/perl/chessplayer?pid=14340,unknown,rate limited (HTTP 429),"rate-limited or server error - not judged, will be retried"
8603405,"Wei, Yi",chesscom,LOVEVAE,https://www.chess.com/member/LOVEVAE,alive,200,no action
8603405,"Wei, Yi",chesscomPlayer,wei-yi,https://www.chess.com/players/wei-yi,unknown,rate limited (HTTP 429),"rate-limited or server error - not judged, will be retried"
8603405,"Wei, Yi",chessgames,130615,https://www.chessgames.com/perl/chessplayer?pid=130615,unknown,rate limited (HTTP 429),"rate-limited or server error - not judged, will be retried"
400327,"Wells, Peter K",chesscomPlayer,peter-k-wells,https://www.chess.com/players/peter-k-wells,unknown,rate limited (HTTP 429),"rate-limited or server error - not judged, will be retried"
400327,"Wells, Peter K",chessgames,13896,https://www.chessgames.com/perl/chessplayer?pid=13896,unknown,rate limited (HTTP 429),"rate-limited or server error - not judged, will be retried"
8602956,"Wen, Yang",chesscom,BabeGroot,https://www.chess.com/member/BabeGroot,alive,200,no action
8602956,"Wen, Yang",chesscomPlayer,wen-yang,https://www.chess.com/players/wen-yang,unknown,rate limited (HTTP 429),"rate-limited or server error - not judged, will be retried"
8602956,"Wen, Yang",chessgames,52646,https://www.chessgames.com/perl/chessplayer?pid=52646,unknown,rate limited (HTTP 429),"rate-limited or server error - not judged, will be retried"
1006088,"Werle, Jan",chesscom,janwerle,https://www.chess.com/member/janwerle,alive,200,no action
1006088,"Werle, Jan",chesscomPlayer,jan-werle,https://www.chess.com/players/jan-werle,alive,200,no action
1006088,"Werle, Jan",chessgames,41010,https://www.chessgames.com/perl/chessplayer?pid=41010,unknown,rate limited (HTTP 429),"rate-limited or server error - not judged, will be retried"
1701754,"Westerberg, Jonathan",chesscom,jonathanwesterberg,https://www.chess.com/member/jonathanwesterberg,alive,200,no action
1701754,"Westerberg, Jonathan",chesscomPlayer,jonathan-westerberg,https://www.chess.com/players/jonathan-westerberg,unknown,rate limited (HTTP 429),"rate-limited or server error - not judged, will be retried"
1701754,"Westerberg, Jonathan",chessgames,141599,https://www.chessgames.com/perl/chessplayer?pid=141599,unknown,rate limited (HTTP 429),"rate-limited or server error - not judged, will be retried"
500020,"Westerinen, Heikki M.J.",chesscomPlayer,heikki-m-j-westerinen,https://www.chess.com/players/heikki-m-j-westerinen,unknown,rate limited (HTTP 429),"rate-limited or server error - not judged, will be retried"
500020,"Westerinen, Heikki M.J.",chessgames,79807,https://www.chessgames.com/perl/chessplayer?pid=79807,unknown,rate limited (HTTP 429),"rate-limited or server error - not judged, will be retried"
1133950,"Wieczorek, Oskar",chesscom,oskariot,https://www.chess.com/member/oskariot,alive,200,no action
1133950,"Wieczorek, Oskar",chesscomPlayer,oskar-wieczorek,https://www.chess.com/players/oskar-wieczorek,unknown,rate limited (HTTP 429),"rate-limited or server error - not judged, will be retried"
1133950,"Wieczorek, Oskar",chessgames,117701,https://www.chessgames.com/perl/chessplayer?pid=117701,unknown,rate limited (HTTP 429),"rate-limited or server error - not judged, will be retried"
1133950,"Wieczorek, Oskar",lichess,Midnight_Chess,https://lichess.org/@/Midnight_Chess,alive,200,no action
2000130,"Wilder, Michael",chesscomPlayer,michael-wilder,https://www.chess.com/players/michael-wilder,alive,200,no action
2000130,"Wilder, Michael",chessgames,15434,https://www.chessgames.com/perl/chessplayer?pid=15434,unknown,rate limited (HTTP 429),"rate-limited or server error - not judged, will be retried"
404454,"Williams, Simon K",chesscom,Ginger_GM,https://www.chess.com/member/Ginger_GM,alive,200,no action
404454,"Williams, Simon K",chesscomPlayer,simon-williams,https://www.chess.com/players/simon-williams,unknown,rate limited (HTTP 429),"rate-limited or server error - not judged, will be retried"
404454,"Williams, Simon K",chessgames,48986,https://www.chessgames.com/perl/chessplayer?pid=48986,unknown,rate limited (HTTP 429),"rate-limited or server error - not judged, will be retried"
404454,"Williams, Simon K",x,ginger_gm,https://x.com/ginger_gm,alive,200,no action
404454,"Williams, Simon K",instagram,ginger__gm,,unchecked,login wall answers 200 for missing profiles,cannot be tested from a server - left in place
615013,"Wirig, Anthony",chesscom,AnthonyWirig,https://www.chess.com/member/AnthonyWirig,alive,200,no action
615013,"Wirig, Anthony",chesscomPlayer,anthony-wirig,https://www.chess.com/players/anthony-wirig,unknown,rate limited (HTTP 429),"rate-limited or server error - not judged, will be retried"
615013,"Wirig, Anthony",chessgames,50661,https://www.chessgames.com/perl/chessplayer?pid=50661,unknown,rate limited (HTTP 429),"rate-limited or server error - not judged, will be retried"
1118358,"Wojtaszek, Radoslaw",chesscom,Radzio1987,https://www.chess.com/member/Radzio1987,alive,200,no action
1118358,"Wojtaszek, Radoslaw",chesscomPlayer,radoslaw-wojtaszek,https://www.chess.com/players/radoslaw-wojtaszek,unknown,rate limited (HTTP 429),"rate-limited or server error - not judged, will be retried"
1118358,"Wojtaszek, Radoslaw",chessgames,54492,https://www.chessgames.com/perl/chessplayer?pid=54492,unknown,rate limited (HTTP 429),"rate-limited or server error - not judged, will be retried"
1118358,"Wojtaszek, Radoslaw",x,Radek_Wojtaszek,https://x.com/Radek_Wojtaszek,alive,200,no action
2000148,"Wolff, Patrick G",chesscom,PGW-in-SF,https://www.chess.com/member/PGW-in-SF,alive,200,no action
2000148,"Wolff, Patrick G",chesscomPlayer,patrick-wolff,https://www.chess.com/players/patrick-wolff,alive,200,no action
2000148,"Wolff, Patrick G",chessgames,15542,https://www.chessgames.com/perl/chessplayer?pid=15542,unknown,rate limited (HTTP 429),"rate-limited or server error - not judged, will be retried"
4611390,"Womacka, Mathias",chesscom,MathiasWomacka,https://www.chess.com/member/MathiasWomacka,alive,200,no action
4611390,"Womacka, Mathias",chesscomPlayer,mathias-womacka,https://www.chess.com/players/mathias-womacka,unknown,rate limited (HTTP 429),"rate-limited or server error - not judged, will be retried"
4611390,"Womacka, Mathias",chessgames,24662,https://www.chessgames.com/perl/chessplayer?pid=24662,unknown,rate limited (HTTP 429),"rate-limited or server error - not judged, will be retried"
5800030,"Wong, Meng Kong",chesscomPlayer,wong-meng-kong,https://www.chess.com/players/wong-meng-kong,unknown,rate limited (HTTP 429),"rate-limited or server error - not judged, will be retried"
5800030,"Wong, Meng Kong",chessgames,88773,https://www.chessgames.com/perl/chessplayer?pid=88773,unknown,rate limited (HTTP 429),"rate-limited or server error - not judged, will be retried"
30953499,"Woodward, Andy",chesscomPlayer,andy-woodward,https://www.chess.com/players/andy-woodward,unknown,rate limited (HTTP 429),"rate-limited or server error - not judged, will be retried"
30953499,"Woodward, Andy",chessgames,164321,https://www.chessgames.com/perl/chessplayer?pid=164321,unknown,rate limited (HTTP 429),"rate-limited or server error - not judged, will be retried"
5800714,"Wu, Shaobin",chesscomPlayer,wu-shaobin,https://www.chess.com/players/wu-shaobin,alive,200,no action
5800714,"Wu, Shaobin",chessgames,10838,https://www.chessgames.com/perl/chessplayer?pid=10838,unknown,rate limited (HTTP 429),"rate-limited or server error - not judged, will be retried"
8600716,"Wu, Wenjin",chesscomPlayer,wu-wenjin,https://www.chess.com/players/wu-wenjin,unknown,rate limited (HTTP 429),"rate-limited or server error - not judged, will be retried"
8600716,"Wu, Wenjin",chessgames,47218,https://www.chessgames.com/perl/chessplayer?pid=47218,unknown,rate limited (HTTP 429),"rate-limited or server error - not judged, will be retried"
8622388,"Xiao, Tong(QD)",chesscom,xiaotong2008,https://www.chess.com/member/xiaotong2008,alive,200,no action
8622388,"Xiao, Tong(QD)",chesscomPlayer,tong-xiao,https://www.chess.com/players/tong-xiao,alive,200,no action
8622388,"Xiao, Tong(QD)",chessgames,199785,https://www.chessgames.com/perl/chessplayer?pid=199785,unknown,rate limited (HTTP 429),"rate-limited or server error - not judged, will be retried"
8600147,"Xie, Jun",chesscomPlayer,xie-jun,https://www.chess.com/players/xie-jun,alive,200,no action
8600147,"Xie, Jun",chessgames,11045,https://www.chessgames.com/perl/chessplayer?pid=11045,unknown,rate limited (HTTP 429),"rate-limited or server error - not judged, will be retried"
2047640,"Xiong, Jeffery",chesscomPlayer,jeffery-xiong,https://www.chess.com/players/jeffery-xiong,unknown,rate limited (HTTP 429),"rate-limited or server error - not judged, will be retried"
2047640,"Xiong, Jeffery",chessgames,139955,https://www.chessgames.com/perl/chessplayer?pid=139955,unknown,rate limited (HTTP 429),"rate-limited or server error - not judged, will be retried"
8603693,"Xiu, Deshun",chesscomPlayer,xiu-deshun,https://www.chess.com/players/xiu-deshun,unknown,rate limited (HTTP 429),"rate-limited or server error - not judged, will be retried"
8603693,"Xiu, Deshun",chessgames,98958,https://www.chessgames.com/perl/chessplayer?pid=98958,unknown,rate limited (HTTP 429),"rate-limited or server error - not judged, will be retried"
8600031,"Xu, Jun",chesscomPlayer,xu-jun,https://www.chess.com/players/xu-jun,unknown,rate limited (HTTP 429),"rate-limited or server error - not judged, will be retried"
8600031,"Xu, Jun",chessgames,28330,https://www.chessgames.com/perl/chessplayer?pid=28330,unknown,rate limited (HTTP 429),"rate-limited or server error - not judged, will be retried"
8608288,"Xu, Xiangyu",chesscom,xxysoul6,https://www.chess.com/member/xxysoul6,alive,200,no action
8608288,"Xu, Xiangyu",chesscomPlayer,xu-xiangyu,https://www.chess.com/players/xu-xiangyu,alive,200,no action
8608288,"Xu, Xiangyu",chessgames,145638,https://www.chessgames.com/perl/chessplayer?pid=145638,unknown,rate limited (HTTP 429),"rate-limited or server error - not judged, will be retried"
8605564,"Xu, Yi",chesscom,ActorXu,https://www.chess.com/member/ActorXu,alive,200,no action
8605564,"Xu, Yi",chesscomPlayer,xu-yi,https://www.chess.com/players/xu-yi,unknown,rate limited (HTTP 429),"rate-limited or server error - not judged, will be retried"
8605564,"Xu, Yi",chessgames,134924,https://www.chessgames.com/perl/chessplayer?pid=134924,unknown,rate limited (HTTP 429),"rate-limited or server error - not judged, will be retried"
8604940,"Xu, Yinglun",chesscomPlayer,xu-yinglun,https://www.chess.com/players/xu-yinglun,unknown,rate limited (HTTP 429),"rate-limited or server error - not judged, will be retried"
8604940,"Xu, Yinglun",chessgames,149137,https://www.chessgames.com/perl/chessplayer?pid=149137,unknown,rate limited (HTTP 429),"rate-limited or server error - not judged, will be retried"
8600635,"Xu, Yuhua",chesscomPlayer,xu-yuhua,https://www.chess.com/players/xu-yuhua,unknown,rate limited (HTTP 429),"rate-limited or server error - not judged, will be retried"
8600635,"Xu, Yuhua",chessgames,49535,https://www.chessgames.com/perl/chessplayer?pid=49535,unknown,rate limited (HTTP 429),"rate-limited or server error - not judged, will be retried"
8611572,"Xu, Zhihang",chesscom,Floatingdream1,https://www.chess.com/member/Floatingdream1,alive,200,no action
8611572,"Xu, Zhihang",chesscomPlayer,zhihang-xu,https://www.chess.com/players/zhihang-xu,alive,200,no action
8611572,"Xu, Zhihang",chessgames,158720,https://www.chessgames.com/perl/chessplayer?pid=158720,unknown,rate limited (HTTP 429),"rate-limited or server error - not judged, will be retried"
8625492,"Xue, Haowen",lichess,Dr_Tiger,https://lichess.org/@/Dr_Tiger,unknown,rate limited (HTTP 429),"rate-limited or server error - not judged, will be retried"
4113632,"Yagupov, Igor",chesscomPlayer,igor-iagoupov,https://www.chess.com/players/igor-iagoupov,unknown,rate limited (HTTP 429),"rate-limited or server error - not judged, will be retried"
4113632,"Yagupov, Igor",chessgames,18309,https://www.chessgames.com/perl/chessplayer?pid=18309,unknown,rate limited (HTTP 429),"rate-limited or server error - not judged, will be retried"
4113632,"Yagupov, Igor",facebook,yagu.igor,,unchecked,returns HTTP 400 to all automated requests,cannot be tested from a server - left in place
4100654,"Yakovich, Yuri",chesscom,Yuri202062,https://www.chess.com/member/Yuri202062,alive,200,no action
4100654,"Yakovich, Yuri",chesscomPlayer,yuri-yakovich,https://www.chess.com/players/yuri-yakovich,unknown,rate limited (HTTP 429),"rate-limited or server error - not judged, will be retried"
4100654,"Yakovich, Yuri",chessgames,15942,https://www.chessgames.com/perl/chessplayer?pid=15942,unknown,rate limited (HTTP 429),"rate-limited or server error - not judged, will be retried"
14203987,"Yakubboev, Nodirbek",chesscom,hanzo_hasashi1,https://www.chess.com/member/hanzo_hasashi1,alive,200,no action
14203987,"Yakubboev, Nodirbek",chesscomPlayer,nodirbek-yakubboev,https://www.chess.com/players/nodirbek-yakubboev,unknown,rate limited (HTTP 429),"rate-limited or server error - not judged, will be retried"
14203987,"Yakubboev, Nodirbek",chessgames,154820,https://www.chessgames.com/perl/chessplayer?pid=154820,unknown,rate limited (HTTP 429),"rate-limited or server error - not judged, will be retried"
14203987,"Yakubboev, Nodirbek",x,NodirbekYakubb1,https://x.com/NodirbekYakubb1,dead,HTTP 404,removed from roster.csv - replace with the current handle if you find one
14203987,"Yakubboev, Nodirbek",facebook,NodirbekYakubboev,,unchecked,returns HTTP 400 to all automated requests,cannot be tested from a server - left in place
14203987,"Yakubboev, Nodirbek",instagram,nodirbekyakubboev,,unchecked,login wall answers 200 for missing profiles,cannot be tested from a server - left in place
2029111,"Yang, Darwin",chesscom,SMTheWeirdOne,https://www.chess.com/member/SMTheWeirdOne,alive,200,no action
2029111,"Yang, Darwin",chesscomPlayer,darwin-yang,https://www.chess.com/players/darwin-yang,alive,200,no action
2029111,"Yang, Darwin",chessgames,109874,https://www.chessgames.com/perl/chessplayer?pid=109874,unknown,rate limited (HTTP 429),"rate-limited or server error - not judged, will be retried"
8604398,"Yang, Kaiqi",chesscom,yobdc,https://www.chess.com/member/yobdc,alive,200,no action
8604398,"Yang, Kaiqi",chesscomPlayer,yang-kaiqi,https://www.chess.com/players/yang-kaiqi,unknown,rate limited (HTTP 429),"rate-limited or server error - not judged, will be retried"
8604398,"Yang, Kaiqi",chessgames,118902,https://www.chessgames.com/perl/chessplayer?pid=118902,unknown,rate limited (HTTP 429),"rate-limited or server error - not judged, will be retried"
8604398,"Yang, Kaiqi",website,https://kaiqichess.ca/,https://kaiqichess.ca/,alive,200,no action
8604398,"Yang, Kaiqi",youtube,UCHwBMRq2Am9Tm3_aFW5mqqg,,unchecked,consent page answers 200 for missing channels,cannot be tested from a server - left in place
24684074,"Yankelevich, Lev",chesscom,Kazan28,https://www.chess.com/member/Kazan28,alive,200,no action
24684074,"Yankelevich, Lev",chesscomPlayer,lev-yankelevich,https://www.chess.com/players/lev-yankelevich,unknown,rate limited (HTTP 429),"rate-limited or server error - not judged, will be retried"
24684074,"Yankelevich, Lev",chessgames,139521,https://www.chessgames.com/perl/chessplayer?pid=139521,unknown,rate limited (HTTP 429),"rate-limited or server error - not judged, will be retried"
8600040,"Ye, Jiangchuan",chesscomPlayer,jiangchuan-ye,https://www.chess.com/players/jiangchuan-ye,unknown,rate limited (HTTP 429),"rate-limited or server error - not judged, will be retried"
8600040,"Ye, Jiangchuan",chessgames,10758,https://www.chessgames.com/perl/chessplayer?pid=10758,unknown,rate limited (HTTP 429),"rate-limited or server error - not judged, will be retried"
8600015,"Ye, Rongguang",chesscomPlayer,ye-rongguang,https://www.chess.com/players/ye-rongguang,alive,200,no action
8600015,"Ye, Rongguang",chessgames,13985,https://www.chessgames.com/perl/chessplayer?pid=13985,unknown,rate limited (HTTP 429),"rate-limited or server error - not judged, will be retried"
4113217,"Yemelin, Vasily",chesscomPlayer,vasily-yemelin,https://www.chess.com/players/vasily-yemelin,unknown,rate limited (HTTP 429),"rate-limited or server error - not judged, will be retried"
4113217,"Yemelin, Vasily",chessgames,24781,https://www.chessgames.com/perl/chessplayer?pid=24781,unknown,rate limited (HTTP 429),"rate-limited or server error - not judged, will be retried"
5702895,"Yeoh, Li Tian",chesscomPlayer,yeoh-li-tian,https://www.chess.com/players/yeoh-li-tian,unknown,rate limited (HTTP 429),"rate-limited or server error - not judged, will be retried"
5702895,"Yeoh, Li Tian",chessgames,140133,https://www.chessgames.com/perl/chessplayer?pid=140133,unknown,rate limited (HTTP 429),"rate-limited or server error - not judged, will be retried"
2005492,"Yermolinsky, Alex",chesscom,AlexYermo,https://www.chess.com/member/AlexYermo,alive,200,no action
2005492,"Yermolinsky, Alex",chesscomPlayer,alex-yermolinsky,https://www.chess.com/players/alex-yermolinsky,unknown,rate limited (HTTP 429),"rate-limited or server error - not judged, will be retried"
2005492,"Yermolinsky, Alex",chessgames,12166,https://www.chessgames.com/perl/chessplayer?pid=12166,unknown,rate limited (HTTP 429),"rate-limited or server error - not judged, will be retried"
4126378,"Yevseev, Denis",chesscomPlayer,denis-yevseev,https://www.chess.com/players/denis-yevseev,unknown,rate limited (HTTP 429),"rate-limited or server error - not judged, will be retried"
4126378,"Yevseev, Denis",chessgames,49678,https://www.chessgames.com/perl/chessplayer?pid=49678,unknown,rate limited (HTTP 429),"rate-limited or server error - not judged, will be retried"
6302718,"Yilmaz, Mustafa",chesscom,Chopper1905,https://www.chess.com/member/Chopper1905,alive,200,no action
6302718,"Yilmaz, Mustafa",chesscomPlayer,mustafa-yilmaz,https://www.chess.com/players/mustafa-yilmaz,alive,200,no action
6302718,"Yilmaz, Mustafa",chessgames,118208,https://www.chessgames.com/perl/chessplayer?pid=118208,unknown,rate limited (HTTP 429),"rate-limited or server error - not judged, will be retried"
6302718,"Yilmaz, Mustafa",lichess,Chopper1905,https://lichess.org/@/Chopper1905,unknown,rate limited (HTTP 429),"rate-limited or server error - not judged, will be retried"
6302718,"Yilmaz, Mustafa",instagram,gmmustafayilmaz,,unchecked,login wall answers 200 for missing profiles,cannot be tested from a server - left in place
6305962,"Yilmazyerli, Mert",chesscomPlayer,mert-yilmazyerli,https://www.chess.com/players/mert-yilmazyerli,unknown,rate limited (HTTP 429),"rate-limited or server error - not judged, will be retried"
6305962,"Yilmazyerli, Mert",chessgames,113244,https://www.chessgames.com/perl/chessplayer?pid=113244,unknown,rate limited (HTTP 429),"rate-limited or server error - not judged, will be retried"
30909694,"Yoo, Christopher Woojin",chesscom,ChristopherYoo,https://www.chess.com/member/ChristopherYoo,alive,200,no action
30909694,"Yoo, Christopher Woojin",chesscomPlayer,christopher-yoo,https://www.chess.com/players/christopher-yoo,unknown,rate limited (HTTP 429),"rate-limited or server error - not judged, will be retried"
30909694,"Yoo, Christopher Woojin",chessgames,156262,https://www.chessgames.com/perl/chessplayer?pid=156262,unknown,rate limited (HTTP 429),"rate-limited or server error - not judged, will be retried"
500011,"Yrjola, Jouni",chesscomPlayer,jouni-yrjola,https://www.chess.com/players/jouni-yrjola,alive,200,no action
500011,"Yrjola, Jouni",chessgames,27442,https://www.chessgames.com/perl/chessplayer?pid=27442,unknown,rate limited (HTTP 429),"rate-limited or server error - not judged, will be retried"
8603090,"Yu, Ruiyuan",chesscom,duanlian,https://www.chess.com/member/duanlian,alive,200,no action
8603090,"Yu, Ruiyuan",chesscomPlayer,yu-ruiyuan,https://www.chess.com/players/yu-ruiyuan,unknown,rate limited (HTTP 429),"rate-limited or server error - not judged, will be retried"
8603090,"Yu, Ruiyuan",chessgames,52669,https://www.chessgames.com/perl/chessplayer?pid=52669,unknown,rate limited (HTTP 429),"rate-limited or server error - not judged, will be retried"
8600660,"Yu, Shaoteng",chesscomPlayer,yu-shaoteng,https://www.chess.com/players/yu-shaoteng,alive,200,no action
8600660,"Yu, Shaoteng",chessgames,47180,https://www.chessgames.com/perl/chessplayer?pid=47180,unknown,rate limited (HTTP 429),"rate-limited or server error - not judged, will be retried"
8603820,"Yu, Yangyi",chesscom,chesspanda123,https://www.chess.com/member/chesspanda123,alive,200,no action
8603820,"Yu, Yangyi",chesscomPlayer,yu-yangyi,https://www.chess.com/players/yu-yangyi,unknown,rate limited (HTTP 429),"rate-limited or server error - not judged, will be retried"
8603820,"Yu, Yangyi",chessgames,112240,https://www.chessgames.com/perl/chessplayer?pid=112240,unknown,rate limited (HTTP 429),"rate-limited or server error - not judged, will be retried"
2802341,"Yudasin, Leonid",chesscom,besmall,https://www.chess.com/member/besmall,alive,200,no action
2802341,"Yudasin, Leonid",chesscomPlayer,leonid-yudasin,https://www.chess.com/players/leonid-yudasin,unknown,rate limited (HTTP 429),"rate-limited or server error - not judged, will be retried"
2802341,"Yudasin, Leonid",chessgames,21620,https://www.chessgames.com/perl/chessplayer?pid=21620,unknown,rate limited (HTTP 429),"rate-limited or server error - not judged, will be retried"
4159659,"Yudin, Sergei",chesscom,dhoine,https://www.chess.com/member/dhoine,alive,200,no action
4159659,"Yudin, Sergei",chesscomPlayer,sergei-yudin,https://www.chess.com/players/sergei-yudin,unknown,rate limited (HTTP 429),"rate-limited or server error - not judged, will be retried"
4159659,"Yudin, Sergei",chessgames,50304,https://www.chessgames.com/perl/chessplayer?pid=50304,unknown,rate limited (HTTP 429),"rate-limited or server error - not judged, will be retried"
4159659,"Yudin, Sergei",lichess,dhoine98,https://lichess.org/@/dhoine98,unknown,rate limited (HTTP 429),"rate-limited or server error - not judged, will be retried"
24131423,"Yuffa, Daniil",chesscom,danyuffa,https://www.chess.com/member/danyuffa,alive,200,no action
24131423,"Yuffa, Daniil",chesscomPlayer,daniil-yuffa,https://www.chess.com/players/daniil-yuffa,alive,200,no action
24131423,"Yuffa, Daniil",chessgames,117642,https://www.chessgames.com/perl/chessplayer?pid=117642,unknown,rate limited (HTTP 429),"rate-limited or server error - not judged, will be retried"
13800019,"Yurtaev, Leonid",chessgames,17121,https://www.chessgames.com/perl/chessplayer?pid=17121,unknown,rate limited (HTTP 429),"rate-limited or server error - not judged, will be retried"
4131606,"Zablotsky, Sergei",chesscom,Zablotsky,https://www.chess.com/member/Zablotsky,alive,200,no action
4131606,"Zablotsky, Sergei",chesscomPlayer,sergei-zablotsky,https://www.chess.com/players/sergei-zablotsky,unknown,rate limited (HTTP 429),"rate-limited or server error - not judged, will be retried"
4131606,"Zablotsky, Sergei",chessgames,50336,https://www.chessgames.com/perl/chessplayer?pid=50336,unknown,rate limited (HTTP 429),"rate-limited or server error - not judged, will be retried"
12800120,"Zagorskis, Darius",chesscomPlayer,darius-zagorskis,https://www.chess.com/players/darius-zagorskis,unknown,rate limited (HTTP 429),"rate-limited or server error - not judged, will be retried"
12800120,"Zagorskis, Darius",chessgames,26336,https://www.chessgames.com/perl/chessplayer?pid=26336,unknown,rate limited (HTTP 429),"rate-limited or server error - not judged, will be retried"
14200040,"Zagrebelny, Sergey",chesscomPlayer,sergey-zagrebelny,https://www.chess.com/players/sergey-zagrebelny,unknown,rate limited (HTTP 429),"rate-limited or server error - not judged, will be retried"
14200040,"Zagrebelny, Sergey",chessgames,18891,https://www.chessgames.com/perl/chessplayer?pid=18891,unknown,rate limited (HTTP 429),"rate-limited or server error - not judged, will be retried"
5500796,"Zaibi, Amir",chesscom,amir-zaibi,https://www.chess.com/member/amir-zaibi,alive,200,no action
5500796,"Zaibi, Amir",chesscomPlayer,amir-zaibi,https://www.chess.com/players/amir-zaibi,alive,200,no action
5500796,"Zaibi, Amir",chessgames,140137,https://www.chessgames.com/perl/chessplayer?pid=140137,unknown,rate limited (HTTP 429),"rate-limited or server error - not judged, will be retried"
13600109,"Zaichik, Gennadi",chesscomPlayer,gennadi-zaichik,https://www.chess.com/players/gennadi-zaichik,unknown,rate limited (HTTP 429),"rate-limited or server error - not judged, will be retried"
13600109,"Zaichik, Gennadi",chessgames,15709,https://www.chessgames.com/perl/chessplayer?pid=15709,unknown,rate limited (HTTP 429),"rate-limited or server error - not judged, will be retried"
4164490,"Zaitsev, Alexander",chesscomPlayer,alexander-zaitsev,https://www.chess.com/players/alexander-zaitsev,unknown,rate limited (HTTP 429),"rate-limited or server error - not judged, will be retried"
4164490,"Zaitsev, Alexander",chessgames,67110,https://www.chessgames.com/perl/chessplayer?pid=67110,unknown,rate limited (HTTP 429),"rate-limited or server error - not judged, will be retried"
4103017,"Zaitsev, Igor A",chesscomPlayer,igor-a-zaitsev,https://www.chess.com/players/igor-a-zaitsev,unknown,rate limited (HTTP 429),"rate-limited or server error - not judged, will be retried"
4103017,"Zaitsev, Igor A",chessgames,18985,https://www.chessgames.com/perl/chessplayer?pid=18985,unknown,rate limited (HTTP 429),"rate-limited or server error - not judged, will be retried"
14500450,"Zaja, Ivan",chesscomPlayer,ivan-zaja,https://www.chess.com/players/ivan-zaja,unknown,rate limited (HTTP 429),"rate-limited or server error - not judged, will be retried"
14500450,"Zaja, Ivan",chessgames,49165,https://www.chessgames.com/perl/chessplayer?pid=49165,unknown,rate limited (HTTP 429),"rate-limited or server error - not judged, will be retried"
912336,"Zajic, Milan",chesscom,MilanZajic,https://www.chess.com/member/MilanZajic,alive,200,no action
912336,"Zajic, Milan",chesscomPlayer,milan-zajic,https://www.chess.com/players/milan-zajic,alive,200,no action
912336,"Zajic, Milan",chessgames,140031,https://www.chessgames.com/perl/chessplayer?pid=140031,unknown,rate limited (HTTP 429),"rate-limited or server error - not judged, will be retried"
4115333,"Zakhartsov, Viacheslav V.",chesscomPlayer,viacheslav-v-zakhartsov,https://www.chess.com/players/viacheslav-v-zakhartsov,alive,200,no action
4115333,"Zakhartsov, Viacheslav V.",chessgames,81235,https://www.chessgames.com/perl/chessplayer?pid=81235,unknown,rate limited (HTTP 429),"rate-limited or server error - not judged, will be retried"
4145097,"Zakhartsov, Vladimir",chesscomPlayer,vladimir-zakhartsov,https://www.chess.com/players/vladimir-zakhartsov,unknown,rate limited (HTTP 429),"rate-limited or server error - not judged, will be retried"
4145097,"Zakhartsov, Vladimir",chessgames,110191,https://www.chessgames.com/perl/chessplayer?pid=110191,unknown,rate limited (HTTP 429),"rate-limited or server error - not judged, will be retried"
3300200,"Zambrana, Osvaldo",chesscom,locotito77,https://www.chess.com/member/locotito77,alive,200,no action
3300200,"Zambrana, Osvaldo",chesscomPlayer,oswaldo-zambrana,https://www.chess.com/players/oswaldo-zambrana,unknown,rate limited (HTTP 429),"rate-limited or server error - not judged, will be retried"
3300200,"Zambrana, Osvaldo",chessgames,51311,https://www.chessgames.com/perl/chessplayer?pid=51311,unknown,rate limited (HTTP 429),"rate-limited or server error - not judged, will be retried"
24101940,"Zanan, Evgeny",chesscomPlayer,evgeny-zanan,https://www.chess.com/players/evgeny-zanan,unknown,rate limited (HTTP 429),"rate-limited or server error - not judged, will be retried"
24101940,"Zanan, Evgeny",chessgames,124568,https://www.chessgames.com/perl/chessplayer?pid=124568,unknown,rate limited (HTTP 429),"rate-limited or server error - not judged, will be retried"
24101940,"Zanan, Evgeny",lichess,Next_Touch,https://lichess.org/@/Next_Touch,dead,HTTP 404,removed from roster.csv - replace with the current handle if you find one
24101940,"Zanan, Evgeny",facebook,evgeny.zanan.9,,unchecked,returns HTTP 400 to all automated requests,cannot be tested from a server - left in place
4400011,"Zapata, Alonso",chesscom,GMazapata,https://www.chess.com/member/GMazapata,alive,200,no action
4400011,"Zapata, Alonso",chesscomPlayer,alonso-zapata,https://www.chess.com/players/alonso-zapata,alive,200,no action
4400011,"Zapata, Alonso",chessgames,14235,https://www.chessgames.com/perl/chessplayer?pid=14235,unknown,rate limited (HTTP 429),"rate-limited or server error - not judged, will be retried"
4655192,"Zaragatski, Ilja",chesscom,IljaZaragatski,https://www.chess.com/member/IljaZaragatski,alive,200,no action
4655192,"Zaragatski, Ilja",chesscomPlayer,ilja-zaragatski,https://www.chess.com/players/ilja-zaragatski,unknown,rate limited (HTTP 429),"rate-limited or server error - not judged, will be retried"
4655192,"Zaragatski, Ilja",chessgames,50223,https://www.chessgames.com/perl/chessplayer?pid=50223,unknown,rate limited (HTTP 429),"rate-limited or server error - not judged, will be retried"
4655192,"Zaragatski, Ilja",x,IljaZaragatski,https://x.com/IljaZaragatski,alive,200,no action
100137,"Zarnicki, Pablo",chesscom,PabloZarnicki,https://www.chess.com/member/PabloZarnicki,alive,200,no action
100137,"Zarnicki, Pablo",chesscomPlayer,pablo-zarnicki,https://www.chess.com/players/pablo-zarnicki,unknown,rate limited (HTTP 429),"rate-limited or server error - not judged, will be retried"
100137,"Zarnicki, Pablo",chessgames,14586,https://www.chessgames.com/perl/chessplayer?pid=14586,unknown,rate limited (HTTP 429),"rate-limited or server error - not judged, will be retried"
100137,"Zarnicki, Pablo",lichess,PabloZarnicki,https://lichess.org/@/PabloZarnicki,unknown,rate limited (HTTP 429),"rate-limited or server error - not judged, will be retried"
4655060,"Zeitlein, Michael",chesscomPlayer,michael-zeitlein,https://www.chess.com/players/michael-zeitlein,unknown,rate limited (HTTP 429),"rate-limited or server error - not judged, will be retried"
4655060,"Zeitlein, Michael",chessgames,42004,https://www.chessgames.com/perl/chessplayer?pid=42004,unknown,rate limited (HTTP 429),"rate-limited or server error - not judged, will be retried"
14500310,"Zelcic, Robert",chesscomPlayer,robert-zelcic,https://www.chess.com/players/robert-zelcic,alive,200,no action
14500310,"Zelcic, Robert",chessgames,19797,https://www.chessgames.com/perl/chessplayer?pid=19797,unknown,rate limited (HTTP 429),"rate-limited or server error - not judged, will be retried"
24249971,"Zemlyanskii, Ivan",chesscomPlayer,ivan-zemlyanskii,https://www.chess.com/players/ivan-zemlyanskii,unknown,rate limited (HTTP 429),"rate-limited or server error - not judged, will be retried"
24249971,"Zemlyanskii, Ivan",chessgames,178398,https://www.chessgames.com/perl/chessplayer?pid=178398,unknown,rate limited (HTTP 429),"rate-limited or server error - not judged, will be retried"
8603847,"Zeng, Chongsheng",chesscom,lonelyzeng,https://www.chess.com/member/lonelyzeng,alive,200,no action
8603847,"Zeng, Chongsheng",chesscomPlayer,zeng-chongsheng,https://www.chess.com/players/zeng-chongsheng,unknown,rate limited (HTTP 429),"rate-limited or server error - not judged, will be retried"
8603847,"Zeng, Chongsheng",chessgames,126205,https://www.chessgames.com/perl/chessplayer?pid=126205,unknown,rate limited (HTTP 429),"rate-limited or server error - not judged, will be retried"
13500147,"Zezulkin, Jurij",chesscomPlayer,jurij-zezulkin,https://www.chess.com/players/jurij-zezulkin,unknown,rate limited (HTTP 429),"rate-limited or server error - not judged, will be retried"
13500147,"Zezulkin, Jurij",chessgames,54434,https://www.chessgames.com/perl/chessplayer?pid=54434,unknown,rate limited (HTTP 429),"rate-limited or server error - not judged, will be retried"
13706357,"Zhalmakhanov, Ramazan",chesscomPlayer,ramazan-zhalmakhanov,https://www.chess.com/players/ramazan-zhalmakhanov,alive,200,no action
13706357,"Zhalmakhanov, Ramazan",chessgames,149950,https://www.chessgames.com/perl/chessplayer?pid=149950,unknown,rate limited (HTTP 429),"rate-limited or server error - not judged, will be retried"
8600970,"Zhang, Pengxiang",chesscomPlayer,zhang-pengxiang,https://www.chess.com/players/zhang-pengxiang,unknown,rate limited (HTTP 429),"rate-limited or server error - not judged, will be retried"
8600970,"Zhang, Pengxiang",chessgames,51558,https://www.chessgames.com/perl/chessplayer?pid=51558,unknown,rate limited (HTTP 429),"rate-limited or server error - not judged, will be retried"
8600694,"Zhang, Zhong",chesscomPlayer,zhang-zhong,https://www.chess.com/players/zhang-zhong,unknown,rate limited (HTTP 429),"rate-limited or server error - not judged, will be retried"
8600694,"Zhang, Zhong",chessgames,57666,https://www.chessgames.com/perl/chessplayer?pid=57666,unknown,rate limited (HTTP 429),"rate-limited or server error - not judged, will be retried"
8602522,"Zhao, Jun",chesscom,chessfatbear,https://www.chess.com/member/chessfatbear,alive,200,no action
8602522,"Zhao, Jun",chesscomPlayer,zhao-jun,https://www.chess.com/players/zhao-jun,unknown,rate limited (HTTP 429),"rate-limited or server error - not judged, will be retried"
8602522,"Zhao, Jun",chessgames,51560,https://www.chessgames.com/perl/chessplayer?pid=51560,unknown,rate limited (HTTP 429),"rate-limited or server error - not judged, will be retried"
8601283,"Zhao, Xue",chesscom,PKCLUB,https://www.chess.com/member/PKCLUB,alive,200,no action
8601283,"Zhao, Xue",chesscomPlayer,zhao-xue,https://www.chess.com/players/zhao-xue,alive,200,no action
8601283,"Zhao, Xue",chessgames,49245,https://www.chessgames.com/perl/chessplayer?pid=49245,unknown,rate limited (HTTP 429),"rate-limited or server error - not judged, will be retried"
8609497,"Zhao, Yuanhe",chesscomPlayer,zhao-yuanhe,https://www.chess.com/players/zhao-yuanhe,unknown,rate limited (HTTP 429),"rate-limited or server error - not judged, will be retried"
8609497,"Zhao, Yuanhe",chessgames,153852,https://www.chessgames.com/perl/chessplayer?pid=153852,unknown,rate limited (HTTP 429),"rate-limited or server error - not judged, will be retried"
3202534,"Zhao, Zong-Yuan",chesscom,Megazz,https://www.chess.com/member/Megazz,alive,200,no action
3202534,"Zhao, Zong-Yuan",chesscomPlayer,zhao-zong-yuan,https://www.chess.com/players/zhao-zong-yuan,alive,200,no action
3202534,"Zhao, Zong-Yuan",chessgames,12082,https://www.chessgames.com/perl/chessplayer?pid=12082,unknown,rate limited (HTTP 429),"rate-limited or server error - not judged, will be retried"
14116804,"Zherebukh, Yaroslav",chesscom,Cruel_Yaro,https://www.chess.com/member/Cruel_Yaro,alive,200,no action
14116804,"Zherebukh, Yaroslav",chesscomPlayer,yaroslav-zherebukh,https://www.chess.com/players/yaroslav-zherebukh,unknown,rate limited (HTTP 429),"rate-limited or server error - not judged, will be retried"
14116804,"Zherebukh, Yaroslav",chessgames,107320,https://www.chessgames.com/perl/chessplayer?pid=107320,unknown,rate limited (HTTP 429),"rate-limited or server error - not judged, will be retried"
14116804,"Zherebukh, Yaroslav",lichess,Cruel_Yaro,https://lichess.org/@/Cruel_Yaro,unknown,rate limited (HTTP 429),"rate-limited or server error - not judged, will be retried"
14116804,"Zherebukh, Yaroslav",website,https://yzchess.com/,https://yzchess.com/,alive,200,no action
13502247,"Zhigalko, Andrey",chesscomPlayer,andrey-zhigalko,https://www.chess.com/players/andrey-zhigalko,unknown,rate limited (HTTP 429),"rate-limited or server error - not judged, will be retried"
13502247,"Zhigalko, Andrey",chessgames,52974,https://www.chessgames.com/perl/chessplayer?pid=52974,unknown,rate limited (HTTP 429),"rate-limited or server error - not judged, will be retried"
13502956,"Zhigalko, Sergei",chesscom,Zhigalko_Sergei,https://www.chess.com/member/Zhigalko_Sergei,alive,200,no action
13502956,"Zhigalko, Sergei",chesscomPlayer,sergei-zhigalko,https://www.chess.com/players/sergei-zhigalko,unknown,rate limited (HTTP 429),"rate-limited or server error - not judged, will be retried"
13502956,"Zhigalko, Sergei",chessgames,54429,https://www.chessgames.com/perl/chessplayer?pid=54429,unknown,rate limited (HTTP 429),"rate-limited or server error - not judged, will be retried"
13502956,"Zhigalko, Sergei",lichess,Zhigalko_Sergei,https://lichess.org/@/Zhigalko_Sergei,unknown,rate limited (HTTP 429),"rate-limited or server error - not judged, will be retried"
13502956,"Zhigalko, Sergei",facebook,sergei.zhigalko,,unchecked,returns HTTP 400 to all automated requests,cannot be tested from a server - left in place
13502956,"Zhigalko, Sergei",instagram,zhigalko_sergei,,unchecked,login wall answers 200 for missing profiles,cannot be tested from a server - left in place
13502956,"Zhigalko, Sergei",youtube,UCGrGLVn9PcP-mrDy3smR3xQ,,unchecked,consent page answers 200 for missing channels,cannot be tested from a server - left in place
13502956,"Zhigalko, Sergei",twitch,chess_zhigalko_sergei,,unchecked,app shell answers 200 for missing channels,cannot be tested from a server - left in place
8603537,"Zhou, Jianchao",chesscom,cruise999,https://www.chess.com/member/cruise999,alive,200,no action
8603537,"Zhou, Jianchao",chesscomPlayer,zhou-jianchao,https://www.chess.com/players/zhou-jianchao,alive,200,no action
8603537,"Zhou, Jianchao",chessgames,97891,https://www.chessgames.com/perl/chessplayer?pid=97891,unknown,rate limited (HTTP 429),"rate-limited or server error - not judged, will be retried"
8601674,"Zhou, Weiqi",chesscomPlayer,zhou-weiqi,https://www.chess.com/players/zhou-weiqi,alive,200,no action
8601674,"Zhou, Weiqi",chessgames,51561,https://www.chessgames.com/perl/chessplayer?pid=51561,unknown,rate limited (HTTP 429),"rate-limited or server error - not judged, will be retried"
8600546,"Zhu, Chen",chesscomPlayer,zhu-chen,https://www.chess.com/players/zhu-chen,unknown,rate limited (HTTP 429),"rate-limited or server error - not judged, will be retried"
8600546,"Zhu, Chen",chessgames,10837,https://www.chessgames.com/perl/chessplayer?pid=10837,unknown,rate limited (HTTP 429),"rate-limited or server error - not judged, will be retried"
8600546,"Zhu, Chen",x,GMzhuchen,https://x.com/GMzhuchen,alive,200,no action
8608059,"Zhu, Jiner",chesscom,jinbojinbo,https://www.chess.com/member/jinbojinbo,alive,200,no action
8608059,"Zhu, Jiner",chesscomPlayer,zhu-jiner,https://www.chess.com/players/zhu-jiner,unknown,rate limited (HTTP 429),"rate-limited or server error - not judged, will be retried"
8608059,"Zhu, Jiner",chessgames,153849,https://www.chessgames.com/perl/chessplayer?pid=153849,unknown,rate limited (HTTP 429),"rate-limited or server error - not judged, will be retried"
14101513,"Zhukova, Natalia",chesscom,Tashik,https://www.chess.com/member/Tashik,alive,200,no action
14101513,"Zhukova, Natalia",chesscomPlayer,natalia-zhukova,https://www.chess.com/players/natalia-zhukova,unknown,rate limited (HTTP 429),"rate-limited or server error - not judged, will be retried"
14101513,"Zhukova, Natalia",chessgames,25172,https://www.chessgames.com/perl/chessplayer?pid=25172,unknown,rate limited (HTTP 429),"rate-limited or server error - not judged, will be retried"
14101513,"Zhukova, Natalia",facebook,natalia.zhukova.9,,unchecked,returns HTTP 400 to all automated requests,cannot be tested from a server - left in place
2015323,"Ziatdinov, Raset",chesscom,gm_rashid,https://www.chess.com/member/gm_rashid,alive,200,no action
2015323,"Ziatdinov, Raset",chesscomPlayer,raset-ziatdinow,https://www.chess.com/players/raset-ziatdinow,alive,200,no action
2015323,"Ziatdinov, Raset",chessgames,14033,https://www.chessgames.com/perl/chessplayer?pid=14033,unknown,rate limited (HTTP 429),"rate-limited or server error - not judged, will be retried"
2015323,"Ziatdinov, Raset",facebook,gmrashid,,unchecked,returns HTTP 400 to all automated requests,cannot be tested from a server - left in place
2034255,"Zierk, Steven",chesscomPlayer,steven-zierk,https://www.chess.com/players/steven-zierk,unknown,rate limited (HTTP 429),"rate-limited or server error - not judged, will be retried"
2034255,"Zierk, Steven",chessgames,121903,https://www.chessgames.com/perl/chessplayer?pid=121903,unknown,rate limited (HTTP 429),"rate-limited or server error - not judged, will be retried"
2800659,"Zifroni, Dov",chesscomPlayer,dov-zifroni,https://www.chess.com/players/dov-zifroni,unknown,rate limited (HTTP 429),"rate-limited or server error - not judged, will be retried"
2800659,"Zifroni, Dov",chessgames,29877,https://www.chessgames.com/perl/chessplayer?pid=29877,unknown,rate limited (HTTP 429),"rate-limited or server error - not judged, will be retried"
2801612,"Zilberman, Yaacov",chesscomPlayer,yaacov-zilberman,https://www.chess.com/players/yaacov-zilberman,unknown,rate limited (HTTP 429),"rate-limited or server error - not judged, will be retried"
2801612,"Zilberman, Yaacov",chessgames,14046,https://www.chessgames.com/perl/chessplayer?pid=14046,unknown,rate limited (HTTP 429),"rate-limited or server error - not judged, will be retried"
315303,"Zilka, Stepan",chesscom,hoacin,https://www.chess.com/member/hoacin,alive,200,no action
315303,"Zilka, Stepan",chesscomPlayer,stepan-zilka,https://www.chess.com/players/stepan-zilka,alive,200,no action
315303,"Zilka, Stepan",chessgames,51894,https://www.chessgames.com/perl/chessplayer?pid=51894,unknown,rate limited (HTTP 429),"rate-limited or server error - not judged, will be retried"
14110547,"Zinchenko, Yaroslav",chesscomPlayer,yaroslav-zintchenko,https://www.chess.com/players/yaroslav-zintchenko,alive,200,no action
14110547,"Zinchenko, Yaroslav",chessgames,67988,https://www.chessgames.com/perl/chessplayer?pid=67988,unknown,rate limited (HTTP 429),"rate-limited or server error - not judged, will be retried"
7200595,"Ziska, Helgi Dam",chesscomPlayer,helgi-dam-ziska,https://www.chess.com/players/helgi-dam-ziska,alive,200,no action
7200595,"Ziska, Helgi Dam",chessgames,98761,https://www.chessgames.com/perl/chessplayer?pid=98761,unknown,rate limited (HTTP 429),"rate-limited or server error - not judged, will be retried"
811424,"Zlochevskij, Alexander",chesscomPlayer,alexander-zlochevskij,https://www.chess.com/players/alexander-zlochevskij,unknown,rate limited (HTTP 429),"rate-limited or server error - not judged, will be retried"
811424,"Zlochevskij, Alexander",chessgames,16983,https://www.chessgames.com/perl/chessplayer?pid=16983,unknown,rate limited (HTTP 429),"rate-limited or server error - not judged, will be retried"
2800705,"Zoler, Dan",chesscomPlayer,dan-zoler,https://www.chess.com/players/dan-zoler,unknown,rate limited (HTTP 429),"rate-limited or server error - not judged, will be retried"
2800705,"Zoler, Dan",chessgames,16377,https://www.chessgames.com/perl/chessplayer?pid=16377,unknown,rate limited (HTTP 429),"rate-limited or server error - not judged, will be retried"
14101130,"Zontakh, Andrey",chesscomPlayer,andrey-zontakh,https://www.chess.com/players/andrey-zontakh,unknown,rate limited (HTTP 429),"rate-limited or server error - not judged, will be retried"
14101130,"Zontakh, Andrey",chessgames,26726,https://www.chessgames.com/perl/chessplayer?pid=26726,unknown,rate limited (HTTP 429),"rate-limited or server error - not judged, will be retried"
14104385,"Zubarev, Alexander",chesscom,zubridis,https://www.chess.com/member/zubridis,alive,200,no action
14104385,"Zubarev, Alexander",chesscomPlayer,alexander-zubarev-1,https://www.chess.com/players/alexander-zubarev-1,unknown,rate limited (HTTP 429),"rate-limited or server error - not judged, will be retried"
14104385,"Zubarev, Alexander",chessgames,10864,https://www.chessgames.com/perl/chessplayer?pid=10864,unknown,rate limited (HTTP 429),"rate-limited or server error - not judged, will be retried"
14104385,"Zubarev, Alexander",lichess,A-Zubarev,https://lichess.org/@/A-Zubarev,unknown,rate limited (HTTP 429),"rate-limited or server error - not judged, will be retried"
14109409,"Zubov, Alexander",chesscom,Alexander_Zubov,https://www.chess.com/member/Alexander_Zubov,alive,200,no action
14109409,"Zubov, Alexander",chesscomPlayer,oleksandr-zoubov,https://www.chess.com/players/oleksandr-zoubov,alive,200,no action
14109409,"Zubov, Alexander",chessgames,54530,https://www.chessgames.com/perl/chessplayer?pid=54530,unknown,rate limited (HTTP 429),"rate-limited or server error - not judged, will be retried"
14109409,"Zubov, Alexander",lichess,Alexander_Zubov,https://lichess.org/@/Alexander_Zubov,unknown,rate limited (HTTP 429),"rate-limited or server error - not judged, will be retried"
4113403,"Zvjaginsev, Vadim",chesscomPlayer,vadim-zvjaginsev,https://www.chess.com/players/vadim-zvjaginsev,unknown,rate limited (HTTP 429),"rate-limited or server error - not judged, will be retried"
4113403,"Zvjaginsev, Vadim",chessgames,14245,https://www.chessgames.com/perl/chessplayer?pid=14245,unknown,rate limited (HTTP 429),"rate-limited or server error - not judged, will be retried"
2300052,"Ólafsson, Friðrik",chesscomPlayer,fridrik-olafsson,https://www.chess.com/players/fridrik-olafsson,unknown,rate limited (HTTP 429),"rate-limited or server error - not judged, will be retried"
2300052,"Ólafsson, Friðrik",chessgames,22955,https://www.chessgames.com/perl/chessplayer?pid=22955,unknown,rate limited (HTTP 429),"rate-limited or server error - not judged, will be retried"
