id,name,fed,sex,title,wtit,bday,gmYear,deceased,deathYear,revoked,revokedYear,revokedReason,birthCountry,birthCity,fedHistory,photo,photoSource,bio,bioSource,chesscom,chesscomPlayer,lichess,chessgames,website,x,instagram,youtube,twitch,facebook
1401815,"Aagaard, Jacob",DEN,M,GM,,1973,2007,false,,false,,,DEN,Hørsholm,DEN|SCO|DEN|SCO|DEN,https://upload.wikimedia.org/wikipedia/commons/thumb/0/0d/Jacob_Aagaard.jpg/250px-Jacob_Aagaard.jpg,,,,GMJacobAagaard,jacob-aagaard,JacobAagaard,35994,,,,,,
45059756,Aarav Dengla,IND,M,GM,,2009,2025,false,,false,,,IND,Mumbai,IND,,,,,,aarav-dengla,,,,,,,,
45048975,Aaryan Varshney,IND,M,GM,,2005,2026,false,,false,,,IND,,IND,,,,,,aaryan-varshney,,,,,,,,
13402960,"Abasov, Nijat",AZE,M,GM,,1995,2011,false,,false,,,AZE,Baku,AZE,https://upload.wikimedia.org/wikipedia/commons/thumb/2/2c/Nijat_Abasov_at_the_Candidates_2024_tournament_14_%28cropped%29.jpg/250px-Nijat_Abasov_at_the_Candidates_2024_tournament_14_%28cropped%29.jpg,,,,AbasovN,nijat-abasov,AbasovN,110381,,,abasovnijat,,,abasov.nijat
12501000,"Abbasifar, Hasan",ESP,M,GM,,1972,2013,false,,false,,,IRI,Shiraz,IRI|ESP,,,,,,hasan-abbasifar,,58114,,,,,,
13400665,"Abbasov, Farid",AZE,M,GM,,1979,2007,false,,false,,,AZE,Baku,AZE,https://upload.wikimedia.org/wikipedia/commons/thumb/7/75/Farid_Abbasov.jpg/250px-Farid_Abbasov.jpg,,,,,farid-abbasov,,49449,,,,,,
14206323,"Abdisalimov, Abdimalik",UZB,M,GM,,2002,2023,false,,false,,,UZB,,UZB,https://upload.wikimedia.org/wikipedia/commons/thumb/f/f4/Abdisalimov_Abdimalik_%28cropped%29.jpg/250px-Abdisalimov_Abdimalik_%28cropped%29.jpg,,,,Abdimalik_Abdisalimov,abdumalik1912,Abdisalimov,158375,,,,,,
13703544,"Abdumalik, Zhansaya",KAZ,F,GM,WGM,2000,2021,false,,false,,,KAZ,Almaty,KAZ,https://upload.wikimedia.org/wikipedia/commons/thumb/8/8c/Zhansaya_Abdumalik_FIDE_Women%27s_Grand_Prix_2023_Munich_%28cropped%29.jpg/250px-Zhansaya_Abdumalik_FIDE_Women%27s_Grand_Prix_2023_Munich_%28cropped%29.jpg,,,,ZAbdumalik,zhansaya-abdumalik,,113680,http://www.chessacademy.kz,,zhansaya_abdumalik,,ZAbdumalik,zhansaya.abdumalik
14204118,"Abdusattorov, Nodirbek",UZB,M,GM,,2004,2018,false,,false,,,UZB,Tashkent,UZB,https://upload.wikimedia.org/wikipedia/commons/thumb/d/d4/Abdusattorov_Nodirbek_Uzchess_cup_3_masters_%28cropped%29.jpg/250px-Abdusattorov_Nodirbek_Uzchess_cup_3_masters_%28cropped%29.jpg,,"Nodirbek Fazliddin oʻgʻli Abdusattorov is an Uzbek chess grandmaster. A chess prodigy, he qualified for the grandmaster title at the age of 13 years, 1 month, and 11 days. FIDE awarded him the title in April 2018.",https://en.wikipedia.org/wiki/Nodirbek_Abdusattorov,ChessWarrior7197,nodirbek-abdusattorov,chesswarrior04,149949,https://nodirbekchess.com/uz/,,abdusattorov_nodirbek_official,UCcAU5XhWBJj8fDmGDZ6S-JQ,chesswarrior2004,
614890,"Abergel, Thal",FRA,M,GM,,1982,2008,false,,false,,,ISR,Haifa,FRA,https://upload.wikimedia.org/wikipedia/commons/thumb/a/a0/ThalAbergel14.jpg/250px-ThalAbergel14.jpg,,,,Kovkov,thal-abergel,FunkyChess,51933,,,,,,
900206,"Abramović, Boško",YUG,M,GM,,1951,1984,true,2021,false,,,SRB,Zrenjanin,YUG,https://upload.wikimedia.org/wikipedia/commons/thumb/a/a4/Bo%C5%A1ko_Abramovi%C4%87_2013.jpg/250px-Bo%C5%A1ko_Abramovi%C4%87_2013.jpg,,,,,bosko-abramovic,,15490,,,,,,
3502589,"Abreu Delgado, Aryam",CUB,M,GM,,1978,2008,false,,false,,,CUB,Güines,CUB,https://upload.wikimedia.org/wikipedia/commons/thumb/2/28/AbreauDelgado_Aryam.jpg/250px-AbreauDelgado_Aryam.jpg,,,,AryamAbreu,aryam-abreu-delgado,,49086,,,,,,
708020,"Acs, Peter",HUN,M,GM,,1981,1998,false,,false,,,HUN,Eger,HUN,https://upload.wikimedia.org/wikipedia/commons/thumb/d/d5/Peter_Acs.jpg/250px-Peter_Acs.jpg,,,,,peter-acs,,31033,,,,,,
727709,"Aczel, Gergely",HUN,M,GM,,1991,2018,false,,false,,,HUN,Budapest,HUN,,,,,,gergely-aczel,,139197,,,,,,
400041,"Adams, Michael",ENG,M,GM,,1971,1989,false,,false,,,ENG,Truro,ENG,https://upload.wikimedia.org/wikipedia/commons/thumb/5/57/Adams_in_2023%2C_Dortmund.jpg/250px-Adams_in_2023%2C_Dortmund.jpg,,,,GMMickeyAdams,michael-adams,,10900,https://michaeladamschess.co.uk,MickeyAdamsGM,,,,
5018471,"Adhiban, B.",IND,M,GM,,1992,2010,false,,false,,,IND,Chennai,IND,https://upload.wikimedia.org/wikipedia/commons/thumb/c/c9/BAdhiban19.jpg/250px-BAdhiban19.jpg,,,,fireheart92,baskaran-adhiban,,117280,,adhibanchess,adhibanchess,,,adhiban
35042025,Aditya Mittal,IND,M,GM,,2006,2023,false,,false,,,IND,"Medhauli, Madhya Pradesh",IND,https://upload.wikimedia.org/wikipedia/commons/thumb/8/85/Aditya_Mittal_3rd_Uzchess_Cup_%28cropped%29.jpg/250px-Aditya_Mittal_3rd_Uzchess_Cup_%28cropped%29.jpg,,,,vinniethepooh,aditya-mittal,,155275,,,,,,
10601619,"Adly, Ahmed",EGY,M,GM,,1987,2005,false,,false,,,EGY,Cairo,EGY,https://upload.wikimedia.org/wikipedia/commons/thumb/e/e1/Ahmed_Adly.jpg/250px-Ahmed_Adly.jpg,,,,A-Adly,ahmed-adly,GMadly,49127,,,,,,
700096,"Adorján, András",HUN,M,GM,,1950,1973,true,2023,false,,,HUN,Budapest,HUN,https://upload.wikimedia.org/wikipedia/commons/thumb/1/17/Andras_Adorjan_1978.jpg/250px-Andras_Adorjan_1978.jpg,,,,,andras-adorjan,,14589,,,,,,
24183555,"Afanasiev, Nikita",RUS,M,GM,,2000,2020,false,,false,,,RUS,,RUS,,,,,Rainmond,nikita-afanasiev,Hotprimus,141302,,,,,,
13401718,"Agaragimov, Djakhangir",AZE,M,GM,,1986,2014,false,,false,,,AZE,,AZE,https://upload.wikimedia.org/wikipedia/commons/thumb/c/cd/%D0%94%D0%B6%D0%B0%D1%85%D0%B0%D0%BD%D0%B3%D0%B8%D1%80_%D0%90%D0%B3%D0%B0%D1%80%D0%B0%D0%B3%D0%B8%D0%BC%D0%BE%D0%B2_-_%D0%9A%D1%83%D0%B1%D0%BE%D0%BA_%D0%BC%D0%B8%D1%80%D0%B0._%D0%91%D0%B0%D0%BA%D1%83%2C_2015_%D0%B3%D0%BE%D0%B4.jpg/250px-%D0%94%D0%B6%D0%B0%D1%85%D0%B0%D0%BD%D0%B3%D0%B8%D1%80_%D0%90%D0%B3%D0%B0%D1%80%D0%B0%D0%B3%D0%B8%D0%BC%D0%BE%D0%B2_-_%D0%9A%D1%83%D0%B1%D0%BE%D0%BA_%D0%BC%D0%B8%D1%80%D0%B0._%D0%91%D0%B0%D0%BA%D1%83%2C_2015_%D0%B3%D0%BE%D0%B4.jpg,,,,,djakhangir-agaragimov,,80801,,,,,,
1500015,"Agdestein, Simen",NOR,M,GM,,1967,1985,false,,false,,,NOR,Asker,NOR,https://upload.wikimedia.org/wikipedia/commons/thumb/1/1a/Simen_Agdestein_NM_Bergen_2009_%28cropped%29.jpg/250px-Simen_Agdestein_NM_Bergen_2009_%28cropped%29.jpg,,,,Grukjr,simen-agdestein,,14040,,,,,,
13400215,"Aghamaliyev, Cemil",TUR,M,GM,,1974,2002,false,,false,,,TUR,,AZE|TUR,https://upload.wikimedia.org/wikipedia/commons/thumb/d/d0/Agamaliev%2C_Gamil_rating.jpg/250px-Agamaliev%2C_Gamil_rating.jpg,,,,gmgamil,gamil-agamaliev,,98974,,,,,,
13302841,"Aghasaryan, Robert",ARM,M,GM,,1994,2014,false,,false,,,RUS,Saint Petersburg,ARM,,,,,GMChessrob,robert-aghasaryan,Dr_Chessrob,113373,,,,,,
13708309,"Agmanov, Zhandos",KAZ,M,GM,,2000,2026,false,,false,,,,,KAZ,,,"The following people have all been grandmasters (GM) of chess. The title has been awarded since 1950 to players who have met the standards required by the sport's governing body, FIDE. Other than world champion, it is the highest title a chess player can attain and is awarded for life, although FIDE regulations allow for the revocation of titles for cheating or fraud.",https://en.wikipedia.org/wiki/List_of_chess_grandmasters,,zhandos-agmanov,,154678,,,,,,
1705024,"Agrest, Evgenij",SWE,M,GM,,1966,1997,false,,false,,,BLR,Vitebsk,SWE,https://upload.wikimedia.org/wikipedia/commons/thumb/c/c1/Agrest_jewgenij_20081119_olympiade_dresden.jpg/250px-Agrest_jewgenij_20081119_olympiade_dresden.jpg,,,,etserga,evgeny-agrest,,18229,,,,,,
3508455,"Aguero Jimenez, Luis Lazaro",CUB,M,GM,,1991,2019,false,,false,,,CUB,Havana,CUB,,,Luis Lázaro Agüero Jiménez is a Cuban international chess Grandmaster titled in 2019.,https://en.wikipedia.org/wiki/Luis_L%C3%A1zaro_Ag%C3%BCero_Jim%C3%A9nez,,luis-lazaro-aguero-jimenez,,133278,,,,,,
W9427590,"Agzamov, Georgy",URS,M,GM,,1954,1984,true,1986,false,,,UZB,Almalyk,URS,,,,,,,,,,,,,,
8103178,"Ahmad, Al Khatib",JOR,M,GM,,1995,2023,false,,false,,,JOR,Madaba,JOR,,,,,ahmad_alkhatib11,al-khatib-ahmad,,128025,,,,,,
13413007,"Ahmadzada, Ahmad",AZE,M,GM,,2004,2023,false,,false,,,AZE,Baku,AZE,,,,,,ahmad-ahmadzada,,154706,,,,,,
14109069,"Ajrapetjan, Yuriy",RUS,M,GM,,1988,2007,false,,false,,,ARM,Yerevan,UKR|RUS,,,,,yuriy88,yuriy-ajrapetjan,,87001,,,,,,
5040299,Akash G,IND,M,GM,,1996,2020,false,,false,,,IND,Chennai,IND,,,,,gakashchess,akash-g,,141946,,,,,,
4131045,"Akbaev, Kazbek",RUS,M,GM,,1981,2015,false,,false,,,RUS,Cherkessk,RUS,,,,,,kazbek-akbaev,,76737,,,,,,
1700120,"Akesson, Ralf",SWE,M,GM,,1961,1995,false,,false,,,SWE,Oxelösund,SWE,https://upload.wikimedia.org/wikipedia/commons/thumb/e/eb/Ralf_Akesson_Rilton_Cup_2009.jpg/250px-Ralf_Akesson_Rilton_Cup_2009.jpg,,,,Ralf61,ralf-akesson,,21594,,,,,,
13300580,"Akobian, Varuzhan",USA,M,GM,,1983,2004,false,,false,,,ARM,Yerevan,ARM|USA,https://upload.wikimedia.org/wikipedia/commons/thumb/b/b4/VaruzhanAkobian23.jpg/250px-VaruzhanAkobian23.jpg,,,,GMAkobianSTL,varuzhan-akobian,,51148,http://www.akobian.com,,,,,
13300032,"Akopian, Vladimir",USA,M,GM,,1971,1991,false,,false,,,AZE,Baku,ARM|USA,https://upload.wikimedia.org/wikipedia/commons/thumb/c/c0/Vladimir-Akopian.jpg/250px-Vladimir-Akopian.jpg,,,,GMValeduser,vladimir-akopian,,14125,,,,,,
5012414,"Akshayraj, Kore",IND,M,GM,,1988,2013,false,,false,,,IND,Ahmednagar,IND,https://upload.wikimedia.org/wikipedia/commons/thumb/8/81/Kore_GM_Chess_Paris.jpg/250px-Kore_GM_Chess_Paris.jpg,,,,Akshayraj_Kore,akshayraj-kore,,79905,,,,,,
12100030,"Al-Mudahka, Mohd",QAT,M,GM,,1974,1998,false,,false,,,QAT,,QAT,https://upload.wikimedia.org/wikipedia/commons/thumb/2/29/MohammedAlModiahki2013.jpg/250px-MohammedAlModiahki2013.jpg,,,,,mohammed-al-modiahki,,41384,,,,,,
12100196,"Al-Sayed, Mohammed",QAT,M,GM,,1981,2009,false,,false,,,QAT,,QAT,,,,,gmalsayed,mohamad-naser-al-sayed,,49491,,,,,,
W4681965,"Alatortsev, Vladimir",URS,M,GM,,1909,1983,true,1987,false,,,URS,Turki,URS,,,,,,,,,,,,,,
4120612,"Alavkin, Arseny",RUS,M,GM,,1969,2010,false,,false,,,RUS,Kazan,RUS,,,,,Niktlt,arseny-alavkin,,50144,,,,,,
3518736,"Albornoz Cabrera, Carlos Daniel",CUB,M,GM,,2000,2019,false,,false,,,CUB,Camagüey,CUB,https://upload.wikimedia.org/wikipedia/commons/thumb/7/7c/Carlos_Daniel_Albornoz_Cabrera_%28cropped%29.jpg/250px-Carlos_Daniel_Albornoz_Cabrera_%28cropped%29.jpg,,,,CarlosAlbornoz,carlos-daniel-albornoz-cabrera,,157841,,,carlosdanielalbornozcabrera,,,GMCarlosDanielAlbornozCabrera
2000156,"Alburt, Lev",USA,M,GM,,1945,1977,false,,false,,,RUS,Orenburg,USA,https://upload.wikimedia.org/wikipedia/commons/thumb/a/a2/Lev_Alburt_1980_Malta.jpg/250px-Lev_Alburt_1980_Malta.jpg,,,,,lev-alburt,,15271,,,,,,
13500139,"Aleksandrov, Aleksej",BLR,M,GM,,1973,1997,false,,false,,,BLR,Kobryn,BLR,https://upload.wikimedia.org/wikipedia/commons/thumb/1/19/Aleksej_Aleksandrov_2009.jpg/250px-Aleksej_Aleksandrov_2009.jpg,,,,aleksandrovaleksei,aleksej-aleksandrov,ALEKSANDROV73,17278,,,,,,
4135539,"Alekseenko, Kirill",AUT,M,GM,,1997,2015,false,,false,,,RUS,Saint Petersburg,RUS|FID|AUT,https://upload.wikimedia.org/wikipedia/commons/thumb/e/ef/KirillAlekseenko19.jpg/250px-KirillAlekseenko19.jpg,,,,BilodeauA,kirill-alekseenko,,117648,,,kirill.alexx,,,kirill.alekseenko.3
4138147,"Alekseev, Evgeny",ISR,M,GM,,1985,2002,false,,false,,,ISR,"Pushkin, Saint Petersburg",RUS|ISR,https://upload.wikimedia.org/wikipedia/commons/thumb/4/4f/Evgeny_Alekseev_at_2013_Chess_World_Cup.png/250px-Evgeny_Alekseev_at_2013_Chess_World_Cup.png,,,,evgchess5,evgeny-alekseev,,68679,,,,,,
4277023,"Alexakis, Dimitris",GRE,M,GM,,2003,2025,false,,false,,,GRE,,GRE,,,,,tacticthunder,dimitris-alexakis,,,,,,,,
6300529,"Ali Marandi, Cemil Can",TUR,M,GM,,1998,2017,false,,false,,,TUR,İzmir,TUR,https://upload.wikimedia.org/wikipedia/commons/thumb/1/1f/Ali_Marandi%2CCemil_Can_2016_Karlsruhe.jpeg/250px-Ali_Marandi%2CCemil_Can_2016_Karlsruhe.jpeg,,,,Last7Samurai,cemil-can-ali-marandi,Last7Samurai,131631,,,,,,
702293,"Almasi, Zoltan",HUN,M,GM,,1976,1993,false,,false,,,HUN,Járdánháza,HUN,https://upload.wikimedia.org/wikipedia/commons/thumb/e/ed/Almashi2007.jpg/250px-Almashi2007.jpg,,,,,zoltan-almasi,,14210,,,,,,
3503313,"Almeida Quintana, Omar",CUB,M,GM,,1981,2006,false,,false,,,CUB,Havana,CUB,https://upload.wikimedia.org/wikipedia/commons/thumb/6/6d/Omar_Almeida_Quintana_2010.jpg/250px-Omar_Almeida_Quintana_2010.jpg,,,,GMALMEIDA,omar-almeida-quintana,,49104,,,,,,
2270544,"Alonso Rosell, Alvar",ESP,M,GM,,1992,2013,false,,false,,,ESP,Figueres,ESP,https://upload.wikimedia.org/wikipedia/commons/thumb/0/07/AlvarAlonsoRosell_%28cropped%29.jpg/250px-AlvarAlonsoRosell_%28cropped%29.jpg,,,,iwanyu,alvar-alonso-rosell,,96082,,,,,,
105198,"Alonso, Salvador",ARG,M,GM,,1974,2009,false,,false,,,ARG,Buenos Aires,ARG,,,Salvador Alonso is an Argentine chess Grandmaster (2009).,https://en.wikipedia.org/wiki/Salvador_Alonso,gaizca,salvador-alonso,,20995,,,,,,
2252627,"Alsina Leal, Daniel",ESP,M,GM,,1988,2010,false,,false,,,ESP,Barcelona,ESP,https://upload.wikimedia.org/wikipedia/commons/thumb/d/de/Daniel_Alsina_Leal_2010.jpg/250px-Daniel_Alsina_Leal_2010.jpg,,,,,daniel-alsina-leal,,53885,,,,,,
2801906,"Alterman, Boris",ISR,M,GM,,1970,1992,false,,false,,,UKR,Kharkiv,ISR,https://upload.wikimedia.org/wikipedia/commons/2/2c/Alterman%2CBoris_1998_Recklinghausen.jpeg,,,,,boris-alterman,,17034,,,,,,
3507408,"Alvarez Pedraza, Aramis",CUB,M,GM,,1988,2010,false,,false,,,CUB,"Santa Clara, Cuba",CUB,,,,,pollo2016,aramis-alvarez-pedraza,,109958,,,,,,
14000652,"Amanov, Mesgen",TKM,M,GM,,1986,2009,false,,false,,,TKM,Daşoguz,TKM,https://upload.wikimedia.org/wikipedia/commons/thumb/7/79/Mesgen.jpg/250px-Mesgen.jpg,,,,mesgen,mesgen-amanov,,56753,,,,,,
1533533,"Amar, Elham",NOR,M,GM,,2005,2024,false,,false,,,NOR,,NOR,https://upload.wikimedia.org/wikipedia/commons/thumb/e/e9/GM_Elham_Amar.jpg/250px-GM_Elham_Amar.jpg,,,,Twitch_ElhamBlitz05,elham-abdrlauf,,160425,,abdrlauf,,,,
10601457,"Amin, Bassem",EGY,M,GM,,1988,2006,false,,false,,,EGY,Tanta,EGY,https://upload.wikimedia.org/wikipedia/commons/thumb/b/ba/BassemAmin23.jpg/250px-BassemAmin23.jpg,,,,Dr-Bassem,bassem-amin,,87335,,GMBassemAmin,gm_bassem_amin,UC7tkW4B7RUEQmBbMPcMriEQ,,GMBassemAmin
14700077,"Amonatov, Farrukh",TJK,M,GM,,1978,2002,false,,false,,,TJK,Dushanbe,TJK,,,,,Farrukh_Amonatov,farrukh-amonatov,,50168,,,,,,
4204077,"Anagnostopoulos, Dimitri",GRE,M,GM,,1970,1996,false,,false,,,GRE,,GRE,,,,,,dimitri-anagnostopoulos,,53956,,,,,,
5000017,"Anand, Viswanathan",IND,M,GM,,1969,1988,false,,false,,,IND,Chennai,IND,https://upload.wikimedia.org/wikipedia/commons/thumb/5/57/Viswanathan_Anand_%282016%29_%28cropped%29.jpeg/250px-Viswanathan_Anand_%282016%29_%28cropped%29.jpeg,,,,TheVish,viswanathan-anand,Mas_Vishy,12088,,vishy64theking,vishy.mindmaster,,,
13300059,"Anastasian, Ashot",ARM,M,GM,,1964,1993,true,2016,false,,,ARM,Yerevan,ARM,,,,,,,,,,,,,,
1413864,"Andersen, Mads",DEN,M,GM,,1995,2016,false,,false,,,GRL,Nuuk,DEN,https://upload.wikimedia.org/wikipedia/commons/thumb/5/51/MadsAndersen13.jpg/250px-MadsAndersen13.jpg,,,,,mads-andersen,,105215,,,,,,
1700014,"Andersson, Ulf",SWE,M,GM,,1951,1972,false,,false,,,SWE,Västerås,SWE,https://upload.wikimedia.org/wikipedia/commons/thumb/5/5f/UlfAndersson.jpg/250px-UlfAndersson.jpg,,,,,ulf-andersson,,12112,,,,,,
14103400,"Andreev, Eduard",UKR,M,GM,,1980,2005,false,,false,,,UKR,Sloviansk,UKR,https://upload.wikimedia.org/wikipedia/commons/thumb/a/a9/Andreev%2CEduard_2012-03-07.JPG/250px-Andreev%2CEduard_2012-03-07.JPG,,,,Gmedmundo,eduard-andreev,,56967,,,,,,
4158814,"Andreikin, Dmitry",FID,M,GM,,1990,2007,false,,false,,,RUS,Ryazan,RUS|FID,https://upload.wikimedia.org/wikipedia/commons/thumb/f/f2/Dmitry_Andreikin_Satka_2018.jpg/250px-Dmitry_Andreikin_Satka_2018.jpg,,,,FairChess_on_YouTube,dmitry-andreikin,Vladimirovich9000,49702,,,vladimirovich9000,UC_y-BTpEOK3p1RUVpx71KYg,,
13302000,"Andriasian, Zaven",ARM,M,GM,,1989,2006,false,,false,,,ARM,Yerevan,ARM,https://upload.wikimedia.org/wikipedia/commons/thumb/c/c8/Zaven_Andriasian_2012.jpg/250px-Zaven_Andriasian_2012.jpg,,,,Zaven_ChessMood,zaven-andriasian,Zaven_ChessMood,84227,,,,,,
602612,"Anic, Darko",FRA,M,GM,,1957,1999,false,,false,,,CRO,Zadar,FRA,,,,,zadarchess,darko-anic,,17308,,,,,,
4135229,"Anisimov, Pavel",MNE,M,GM,,1986,2019,false,,false,,,RUS,Leningrad,RUS|FID|MNE,https://upload.wikimedia.org/wikipedia/commons/thumb/7/7e/PaulfromSPb.jpg/250px-PaulfromSPb.jpg,,,,PaulfromSPb,pavel-anisimov,PaulfromSPb,49079,,,,,,
700754,"Anka, Emil",HUN,M,GM,,1969,2001,false,,false,,,HUN,Békéscsaba,HUN,,,,,EmilAnka,emil-anka,,18196,,,,,,
5023335,"Ankit, R. Rajpara",IND,M,GM,,1994,2014,false,,false,,,IND,Ahmedabad,IND,,,,,Checkmate_107,ankit-rajpara,,117473,,,,,,
14000563,"Annaberdiyev, Meylis",TKM,M,GM,,1985,2022,false,,false,,,TKM,Büzmeýin,TKM,,,,,,meilis-annaberdiev,,53982,,,,,,
14000016,"Annageldyev, Orazly",TKM,M,GM,,1960,2005,false,,false,,,TKM,Büzmeýin,TKM,,,,,,orazly-annageldyev,,53020,,,,,,
14000032,"Annakov, Babakuli",USA,M,GM,,1972,1998,false,,false,,,USA,,TKM|USA,,,,,,babakuli-annakov,,19874,,,,,,
13715658,"Ansat, Aldiyar",KAZ,M,GM,,2008,2026,false,,false,,,KAZ,,KAZ,,,,,,aldiyar-ansat,Chefot,156478,,,,,,
717312,"Antal, Gergely",HUN,M,GM,,1985,2011,false,,false,,,HUN,Budapest,HUN,https://upload.wikimedia.org/wikipedia/commons/thumb/b/b7/Antal_Gergely.jpg/250px-Antal_Gergely.jpg,,,,,gergely-antal,,50407,,,,,,
901008,"Antic, Dejan",SRB,M,GM,,1968,1999,false,,false,,,SRB,Belgrade,SRB,,,,,GMAntic,dejan-antic,,28784,,,,,,
4107012,"Antipov, Mikhail Al.",USA,M,GM,,1997,2013,false,,false,,,RUS,Moscow,RUS|FID|USA,https://upload.wikimedia.org/wikipedia/commons/thumb/3/39/Mikhail_Antipov_2012_%28cropped%29.jpg/250px-Mikhail_Antipov_2012_%28cropped%29.jpg,,,,Antipov_Mikhail_Al,mikhail-al-antipov,,121886,,,,,,
2285525,"Anton Guijarro, David",ESP,M,GM,,1995,2013,false,,false,,,ESP,Murcia,ESP,https://upload.wikimedia.org/wikipedia/commons/thumb/e/e2/DavidAnton23.jpg/250px-DavidAnton23.jpg,,,,tptagain,david-anton-guijarro,,131813,,,,,,
1111078,"Antoniewski, Rafal",POL,M,GM,,1980,2010,false,,false,,,POL,Bielsko-Biała,POL,https://upload.wikimedia.org/wikipedia/commons/thumb/1/14/Rafa%C5%82_Antoniewski_2014.jpg/250px-Rafa%C5%82_Antoniewski_2014.jpg,,,,GMBellicose,rafal-antoniewski,,55107,,,,,,
5200032,"Antonio, Rogelio Jr",PHI,M,GM,,1962,1993,false,,false,,,PHI,,PHI,https://upload.wikimedia.org/wikipedia/commons/thumb/4/4c/Rogelio_Antonio_2009.jpg/250px-Rogelio_Antonio_2009.jpg,,,,gmjoey1,rogelio-antonio-jr,GMJOEY93,14444,,,,,,
W8690217,"Antoshin, Vladimir",RUS,M,GM,,1929,1964,true,1994,false,,,RUS,Moscow,RUS,,,,,,,,,,,,,,
1900013,"Antunes, Antonio",POR,M,GM,,1962,1994,false,,false,,,POR,Lisbon,POR,,,,,,antonio-antunes,,16998,,,,,,
5024366,"Anurag, Mhamal",IND,M,GM,,1995,2017,false,,false,,,IND,Panaji,IND,https://upload.wikimedia.org/wikipedia/commons/thumb/b/b6/MhamalAnurag2017.jpg/250px-MhamalAnurag2017.jpg,,,,Anurag328,anurag-mhamal,,117406,,,,,,
600164,"Apicella, Manuel",FRA,M,GM,,1970,1995,false,,false,,,FRA,Longjumeau,FRA,,,,,Hyxiom,manuel-apicella,,27273,,,,,,
4600924,"Appel, Ralf",GER,M,GM,,1971,2008,false,,false,,,GER,Pirmasens,GER,https://upload.wikimedia.org/wikipedia/commons/thumb/9/9b/RalfAppel10.jpg/250px-RalfAppel10.jpg,,,,,ralf-appel,,26324,,,,,,
13600168,"Arakhamia-Grant, Ketevan",SCO,F,GM,WGM,1968,2009,false,,false,,,SCO,Ochamchire,GEO|SCO,https://upload.wikimedia.org/wikipedia/commons/thumb/8/8b/KetevanArakhamiaGrant23.jpg/250px-KetevanArakhamiaGrant23.jpg,,,,KetiGrant,ketevan-arakhamia-grant,,12540,,,,,,
5072786,"Aravindh, Chithambaram VR.",IND,M,GM,,1999,2015,false,,false,,,IND,Thirunagar,IND,https://upload.wikimedia.org/wikipedia/commons/thumb/5/5a/AravindhChitambaram23a.jpg/250px-AravindhChitambaram23a.jpg,,,,Vaathi_Coming,aravindh-chithambaram,hitter1999,131329,,,,,,
4100620,"Arbakov, Valentin",RUS,M,GM,,1952,1994,true,2003,false,,,RUS,,RUS,,,,,,,,,,,,,,
7100027,Ardiansyah,INA,M,GM,,1951,1986,true,2017,false,,,INA,Banjarmasin,INA,,,,,,,,,,,,,,
4403177,"Arenas, David",COL,M,GM,,1991,2017,false,,false,,,COL,Envigado,COL,,,,,davidarenas1224,david-arenas,,118551,,mi_arenas,,,,
3500012,"Arencibia Rodriguez, Walter",CUB,M,GM,,1967,1990,false,,false,,,CUB,Holguín,CUB,https://upload.wikimedia.org/wikipedia/commons/8/8d/Arencibia%2CWalter_1998_Recklinghausen.jpeg,,,,Arencibia,walter-arencibia-rodriguez,,29190,,,,,,
14109530,"Areshchenko, Alexander",UKR,M,GM,,1986,2002,false,,false,,,UKR,Luhansk,UKR,https://upload.wikimedia.org/wikipedia/commons/thumb/5/52/2021-Alexander-Areshchenko_%28cropped%29.JPG/250px-2021-Alexander-Areshchenko_%28cropped%29.JPG,,,,,alexander-areshchenko,,10862,,,,,,
2205092,"Arizmendi Martinez, Julen Luis",ESP,M,GM,,1976,2004,false,,false,,,ESP,Weekawken,ESP,https://upload.wikimedia.org/wikipedia/commons/thumb/d/d5/Julen_Arizmendi_%28ESP%29.jpg/250px-Julen_Arizmendi_%28ESP%29.jpg,,,,,julen-luis-arizmendi-martinez,,49105,,,,,,
35018701,Arjun Kalyan,IND,M,GM,,2002,2021,false,,false,,,IND,Chennai,IND,https://upload.wikimedia.org/wikipedia/commons/thumb/4/47/Arjun_Kalyan_at_2017_Andorra_open.jpg/250px-Arjun_Kalyan_at_2017_Andorra_open.jpg,,,,Anonymous1762,arjun-kalyan,,155085,,,,,,
400270,"Arkell, Keith C",ENG,M,GM,,1961,1995,false,,false,,,ENG,Birmingham,ENG,https://upload.wikimedia.org/wikipedia/commons/thumb/e/eb/Arkell_rd6_4thEUIO.JPG/250px-Arkell_rd6_4thEUIO.JPG,,,,KeithArkell,keith-c-arkell,Atomrod,13774,,,,,,
4101146,"Arkhipov, Sergey",RUS,M,GM,,1954,1991,false,,false,,,RUS,Moscow,RUS,,,,,,sergey-arkhipov,,16948,,,,,,
2300036,"Arnason, Jon L",ISL,M,GM,,1960,1986,false,,false,,,ISL,Reykjavík,ISL,,,,,Dumbo32,jon-l-arnason,,13837,,,,,,
2907127,"Arnaudov, G. Petar",BUL,M,GM,,1986,2013,false,,false,,,BUL,Plovdiv,BUL,https://upload.wikimedia.org/wikipedia/commons/4/45/Petar_Arnaudov_2013.jpg?utm_source=en.wikipedia.org&utm_campaign=api&utm_content=thumbnail_unscaled,https://en.wikipedia.org/wiki/G._Petar_Arnaudov,G. Petar Arnaudov is a Bulgarian chess player and co-founder of modern-chess.com. G.,https://en.wikipedia.org/wiki/G._Petar_Arnaudov,ArnaudovP,g-petar-arnaudov,PArnaudov,106854,,,,,,
2022320,"Arnold, Marc",USA,M,GM,,1992,2012,false,,false,,,USA,New York City,USA,,,,,MarcTArnold,marc-tyler-arnold,,57309,,,,,,
13300474,"Aronian, Levon",USA,M,GM,,1982,2000,false,,false,,,ARM,Yerevan,ARM|GER|ARM|USA,https://upload.wikimedia.org/wikipedia/commons/thumb/1/17/LevonAronian23.jpg/250px-LevonAronian23.jpg,,,,LevonAronian,levon-aronian,,17316,,LevAronian,,UCpuYLVa9hMbgaw6O7YNkp7A,,LevAronian
25072846,Aronyak Ghosh,IND,M,GM,,2003,2026,false,,false,,,,,IND,,,Aronyak Ghosh is an Indian chess player who holds the title of Grandmaster.,https://en.wikipedia.org/wiki/Aronyak_Ghosh,Aronyak1,aronyak-ghosh,Aronyak1,160798,,,,,,aronyak.chess
13601865,"Aroshidze, Levan",ESP,M,GM,,1985,2006,false,,false,,,GEO,Tbilisi,GEO|ESP,https://upload.wikimedia.org/wikipedia/commons/thumb/3/3f/Aroshidze_Levan_Barcelona_2010.jpg/250px-Aroshidze_Levan_Barcelona_2010.jpg,,,,brightthunder,levan-aroshidze,Demon-Hunter,50109,,,,,,
2283352,"Arribas Lopez, Angel",ESP,M,GM,,1993,2014,false,,false,,,ESP,Madrid,ESP,https://upload.wikimedia.org/wikipedia/commons/thumb/d/dd/Arribas_Lopez_Angel_%285141955400%29.jpg/250px-Arribas_Lopez_Angel_%285141955400%29.jpg,,,,FatUpss,angel-arribas-lopez,,95922,,,,,,
24101605,"Artemiev, Vladislav",RUS,M,GM,,1998,2014,false,,false,,,RUS,Omsk,RUS,https://upload.wikimedia.org/wikipedia/commons/thumb/1/13/VladislavArtemiev23.jpg/250px-VladislavArtemiev23.jpg,,,,Sibelephant,vladislav-artemiev,Konevlad,137614,,,,,,
5011167,"Arun Prasad, S.",IND,M,GM,,1988,2008,false,,false,,,IND,Salem,IND,,,,,gmarunchess,subramanian-arun-prasad,,80800,https://gmarunchess.com,,,,,
13601741,"Arutinian, David",GEO,M,GM,,1984,2006,false,,false,,,GEO,Tbilisi,GEO,https://upload.wikimedia.org/wikipedia/commons/thumb/a/af/Arutinian_david_20081119_olympiade_dresden.jpg/250px-Arutinian_david_20081119_olympiade_dresden.jpg,,,,David_Arutinian,david-arutinian,Davjan,50088,,,,,,
5084423,Aryan Chopra,IND,M,GM,,2001,2017,false,,false,,,IND,Delhi,IND,https://upload.wikimedia.org/wikipedia/commons/thumb/1/1d/Aryan_Chopra_2025_French_League_%28cropped%29.jpg/250px-Aryan_Chopra_2025_French_League_%28cropped%29.jpg,,,,Deadeye10,aryan-chopra,,117361,,,,,,
13300660,"Arzumanian, Georgii",AUT,M,GM,,1981,2009,false,,false,,,GEO,Tbilisi,ARM|AUT,,,,,,georgy-arsumanjan,,56969,,momuss,,,,
13405764,"Asadli, Vugar",AZE,M,GM,,2001,2019,false,,false,,,AZE,Baku,AZE,https://upload.wikimedia.org/wikipedia/commons/thumb/e/e6/Vugar_Asadli_%282023%29.jpg/250px-Vugar_Asadli_%282023%29.jpg,,,,AsadliVugar,vugar-asadli,,153015,,,,,,
13700049,"Asanov, Bolat",KAZ,M,GM,,1961,1994,false,,false,,,KAZ,Alma-Ata,KAZ,https://upload.wikimedia.org/wikipedia/commons/thumb/2/27/Bolat_Asanov.jpg/250px-Bolat_Asanov.jpg,,,,,bolat-asanov,,16903,,,,,,
4100247,"Aseev, Konstantin",RUS,M,GM,,1960,1992,true,2004,false,,,RUS,Novokuznetsk,RUS,,,,,,,,,,,,,,
2001012,"Ashley, Maurice",USA,M,GM,,1966,2000,false,,false,,,USA,Saint Andrew,USA,https://upload.wikimedia.org/wikipedia/commons/thumb/f/f4/Maurice_Ashley_playing_chess.jpg/250px-Maurice_Ashley_playing_chess.jpg,,,,GMAshley,maurice-ashley,,21714,https://mauriceashley.com/,MauriceAshley,mauriceashleychess,,GMAshley,grandmastermauricea
5018137,"Ashwin, Jayaram",IND,M,GM,,1990,2015,false,,false,,,IND,Aluva,IND,,,,,LadheezWousharounm,jayaram-ashwin,,113316,,,,,,
2260735,"Asis Gargatagli, Hipolito",ESP,M,GM,,1986,2019,false,,false,,,ESP,Barcelona,ESP,,,,,Guachiney,hipolito-asis-gargatagli,ChermanTrawz,98806,,,,,,
4141229,"Askarov, Marat",RUS,M,GM,,1987,2008,false,,false,,,RUS,Kazan,RUS,,,,,,marat-askarov,,78952,,,,,,
13300490,"Asrian, Karen",ARM,M,GM,,1980,1998,true,2008,false,,,ARM,Yerevan,ARM,https://upload.wikimedia.org/wikipedia/commons/thumb/3/38/Karen_Asrian_2007.jpg/250px-Karen_Asrian_2007.jpg,,,,,,,,,,,,,
13708694,"Assaubayeva, Bibisara",KAZ,F,GM,WGM,2004,2025,false,,false,,,KAZ,,KAZ|RUS|KAZ,https://upload.wikimedia.org/wikipedia/commons/thumb/7/76/Bibisara_Assaubayeva_in_2025_%28cropped%29.jpg/250px-Bibisara_Assaubayeva_in_2025_%28cropped%29.jpg,,,,SaraBlackPanther,bibisara-assaubayeva,,147741,,,,,,
14001101,"Atabayev, Maksat",TKM,M,GM,,1994,2015,false,,false,,,TKM,Gypjak,TKM,,,,,Maksat-94,maksat-atabayev,Maksat-94,109538,,,,,,
14000571,"Atabayev, Saparmyrat",TKM,M,GM,,1999,2025,false,,false,,,TKM,Ashgabat,TKM,https://upload.wikimedia.org/wikipedia/commons/thumb/6/62/Saparmyrat_Atabayev_3rd_Uzchess_Cup_%28cropped%29.jpg/250px-Saparmyrat_Atabayev_3rd_Uzchess_Cup_%28cropped%29.jpg,,,,AtabayevSaparmyrat,saparmyrat-atabayev,,129552,,,,,,
14001128,"Atabayev, Yusup",TKM,M,GM,,1994,2023,false,,false,,,TKM,Ashgabat,TKM,,,,,,yusup-atabayev,,127367,,,,,,
14401487,"Atalik, Suat",SRB,M,GM,,1964,1994,false,,false,,,TUR,Istanbul,BIH|TUR|SRB,https://upload.wikimedia.org/wikipedia/commons/thumb/9/9d/Atalik_Suat.jpg/250px-Atalik_Suat.jpg,,,,Atalik,suat-atalik,,17359,,,,,,
2623897,"Atanasov, Anthony",CAN,M,GM,,2008,2026,false,,false,,,,,CAN,,,Anthony Atanasov is a Canadian chess grandmaster.,https://en.wikipedia.org/wiki/Anthony_Atanasov,,anthony-atanasov,,,,,,,,
4101529,"Averbakh, Yuri L.",URS,M,GM,,1922,1952,true,2022,false,,,RUS,Kaluga,URS,https://upload.wikimedia.org/wikipedia/commons/thumb/3/3f/Yuriy_Averbakh_1963.jpg/250px-Yuriy_Averbakh_1963.jpg,,,,,yuri-averbakh,,20559,,,,,,
14109743,"Aveskulov, Valeriy",UKR,M,GM,,1986,2006,false,,false,,,UKR,Antratsyt,UKR,https://upload.wikimedia.org/wikipedia/commons/thumb/a/a4/Aveskulov.JPG/250px-Aveskulov.JPG,,,,LuckyTiger,valeriy-aveskulov,AttackWithBlack,99144,,ChessTao,,,,
4437128,"Avila Pavas, Santiago",COL,M,GM,,2004,2023,false,,false,,,COL,,COL,,,,,Caracternin123,santiago-avila-pavas,,156035,,,,,,
2803895,"Avrukh, Boris",USA,M,GM,,1978,1997,false,,false,,,KAZ,Karaganda,ISR|USA,https://upload.wikimedia.org/wikipedia/commons/thumb/c/c1/London_Chess_Classic_2010_Avrukh_02.jpg/250px-London_Chess_Classic_2010_Avrukh_02.jpg,,,,Contora,boris-avrukh,,18270,http://avrukhboris.wordpress.com/,,,,,
13501470,"Azarov, Sergei",FID,M,GM,,1983,2003,false,,false,,,BLR,Minsk,BLR|FID,,,,,SergeiAza,sergei-azarov,,17281,,,,,,
13601326,"Azmaiparashvili, Zurab",GEO,M,GM,,1960,1988,false,,false,,,GEO,Tbilisi,GEO,https://upload.wikimedia.org/wikipedia/commons/thumb/3/37/Zurab_Azmaiparashvili.jpg/250px-Zurab_Azmaiparashvili.jpg,,,,ZURAAZMAI,zurab-azmaiparashvili,,14175,,,,,,
13400681,"Babaev, Rashad",AZE,M,GM,,1981,2007,false,,false,,,AZE,Baku,AZE,,,,,Rabachess,rashad-babaev,,51727,https://rashadbabaev.com/,,,,,
13301993,"Babujian, Levon",ARM,M,GM,,1986,2010,false,,false,,,ARM,Yerevan,ARM,https://upload.wikimedia.org/wikipedia/commons/thumb/c/c8/Levon_Babujian_3_Yerevan_2013.jpg/250px-Levon_Babujian_3_Yerevan_2013.jpg,,,,,levon-babujian,,93765,,,,,,
301264,"Babula, Vlastimil",CZE,M,GM,,1973,1997,false,,false,,,CZE,Uherský Brod,CZE,https://upload.wikimedia.org/wikipedia/commons/thumb/8/8d/Vlastimil_Babula.jpg/250px-Vlastimil_Babula.jpg,,Vlastimil Babula is a chess grandmaster from the Czech Republic who was Czech Champion in 1993 and second at the World Junior Championship of 1993.,https://en.wikipedia.org/wiki/Vlastimil_Babula,,vlastimil-babula,,19825,,,,,,
2500914,"Baburin, Alexander",IRL,M,GM,,1967,1996,false,,false,,,RUS,Nizhny Novgorod,IRL,,,,,,alexander-baburin,,14466,,,,,,
3507416,"Bacallao Alonso, Yusnel",CUB,M,GM,,1988,2012,false,,false,,,CUB,Matanzas,CUB,,,,,Bacallao2019,yusnel-bacallao-alonso,Bacallao2019,131801,,,,,,
3700488,"Bachmann, Axel",PAR,M,GM,,1989,2007,false,,false,,,PAR,Ciudad del Este,PAR,https://upload.wikimedia.org/wikipedia/commons/thumb/b/bb/AxelBachmann23.jpg/250px-AxelBachmann23.jpg,,Axel Bachmann Schiavo is a Paraguayan chess player who holds the Grandmaster title. He is the best Paraguayan chess player by rating.,https://en.wikipedia.org/wiki/Axel_Bachmann,chito89,axel-bachmann,ABachmann,56835,,,,,,
605506,"Bacrot, Etienne",FRA,M,GM,,1983,1997,false,,false,,,FRA,Lille,FRA,https://upload.wikimedia.org/wikipedia/commons/thumb/8/81/Etienne_Bacrot_3rd_Al-Beruniy_Tashkent_2026_Masters_%28cropped%29.jpg/250px-Etienne_Bacrot_3rd_Al-Beruniy_Tashkent_2026_Masters_%28cropped%29.jpg,,,,baki83,etienne-bacrot,AlphaEchecs,29565,,,,,,
1200038,"Badea, Bela",ROU,M,GM,,1969,1999,false,,false,,,ROU,Aiud,ROU,,,,,,bela-badea,,15837,,,,,,
13600133,"Bagaturov, Giorgi",GEO,M,GM,,1964,1999,false,,false,,,GEO,,GEO,https://upload.wikimedia.org/wikipedia/commons/thumb/3/37/Bagaturov%2CGiorgi_2016_Marienbad.jpeg/250px-Bagaturov%2CGiorgi_2016_Marienbad.jpeg,,,,strelec64,giorgi-bagaturov,,24690,,,,,,
13303139,"Baghdasaryan, Vahe",ARM,M,GM,,1993,2017,false,,false,,,ARM,Yerevan,ARM,https://upload.wikimedia.org/wikipedia/commons/thumb/1/1f/Vahe_Baghdasaryan_Yerevan_2013.jpg/250px-Vahe_Baghdasaryan_Yerevan_2013.jpg,,,,Apocalyps999,vahe-baghdasaryan,,125328,,,,,,
12500283,"Bagheri, Amir",MNC,M,GM,,1978,2003,false,,false,,,MNC,,FRA|IRI|MNC,https://upload.wikimedia.org/wikipedia/commons/thumb/d/d3/Amir_Bagheri_GM_Chess_%28cropped%29.jpg/250px-Amir_Bagheri_GM_Chess_%28cropped%29.jpg,,,,AmirBagheri78,amir-bagheri,,51001,,,,,,
13400401,"Bagirov, Rufat",AZE,M,GM,,1979,2002,false,,false,,,AZE,,AZE,,,,,,rufat-bagirov,,36767,,,,,,
11600063,"Bagirov, Vladimir",URS,M,GM,,1936,1978,true,2000,false,,,GEO,Batumi,URS,https://upload.wikimedia.org/wikipedia/commons/thumb/9/94/Vladimir_Bagirov_%281965%29.jpg/250px-Vladimir_Bagirov_%281965%29.jpg,,,,,,,,,,,,,
14104954,"Bagrationi, Alexander",ISR,M,GM,,1990,2014,false,,false,,,ISR,,UKR|ISR,https://upload.wikimedia.org/wikipedia/commons/thumb/2/21/%D0%90%D0%BB%D0%B5%D0%BA%D1%81%D0%B0%D0%BD%D0%B4%D1%80_%D0%91%D0%B0%D0%B3%D1%80%D0%B0%D1%82%D0%B8%D0%BE%D0%BD%D0%B8_%D0%BD%D0%B0_%D1%82%D1%83%D1%80%D0%BD%D0%B8%D1%80%D0%B5.jpg/250px-%D0%90%D0%BB%D0%B5%D0%BA%D1%81%D0%B0%D0%BD%D0%B4%D1%80_%D0%91%D0%B0%D0%B3%D1%80%D0%B0%D1%82%D0%B8%D0%BE%D0%BD%D0%B8_%D0%BD%D0%B0_%D1%82%D1%83%D1%80%D0%BD%D0%B8%D1%80%D0%B5.jpg,,Alexander Bagrationi is a Ukrainian chess grandmaster who has represented Israel since 2020.,https://en.wikipedia.org/wiki/Alexander_Bagrationi_(chess_player),Faustregel,alexander-bagrationi,,128389,,,,,,
8602280,"Bai, Jinshi",CHN,M,GM,,1999,2015,false,,false,,,CHN,Jilin,CHN,,,,,kaka666,bai-jinshi,,141238,,,,,,
14142317,"Baidetskyi, Valentin",AUT,M,GM,,2002,2026,false,,false,,,,,AUT,,,,,UlQI0RRA,valentin-baidetskyi,,161017,,,,,,
655830,"Bailet, Pierre",FRA,M,GM,,1988,2022,false,,false,,,FRA,Nice,FRA,,,,,,pierre-bailet,,130290,,,,,,
13403028,"Bajarani, Ulvi",AZE,M,GM,,1995,2013,false,,false,,,AZE,Baku,AZE,https://upload.wikimedia.org/wikipedia/commons/thumb/5/58/Ulvi_Bajarani_2012.jpg/250px-Ulvi_Bajarani_2012.jpg,,,,ulvi95,ulvi-bajarani,,103191,,,,,,
14102196,"Baklan, Vladimir",UKR,M,GM,,1978,1998,false,,false,,,UKR,Kyiv,UKR,https://upload.wikimedia.org/wikipedia/commons/thumb/5/5a/Wolodymyr_Baklan_at_the_XIII_Torneo_Internacional_Ciudad_de_Pontevedra%2C_Galicia%2C_Spain_5.jpg/250px-Wolodymyr_Baklan_at_the_XIII_Torneo_Internacional_Ciudad_de_Pontevedra%2C_Galicia%2C_Spain_5.jpg,,,,bakki78,vladimir-baklan,,64696,,,,,,
5004195,"Bakre, Tejas",IND,M,GM,,1981,2004,false,,false,,,IND,Ahmedabad,IND,,,,,Tarhercule,tejas-bakre,,49122,,,,,,
2064871,"Balakrishnan, Praveen",USA,M,GM,,2002,2021,false,,false,,,USA,"Irvine, California",USA,https://upload.wikimedia.org/wikipedia/commons/thumb/3/32/Praveen_Balakrishnan_%28cropped%29.jpg/250px-Praveen_Balakrishnan_%28cropped%29.jpg,,,,praveenb2002,praveen-balakrishnan,,157406,,,,,,
4100263,"Balashov, Yuri S",RUS,M,GM,,1949,1973,false,,false,,,RUS,Shadrinsk,RUS,https://upload.wikimedia.org/wikipedia/commons/thumb/7/7f/Hoogovenschaaktoernooi%2C_de_Rus_Balasjof%2C_Bestanddeelnr_926-1801.jpg/250px-Hoogovenschaaktoernooi%2C_de_Rus_Balasjof%2C_Bestanddeelnr_926-1801.jpg,,,,,yuri-s-balashov,,16914,,,,,,
4688210,"Baldauf, Marco",GER,M,GM,,1990,2019,false,,false,,,GER,Rosenheim,GER,https://upload.wikimedia.org/wikipedia/commons/thumb/d/dd/Baldauf%2CMarco_2019_Karlsruhe.jpg/250px-Baldauf%2CMarco_2019_Karlsruhe.jpg,,,,regular_legs,marco-baldauf,,54713,,,,,,
5200075,"Balinas, Rosendo Jr.",PHI,M,GM,,1941,1976,true,1998,false,,,PHI,Manila,PHI,,,,,,,,,,,,,,
1610201,"Balinov, Ilia",AUT,M,GM,,1966,1999,false,,false,,,AUT,Batak,AUT,,,,,,ilija-balinow,,34260,,,,,,
718939,"Balogh, Csaba",HUN,M,GM,,1987,2004,false,,false,,,HUN,Budapest,HUN,https://upload.wikimedia.org/wikipedia/commons/thumb/8/86/Balogh_Csaba_%28Stekovics%29.jpg/250px-Balogh_Csaba_%28Stekovics%29.jpg,,,,,csaba-balogh,,52611,,,,,,
4202031,"Banikas, Hristos",GRE,M,GM,,1978,2001,false,,false,,,GRE,Thessaloniki,GRE,https://upload.wikimedia.org/wikipedia/commons/thumb/2/2f/Banikas_Christos_%2829546499111%29_%28cropped2%29.jpg/250px-Banikas_Christos_%2829546499111%29_%28cropped2%29.jpg,,,,HristosBanikas,hristos-banikas,Arnelos,41086,,,,,,
722413,"Banusz, Tamas",HUN,M,GM,,1989,2011,false,,false,,,HUN,Mohács,HUN,https://upload.wikimedia.org/wikipedia/commons/thumb/0/0b/Tam%C3%A1s_B%C3%A1nusz_2013.jpg/250px-Tam%C3%A1s_B%C3%A1nusz_2013.jpg,,,,bancsoo,tamas-banusz,,49807,,,,,,
4667719,"Baramidze, David",GER,M,GM,,1988,2004,false,,false,,,GEO,Tbilisi,GER,https://upload.wikimedia.org/wikipedia/commons/thumb/6/61/DavidBaramidze16.jpg/250px-DavidBaramidze16.jpg,,,,DavidBaramidze,david-baramidze,,49249,,,,,,
100048,"Barbero, Gerardo",ARG,M,GM,,1961,1987,true,2001,false,,,ARG,Lanús,ARG,https://upload.wikimedia.org/wikipedia/commons/5/59/Gerardo_Barbero.jpg,,,,,,,,,,,,,
2115824,"Barbosa, Evandro Amorim",BRA,M,GM,,1992,2016,false,,false,,,BRA,São Sebastião do Paraíso,BRA,https://upload.wikimedia.org/wikipedia/commons/thumb/d/d1/Barbosa_Evandro_Amorim_2012.jpg/250px-Barbosa_Evandro_Amorim_2012.jpg,,,,,evandro-amorim-barbosa,,118678,,,,,,
5201640,"Barbosa, Oliver",PHI,M,GM,,1986,2011,false,,false,,,PHI,Pasig,PHI,,,,,barzed,oliver-barbosa,,121501,https://gmbarbosachess.com,,,,,
5200059,"Barcenilla, Rogelio",PHI,M,GM,,1972,2010,false,,false,,,PHI,Bacolod,PHI,,,,,GM_Barcenilla,rogelio-barcenilla,,37970,,,,,,GM.Rogelio.Barcenilla.Jr
W3056207,"Barcza, Gedeon",HUN,M,GM,,1911,1954,true,1986,false,,,HUN,Kisújszállás,HUN,https://upload.wikimedia.org/wikipedia/commons/thumb/b/b3/Gedeon_Barcza_in_1964.jpg/250px-Gedeon_Barcza_in_1964.jpg,,,,,,,,,,,,,
4100140,"Bareev, Evgeny",CAN,M,GM,,1966,1989,false,,false,,,RUS,Yemanzhelinsk,RUS|CAN,https://upload.wikimedia.org/wikipedia/commons/thumb/e/e7/Bareev_Evgeny_%2830219958676%29_%28cropped%29.jpg/250px-Bareev_Evgeny_%2830219958676%29_%28cropped%29.jpg,,,,pompey831,evgeny-bareev,Bareev21,16299,,,,,,
900214,"Barlov, Dragan",SRB,M,GM,,1957,1986,false,,false,,,SRB,Kragujevac,SRB,,,,,,dragan-barlov,,41145,,,,,,
2809958,"Baron, Tal",ISR,M,GM,,1992,2011,false,,false,,,ISR,,ISR,https://upload.wikimedia.org/wikipedia/commons/thumb/3/3e/Tal_Baron_2013.jpg/250px-Tal_Baron_2013.jpg,,,,Tal-Baron,tal-baron,,110934,,,,,,
4401824,"Barrientos, Sergio E",COL,M,GM,,1986,2011,false,,false,,,COL,Medellín,COL,https://upload.wikimedia.org/wikipedia/commons/thumb/1/16/Barrientos_Sergio.jpg/250px-Barrientos_Sergio.jpg,,,,GmSergioBarrientos,sergio-e-barrientos,,86015,,,,,,
14200082,"Barsov, Alexei",UZB,M,GM,,1966,2000,false,,false,,,UZB,Samarkand,UZB,https://upload.wikimedia.org/wikipedia/commons/thumb/4/43/Barsow_alexej_20081120_olympiade_dresden.jpg/250px-Barsow_alexej_20081120_olympiade_dresden.jpg,,,,,alexei-barsov,,39734,,,,,,
1112635,"Bartel, Mateusz",POL,M,GM,,1985,2005,false,,false,,,POL,Warsaw,POL,https://upload.wikimedia.org/wikipedia/commons/thumb/a/a4/2022-Mateusz-Bartel.JPG/250px-2022-Mateusz-Bartel.JPG,,,,Matibar,mateusz-bartel,,54619,,,,,,
5000025,"Barua, Dibyendu",IND,M,GM,,1966,1991,false,,false,,,BAN,Chittagong,IND,https://upload.wikimedia.org/wikipedia/commons/thumb/d/d7/Dibyendu_Barua_2012_%28cropped%29.JPG/250px-Dibyendu_Barua_2012_%28cropped%29.JPG,,,,Dibyendu_Barua,dibyendu-barua,,46236,,,,,,
7100094,"Barus, Cerdas",INA,M,GM,,1962,2003,false,,false,,,INA,Kabanjahe,INA,,,,,,cerdas-barus,,14559,,,,,,
14117207,"Baryshpolets, Andrey",UKR,M,GM,,1991,2013,false,,false,,,UKR,Kyiv,UKR,,,,,AndrBaryshpolets,andrey-baryshpolets,,99228,,,,,,
866970,"Basso, Pier Luigi",ITA,M,GM,,1997,2018,false,,false,,,ITA,Montebelluna,ITA,,,,,,pier-luigi-basso,,129394,,,,,,
4900847,"Batchuluun, Tsegmed",MGL,M,GM,,1987,2012,false,,false,,,MGL,Ulaanbaatar,MGL,https://upload.wikimedia.org/wikipedia/commons/thumb/a/a8/Tsegmed_Batchuluun_2010_%28cropped%29.JPG/250px-Tsegmed_Batchuluun_2010_%28cropped%29.JPG,,,,GM_Batchuluun,tsegmed-batchuluun,Batchuluun_Tsegmed,56771,,,,,,
13602993,"Batsiashvili, Nino",GEO,F,GM,WGM,1987,2018,false,,false,,,GEO,Batumi,GEO,https://upload.wikimedia.org/wikipedia/commons/thumb/f/f1/2022-Nino-Batsiashvili.JPG/250px-2022-Nino-Batsiashvili.JPG,,,,Bacyanide,nino-batsiashvili,,50118,,,,,,
4902920,"Batsuren, Dambasuren",MGL,M,GM,,2004,2020,false,,false,,,MGL,,MGL,,,,,baag,dambasuren-batsuren,,156034,,,,,,
14000237,"Batyrov, Sapar",TKM,M,GM,,1967,1998,false,,false,,,TKM,,TKM,,,,,,sapar-batyrov,,53984,,,,,,
603767,"Bauer, Christian",FRA,M,GM,,1977,1997,false,,false,,,FRA,Forbach,FRA,https://upload.wikimedia.org/wikipedia/commons/thumb/c/c4/ChristianBauer23.jpg/250px-ChristianBauer23.jpg,,,,crazyboy26,christian-bauer,,65385,,,,,,
3501728,"Becerra Rivero, Julio",USA,M,GM,,1973,1997,false,,false,,,CUB,Havana,CUB|USA,,,,,Julio_Becerra,julio-becerra-rivero,,83274,,,,,,
4137752,"Bedia, Melor",RUS,M,GM,,1979,2011,false,,false,,,RUS,,RUS,,,,,,melor-bedia,,136967,,,,,,
1030108,"Beerdsen, Thomas",NED,M,GM,,1998,2023,false,,false,,,NED,Apeldoorn,NED,https://upload.wikimedia.org/wikipedia/commons/thumb/3/37/DeWinterBeerdsen2023_%28cropped%29.jpg/250px-DeWinterBeerdsen2023_%28cropped%29.jpg,,Thomas Beerdsen is a Dutch chess grandmaster.,https://en.wikipedia.org/wiki/Thomas_Beerdsen,kleinebeer98,thomas-beerdsen,MeneerMandje,131183,,,,,,
14210207,"Begmuratov, Khumoyun",UZB,M,GM,,2010,2026,false,,false,,,,,UZB,,,,,,khumoyun-begmuratov,,,,,,,,
1613782,"Beim, Valeri",AUT,M,GM,,1950,1994,false,,false,,,AUT,,ISR|AUT,https://upload.wikimedia.org/wikipedia/commons/thumb/c/ce/DBMM_2004_Godesberg.jpg/250px-DBMM_2004_Godesberg.jpg,,,,,valeri-beim,,27701,,,,,,valeri.beim
14602377,"Beliavsky, Alexander G",SLO,M,GM,,1953,1975,false,,false,,,UKR,Lviv,SLO,https://upload.wikimedia.org/wikipedia/commons/thumb/e/e4/Beliavsky_Alexander_%2830169046695%29_%28cropped%29.jpg/250px-Beliavsky_Alexander_%2830169046695%29_%28cropped%29.jpg,,,,,alexander-beliavsky,,13755,,,,,,
4103904,"Belikov, Vladimir",RUS,M,GM,,1971,2000,false,,false,,,RUS,,RUS,,,,,,vladimir-belikov,,23199,,,,,,
600229,"Belkhodja, Slim",FRA,M,GM,,1962,2002,false,,false,,,FRA,,TUN|FRA,,,,,,slim-belkhodja,,25883,,,,,,
696358,"Bellahcene, Bilel",ALG,M,GM,,1998,2018,false,,false,,,FRA,Strasbourg,FRA|ALG,https://upload.wikimedia.org/wikipedia/commons/thumb/4/4c/Bellahcene%2CBilel_2016_Karlsruhe.jpeg/250px-Bellahcene%2CBilel_2016_Karlsruhe.jpeg,,"Bilel Bellahcene is an Algerian chess player. He holds the title of Grandmaster (GM). Born in Strasbourg, France, he changed his federation from France to Algeria in July 2018.",https://en.wikipedia.org/wiki/Bilel_Bellahcene,bilelou,bilel-bellahcene,,117615,,,,,,
2200031,"Bellon Lopez, Juan Manuel",SWE,M,GM,,1950,1978,false,,false,,,ESP,Valencia,ESP|SWE,https://upload.wikimedia.org/wikipedia/commons/thumb/8/8f/Juan_Manuel_Bellon_Lopez_Rilton_Cup_2009.jpg/250px-Juan_Manuel_Bellon_Lopez_Rilton_Cup_2009.jpg,,,,,juan-manuel-bellon-lopez,,15394,,,,,,
4174003,"Belous, Vladimir",RUS,M,GM,,1993,2013,false,,false,,,RUS,Kamensk-Shakhtinsky,RUS,,,,,Openyagami,vladimir-belous,,109122,,,,,,
4132394,"Belov, Vladimir",FID,M,GM,,1984,2003,false,,false,,,RUS,Kirzhach,RUS|FID,,,,,VB84,vladimir-belov,,10963,http://study-chess.ru/en/,,,,,
4120213,"Belozerov, Andrei",RUS,M,GM,,1977,2002,false,,false,,,RUS,,RUS,,,,,Andrei_Belozerov,andrei-belozerov,AndreyBelozerov,49034,,,,,,
13603086,"Benidze, Davit",GEO,M,GM,,1991,2013,false,,false,,,GEO,Kutaisi,GEO,,,Davit Benidze is a Georgian chess player who received the FIDE title of Grandmaster (GM) in October 2013.,https://en.wikipedia.org/wiki/Davit_Benidze,,davit-benidze,,54769,,,,,,
2000091,"Benjamin, Joel",USA,M,GM,,1964,1986,false,,false,,,USA,New York City,USA,https://upload.wikimedia.org/wikipedia/commons/f/f7/Benjamin_Joel.jpg,,,,gmjoel,joel-benjamin,,42951,,,,,,
2000687,"Benko, Pal",USA,M,GM,,1928,1958,true,2019,false,,,FRA,Amiens,USA,https://upload.wikimedia.org/wikipedia/commons/thumb/f/f2/Pal_Benko_1964.jpg/250px-Pal_Benko_1964.jpg,,,,,,,,,,,,,
722960,"Berczes, David",HUN,M,GM,,1990,2008,false,,false,,,SWE,Borås,HUN,https://upload.wikimedia.org/wikipedia/commons/thumb/4/46/DavidBerczes10.jpg/250px-DavidBerczes10.jpg,,,,Coach_Davido,david-berczes,Harvard_Chess,49798,,,,,,
3516016,"Berdayes Ason, Dylan Isidro",CUB,M,GM,,1998,2023,false,,false,,,CUB,Havana,CUB,,,,,As0nchess,dylan-isidro-berdayes-ason,,,,,,,,
4105249,"Berdichevski, Igor",RUS,M,GM,,1964,1996,false,,false,,,RUS,Moscow,RUS,,,,,,igor-berdichevski,,60090,,,,,,
14101440,"Berelowitsch, Alexander",GER,M,GM,,1967,1997,false,,false,,,UKR,Kharkiv,UKR|GER,https://upload.wikimedia.org/wikipedia/commons/thumb/3/38/Alexander_Berelovich.jpg/250px-Alexander_Berelovich.jpg,,,,,alexander-berelovich,,26769,,,,,,
1204920,"Berescu, Alin-Mile",ROU,M,GM,,1980,2007,false,,false,,,ROU,Timișoara,ROU,,,,,,alin-mile-berescu,,38789,,,,,,
1704060,"Berg, Emanuel",SWE,M,GM,,1981,2004,false,,false,,,SWE,Skövde,SWE,https://upload.wikimedia.org/wikipedia/commons/thumb/1/17/Berg_emanuel_20081119_olympiade_dresden.jpg/250px-Berg_emanuel_20081119_olympiade_dresden.jpg,,,,Arvika,emanuel-berg,,19787,,,,,,
718572,"Berkes, Ferenc",HUN,M,GM,,1985,2002,false,,false,,,HUN,Baja,HUN,https://upload.wikimedia.org/wikipedia/commons/thumb/3/3f/2021-Ferenc-Berkes_%28cropped%29.JPG/250px-2021-Ferenc-Berkes_%28cropped%29.JPG,,"Ferenc Berkes is a Hungarian chess grandmaster. He is an eight-time Hungarian Chess Champion, winning in 2004, 2007, 2010, 2012, 2013, 2014, 2016 and 2018.",https://en.wikipedia.org/wiki/Ferenc_Berkes,,ferenc-berkes,,49184,,,,,,ferenc.berkes.144
14100371,"Bernadskiy, Vitaliy",UKR,M,GM,,1994,2014,false,,false,,,UKR,Chernovtsy,UKR,https://upload.wikimedia.org/wikipedia/commons/thumb/2/20/2022-Vitaliy-Bernadskiy.JPG/250px-2022-Vitaliy-Bernadskiy.JPG,,,,VitaliyBernadskiy,vitaliy-bernadskiy,,128843,,,,,,vitaliy.bernadskiy
311995,"Bernasek, Jan",CZE,M,GM,,1986,2013,false,,false,,,CZE,Moravská Třebová,CZE,https://upload.wikimedia.org/wikipedia/commons/thumb/c/c4/Jan_Bernasek_2010.JPG/250px-Jan_Bernasek_2010.JPG,,,,berny643,jan-bernasek,,54636,,,,,,
W3949695,"Bernstein, Ossip",FRA,M,GM,,1882,1950,true,1962,false,,,UKR,Zhytomyr,FRA,https://upload.wikimedia.org/wikipedia/commons/thumb/d/dc/Bernstein_Ossip.jpg/250px-Bernstein_Ossip.jpg,,,,,,,,,,,,,
4105451,"Beshukov, Sergei",RUS,M,GM,,1971,1994,true,2024,false,,,RUS,,RUS,,,,,beebucks,sergei-beshukov,,24442,,,,,,
4105257,"Bezgodov, Alexei",RUS,M,GM,,1969,1999,false,,false,,,RUS,,RUS,,,,,,alexei-bezgodov,,44655,,,,,,
4601718,"Bezold, Michael",GER,M,GM,,1972,1998,false,,false,,,GER,Bayreuth,GER,https://upload.wikimedia.org/wikipedia/commons/thumb/8/8a/Bezold_michael_20061119_berlin_bundesliga_%28cropped%29.jpg/250px-Bezold_michael_20061119_berlin_bundesliga_%28cropped%29.jpg,,,,FeuerwehrmannSam,michael-bezold,,14553,,,,,,
46634827,Bharath Subramaniyam H,IND,M,GM,,2007,2022,false,,false,,,IND,Chennai,IND,https://upload.wikimedia.org/wikipedia/commons/thumb/0/06/Bharathchesser_%28cropped%29.jpg/250px-Bharathchesser_%28cropped%29.jpg,,,,FGHSMN,bharath-subramaniyam,,160614,,,,,,
2011352,"Bhat, Vinay",USA,M,GM,,1984,2008,false,,false,,,USA,Santa Clara,USA,https://upload.wikimedia.org/wikipedia/commons/thumb/7/79/Vinay_Bhat.jpg/250px-Vinay_Bhat.jpg,,,,vbhat,vinay-bhat,,19912,,,,,,
700525,"Bilek, István",HUN,M,GM,,1932,1962,true,2010,false,,,HUN,Budapest,HUN,https://upload.wikimedia.org/wikipedia/commons/thumb/1/13/Istvan_Bilek_1966.jpg/250px-Istvan_Bilek_1966.jpg,,,,,,,,,,,,,
4901541,"Bilguun, Sumiya",MGL,M,GM,,1997,2020,false,,false,,,MGL,,MGL,,,,,BilguunSu,sumiya-bilguun,Bilguun_Sumiya,141947,,,,,,
4676670,"Bindrich, Falko",GER,M,GM,,1990,2007,false,,false,,,GER,Zittau,GER,https://upload.wikimedia.org/wikipedia/commons/thumb/c/cb/Bindrich%2CFalko_2016_Karlsruhe.jpeg/250px-Bindrich%2CFalko_2016_Karlsruhe.jpeg,,,,Janosik,falko-bindrich,,68357,,,,,,
4600045,"Bischoff, Klaus",GER,M,GM,,1961,1990,false,,false,,,GER,Ulm,GER,https://upload.wikimedia.org/wikipedia/commons/thumb/7/76/Bischoff_2009_Dortmund.jpg/250px-Bischoff_2009_Dortmund.jpg,,,,,klaus-bischoff,,11605,,,,,,
2001098,"Bisguier, Arthur",USA,M,GM,,1929,1957,true,2017,false,,,USA,New York City,USA,https://upload.wikimedia.org/wikipedia/commons/thumb/2/29/Arthur_Bisguier_2009.jpg/250px-Arthur_Bisguier_2009.jpg,,,,,,,,,,,,,
14400294,"Bistric, Faruk",BIH,M,GM,,1958,2003,false,,false,,,BIH,Sarajevo,BIH,,,,,,faruk-bistric,,14989,,,,,,
5201110,"Bitoon, Richard",PHI,M,GM,,1975,2011,false,,false,,,PHI,Cebu,PHI,,,,,STARMATEcc,richard-bitoon,,55510,,,,,,
2000431,"Biyiasas, Peter",USA,M,GM,,1950,1978,false,,false,,,USA,Athens,USA,https://upload.wikimedia.org/wikipedia/commons/thumb/e/ee/Hoogovenschaaktoernooi%2C_1e_ronde_%2C_Bestanddeelnr_930-6227.jpg/250px-Hoogovenschaaktoernooi%2C_1e_ronde_%2C_Bestanddeelnr_930-6227.jpg,,,,,peter-biyiasas,,43987,,,,,,
1444948,"Bjerre, Jonas Buhl",DEN,M,GM,,2004,2020,false,,false,,,DEN,,DEN,https://upload.wikimedia.org/wikipedia/commons/3/3e/JonasBjerre2019.jpg,,,,lilleper1,jonas-buhl-bjerre,,147966,,,,,,
900885,"Blagojevic, Dragisa",MNE,M,GM,,1966,2004,false,,false,,,BIH,Tuzla,MNE,https://upload.wikimedia.org/wikipedia/commons/thumb/7/7c/Blagojevic_dragisa_20081120_olympiade_dresden.jpg/250px-Blagojevic_dragisa_20081120_olympiade_dresden.jpg,,"The following people have all been grandmasters (GM) of chess. The title has been awarded since 1950 to players who have met the standards required by the sport's governing body, FIDE. Other than world champion, it is the highest title a chess player can attain and is awarded for life, although FIDE regulations allow for the revocation of titles for cheating or fraud.",https://en.wikipedia.org/wiki/List_of_chess_grandmasters,BlagiD,dragisa-blagojevic,Blagi,26711,,,,,,
300047,"Blatny, Pavel",CZE,M,GM,,1968,1993,false,,false,,,CZE,Brno,CZE,https://upload.wikimedia.org/wikipedia/commons/8/8f/Blat.jpg,,,,,pavel-blatny,,10113,,,,,,
1107836,"Blehm, Pawel",POL,M,GM,,1980,2001,false,,false,,,POL,Olkusz,POL,,,,,,pawel-blehm,,49429,,,,,,
1632051,"Blohberger, Felix",AUT,M,GM,,2002,2022,false,,false,,,AUT,Vienna,AUT,https://upload.wikimedia.org/wikipedia/commons/thumb/a/a7/Blohberger%2CFelix_2019_Radenci.jpg/250px-Blohberger%2CFelix_2019_Radenci.jpg,,,,FelixBlohberger,felix-blohberger,,157209,https://www.felixblohberger.com/,gmblohberger,felixblohberger,UChMDqGQuTEyKI0YehYEiV7g,,
1709437,"Blomqvist, Erik",SWE,M,GM,,1990,2013,false,,false,,,SWE,Stockholm,SWE,https://upload.wikimedia.org/wikipedia/commons/thumb/8/88/Erik-Blomqvist.jpg/250px-Erik-Blomqvist.jpg,,,,ErikBlomqvist,erik-blomqvist,ErikBlomqvist,100464,,,,,,
24651516,"Bluebaum, Matthias",GER,M,GM,,1997,2015,false,,false,,,GER,Lemgo,GER,https://upload.wikimedia.org/wikipedia/commons/thumb/3/31/MatthiasBluebaum23b.jpg/250px-MatthiasBluebaum23b.jpg,,,,Msb2,matthias-bluebaum,msb2,117666,,,,,keinsehrstarkerspieler,
2603608,"Bluvshtein, Mark",CAN,M,GM,,1988,2004,false,,false,,,RUS,Yaroslavl,CAN,https://upload.wikimedia.org/wikipedia/commons/thumb/a/ad/Bluvshtein_Mark_Barcelona_2010.jpg/250px-Bluvshtein_Mark_Barcelona_2010.jpg,,,,,mark-bluvshtein,,52035,,,,,,
2900270,"Bobotsov, Milko",BUL,M,GM,,1931,1961,true,2000,false,,,BUL,Plovdiv,BUL,https://upload.wikimedia.org/wikipedia/commons/thumb/d/df/Milko_Bobotsov_1966.jpg/250px-Milko_Bobotsov_1966.jpg,,,,,,,,,,,,,
1106880,"Bobras, Piotr",POL,M,GM,,1977,2005,false,,false,,,POL,Białystok,POL,https://upload.wikimedia.org/wikipedia/commons/thumb/2/24/2021-Piotr-Bobras.JPG/250px-2021-Piotr-Bobras.JPG,,,,,piotr-bobras,,36652,,,,,,
4138716,"Bocharov, Dmitry",RUS,M,GM,,1982,2003,false,,false,,,RUS,Novosibirsk,RUS,,,,,BocharovD,dmitry-bocharov,Nichega,50317,,,,,,
4180887,"Bocharov, Ivan",RUS,M,GM,,1990,2020,false,,false,,,RUS,Berdsk,RUS,,,,,,ivan-bocharov,Bocharov-Ivan,136046,,,,,,
4611268,"Boensch, Uwe",GER,M,GM,,1958,1986,false,,false,,,GER,Halle (Saale),GER,https://upload.wikimedia.org/wikipedia/commons/thumb/7/7c/Uwe_Boensch.jpg/250px-Uwe_Boensch.jpg,,,,,uwe-boensch,,11607,,,,,,
14119137,"Bogdanov, Egor",UKR,M,GM,,1996,2024,false,,false,,,UKR,,UKR,,,,,vizumatv4hoda,egor-bogdanov,,153640,,,,,,
14115298,"Bogdanovich, Stanislav",UKR,M,GM,,1993,2017,true,2020,false,,,UKR,Odesa,UKR,https://upload.wikimedia.org/wikipedia/commons/thumb/0/08/Stanislav_Bogdanovich_2014.jpg/250px-Stanislav_Bogdanovich_2014.jpg,,,,,,,,,,,,,
15000206,"Bogdanovski, Vlatko",MKD,M,GM,,1964,1993,false,,false,,,MKD,,MKD,https://upload.wikimedia.org/wikipedia/commons/thumb/d/d4/Vlatko_Bogdanovski_2013.jpg/250px-Vlatko_Bogdanovski_2013.jpg,,,,,vlatko-bogdanovski,,24731,,,,,,
4692055,"Bogner, Sebastian",SUI,M,GM,,1991,2009,false,,false,,,GER,Pforzheim,GER|SUI,https://upload.wikimedia.org/wikipedia/commons/thumb/f/fe/Sebastian_Bogner_BL_Endrunde_2021_Bild_4_zugeschnitten_%28cropped%29.jpg/250px-Sebastian_Bogner_BL_Endrunde_2021_Bild_4_zugeschnitten_%28cropped%29.jpg,,"Sebastian Bogner is a German-Swiss chess grandmaster. He represented Germany until transferring to Switzerland in 2013. He won the Swiss Chess Championship in 2018, 2024 and 2025.",https://en.wikipedia.org/wiki/Sebastian_Bogner,Dynamikus,sebastian-bogner,Dynamikus,80306,http://www.sebastianbogner.com,,,,GMDynamikus,
W4768743,"Bogoljubow, Efim",FRG,M,GM,,1889,1951,true,1952,false,,,FRG,Stanislavchyk near Kyiv,FRG,https://upload.wikimedia.org/wikipedia/commons/7/78/Bogoljubow_1925.jpg,,,,,,,,,,,,,
931152,"Bogosavljevic, Boban",SRB,M,GM,,1988,2008,false,,false,,,SRB,Vršac,SRB,https://upload.wikimedia.org/wikipedia/commons/thumb/b/bc/Boban_Bogosavljevi%C4%87_2013.jpg/250px-Boban_Bogosavljevi%C4%87_2013.jpg,,"Boban Bogosavljevic is a Serbian chess grandmaster. He obtained FIDE Master title in 2005. In 2008, FIDE awarded him with Chess Grandmaster title.",https://en.wikipedia.org/wiki/Boban_Bogosavljevi%C4%87,BobanBogosavljevic,boban-bogosavljevic,,95970,,,,,,
2904292,"Bojkov, Dejan",BUL,M,GM,,1977,2008,false,,false,,,BUL,Shumen,BUL,,,,,dbojkov,dejan-bojkov,,48977,,dejanbojkov,,,,
1017063,"Bok, Benjamin",NED,M,GM,,1995,2014,false,,false,,,NED,Lelystad,NED,https://upload.wikimedia.org/wikipedia/commons/thumb/9/9d/BenjaminBokTata2025_%28cropped%29_%28cropped%29.jpg/250px-BenjaminBokTata2025_%28cropped%29_%28cropped%29.jpg,,,,GMBenjaminBok,benjamin-bok,BenjaminBokTwitch,113413,,GMBenjaminBok,benjamin_bok,UCesIGoLFM-W4RW1ZFhySofA,GMBenjaminBok,
W4719681,"Bolbochán, Julio",ARG,M,GM,,1920,1977,true,1996,false,,,ARG,Buenos Aires,ARG,https://upload.wikimedia.org/wikipedia/commons/thumb/6/67/Panno_Bolbochan.JPG/250px-Panno_Bolbochan.JPG,,,,,,,,,,,,,
W9945405,"Boleslavsky, Isaac",URS,M,GM,,1919,1950,true,1977,false,,,UKR,Zolotonosha,URS,https://upload.wikimedia.org/wikipedia/commons/thumb/a/a3/IsaacBoleslavsky_1960.jpg/250px-IsaacBoleslavsky_1960.jpg,,,,,,,,,,,,,
13900048,"Bologan, Victor",MDA,M,GM,,1971,1991,false,,false,,,MDA,Chișinău,MDA,https://upload.wikimedia.org/wikipedia/commons/thumb/d/dc/ViktorBologan13.jpg/250px-ViktorBologan13.jpg,,,,NewBornNow,victor-bologan,,14216,,,,,,
W0822529,"Bondarevsky, Igor",URS,M,GM,,1913,1950,true,1979,false,,,RUS,Rostov-on-Don,URS,https://upload.wikimedia.org/wikipedia/commons/thumb/6/61/Igor_Bondarevsky_Prijsuitreiking_schaakolympiade_Amsterdam%2C_Bestanddeelnr_906-7460.jpg/250px-Igor_Bondarevsky_Prijsuitreiking_schaakolympiade_Amsterdam%2C_Bestanddeelnr_906-7460.jpg,,,,,,,,,,,,,
2066149,"Bora, Safal",USA,M,GM,,1998,2025,false,,false,,,USA,Michigan,USA,,,,,,safal-bora,,151691,,,,,,
3500160,"Borges Matos, Juan",CUB,M,GM,,1966,2004,false,,false,,,CUB,Caimanera,CUB,,,,,,juan-borges-mateos,,25648,,,,,,
14603152,"Borisek, Jure",SLO,M,GM,,1986,2009,false,,false,,,SLO,Šempeter pri Gorici,SLO,,,,,GM_Donatello,jure-borisek,,35978,,,,,,
722340,"Boros, Denes",HUN,M,GM,,1988,2009,false,,false,,,HUN,Budapest,HUN,,,,,BlueWizzard,denes-boros,,49801,,Gmasterg4,,,,
14102811,"Borovikov, Vladislav",UKR,M,GM,,1973,2001,false,,false,,,UKR,,UKR,https://upload.wikimedia.org/wikipedia/commons/thumb/3/34/VladislavBorovikov.jpg/250px-VladislavBorovikov.jpg,,,,,vladislav-borovikov,,10825,,,,,,
14120828,"Bortnyk, Olexandr",UKR,M,GM,,1996,2015,false,,false,,,UKR,Oleksandrivka,UKR,,,,,Oleksandr_Bortnyk,oleksandr-bortnyk,Night-King96,117639,,BortnykChess,,,,
2800055,"Boruchovsky, Avital",ISR,M,GM,,1997,2014,false,,false,,,ISR,Israel,ISR,https://upload.wikimedia.org/wikipedia/commons/thumb/f/fb/Avital_Boruchovsky_2013.jpg/250px-Avital_Boruchovsky_2013.jpg,,,,AvitalBor,avital-boruchovsky,,113368,,,,,,
14507927,"Bosiocic, Marin",CRO,M,GM,,1988,2008,false,,false,,,CRO,Rijeka,CRO,https://upload.wikimedia.org/wikipedia/commons/thumb/7/70/Bosiocic%2CMarin_2016_Karlsruhe.jpeg/250px-Bosiocic%2CMarin_2016_Karlsruhe.jpeg,,,,Bosiocic,marin-bosiocic,MarinBosiocic,54641,,,,,,
W2758543,"Botvinnik, Mikhail",URS,M,GM,,1911,1950,true,1995,false,,,URS,Kuokkala,URS,https://upload.wikimedia.org/wikipedia/commons/thumb/b/ba/Mikhail_Botvinnik_1962.jpg/250px-Mikhail_Botvinnik_1962.jpg,,,,,,,,,,,,,
5500010,"Bouaziz, Slim",TUN,M,GM,,1950,1993,false,,false,,,TUN,Tunis,TUN,https://upload.wikimedia.org/wikipedia/commons/thumb/e/ef/Bouaziz%2CSlim_1979_Dortmund.JPG/250px-Bouaziz%2CSlim_1979_Dortmund.JPG,,,,,slim-bouaziz,,16990,,,,,,
45102422,"Boyer, Mahel",FRA,M,GM,,2004,2025,false,,false,,,FRA,,FRA,,,,,kingofthenil,mahel-boyer,,,,,,,,
1011014,"Brandenburg, Daan",NED,M,GM,,1987,2011,false,,false,,,NED,Lelystad,NED,https://upload.wikimedia.org/wikipedia/commons/thumb/0/00/DaanBrandenburg.jpg/250px-DaanBrandenburg.jpg,,,,daanbrandenburg,daan-brandenburg,DaanBrandenburg,70008,,,,,,
4663527,"Braun, Arik",GER,M,GM,,1988,2008,false,,false,,,GER,Aresing,GER,https://upload.wikimedia.org/wikipedia/commons/thumb/5/52/ArikBraun11.jpg/250px-ArikBraun11.jpg,,,,Baby_Legs,arik-braun,,50268,,,,,,
913723,"Brenjo, Slavisa",SRB,M,GM,,1974,2009,false,,false,,,SRB,Nevesinje,SRB,,,"The following people have all been grandmasters (GM) of chess. The title has been awarded since 1950 to players who have met the standards required by the sport's governing body, FIDE. Other than world champion, it is the highest title a chess player can attain and is awarded for life, although FIDE regulations allow for the revocation of titles for cheating or fraud.",https://en.wikipedia.org/wiki/List_of_chess_grandmasters,,slavisa-brenjo,,28626,,,,,,
600245,"Bricard, Emmanuel",FRA,M,GM,,1966,2005,false,,false,,,FRA,Versailles,FRA,,,,,,emmanuel-bricard,,10970,,,,,,
14506688,"Brkic, Ante",CRO,M,GM,,1988,2007,false,,false,,,CRO,Stari Mikanovci,CRO,https://upload.wikimedia.org/wikipedia/commons/thumb/5/50/Ante_Brkic%2C_World_Cup_2021_%28cropped%29.jpg/250px-Ante_Brkic%2C_World_Cup_2021_%28cropped%29.jpg,,,,DinoPopuslic,ante-brkic,,49227,,,,,,
2073250,"Brodsky, David",USA,M,GM,,2002,2022,false,,false,,,USA,"Mount Kisco, New York",USA,,,,,Binary010,david-brodsky,,147571,,,,,,
14100932,"Brodsky, Michail",UKR,M,GM,,1969,1994,false,,false,,,UKR,Kharkiv,UKR,https://upload.wikimedia.org/wikipedia/commons/thumb/f/f9/%D0%9C%D0%B8%D1%85%D0%B0%D0%B9%D0%BB%D0%BE_%D0%91%D1%80%D0%BE%D0%B4%D1%81%D1%8C%D0%BA%D0%B8%D0%B9_%28%D1%88%D0%B0%D1%85%D1%96%D1%81%D1%82%29%2C_%D0%A7%D0%A3_2024_-_1_%D1%82%D1%83%D1%80_%28cropped%29.jpg/250px-%D0%9C%D0%B8%D1%85%D0%B0%D0%B9%D0%BB%D0%BE_%D0%91%D1%80%D0%BE%D0%B4%D1%81%D1%8C%D0%BA%D0%B8%D0%B9_%28%D1%88%D0%B0%D1%85%D1%96%D1%81%D1%82%29%2C_%D0%A7%D0%A3_2024_-_1_%D1%82%D1%83%D1%80_%28cropped%29.jpg,,,,konservator69,mykhajlo-brodskyj,,18168,,,,,,
4635248,"Bromberger, Stefan",GER,M,GM,,1982,2014,false,,false,,,GER,Neuss,GER,https://upload.wikimedia.org/wikipedia/commons/thumb/7/74/StefanBromberger11.jpg/250px-StefanBromberger11.jpg,,,,,stefan-bromberger,,50823,,,,,,
4101359,"Bronstein, David",URS,M,GM,,1924,1950,true,2006,false,,,URS,Belaya Tserkov,URS,https://upload.wikimedia.org/wikipedia/commons/thumb/2/2d/David_Bronstein_in_1954.jpg/250px-David_Bronstein_in_1954.jpg,,,,,,,,,,,,,
2037602,"Brown, Michael",USA,M,GM,,1997,2019,false,,false,,,USA,"Irvine, California",USA,,,,,michaelq2d5,michael-william-brown,,131360,,,,,,
2000210,"Browne, Walter",AUS,M,GM,,1949,1970,true,2015,false,,,AUS,Sydney,AUS,https://upload.wikimedia.org/wikipedia/commons/thumb/6/63/Walter_Browne_1975.jpg/250px-Walter_Browne_1975.jpg,,,,,,,,,,,,,
813613,"Brunello, Sabino",ITA,M,GM,,1989,2010,false,,false,,,ITA,Lovere,ITA,https://upload.wikimedia.org/wikipedia/commons/thumb/1/14/SabinoBrunello13b.jpg/250px-SabinoBrunello13b.jpg,,,,SabinoBrunello,sabino-brunello,,95809,,,,,,GM-Sabino-Brunello-1477684022529185
1300024,"Brunner, Lucas",SUI,M,GM,,1967,1994,false,,false,,,SUI,Bern,SUI,,,Lucas Brunner is a Swiss chess grandmaster. He was Swiss Chess Champion in 1994.,https://en.wikipedia.org/wiki/Lucas_Brunner,,lucas-brunner,,15157,,,,,,
3503739,"Bruzon Batista, Lazaro",USA,M,GM,,1982,1999,false,,false,,,CUB,Holguín,CUB|USA,https://upload.wikimedia.org/wikipedia/commons/thumb/8/89/LazaroBruzon12.jpg/250px-LazaroBruzon12.jpg,,"Lázaro Bruzón Batista is a Cuban-American chess grandmaster. He is a former World Junior Champion, two-times American Continental champion, two-time Iberoamerican champion and six-time Cuban champion.",https://en.wikipedia.org/wiki/L%C3%A1zaro_Bruz%C3%B3n,GMLazaroBruzon,lazaro-bruzon-batista,LazaroBruzon,49084,,,,,,
4165314,"Bryakin, Mikhail",SRB,M,GM,,1997,2022,false,,false,,,SRB,,RUS|FID|SRB,,,,,,mikhail-bryakin,Bryakin_Mikhail,118154,,,,,,
1700219,"Brynell, Stellan",SWE,M,GM,,1962,2001,false,,false,,,SWE,,SWE,https://upload.wikimedia.org/wikipedia/commons/thumb/f/fd/Stellan_Brynell_Rilton_Cup_2009.jpg/250px-Stellan_Brynell_Rilton_Cup_2009.jpg,,,,GoingKronos,stellan-brynell,Canuara,18139,,,,,,
4133285,"Bryzgalin, Kirill",RUS,M,GM,,1982,2008,false,,false,,,RUS,Sochi,RUS,,,,,Norival,kirill-bryzgalin,,53176,,,,,,
8601445,"Bu, Xiangzhi",CHN,M,GM,,1985,2000,false,,false,,,CHN,Qingdao,CHN,https://upload.wikimedia.org/wikipedia/commons/thumb/b/bb/Bu_Xiangzhi_Mtel_Masters.jpg/250px-Bu_Xiangzhi_Mtel_Masters.jpg,,,,chesswolf1210,bu-xiangzhi,,10762,,,,,,
960047,"Budisavljevic, Luka",SRB,M,GM,,2004,2021,false,,false,,,SRB,Belgrade,SRB,https://upload.wikimedia.org/wikipedia/commons/thumb/d/d9/Luka_Budisavljevic.jpg/250px-Luka_Budisavljevic.jpg,,,,LuckyLuka04,luka-budisavljevic,,156111,,,,,,
4651340,"Buhmann, Rainer",GER,M,GM,,1981,2007,false,,false,,,GER,Leimen,GER,https://upload.wikimedia.org/wikipedia/commons/thumb/6/64/RainerBuhmann24.jpg/250px-RainerBuhmann24.jpg,,,,GM_Buhmann,rainer-buhmann,Buhmann,51575,,,,,,
12400726,Bui Vinh,VIE,M,GM,,1976,2008,false,,false,,,VIE,,VIE,,,,,Bui2512,vinh-bui,,79483,,,,,,
4199758,"Bukavshin, Ivan",RUS,M,GM,,1995,2011,true,2016,false,,,RUS,Rostov-on-Don,RUS,https://upload.wikimedia.org/wikipedia/commons/thumb/c/c8/Ivan_Bukavshin_2011_%28cropped%29.jpg/250px-Ivan_Bukavshin_2011_%28cropped%29.jpg,,,,,,,,,,,,,
14600030,"Bukic, Enver",SLO,M,GM,,1937,1976,true,2017,false,,,BIH,Banja Luka,SLO,,,,,,enver-bukic,,42487,,,,,,
1121499,"Bulski, Krzysztof",POL,M,GM,,1987,2012,true,2020,false,,,POL,Częstochowa,POL,https://upload.wikimedia.org/wikipedia/commons/thumb/a/a5/Krzysztof_Bulski_2013.jpg/250px-Krzysztof_Bulski_2013.jpg,,,,,,,,,,,,,
4634284,"Bunzmann, Dimitrij",GER,M,GM,,1982,2003,false,,false,,,KAZ,Tekeli,GER,https://upload.wikimedia.org/wikipedia/commons/thumb/e/ed/Dimitri_Bunzmann-2007.jpg/250px-Dimitri_Bunzmann-2007.jpg,,,,,dimitri-bunzmann,,52728,,,,,,
1010697,"Burg, Twan",NED,M,GM,,1990,2015,false,,false,,,NED,Schijndel,NED,https://upload.wikimedia.org/wikipedia/commons/thumb/c/c6/Burg%2CTwan_2011_Deizisau.JPG/250px-Burg%2CTwan_2011_Deizisau.JPG,,,,Twannibal,twan-burg,,95505,,,,,,
2070901,"Burke, John M",USA,M,GM,,2001,2018,false,,false,,,USA,"Neptune City, New Jersey",USA,,,,,JMB2010,john-m-burke,,153600,,,,,,
4105109,"Burmakin, Vladimir",RUS,M,GM,,1967,1994,false,,false,,,RUS,,RUS,https://upload.wikimedia.org/wikipedia/commons/thumb/2/25/Vladimir_Burmakin_2010-03-09.jpg/250px-Vladimir_Burmakin_2010-03-09.jpg,,,,burbur555,vladimir-burmakin,,27079,,,,,,
12800066,"Butnorius, Algimantas",LTU,M,GM,,1946,2007,true,2017,false,,,LTU,Kaunas,LTU|MNC|LTU,https://upload.wikimedia.org/wikipedia/commons/thumb/5/51/Butnorius_Algimantas_Wroclaw2010.JPG/250px-Butnorius_Algimantas_Wroclaw2010.JPG,,,,,,,,,,,,,
2806991,"Bykhovsky, Anatoly",ISR,M,GM,,1988,2010,false,,false,,,RUS,Samara,ISR,,,,,abykhovsky,anatoly-bykhovsky,,26957,,,,,,
4101057,"Bykhovsky, Avigdor",ISR,M,GM,,1955,1993,false,,false,,,RUS,Moscow,RUS|ISR,,,,,reutik,avigdor-bykhovsky,AVIGDOR1,99141,,,,,,
2000385,"Byrne, Robert",USA,M,GM,,1928,1964,true,2013,false,,,USA,New York City,USA,https://upload.wikimedia.org/wikipedia/commons/thumb/f/fe/Robert_Byrne_1969.jpg/250px-Robert_Byrne_1969.jpg,,,,,,,,,,,,,
700851,"Bárczay, László",HUN,M,GM,,1936,1967,true,2016,false,,,HUN,Miskolc,HUN,https://upload.wikimedia.org/wikipedia/commons/thumb/2/25/Laszlo_Barczay_1982_Dortmund.jgp.JPG/250px-Laszlo_Barczay_1982_Dortmund.jgp.JPG,,,,,,,,,,,,,
W6476635,"Böök, Eero",FIN,M,GM,,1910,1984,true,1990,false,,,FIN,Helsinki,FIN,,,,,,,,,,,,,,
3502783,"Cabrera, Alexis",ESP,M,GM,,1976,2004,false,,false,,,CUB,Matanzas,CUB|COL|ESP,,,,,,alexis-cabrera,Minos44,36714,,,,,,
900249,"Cabrilo, Goran",SRB,M,GM,,1958,1995,false,,false,,,BIH,Goražde,SRB,,,,,,goran-cabrilo,,21337,,,,,,
100013,"Campora, Daniel H.",ARG,M,GM,,1957,1986,false,,false,,,ARG,San Nicolás de los Arroyos,ARG,https://upload.wikimedia.org/wikipedia/commons/thumb/d/db/Campora_daniel_20081120_olympiade_dresden.jpg/250px-Campora_daniel_20081120_olympiade_dresden.jpg,,,,,daniel-h-campora,,15798,,,,,,
3400034,"Campos Moreno, Javier B.",CHI,M,GM,,1959,2005,false,,false,,,CHI,Santiago,CHI,,,,,,javier-benito-campos-moreno,,48907,,,,,,
6302181,"Can, Emre",TUR,M,GM,,1990,2010,false,,false,,,TUR,İzmir,TUR,https://upload.wikimedia.org/wikipedia/commons/thumb/3/32/Emre_Can.jpg/250px-Emre_Can.jpg,,,,MirMan90,emre-can,,56847,,,,,,
6383742,"Can, Isik",TUR,M,GM,,2005,2025,false,,false,,,TUR,,TUR,,,,,IsikCan,isik-can,,140397,,,,,,
W7170884,"Canal, Esteban",PER,M,GM,,1896,1977,true,1981,false,,,PER,Chiclayo,PER,,,,,,,,,,,,,,
725056,"Cao, Sang",VIE,M,GM,,1973,2003,false,,false,,,VIE,,HUN|VIE,,,,,,cao-sang,,49443,,,,,,
4430492,"Cardoso Cardoso, Jose Gabriel",COL,M,GM,,2004,2022,false,,false,,,COL,,COL,,,,,TheBigBoss04,jose-gabriel-cardoso-cardoso,Drthebigboss,156104,,,,,,
1503014,"Carlsen, Magnus",NOR,M,GM,,1990,2004,false,,false,,,NOR,Tønsberg,NOR,https://upload.wikimedia.org/wikipedia/commons/thumb/1/1a/Magnus_Carlsen_in_2025.jpg/250px-Magnus_Carlsen_in_2025.jpg,,,,MagnusCarlsen,magnus-carlsen,DrNykterstein,52948,https://magnuscarlsen.com,MagnusCarlsen,magnus_carlsen,UCbdcpQ5uPPymv7Ea0nnFfOw,,magnuschess
1705814,"Carlsson, Pontus",SWE,M,GM,,1982,2007,false,,false,,,COL,Cali,SWE,https://upload.wikimedia.org/wikipedia/commons/thumb/4/48/Pontus_Carlsson_2013.jpg/250px-Pontus_Carlsson_2013.jpg,,,,GMPontusCarlsson,pontus-carlsson,,50058,https://pontus-carlsson.com/,GMCarlsson,,,,
2020009,"Caruana, Fabiano",USA,M,GM,,1992,2007,false,,false,,,USA,Miami,USA|ITA|USA,https://upload.wikimedia.org/wikipedia/commons/thumb/3/36/Fabiano_Caruana_in_2025.jpg/250px-Fabiano_Caruana_in_2025.jpg,,,,FabianoCaruana,fabiano-caruana,,76172,http://www.caruanachess.com,FabianoCaruana,fabianocaruana,,gmfabianocaruana,CaruanaChess
2807394,"Caspi, Israel",ISR,M,GM,,1989,2021,false,,false,,,ISR,,ISR,,,,,CaspiIsrael,israel-caspi,,54722,,,,,,
3800954,"Castaneda, Georgui",PER,M,GM,,1976,2009,false,,false,,,RUS,Mytishchi,PER,https://upload.wikimedia.org/wikipedia/commons/thumb/9/97/GCastaneda2015.jpg/250px-GCastaneda2015.jpg,,,,Kastanieda_Georgui,georgui-castaneda,,120884,https://chessrussian.ru/about/trainers/70/,,,,,
3404650,"Castellanos Rodriguez, Renier",ESP,M,GM,,1982,2024,false,,false,,,CUB,Matanzas,CHI|ESP,,,,,ThinkingSquares,renier-castellanos-rodriguez,,88633,,,,,,
14500094,"Cebalo, Mišo",YUG,M,GM,,1945,1985,true,2022,false,,,CRO,Zagreb,YUG,https://upload.wikimedia.org/wikipedia/commons/thumb/1/19/Cebalo_2006.JPG/250px-Cebalo_2006.JPG,,,,,,,,,,,,,
600075,"Chabanon, Jean-Luc",FRA,M,GM,,1971,2001,false,,false,,,FRA,Clermont-Ferrand,FRA,https://upload.wikimedia.org/wikipedia/commons/thumb/0/0f/GMI_Jean-Luc_Chabanon.jpg/250px-GMI_Jean-Luc_Chabanon.jpg,,,,Chabanon,jean-luc-chabanon,,51919,,,,,,
4167392,"Chadaev, Nikolai",RUS,M,GM,,1988,2010,false,,false,,,RUS,Smolensk,RUS,,,,,ChadaevNikolay,nikolai-chadaev,,105526,http://gmchadaev.ru/,,,,,
5004225,"Chanda, Sandipan",IND,M,GM,,1983,2003,false,,false,,,IND,Kolkata,IND,https://upload.wikimedia.org/wikipedia/commons/thumb/0/08/Sandipan%2CChanda_2016_Karlsruhe.jpeg/250px-Sandipan%2CChanda_2016_Karlsruhe.jpeg,,,,,chanda-sandipan,Kutastha,53011,,,,,,
400050,"Chandler, Murray G",NZL,M,GM,,1960,1983,false,,false,,,ENG,Wellington,ENG|NZL,https://upload.wikimedia.org/wikipedia/commons/thumb/c/c3/Chandler_murray_20081120_olympiade_dresden.jpg/250px-Chandler_murray_20081120_olympiade_dresden.jpg,,,,,murray-g-chandler,,11788,,,,,,
25006711,"Chandra, Akshat",USA,M,GM,,1999,2017,false,,false,,,USA,"Livingston, New Jersey",IND|USA,https://upload.wikimedia.org/wikipedia/commons/thumb/6/65/Akshat_Chandra%2C_US_Junior_Championship%2C_July_2015_%28cropped%29.jpg/250px-Akshat_Chandra%2C_US_Junior_Championship%2C_July_2015_%28cropped%29.jpg,,,,,akshat-chandra,BabaRamdev,139516,http://akshatchandra.com,,,,,
2602504,"Charbonneau, Pascal",CAN,M,GM,,1983,2006,false,,false,,,CAN,Montreal,CAN,,,,,RealPascalC,pascal-charbonneau,,49591,https://www.gmpascal.com,,,,,
13500767,"Charnushevich, Aliaksei",FRA,M,GM,,1978,2012,false,,false,,,BLR,Lida,BLR|FRA,,,Aliaksei Alexandrovich Charnushevich is a Belarusian and French chess player who received the FIDE title of Grandmaster (GM) in September 2012.,https://en.wikipedia.org/wiki/Aliaksei_Charnushevich,,aliaksei-charnushevich,,125297,,,,,,
30908477,"Chasin, Nico",USA,M,GM,,2006,2026,false,,false,,,USA,,USA,,,,,TheNicoChasin,nico-chasin,,,,,,,,
2900440,"Chatalbashev, Boris",DEN,M,GM,,1974,1997,false,,false,,,BUL,Pleven,FID|DEN,https://upload.wikimedia.org/wikipedia/commons/thumb/3/38/Boris_Chatalbashev_4383.jpg/250px-Boris_Chatalbashev_4383.jpg,,,,,boris-chatalbashev,,44896,,,,,,
2069342,"Checa, Nicolas",USA,M,GM,,2001,2019,false,,false,,,USA,New York City,USA,,,,,SPEEDSKATER,nicolas-d-checa,,155733,,,,,,
4100859,"Chekhov, Valery A",RUS,M,GM,,1955,1984,false,,false,,,RUS,Moscow,RUS,,,,,,valery-a-chekhov,,15410,,,,,,
4300033,"Cheng, Bobby",AUS,M,GM,,1997,2019,false,,false,,,NZL,"Hamilton, New Zealand",NZL|AUS,https://upload.wikimedia.org/wikipedia/commons/thumb/4/4d/Bobby_Cheng%2C_Jan_2022.png/250px-Bobby_Cheng%2C_Jan_2022.png,,,,slackadaisacal,bobby-cheng,,111775,,,,,,
2905540,"Cheparinov, Ivan",BUL,M,GM,,1986,2004,false,,false,,,BUL,Asenovgrad,FID|GEO|BUL,https://upload.wikimedia.org/wikipedia/commons/thumb/b/bb/IvanCheparinov23.jpg/250px-IvanCheparinov23.jpg,,,,GMCheparinov,ivan-cheparinov,Chepursias,10930,,,,,,
4117301,"Cherniaev, Alexander",ENG,M,GM,,1969,2004,false,,false,,,RUS,Arkhangelsk,RUS|ENG,https://upload.wikimedia.org/wikipedia/commons/thumb/e/ec/Cherniaev%2CAlexander_2010_Dortmund.jpg/250px-Cherniaev%2CAlexander_2010_Dortmund.jpg,,,,,alexander-cherniaev,,27642,,,,,,
4103289,"Chernikov, Oleg",RUS,M,GM,,1936,2000,true,2015,false,,,RUS,Nizhny Novgorod,RUS,,,,,,,,,,,,,,
715620,"Chernin, Alexander",HUN,M,GM,,1960,1985,false,,false,,,UKR,Kharkiv,HUN,https://upload.wikimedia.org/wikipedia/commons/thumb/7/70/Alexander_Chernin_1987.jpg/250px-Alexander_Chernin_1987.jpg,,,,,alexander-chernin,,13898,,,,,,
4167406,"Chernobay, Artem",RUS,M,GM,,1989,2011,false,,false,,,RUS,Fryazino,RUS,,,,,Chernobay_Artem,artem-chernobay,,107168,,,,,,
4117328,"Chernyshov, Konstantin",RUS,M,GM,,1967,2000,false,,false,,,RUS,,RUS,https://upload.wikimedia.org/wikipedia/commons/thumb/2/23/Chernyshov_Konstantin.jpg/250px-Chernyshov_Konstantin.jpg,,,,,konstantin-chernyshov,,18185,,,,,,
13300717,"Chibukhchian, Artur",ARM,M,GM,,1979,2009,false,,false,,,GEO,Tbilisi,ARM,https://upload.wikimedia.org/wikipedia/commons/thumb/2/2b/Artur_Chibukhchian_2013.jpg/250px-Artur_Chibukhchian_2013.jpg,,,,,artur-chibukhchian,,50061,,,,,,
13600036,"Chiburdanidze, Maia",GEO,F,GM,WGM,1961,1984,false,,false,,,GEO,Kutaisi,GEO,https://upload.wikimedia.org/wikipedia/commons/thumb/d/dd/Maia_Tschiburdanidse_1984_Saloniki.jpg/250px-Maia_Tschiburdanidse_1984_Saloniki.jpg,,,,,maia-chiburdanidze,,16894,,GMChiburdanidze,,,,
4108116,"Chigaev, Maksim",ESP,M,GM,,1996,2016,false,,false,,,RUS,Kemerovo,RUS|FID|ESP,https://upload.wikimedia.org/wikipedia/commons/thumb/9/96/MaximChigaev24a.jpg/250px-MaximChigaev24a.jpg,,,,Fandorine,maksim-chigaev,Fandorine96,117641,,,,,,
1211668,"Chirila, Ioan-Cristian",ROU,M,GM,,1991,2009,false,,false,,,ROU,Bucharest,ROU,https://upload.wikimedia.org/wikipedia/commons/thumb/2/2c/Ioan-Cristian_Chiril%C4%83_2019.jpg/250px-Ioan-Cristian_Chiril%C4%83_2019.jpg,,,,TheCount,ioan-cristian-chirila,,54750,https://cristianchirila.com/,CristianChirila,,,CountLive,
1512668,"Christiansen, Johan-Sebastian",NOR,M,GM,,1998,2018,false,,false,,,NOR,,NOR,,,,,JSPrepz,johan-sebastian-christiansen,Johanssc,128432,,GMJSChr,johansorliec,,,
2000059,"Christiansen, Larry",USA,M,GM,,1956,1977,false,,false,,,USA,"Riverside, California",USA,https://upload.wikimedia.org/wikipedia/commons/thumb/1/19/Christiansen0201_075.jpg/250px-Christiansen0201_075.jpg,,,,,larry-christiansen,,15040,,,,,,
201260,"Chuchelov, Vladimir",BEL,M,GM,,1969,1995,false,,false,,,RUS,Moscow,BEL,https://upload.wikimedia.org/wikipedia/commons/thumb/e/e3/Vladimir_Chuchelov.jpg/250px-Vladimir_Chuchelov.jpg,,,,,vladimir-chuchelov,,19829,,,,,,
4119754,"Chuprov, Dmitry",RUS,M,GM,,1978,2008,true,2012,false,,,RUS,Kurgan,RUS,,,,,,,,,,,,,,
1700588,"Cicak, Slavko",SWE,M,GM,,1969,2001,false,,false,,,MNE,Titograd,SWE,https://upload.wikimedia.org/wikipedia/commons/thumb/2/29/Cicak_slavko_20081119_olympiade_dresden.jpg/250px-Cicak_slavko_20081119_olympiade_dresden.jpg,,,,,slavko-cicak,,24056,,,,,,
2253488,"Cifuentes Parada, Roberto",ESP,M,GM,,1957,1991,false,,false,,,ESP,Santiago,ESP,https://upload.wikimedia.org/wikipedia/commons/thumb/d/d8/Roberto_Cifuentes_Parada.jpg/250px-Roberto_Cifuentes_Parada.jpg,,,,,roberto-cifuentes-parada,,25624,,,,,,
W2750438,"Ciocâltea, Victor",ROU,M,GM,,1932,1978,true,1983,false,,,ROU,Bucharest,ROU,https://upload.wikimedia.org/wikipedia/commons/7/77/Victor_Cioc%C3%A2ltea_1981_Bochum_1.jpg,,,,,,,,,,,,,
12801259,"Cmilyte, Viktorija",LTU,F,GM,WGM,1983,2010,false,,false,,,LTU,Šiauliai,LTU,https://upload.wikimedia.org/wikipedia/commons/thumb/6/69/Viktorija_%C4%8Cmilyt%C4%97-Nielsen_2023_%28cropped%29.jpg/250px-Viktorija_%C4%8Cmilyt%C4%97-Nielsen_2023_%28cropped%29.jpg,,,,,viktorija-cmilyte,,51512,,VCmilyte,,,,
15000729,"Colovic, Aleksandar",MKD,M,GM,,1976,2013,false,,false,,,MKD,Skopje,MKD,https://upload.wikimedia.org/wikipedia/commons/thumb/1/10/Alex_Colovic_2014.jpg/250px-Alex_Colovic_2014.jpg,,"The following people have all been grandmasters (GM) of chess. The title has been awarded since 1950 to players who have met the standards required by the sport's governing body, FIDE. Other than world champion, it is the highest title a chess player can attain and is awarded for life, although FIDE regulations allow for the revocation of titles for cheating or fraud.",https://en.wikipedia.org/wiki/List_of_chess_grandmasters,alexcolovic,aleksandar-colovic,,44745,,GMAlexColovic,,,,
2200325,"Comas Fabrego, Lluis",ESP,M,GM,,1971,1999,false,,false,,,ESP,Santa Eugènia de Berga,ESP,,,,,,lluis-comas-fabrego,,13795,,,,,,
400181,"Conquest, Stuart C",ENG,M,GM,,1967,1991,false,,false,,,ENG,Ilford,ENG,https://upload.wikimedia.org/wikipedia/commons/thumb/0/07/Conquest_rd7_4thEUIO_%28cropped%29.JPG/250px-Conquest_rd7_4thEUIO_%28cropped%29.JPG,,,,,stuart-c-conquest,,11659,,stuthefox,,,,
3801497,"Cordova, Emilio",PER,M,GM,,1991,2008,false,,false,,,PER,Lima,PER,https://upload.wikimedia.org/wikipedia/commons/thumb/b/b2/Emilio_Cordova_%2829317402512%29_%28cropped%29.jpg/250px-Emilio_Cordova_%2829317402512%29_%28cropped%29.jpg,,,,emiliocordova,emilio-cordova,,88717,,,,,,
3814017,"Cori Quispe, Kevin Joel",MEX,M,GM,,1999,2018,false,,false,,,PER,Lima,PER|MEX,,,Kevin Joel Cori Quispe is a Peruvian chess grandmaster who plays for Mexico.,https://en.wikipedia.org/wiki/Kevin_Joel_Cori_Quispe,,kevin-joel-cori-quispe,,156961,,,,,,
3802272,"Cori, Jorge",PER,M,GM,,1995,2010,false,,false,,,PER,Lima,PER,https://upload.wikimedia.org/wikipedia/commons/thumb/8/8a/Jorge-Cori-Olot-2016_%28cropped%29.jpg/250px-Jorge-Cori-Olot-2016_%28cropped%29.jpg,,"Jorge Moisés Cori Tello is a Peruvian chess grandmaster. A former chess prodigy, he was twice world champion and four-time Pan American champion in his age category. Cori competed in the FIDE World Cup in 2011, 2013, 2017, 2019, 2021 and 2025.",https://en.wikipedia.org/wiki/Jorge_Cori,machupichu10,jorge-cori,,109850,,,,,,
620084,"Cornette, Matthieu",FRA,M,GM,,1985,2008,false,,false,,,FRA,Bègles,FRA,https://upload.wikimedia.org/wikipedia/commons/thumb/0/05/London_Chess_Classic_2016_Day5-15_%2831031671274%29_%28cropped%29.jpg/250px-London_Chess_Classic_2016_Day5-15_%2831031671274%29_%28cropped%29.jpg,,,,Tocras,matthieu-cornette,,49265,,,,,,
3506690,"Corrales Jimenez, Fidel",USA,M,GM,,1987,2009,false,,false,,,CUB,Pinar del Río,CUB|USA,https://upload.wikimedia.org/wikipedia/commons/thumb/0/04/Fidel_Corrales_Jimenez_%28cropped%29.jpg/250px-Fidel_Corrales_Jimenez_%28cropped%29.jpg,,,,gmcorrales,fidel-corrales-jimenez,ficorrales,113313,,,,,,
16213955,"Costa, Leonardo",GER,M,GM,,2008,2025,false,,false,,,GER,,GER,https://upload.wikimedia.org/wikipedia/commons/thumb/7/7a/LeonardoCosta24.jpg/250px-LeonardoCosta24.jpg,,,,,leonardo-costa,,184414,,,,,,
1700030,"Cramling, Pia",SWE,F,GM,,1963,1992,false,,false,,,SWE,Stockholm,SWE,https://upload.wikimedia.org/wikipedia/commons/thumb/5/5e/PiaCramling23c.jpg/250px-PiaCramling23c.jpg,,,,Piacramling,pia-cramling,,14280,,PiaCramling,,,,
1201271,"Crisan, Alexandru",ROU,M,GM,,1962,1993,false,,true,2015,Rating manipulation via fabricated tournament results,ROU,Șimleu Silvaniei,ROU,,,,,,alexandru-crisan,,28252,,,,,,
3801969,"Cruz, Cristhian",PER,M,GM,,1992,2012,false,,false,,,PER,Lima,PER,https://upload.wikimedia.org/wikipedia/commons/thumb/d/dd/Cristhian-Cruz-Sanchez-Olot-2016.jpg/250px-Cristhian-Cruz-Sanchez-Olot-2016.jpg,,,,cristhiancruzsanchez,cristhian-cruz,,103442,,,,,,
700100,"Csom, István",HUN,M,GM,,1940,1973,true,2021,false,,,HUN,Sátoraljaújhely,HUN,https://upload.wikimedia.org/wikipedia/commons/thumb/a/ac/Istvan_Csom_1974.jpg/250px-Istvan_Csom_1974.jpg,,,,,,,,,,,,,
4401190,"Cuartas, Jaime Alexander",COL,M,GM,,1975,2009,false,,false,,,COL,Medellín,COL,,,,,,jaime-alexander-cuartas,,49557,,,,,,
3700267,"Cubas, Jose",PAR,M,GM,,1981,2011,false,,false,,,PAR,Asunción,PAR,https://upload.wikimedia.org/wikipedia/commons/2/24/Jos%C3%A9_Ra%C3%BAl_Capablanca_1931.jpg?utm_source=en.wikipedia.org&utm_campaign=api&utm_content=thumbnail_unscaled,https://en.wikipedia.org/wiki/Jos%C3%A9_Ra%C3%BAl_Capablanca,"José Raúl Capablanca y Graupera was a Cuban chess player who was the third world chess champion from 1921 to 1927. A chess prodigy, he was widely renowned for his exceptional endgame skill and speed of play.",https://en.wikipedia.org/wiki/Jos%C3%A9_Ra%C3%BAl_Capablanca,Cubitas,jose-fernando-cubas,,88798,,,,,,
2255570,"Cuenca Jimenez, Jose Fernando",ESP,M,GM,,1987,2015,false,,false,,,ESP,Granada,ESP,https://upload.wikimedia.org/wikipedia/commons/thumb/a/ac/Josecuenca2_%28cropped%29.jpg/250px-Josecuenca2_%28cropped%29.jpg,,,,cuencajugon,jose-fernando-cuenca-jimenez,,96015,,,,,,
7101554,"Cuhendi, Sean Winshand",INA,M,GM,,1997,2018,false,,false,,,INA,,INA,,,,,,sean-winshand-cuhendi,,141246,,,,,,
307424,"Cvek, Robert",CZE,M,GM,,1979,2007,false,,false,,,CZE,Krnov,CZE,,,,,,robert-cvek,,49664,,,,,,
14500086,"Cvitan, Ognjen",CRO,M,GM,,1961,1987,false,,false,,,CRO,Šibenik,CRO,https://upload.wikimedia.org/wikipedia/commons/thumb/e/e8/OCvitan09.jpg/250px-OCvitan09.jpg,,,,TerorPtica,ognjen-cvitan,,14093,,,,,,
1108760,"Cyborowski, Lukasz",POL,M,GM,,1980,2003,false,,false,,,POL,Legnica,POL,https://upload.wikimedia.org/wikipedia/commons/thumb/4/4d/%C5%81ukasz_Cyborowski_in_2021_%28cropped%29.jpg/250px-%C5%81ukasz_Cyborowski_in_2021_%28cropped%29.jpg,,,,gmcyborek,lukasz-cyborowski,,49447,,,,,,
1121219,"Czarnota, Pawel",POL,M,GM,,1988,2006,false,,false,,,POL,Olkusz,POL,https://upload.wikimedia.org/wikipedia/commons/thumb/a/a0/2022-Pawel-Czarnota.JPG/250px-2022-Pawel-Czarnota.JPG,,,,PawelCzarnota,pawel-czarnota,,54666,http://gmczarnota.pl/,,,,,
705268,"Czebe, Attila",HUN,M,GM,,1975,2003,false,,false,,,HUN,Budapest,HUN,,,,,attilaczebe,attila-czebe,,41880,,,,,,
2090759,"Daggupati, Balaji",USA,M,GM,,2005,2022,false,,false,,,USA,"Hayward, California",USA,,,,,,balaji-daggupati,,159561,,,,,,
8608156,"Dai, Changren",CHN,M,GM,,1999,2023,false,,false,,,CHN,Tianjin,CHN,,,,,,dai-changren,,152729,,,,,,
2001446,"Dake, Arthur",USA,M,GM,,1910,1986,true,2000,false,,,USA,Portland,USA,https://upload.wikimedia.org/wikipedia/commons/thumb/4/46/Arthur_Dake%2C_Harry_Borochow%2C_tournament_director_Harry_MacMahon_and_Isaac_Kashdan_at_Pasadena_1932.jpg/250px-Arthur_Dake%2C_Harry_Borochow%2C_tournament_director_Harry_MacMahon_and_Isaac_Kashdan_at_Pasadena_1932.jpg,,,,,,,,,,,,,
1005030,"Dambacher, Martijn",NED,M,GM,,1979,2014,false,,false,,,NED,Venlo,NED,https://upload.wikimedia.org/wikipedia/commons/thumb/3/36/BosmanDambacher2019_%28cropped%29.jpg/250px-BosmanDambacher2019_%28cropped%29.jpg,,Martijn Dambacher is a Dutch chess grandmaster.,https://en.wikipedia.org/wiki/Martijn_Dambacher,,martijn-dambacher,,57153,,,,,,
14500639,"Damjanović, Mato",YUG,M,GM,,1927,1964,true,2011,false,,,YUG,Đeletovci,YUG,https://upload.wikimedia.org/wikipedia/commons/thumb/4/42/Mato_Damjanovi%C4%87_1966.jpg/250px-Mato_Damjanovi%C4%87_1966.jpg,,,,,,,,,,,,,
900125,"Damljanovic, Branko",SRB,M,GM,,1961,1989,false,,false,,,SRB,Futog,SRB,https://upload.wikimedia.org/wikipedia/commons/thumb/4/4b/Branko_Damljanovi%C4%87_2011_%28cropped%29.jpg/250px-Branko_Damljanovi%C4%87_2011_%28cropped%29.jpg,,,,,branko-damljanovic,,38691,,,,,,
12576468,"Daneshvar, Bardiya",IRI,M,GM,,2006,2023,false,,false,,,IRI,Tālesh,IRI|GEO|IRI,,,,,Bradiya-daneshvar,bardiya-daneshvar,,156259,,,,,,
13300210,"Danielian, Elina",ARM,F,GM,WGM,1978,2010,false,,false,,,AZE,Baku,ARM,https://upload.wikimedia.org/wikipedia/commons/thumb/0/08/ElinaDanielian23a.jpg/250px-ElinaDanielian23a.jpg,,,,ClassyEl,elina-danielian,ClassyEl,26789,http://www.elinachess.com/index.php,Elinachess,,,,elina.danielian
13300237,"Danielian, Oganes",ARM,M,GM,,1974,1999,true,2016,false,,,ARM,Yerevan,ARM,,,,,,,,,,,,,,
1400185,"Danielsen, Henrik",ISL,M,GM,,1966,1996,false,,false,,,ISL,,DEN|ISL,https://upload.wikimedia.org/wikipedia/commons/thumb/0/07/Henrik_Danielsen.jpg/250px-Henrik_Danielsen.jpg,,,,,henrik-danielsen,,56533,,,,,,
4144031,"Danin, Alexandre",RUS,M,GM,,1986,2011,false,,false,,,RUS,Bryansk,RUS,,,,,stuwdrey,alexandre-danin,,85097,,,,,,
12400084,"Dao, Thien Hai",VIE,M,GM,,1978,1995,false,,false,,,VIE,,VIE,,,,,,thien-hai-dao,,19910,,,,,,
240990,"Dardha, Daniel",BEL,M,GM,,2005,2021,false,,false,,,BEL,Mortsel,BEL,https://upload.wikimedia.org/wikipedia/commons/thumb/e/e8/DanielDardha23a.jpg/250px-DanielDardha23a.jpg,,,,DanielDardha2005,daniel-dardha,,153978,,,,,,
4600150,"Darga, Klaus",GER,M,GM,,1934,1964,false,,false,,,GER,Pankow,GER,https://upload.wikimedia.org/wikipedia/commons/thumb/4/43/Klaus_Darga_1963.jpg/250px-Klaus_Darga_1963.jpg,,,,,klaus-darga,,22965,,,,,,
12502200,"Darini, Pouria",IRI,M,GM,,1991,2013,false,,false,,,IRI,Jiroft,IRI,https://upload.wikimedia.org/wikipedia/commons/thumb/5/51/Chess_GM_Pouria_Darini.jpg/250px-Chess_GM_Pouria_Darini.jpg,,,,Fighterman91,pouria-darini,Fighterman91,103177,,,,,,
5034426,"Das, Sayantan",IND,M,GM,,1997,2023,false,,false,,,IND,,IND,,,,,Shoytan,sayantan-das,Agontuk,117399,,,,,,
6300014,"Dastan, Muhammed Batuhan",TUR,M,GM,,1997,2016,false,,false,,,TUR,Bursa,TUR,,,Muhammed Batuhan Daştan is a Turkish chess grandmaster.,https://en.wikipedia.org/wiki/Batuhan_Da%C5%9Ftan,Turkchess1905,muhammed-batuhan-dastan,,134832,,,,,,
4623606,"Dautov, Rustem",GER,M,GM,,1965,1990,false,,false,,,RUS,Ufa,GER,https://upload.wikimedia.org/wikipedia/commons/thumb/6/63/Dautov_Rustem.jpg/250px-Dautov_Rustem.jpg,,,,,rustem-dautov,,14285,,,,,,
4000013,"David, Alberto",ITA,M,GM,,1970,1998,false,,false,,,ITA,Milan,LUX|ITA,https://upload.wikimedia.org/wikipedia/commons/thumb/8/85/David_rd6_4thEUIO.JPG/250px-David_rd6_4thEUIO.JPG,,,,,alberto-david,,57000,,,,,,
404420,"Davies, Nigel R",ENG,M,GM,,1960,1993,false,,false,,,ENG,Southport,ENG|WLS|ENG,https://upload.wikimedia.org/wikipedia/commons/thumb/4/48/NigelDavies10_%28cropped%29.jpg/250px-NigelDavies10_%28cropped%29.jpg,,,,NigelD,nigel-r-davies,,13886,,,,,,
13308327,"Davtyan, Artur",ARM,M,GM,,2002,2026,false,,false,,,ARM,Yerevan,ARM,https://upload.wikimedia.org/wikipedia/commons/thumb/6/6c/Artur_Davtyan.jpg/250px-Artur_Davtyan.jpg,,,,Artur0208,artur-davtyan,,,,,,,,
2000105,"De Firmian, Nick",USA,M,GM,,1957,1985,false,,false,,,USA,"Fresno, California",USA,https://upload.wikimedia.org/wikipedia/commons/thumb/f/f7/Nick_de_Firmian_1986_Dubai.jpg/250px-Nick_de_Firmian_1986_Dubai.jpg,,,,,nick-de-firmian,,15656,,,,,,
3501833,"De La Paz Perdomo, Frank",CUB,M,GM,,1975,2004,false,,false,,,CUB,"Santa Clara, Cuba",CUB,https://upload.wikimedia.org/wikipedia/commons/thumb/6/69/Frank_de_la_Paz_Perdomo.jpg/250px-Frank_de_la_Paz_Perdomo.jpg,,,,,frank-de-la-paz-perdomo,,49098,,,,,,
6900224,"De La Riva Aguado, Oscar",AND,M,GM,,1972,2004,false,,false,,,ESP,Barcelona,AND,,,,,oskychess,oscar-de-la-riva-aguado,,49948,,,,,,
2200040,"De La Villa Garcia, Jesus Maria",ESP,M,GM,,1958,1999,false,,false,,,ESP,Villahán,ESP,https://upload.wikimedia.org/wikipedia/commons/thumb/e/ec/Jesus_Maria_de_la_Villa_Garcia.jpg/250px-Jesus_Maria_de_la_Villa_Garcia.jpg,,,,,jesus-maria-de-la-villa-garcia,,16285,,,,,,
1003909,"De Vreugt, Dennis",NED,M,GM,,1980,2000,false,,false,,,NED,,NED,https://upload.wikimedia.org/wikipedia/commons/thumb/b/b7/DennisdeVreugt.jpg/250px-DennisdeVreugt.jpg,,,,,dennis-de-vreugt,,75392,,,,,,
1226380,"Deac, Bogdan-Daniel",ROU,M,GM,,2001,2016,false,,false,,,ROU,Râmnicu Vâlcea,ROU,https://upload.wikimedia.org/wikipedia/commons/thumb/e/eb/BogdanDeac23a.jpg/250px-BogdanDeac23a.jpg,,,,BogdanDeac,bogdan-daniel-deac,deacbogdan1,139343,,,,,,
5024854,"Debashis, Das",IND,M,GM,,1993,2013,false,,false,,,IND,Bhubaneswar,IND,https://upload.wikimedia.org/wikipedia/commons/thumb/f/fd/Das_Debashis_2012_%28cropped%29.jpg/250px-Das_Debashis_2012_%28cropped%29.jpg,,,,debashisdebs,debashis-das,,117327,,,,,,
5011132,Deepan Chakkravarthy J.,IND,M,GM,,1987,2006,false,,false,,,IND,,IND,https://upload.wikimedia.org/wikipedia/commons/thumb/b/be/London_Chess_Classic_2016_Day7-6_%2831499953290%29.jpg/250px-London_Chess_Classic_2016_Day7-6_%2831499953290%29.jpg,,,,emperor87,deepan-chakkravarthy-j,,56570,,,,,,
600270,"Degraeve, Jean-Marc",FRA,M,GM,,1971,1998,false,,false,,,FRA,Tourcoing,FRA,https://upload.wikimedia.org/wikipedia/commons/thumb/9/92/JMDegraeve.jpg/250px-JMDegraeve.jpg,,,,jim2600,jean-marc-degraeve,,21943,,,,,,
14186640,"Dehtiarov, Roman",UKR,M,GM,,2008,2026,false,,false,,,UKR,,UKR,https://upload.wikimedia.org/wikipedia/commons/thumb/f/fe/%D0%A0%D0%BE%D0%BC%D0%B0%D0%BD_%D0%94%D0%B5%D0%B3%D1%82%D1%8F%D1%80%D1%8C%D0%BE%D0%B2%2C_%D0%A7%D0%A3_2025%2C_7_%D1%82%D1%83%D1%80_%28cropped%29.jpg/250px-%D0%A0%D0%BE%D0%BC%D0%B0%D0%BD_%D0%94%D0%B5%D0%B3%D1%82%D1%8F%D1%80%D1%8C%D0%BE%D0%B2%2C_%D0%A7%D0%A3_2025%2C_7_%D1%82%D1%83%D1%80_%28cropped%29.jpg,,,,,galaxyroman,,185192,,,,,,
2203138,"Del Rio De Angelis, Salvador Gabriel",ESP,M,GM,,1976,2002,false,,false,,,ESP,,ESP,https://upload.wikimedia.org/wikipedia/commons/thumb/2/2d/Gabriel_del_Rio_%28cropped%29.jpg/250px-Gabriel_del_Rio_%28cropped%29.jpg,,,,rikitin,salvador-g-del-rio-de-angelis,,88543,,,,,,
2900394,"Delchev, Aleksander",SRB,M,GM,,1971,1998,false,,false,,,BUL,Sofia,BUL|SRB,https://upload.wikimedia.org/wikipedia/commons/thumb/3/3d/Deltschew_alexander_20081120_olympiade_dresden.jpg/250px-Deltschew_alexander_20081120_olympiade_dresden.jpg,,,,GMAlex1971,aleksander-delchev,,20994,,,,,,
3503631,"Delgado Ramirez, Neuris",PAR,M,GM,,1981,2002,false,,false,,,PAR,,CUB|COL|PAR,https://upload.wikimedia.org/wikipedia/commons/thumb/f/ff/Neuris_Delgado.jpg/250px-Neuris_Delgado.jpg,,,,neurisdr,neuris-delgado-ramirez,,110640,,,,,,
632023,"Delorme, Axel",FRA,M,GM,,1990,2017,false,,false,,,FRA,Lyon,FRA,,,,,,axel-delorme,Chessyphenix,75135,,,,,,
700207,"Dely, Péter",HUN,M,GM,,1934,1999,true,2012,false,,,HUN,Sárospatak,HUN,,,,,,,,,,,,,,
4160258,"Demchenko, Anton",SLO,M,GM,,1987,2013,false,,false,,,RUS,Novorossiysk,RUS|FID|SLO,https://upload.wikimedia.org/wikipedia/commons/thumb/1/1b/Anton_Demchenko_2024_09_20_45_Chess_Olympiad_Budapest_photo_by_Luka_Rifelj_%2897_of_155%29_%28cropped%29.jpg/250px-Anton_Demchenko_2024_09_20_45_Chess_Olympiad_Budapest_photo_by_Luka_Rifelj_%2897_of_155%29_%28cropped%29.jpg,,,,Anton_Demchenko,anton-demchenko,Demchenko_Anton,101982,,,,,,
4197143,"Demidov, Mikhail",FID,M,GM,,1992,2020,false,,false,,,RUS,Odintsovo,FID,,,,,kuli4ik,mikhail-demidov,funny_chess,132040,,,,,,
642274,"Demuth, Adrien",SUI,M,GM,,1991,2015,false,,false,,,SUI,"Saint-Denis, Réunion",FRA|SUI,https://upload.wikimedia.org/wikipedia/commons/thumb/5/5a/Demuth%2CAdrien_2016_Karlsruhe.jpeg/250px-Demuth%2CAdrien_2016_Karlsruhe.jpeg,,,,Lapitch,adrien-demuth,AdriD,96050,,,,,,
2002264,"Denker, Arnold",USA,M,GM,,1914,1981,true,2005,false,,,USA,New York City,USA,,,,,,,,,,,,,,
4700236,"Dervishi, Erald",ALB,M,GM,,1979,1998,false,,false,,,ALB,Durrës,ALB,https://upload.wikimedia.org/wikipedia/commons/thumb/b/b9/Dervishi2004.jpg/250px-Dervishi2004.jpg,,,,,erald-dervishi,,17817,,,,,,
16236432,"Deuer, Marius",GER,M,GM,,2008,2026,false,,false,,,GER,,GER,,,,,Steegersee,marius-deuer,,168903,,,,,,
4121260,"Deviatkin, Andrei",RUS,M,GM,,1980,2008,false,,false,,,RUS,Moscow,RUS,,,,,DeviatkinAndrey,andrei-deviatkin,,56700,,,,,,
203882,"Dgebuadze, Alexandre",BEL,M,GM,,1971,2000,false,,false,,,BEL,,GEO|BEL,https://upload.wikimedia.org/wikipedia/commons/thumb/b/b3/Dgebuadze_rd7_4thEUIO.JPG/250px-Dgebuadze_rd7_4thEUIO.JPG,,,,,alexandre-dgebuadze,,17930,,,,,,
2108356,"Diamant, Andre",BRA,M,GM,,1990,2009,false,,false,,,BRA,Fortaleza,BRA,https://upload.wikimedia.org/wikipedia/commons/thumb/2/28/Andre_Diamant_2008.jpg/250px-Andre_Diamant_2008.jpg,,,,Zugazuando,andre-diamant,,56827,,,,,cexequemate,
1612468,"Diermair, Andreas",AUT,M,GM,,1986,2018,false,,false,,,AUT,Deutschlandsberg,AUT,https://upload.wikimedia.org/wikipedia/commons/thumb/a/a6/Andreas_Diermair_2013.jpg/250px-Andreas_Diermair_2013.jpg,,,,,andreas-diermair,,54628,,,,,,
2908549,"Dimitrov, Radoslav",BUL,M,GM,,1993,2018,false,,false,,,BUL,Veliko Tarnovo,BUL,,,,,,radoslav-dimitrov,,113933,,,,,,
2900050,"Dimitrov, Vladimir",BUL,M,GM,,1968,1993,false,,false,,,BUL,Sofia,BUL,,,,,,vladimir-dimitrov,,15686,,,,,,
8603677,"Ding, Liren",CHN,M,GM,,1992,2009,false,,false,,,CHN,Wenzhou,CHN,https://upload.wikimedia.org/wikipedia/commons/thumb/8/8a/DingLiren24a.jpg/250px-DingLiren24a.jpg,,,,Chefshouse,ding-liren,,52629,,,,,,
35006916,Divya Deshmukh,IND,F,GM,WGM,2005,2025,false,,false,,,IND,Nagpur,IND,https://upload.wikimedia.org/wikipedia/commons/thumb/6/66/Divya_Deshmukh_in_2025.jpg/250px-Divya_Deshmukh_in_2025.jpg,,,,DivyaDeshmukh23,divya-deshmukh,,156163,,,divyachess,,,
14500124,"Dizdar, Goran",CRO,M,GM,,1958,1991,false,,false,,,CRO,Zagreb,CRO,,,,,,goran-dizdar,,17775,,,,,,
14400049,"Dizdarevic, Emir",CRO,M,GM,,1958,1988,false,,false,,,BIH,Zenica,BIH|CRO|BIH|CRO,https://upload.wikimedia.org/wikipedia/commons/thumb/e/ee/Dizdarevic%2CEmir_2015_Wien.JPG/250px-Dizdarevic%2CEmir_2015_Wien.JPG,,,,LOVAC58,emir-dizdarevic,,19662,,,,,,
922412,"Djukic, Nikola",MNE,M,GM,,1983,2005,false,,false,,,MNE,Titograd,MNE,https://upload.wikimedia.org/wikipedia/commons/thumb/d/da/Nikola_Djukic.jpg/250px-Nikola_Djukic.jpg,,,,StephenDedalus83,nikola-djukic,,49597,,,,,,
1500082,"Djurhuus, Rune",NOR,M,GM,,1970,1996,false,,false,,,NOR,Elverum,NOR,https://upload.wikimedia.org/wikipedia/commons/thumb/a/a1/Rune_Djurhuus_NM_Hamar_2007.jpg/250px-Rune_Djurhuus_NM_Hamar_2007.jpg,,"Rune Djurhuus is a Norwegian chess player, and the fourth Norwegian International Grandmaster. Djurhuus plays for the ""Akademisk"" chess club, which is tied to the University of Oslo. Djurhuus is also the chess columnist for Aftenposten and Adresseavisen.",https://en.wikipedia.org/wiki/Rune_Djurhuus,,rune-djurhuus,,13810,,RuneDjurhuus,,,,
900133,"Djuric, Stefan",SRB,M,GM,,1955,1982,false,,false,,,SRB,Belgrade,SRB,,,,,,stefan-djuric,,17573,,,,,,
2000075,"Dlugy, Maxim",USA,M,GM,,1966,1986,false,,false,,,USA,Moscow,USA,https://upload.wikimedia.org/wikipedia/commons/thumb/6/6d/Dlugy%2C_Maxim.JPG/250px-Dlugy%2C_Maxim.JPG,,,,MaximDlugy,maxim-dlugy,,15486,http://www.dlugy.com,,,,,
4136594,"Dobrov, Vladimir",RUS,M,GM,,1984,2004,false,,false,,,RUS,Moscow,RUS,https://upload.wikimedia.org/wikipedia/commons/thumb/d/d9/TataSteelChess2017-21.jpg/250px-TataSteelChess2017-21.jpg,,,,VladDobrov,vladimir-dobrov,,51451,,,,,tortugachess,
4627253,"Doettling, Fabian",GER,M,GM,,1980,2003,false,,false,,,GER,Heilbronn,GER,https://upload.wikimedia.org/wikipedia/commons/thumb/7/7d/Doettling.jpg/250px-Doettling.jpg,,,,,fabian-doettling,,49812,,,,,,
4100476,"Dokhoian, Yury",URS,M,GM,,1964,1988,true,2021,false,,,URS,Zyryanovka,URS,https://upload.wikimedia.org/wikipedia/commons/thumb/7/7d/Yury_Dokhoian_2011.jpg/250px-Yury_Dokhoian_2011.jpg,,,,,yury-dokhoian,,17837,,,,,,
4100093,"Dolmatov, Sergey",RUS,M,GM,,1959,1982,false,,false,,,RUS,Kiselyovsk,RUS,https://upload.wikimedia.org/wikipedia/commons/thumb/f/f2/SergeyDolmatov1991-2.jpg/250px-SergeyDolmatov1991-2.jpg,,,,,sergey-dolmatov,,14018,,,,,,
3503240,"Dominguez Perez, Leinier",USA,M,GM,,1983,2001,false,,false,,,CUB,Havana,CUB|USA,https://upload.wikimedia.org/wikipedia/commons/thumb/9/97/LeinierDominguez12.jpg/250px-LeinierDominguez12.jpg,,,,Sebastian,leinier-dominguez-perez,,49080,https://chessleinier.com,chessleinier,,,,chessleinier
24103608,"Domogaev, Sergey",RUS,M,GM,,1964,2012,false,,false,,,RUS,Kireyevsk,RUS,,,,,sergey071164,sergey-domogaev,,134031,,,,,,
24603295,"Donchenko, Alexander",GER,M,GM,,1998,2015,false,,false,,,RUS,Moscow,GER,https://upload.wikimedia.org/wikipedia/commons/thumb/5/53/Alexander_Donchenko_in_2026.jpg/250px-Alexander_Donchenko_in_2026.jpg,,,,Alexander_Donchenko,alexander-donchenko,Alexander_Donchenko,129292,,,,,,
2900025,"Donchev, Dimitar I.",BUL,M,GM,,1958,1990,false,,false,,,BUL,Shumen,BUL,,,,,,dimitar-i-donchev,,14336,,,,,,
W6618754,"Donner, Johannes Hendrikus",NED,M,GM,,1927,1959,true,1988,false,,,NED,The Hague,NED,https://upload.wikimedia.org/wikipedia/commons/thumb/4/46/Jan_Hein_Donner_1978.jpg/250px-Jan_Hein_Donner_1978.jpg,,,,,,,,,,,,,
604011,"Dorfman, Iossif",FRA,M,GM,,1953,1978,false,,false,,,UKR,Zhytomyr,FRA,https://upload.wikimedia.org/wikipedia/commons/thumb/0/0e/Iossif_Dorfman_-_Albi_2022_1R.jpg/250px-Iossif_Dorfman_-_Albi_2022_1R.jpg,,,,,josif-dorfman,,65418,,,,,,
628050,"Dourerassou, Jonathan",FRA,M,GM,,1989,2016,false,,false,,,FRA,Sarcelles,FRA,https://upload.wikimedia.org/wikipedia/commons/thumb/7/75/Dourerassou%2CJonathan_2019_Karlsruhe_8_.jpg/250px-Dourerassou%2CJonathan_2019_Karlsruhe_8_.jpg,,,,cassoulet,jonathan-dourerassou,,56825,,,,,,
728446,"dr. Balog, Imre",HUN,M,GM,,1991,2011,false,,false,,,HUN,Békéscsaba,HUN,https://upload.wikimedia.org/wikipedia/commons/thumb/9/99/Balog_Imre.jpg/250px-Balog_Imre.jpg,,,,Imre91,imre-balog,DarthMccartney,106667,,,,,,
1634852,"Dragnev, Valentin",AUT,M,GM,,1999,2018,false,,false,,,AUT,Vienna,AUT,https://upload.wikimedia.org/wikipedia/commons/thumb/1/13/Valentin-Dragnev-2016-1.JPG/250px-Valentin-Dragnev-2016-1.JPG,,"Valentin Dragnev has been an Austrian grandmaster since 2018, an international master since 2016 and a FIDE master since 2014. He is currently the 2nd best player in Austria and 431st in the world. His highest rating was 2593.",https://en.wikipedia.org/wiki/Valentin_Dragnev,assezde36,valentin-dragnev,,152143,,,,,,
1134167,"Dragun, Kamil",POL,M,GM,,1995,2013,false,,false,,,POL,Gorzów Wielkopolski,POL,https://upload.wikimedia.org/wikipedia/commons/thumb/2/2c/2019-Kamil-Dragun.JPG/250px-2019-Kamil-Dragun.JPG,,Kamil Dragun is a Polish chess grandmaster.,https://en.wikipedia.org/wiki/Kamil_Dragun,Drags95,kamil-dragun,,105804,,,,,,
900397,"Drasko, Milan",MNE,M,GM,,1962,1993,false,,false,,,MNE,Čapljina,MNE,,,,,,milan-drasko,,21344,,,,,,
944335,"Draskovic, Luka",MNE,M,GM,,1995,2022,false,,false,,,MNE,"Bar, Montenegro",MNE,,,Luka Drašković is a Montenegrin chess player. He was awarded the title of International Master in 2014 and the title of Grandmaster in 2022.,https://en.wikipedia.org/wiki/Luka_Dra%C5%A1kovi%C4%87,DraskovicL,luka-draskovic,Draske,117696,,,,,,
901172,"Drazic, Sinisa",SRB,M,GM,,1967,2000,false,,false,,,SRB,Žabalj,SRB,,,,,,sinisa-drazic,,41668,,,,,,
4100107,"Dreev, Aleksey",RUS,M,GM,,1969,1989,false,,false,,,RUS,Stavropol,RUS,https://upload.wikimedia.org/wikipedia/commons/thumb/5/5c/Alexey_Dreev_2012.jpg/250px-Alexey_Dreev_2012.jpg,,,,Igrok3069,aleksey-dreev,,12136,,,,,,
2903261,"Drenchev, Petar",BUL,M,GM,,1977,2011,false,,false,,,BUL,Kazanlak,BUL,https://upload.wikimedia.org/wikipedia/commons/thumb/1/15/Petar_Drenchev_2011.JPG/250px-Petar_Drenchev_2011.JPG,,,,drenchev,petar-drenchev,,48969,,,,,,
5015197,"Dronavalli, Harika",IND,F,GM,WGM,1991,2011,false,,false,,,IND,Gorantla,IND,https://upload.wikimedia.org/wikipedia/commons/thumb/5/5f/Harika_Dronavalli_%28cropped%29.jpg/250px-Harika_Dronavalli_%28cropped%29.jpg,,,,Elegance_Riks,harika-dronavalli,,54964,,HarikaDronavali,,,,
14107180,"Drozdovskij, Yuri",UKR,M,GM,,1984,2004,false,,false,,,UKR,Odesa,UKR,https://upload.wikimedia.org/wikipedia/commons/thumb/d/da/Drozdovskij_Yuri.jpg/250px-Drozdovskij_Yuri.jpg,,,,,yuri-drozdovskij,,54599,,,,,,
14915650,"Druska, Juraj",SVK,M,GM,,1994,2025,false,,false,,,SVK,Ružomberok,SVK,https://upload.wikimedia.org/wikipedia/commons/thumb/5/52/2021-Juraj-Druska_%28cropped%29.JPG/250px-2021-Juraj-Druska_%28cropped%29.JPG,,,,druskacik,juraj-druska,,132981,,,,,,
24171735,"Drygalov, Andrey",RUS,M,GM,,1999,2021,false,,false,,,RUS,Kurgan,RUS,,,,,Angry_Twin,andrey-drygalov,AndrewHoma,154671,,,,,,
24171743,"Drygalov, Sergey",RUS,M,GM,,1999,2022,false,,false,,,RUS,Kurgan,RUS,,,,,sergoy,sergey-drygalov,,154682,,,,,,
24126055,"Dubov, Daniil",RUS,M,GM,,1996,2011,false,,false,,,RUS,Moscow,RUS,https://upload.wikimedia.org/wikipedia/commons/thumb/2/2c/DaniilDubov19a.jpg/250px-DaniilDubov19a.jpg,,,,Duhless,daniil-dubov,svodmevko,113399,,,blitzorddd,,,
1170546,"Duda, Jan-Krzysztof",POL,M,GM,,1998,2013,false,,false,,,POL,Kraków,POL,https://upload.wikimedia.org/wikipedia/commons/thumb/b/b9/Jan-Krzysztof_Duda_2021_%28cropped%29.jpg/250px-Jan-Krzysztof_Duda_2021_%28cropped%29.jpg,,,,Polish_fighter3000,jan-krzysztof-duda,,126603,,GM_JKDuda,,,,
34184934,"Dudin, Gleb",HUN,M,GM,,2004,2023,false,,false,,,HUN,,RUS|FID|HUN,,,,,,gleb-dudin,AylorSnow,156892,,,,,,
13402935,"Durarbayli, Vasif",AZE,M,GM,,1992,2010,false,,false,,,AZE,Sumgait,AZE,https://upload.wikimedia.org/wikipedia/commons/thumb/5/57/VasifDurabayli23.jpg/250px-VasifDurabayli23.jpg,,Vasif Durarbayli is an Azerbaijani chess Grandmaster. He received the International Master title in 2007 and the Grandmaster Title in 2010.,https://en.wikipedia.org/wiki/Vasif_Durarbayli,Durarbayli,vasif-durarbayli,Durarbayli,103347,https://durarbayli.com/,durarbayli,gmdurarbayli,UCBQEiBxzWtcmNTlUAFC50AA,GMDurarbayli,
W0675111,"Duras, Oldřich",TCH,M,GM,,1882,1950,true,1957,false,,,CZE,Prague,TCH,https://upload.wikimedia.org/wikipedia/commons/thumb/4/42/%C4%8Cesk%C3%BD_mistr_%C5%A1achu_Old%C5%99ich_Duras%2C_%C4%8Cesk%C3%BD_sv%C4%9Bt_1907_02.jpg/250px-%C4%8Cesk%C3%BD_mistr_%C5%A1achu_Old%C5%99ich_Duras%2C_%C4%8Cesk%C3%BD_sv%C4%9Bt_1907_02.jpg,,,,,,,,,,,,,
817570,"Dvirnyy, Danyyil",ITA,M,GM,,1990,2014,false,,false,,,RUS,Saint Petersburg,ITA,https://upload.wikimedia.org/wikipedia/commons/thumb/f/fa/Danyyil_Dvirnyy_2015.jpg/250px-Danyyil_Dvirnyy_2015.jpg,,,,Lestofante90,danyyil-dvirnyy,L04d1ng,112584,,DDvirnyy,,,,dvirnyychess
4100379,"Dvoirys, Semen I.",RUS,M,GM,,1958,1990,false,,false,,,UKR,Zhmerynka,RUS,https://upload.wikimedia.org/wikipedia/commons/thumb/b/bb/DVOIRYS_Semen_%28cropped%29.jpg/250px-DVOIRYS_Semen_%28cropped%29.jpg,,,,,semen-i-dvoirys,,17737,,,,,,
4119800,"Dyachkov, Sergej",RUS,M,GM,,1976,2004,false,,false,,,RUS,Saratov,RUS,,,,,,sergej-dyachkov,,43465,,,,,,
13500031,"Dydyshko, Viacheslav",BLR,M,GM,,1949,1995,false,,false,,,BLR,Minsk,BLR,,,,,,viacheslav-dydyshko,,19904,,,,,,
13601903,"Dzagnidze, Nana",GEO,F,GM,WGM,1987,2008,false,,false,,,GEO,Kutaisi,GEO,https://upload.wikimedia.org/wikipedia/commons/thumb/a/a5/Fondation_Neva_Women%27s_Grand_Prix_Geneva_11-05-2013_-_Nana_Dzagnidze.jpg/250px-Fondation_Neva_Women%27s_Grand_Prix_Geneva_11-05-2013_-_Nana_Dzagnidze.jpg,,,,lili_ani,nana-dzagnidze,,50064,,,,,,
4136209,"Dzhakaev, Dzhakay",RUS,M,GM,,1980,2006,false,,false,,,RUS,Makhachkala,RUS,,,,,,dzhakay-dzhakaev,,56710,,,,,,
14200236,"Dzhumaev, Marat",UZB,M,GM,,1976,2001,false,,false,,,UZB,Samarkand,UZB,,,,,,marat-dzhumaev,,96473,,,,,,
2000113,"Dzindzichashvili, Roman",USA,M,GM,,1944,1977,false,,false,,,GEO,Tbilisi,USA,https://upload.wikimedia.org/wikipedia/commons/thumb/e/e7/Roman_Dzindzichashvili_1984_Thessaloniki.jpg/250px-Roman_Dzindzichashvili_1984_Thessaloniki.jpg,,,,JRLOK,roman-dzindzichashvili,,14270,,,,,,
1112953,"Dziuba, Marcin",POL,M,GM,,1983,2007,false,,false,,,POL,Zamość,POL,https://upload.wikimedia.org/wikipedia/commons/thumb/1/1d/2021-Marcin-Dziuba.JPG/250px-2021-Marcin-Dziuba.JPG,,,,GMMarcinDziuba,marcin-dziuba,Dziubsen,51581,,,,,,
2200155,"Díez del Corral, Jesús",ESP,M,GM,,1933,1974,true,2010,false,,,ESP,Zaragoza,ESP,https://upload.wikimedia.org/wikipedia/commons/thumb/4/42/Deutschland_M_1980_Malta.jpg/250px-Deutschland_M_1980_Malta.jpg,,,,,,,,,,,,,
1600168,"Dückstein, Andreas",AUT,M,GM,,1927,2024,true,2024,false,,,HUN,Budapest,AUT,https://upload.wikimedia.org/wikipedia/commons/thumb/7/7c/Andreas_D%C3%BCckstein_1960.jpg/250px-Andreas_D%C3%BCckstein_1960.jpg,,,,,andreas-dueckstein,,28531,,,,,,
633429,"Edouard, Romain",FRA,M,GM,,1990,2009,false,,false,,,FRA,Poitiers,FRA,https://upload.wikimedia.org/wikipedia/commons/thumb/b/b6/Edouard2018.jpg/250px-Edouard2018.jpg,,,,Mugzyyy,romain-edouard,,95988,,romain_edouard,,,,
14107201,"Efimenko, Zahar",UKR,M,GM,,1985,2002,false,,false,,,UKR,Makiivka,UKR,https://upload.wikimedia.org/wikipedia/commons/thumb/8/88/Zahar_Efimenko_2013.jpg/250px-Zahar_Efimenko_2013.jpg,,,,Saxar85,zahar-efimenko,,49257,,,,,,
806404,"Efimov, Igor",MNC,M,GM,,1960,1992,false,,false,,,GEO,Tbilisi,ITA|MNC,https://upload.wikimedia.org/wikipedia/commons/thumb/5/5a/Igor_Efimov_2014.jpg/250px-Igor_Efimov_2014.jpg,,,,Nikame,igor-efimov,,17660,,,,,,
4500016,"Ehlvest, Jaan",USA,M,GM,,1962,1987,false,,false,,,EST,Tallinn,EST|USA,https://upload.wikimedia.org/wikipedia/commons/thumb/c/cb/London_Chess_Classic_2016_Day3-18_%2830767750964%29.jpg/250px-London_Chess_Classic_2016_Day3-18_%2830767750964%29.jpg,,,,Malev212,jaan-ehlvest,Ehlvest,10065,,,,,,
14100053,"Eingorn, Vereslav S",UKR,M,GM,,1956,1986,true,2026,false,,,UKR,Odesa,UKR,,,,,,vereslav-s-eingorn,,18056,,,,,,
2106981,"El Debs, Felipe de Cresce",BRA,M,GM,,1985,2010,false,,false,,,BRA,São Carlos,BRA,https://upload.wikimedia.org/wikipedia/commons/thumb/9/9f/Felipe_El_Debs_2014_Basel.jpg/250px-Felipe_El_Debs_2014_Basel.jpg,,,,elefante33,felipe-de-cresce-el-debs,,115185,,,,,,
10600140,"El Gindy, Essam",EGY,M,GM,,1966,2008,false,,false,,,EGY,Cairo,EGY,https://upload.wikimedia.org/wikipedia/en/thumb/d/d6/Essam_Elgindy.jpg/250px-Essam_Elgindy.jpg,,,,,essam-el-gindy,,80337,,,,,,
3517470,"Elias Reyes, Jorge Roberto",CUB,M,GM,,1999,2026,false,,false,,,CUB,,CUB,,,,,JorgeElias99,jorge-roberto-elias-reyes,Elias19999,156960,,,,,,
24131920,"Eliseev, Urii",RUS,M,GM,,1996,2013,true,2016,false,,,RUS,Moscow,RUS,,,,,,,,,,,,,,
W5150720,"Eliskases, Erich",ARG,M,GM,,1913,1952,true,1997,false,,,AUT,Innsbruck,ARG,,,,,,,,,,,,,,
14102951,"Eljanov, Pavel",UKR,M,GM,,1983,2001,false,,false,,,UKR,Kharkiv,UKR,https://upload.wikimedia.org/wikipedia/commons/thumb/7/78/Pavel_Eljanov_at_Dortmunder_Schachtage_2023_%28cropped2%29.jpg/250px-Pavel_Eljanov_at_Dortmunder_Schachtage_2023_%28cropped2%29.jpg,,,,eljanov,pavel-eljanov,KeyzerSose,49456,,Eljanov,,,eljanovlive,eljanov
400254,"Emms, John M",ENG,M,GM,,1967,1995,false,,false,,,ENG,Norwich,ENG,https://upload.wikimedia.org/wikipedia/commons/f/fd/John_Emms_%282001%29.jpg,,,,,john-m-emms,,37142,,,,,,
2907712,"Enchev, Ivajlo",BUL,M,GM,,1989,2018,false,,false,,,BUL,Razgrad,BUL,,,,,I_Enchev,ivajlo-enchev,I_Enchev,96077,,,,,,
4611314,"Enders, Peter",GER,M,GM,,1963,1997,true,2025,false,,,GER,,GER,https://upload.wikimedia.org/wikipedia/commons/thumb/8/8f/Enders%2CPeter_2016_Baden-Baden.jpeg/250px-Enders%2CPeter_2016_Baden-Baden.jpeg,,,,,peter-enders,,11632,,,,,,
12961523,"Engel, Luis",GER,M,GM,,2002,2020,false,,false,,,GER,Hamburg,GER,https://upload.wikimedia.org/wikipedia/commons/thumb/0/07/LuisEngel24.jpg/250px-LuisEngel24.jpg,,,,hoffentlichreichts,luis-engel,,147497,,,,,,
4162714,"Epishin, Vladimir",RUS,M,GM,,1965,1990,false,,false,,,RUS,Leningrad,RUS,https://upload.wikimedia.org/wikipedia/commons/thumb/b/bb/Epishin_Vladimir.jpg/250px-Epishin_Vladimir.jpg,,,,,vladimir-epishin,,11675,,,,,,
6301495,"Erdogdu, Aziz Mert",TUR,M,GM,,1979,2017,false,,false,,,TUR,Adana,TUR,https://upload.wikimedia.org/wikipedia/commons/thumb/6/66/Erdogdu_mert_20081120_olympiade_dresden.jpg/250px-Erdogdu_mert_20081120_olympiade_dresden.jpg,,,,Margency,mert-erdogdu,Maurevert,57238,,,,,,
44599790,"Erdogmus, Yagiz Kaan",TUR,M,GM,,2011,2024,false,,false,,,TUR,Bursa,TUR,https://upload.wikimedia.org/wikipedia/commons/thumb/4/45/TataSteelChess2026-37_%28cropped%29.jpg/250px-TataSteelChess2026-37_%28cropped%29.jpg,,,,,yagiz-kaan-erdogmus,,184142,,,,,,
719978,"Erdos, Viktor",HUN,M,GM,,1987,2007,false,,false,,,HUN,Békéscsaba,HUN,https://upload.wikimedia.org/wikipedia/commons/thumb/0/00/Erdos%2CViktor_2017_Karlsruhe.jpg/250px-Erdos%2CViktor_2017_Karlsruhe.jpg,,,,Magicmaster17,viktor-erdos,,56768,,,,,,
2805642,"Erenburg, Sergey",USA,M,GM,,1983,2003,false,,false,,,USA,,ISR|USA,https://upload.wikimedia.org/wikipedia/commons/thumb/2/2e/Sergey_Erenburg_2009_%28cropped%29.jpg/250px-Sergey_Erenburg_2009_%28cropped%29.jpg,,,,Sergey_Erenburg,sergey-erenburg,,51144,,,,,,sergey.erenburg
35009192,Erigaisi Arjun,IND,M,GM,,2003,2018,false,,false,,,IND,Karimnagar,IND,https://upload.wikimedia.org/wikipedia/commons/thumb/5/5a/Arjun_Erigaisi_Uzchess_cup_3_masters_%28cropped%29.jpg/250px-Arjun_Erigaisi_Uzchess_cup_3_masters_%28cropped%29.jpg,,"Arjun Kumar Erigaisi is an Indian chess grandmaster. A chess prodigy, he earned the title of grandmaster at the age of 14 years, 11 months, 13 days. In September 2024, he became India's top rated player, and in December 2024, he achieved his peak rating of 2801, making him the fifteenth-highest rated player in history and second Indian ever to cross the 2800 threshold after Viswanathan Anand.",https://en.wikipedia.org/wiki/Arjun_Erigaisi,GHANDEEVAM2003,arjun-erigaisi,Inventing_Invention,154314,,ArjunErigaisi,arjun_erigaisi,,,
2900106,"Ermenkov, Evgenij",BUL,M,GM,,1949,1977,false,,false,,,BUL,Sofia,BUL|PLE|BUL,https://upload.wikimedia.org/wikipedia/commons/thumb/8/84/Evgenij_Ermenkov.jpg/250px-Evgenij_Ermenkov.jpg,,,,,evgenij-ermenkov,,17581,,,,,,
1004689,"Ernst, Sipke",NED,M,GM,,1979,2007,false,,false,,,NED,Damwâld,NED,https://upload.wikimedia.org/wikipedia/commons/thumb/1/19/SipkeErnst12.jpg/250px-SipkeErnst12.jpg,,,,SipkeErnst,sipke-ernst,,36626,,,,,,
1700065,"Ernst, Thomas",SWE,M,GM,,1960,1990,false,,false,,,SWE,Uppsala,SWE,,,,,,thomas-ernst,,14452,,,,,,
14109328,"Eryomenko, Volodymyr",UKR,M,GM,,1987,2009,false,,false,,,UKR,Odesa,UKR,,,,,,volodymyr-eryomenko,,71685,,,,,,
3819566,"Escalante Ramirez, Brian",PER,M,GM,,1999,2024,false,,false,,,PER,,PER,,,,,BrianEscalante,brian-sebasti-escalante-ramirez,Brian46,155664,,,,,,
4400801,"Escobar Forero, Alder",COL,M,GM,,1977,2014,false,,false,,,COL,Colombia,COL,,,,,adiosabu,alder-escobar-forero,,99393,,,,,,
6302114,"Esen, Baris",TUR,M,GM,,1986,2010,false,,false,,,TUR,Antalya,TUR,https://upload.wikimedia.org/wikipedia/commons/thumb/6/69/Baris_Esen_2012.jpg/250px-Baris_Esen_2012.jpg,,,,,baris-esen,,50242,,,,,,
24175439,"Esipenko, Andrey",RUS,M,GM,,2002,2018,false,,false,,,RUS,Novocherkassk,RUS,https://upload.wikimedia.org/wikipedia/commons/thumb/1/1e/AndreyEsipenko23.jpg/250px-AndreyEsipenko23.jpg,,,,Andreikka,andrey-esipenko,,138628,,,andrey__esipenko,,,
4611276,"Espig, Lutz",GER,M,GM,,1949,1983,false,,false,,,GER,Greiz,GER,https://upload.wikimedia.org/wikipedia/commons/thumb/9/98/Lutz_Espig_2010-03-09.jpg/250px-Lutz_Espig_2010-03-09.jpg,,,,,lutz-espig,,14467,,,,,,
3507424,"Espinosa Veloz, Ermes",CUB,M,GM,,1987,2017,false,,false,,,CUB,Villa Clara Province,CUB,,,,,Ermito2020,ermes-espinosa-veloz,Ermito,109959,,,,,,
W7792654,"Euwe, Max",NED,M,GM,,1901,1950,true,1981,false,,,NED,Watergraafsmeer,NED,https://upload.wikimedia.org/wikipedia/commons/thumb/4/4f/Max_Euwe_1963.jpg/250px-Max_Euwe_1963.jpg,,,,,,,,,,,,,
2000369,"Evans, Larry",USA,M,GM,,1932,1957,true,2010,false,,,USA,New York City,USA,,,,,,,,,,,,,,
4139275,"Evdokimov, Alexander A.",RUS,M,GM,,1985,2005,false,,false,,,RUS,Astrakhan,RUS,,,,,alexander-evdokimov,alexander-a-evdokimov,,111124,,,,,,
8605840,"Fang, Yuxiang",CHN,M,GM,,1996,2017,false,,false,,,CHN,Shanxi,CHN,,,,,,fang-yuxiang,,142552,,,,,,
700134,"Faragó, Iván",HUN,M,GM,,1946,1976,true,2022,false,,,HUN,Budapest,HUN,https://upload.wikimedia.org/wikipedia/commons/thumb/4/4c/Farag%C3%B3%2CIv%C3%A1n_2016_Dresden.jpeg/250px-Farag%C3%B3%2CIv%C3%A1n_2016_Dresden.jpeg,,,,,ivan-farago,,12209,,,,,,
615935,"Fargere, Francois",FRA,M,GM,,1985,2009,false,,false,,,FRA,"Saint-Rémy, Saône-et-Loire",FRA,https://upload.wikimedia.org/wikipedia/commons/thumb/f/f7/Fran%C3%A7ois_Farg%C3%A8re_2012.jpg/250px-Fran%C3%A7ois_Farg%C3%A8re_2012.jpg,,,,,francois-fargere,IPORC-MATAFAK,53863,,,,,,
10613129,"Fawzy, Adham",EGY,M,GM,,2000,2019,false,,false,,,EGY,Alexandria,EGY,https://upload.wikimedia.org/wikipedia/commons/thumb/8/87/AdhamFawzy23a.jpg/250px-AdhamFawzy23a.jpg,,,,Adham_Fawzy,adham-fawzy,,152694,,,,,,
14102536,"Fedorchuk, Sergey A.",UKR,M,GM,,1981,2002,false,,false,,,UKR,,UKR,https://upload.wikimedia.org/wikipedia/commons/thumb/1/1c/SFedorchuk.jpg/250px-SFedorchuk.jpg,,,,,sergey-a-fedorchuk,,38807,,,,,,
13500465,"Fedorov, Alexei",BLR,M,GM,,1972,1995,false,,false,,,BLR,Mogilev,BLR,https://upload.wikimedia.org/wikipedia/commons/thumb/7/71/2019-Alexei-Fedorov.JPG/250px-2019-Alexei-Fedorov.JPG,,Alexei Dmitrievich Fedorov is a Belarusian chess player. He was awarded the titles International Master in 1992 and Grandmaster in 1995 by FIDE.,https://en.wikipedia.org/wiki/Alexei_Fedorov,ALeFedorov,alexei-fedorov,,10754,,,,,,
2000083,"Fedorowicz, John",USA,M,GM,,1958,1986,false,,false,,,USA,New York City,USA,https://upload.wikimedia.org/wikipedia/commons/thumb/9/9c/Fedorowicz0201_062.jpg/250px-Fedorowicz0201_062.jpg,,,,,john-fedorowicz,,14905,,,,,,
24130737,"Fedoseev, Vladimir",SLO,M,GM,,1995,2011,false,,false,,,RUS,Saint Petersburg,RUS|FID|SLO,https://upload.wikimedia.org/wikipedia/commons/thumb/8/8a/Vladimir_Fedoseev_in_2025_%28cropped%29.jpg/250px-Vladimir_Fedoseev_in_2025_%28cropped%29.jpg,,,,Bigfish1995,vladimir-fedoseev,Feokl1995,108200,,,vladimirfedoseev_official,,,
107069,"Felgaer, Ruben",ARG,M,GM,,1981,2002,false,,false,,,ARG,Buenos Aires,ARG,https://upload.wikimedia.org/wikipedia/commons/thumb/7/7c/Ruben_Felgaer_2013.jpg/250px-Ruben_Felgaer_2013.jpg,,,,rfelgaer,ruben-felgaer,,21001,,,,,,
634654,"Feller, Sebastien",FRA,M,GM,,1991,2007,false,,false,,,FRA,Thionville,FRA,https://upload.wikimedia.org/wikipedia/commons/thumb/5/5b/SebastienFeller17.jpg/250px-SebastienFeller17.jpg,,,,HustleStandard,sebastien-feller,CtFletch57,95862,,,,,,
14500299,"Fercec, Nenad",CRO,M,GM,,1961,2007,false,,false,,,CRO,Pula,CRO,,,,,,nenad-fercec,,37717,,,,,,
1900021,"Fernandes, Antonio",POR,M,GM,,1962,2003,false,,false,,,POR,Pampilhosa da Serra,POR,,,,,,antonio-fernandes,,27782,,,,,,
2200023,"Fernandez Garcia, Jose Luis 1954",ESP,M,GM,,1954,1986,false,,false,,,ESP,Portugalete,ESP,,,,,,jose-luis-fernandez-garcia,,27779,,,,,,
2214679,"Fernandez Romero, Ernesto",ESP,M,GM,,1983,2018,false,,false,,,ESP,Málaga,ESP,,,,,,ernesto-fernandez-romero,ErnestoFernandez,52608,,,,,,
2015390,"Fernandez, Daniel",USA,M,GM,,1985,2022,false,,false,,,USA,Lima,USA,,,,,,daniel-fernandez,D-Fernandez,69188,,,,,,
5801605,"Fernandez, Daniel Howard",ENG,M,GM,,1995,2017,false,,false,,,ENG,Stockport,SIN|ENG,,,,,LuckIsMySkill,daniel-howard-fernandez,,114158,,,,,,
1910850,"Ferreira, Jorge Viterbo",POR,M,GM,,1994,2018,false,,false,,,POR,Porto,POR,https://upload.wikimedia.org/wikipedia/commons/thumb/f/fe/JorgeViterboFerreira23.jpg/250px-JorgeViterboFerreira23.jpg,,,,JVFerreira,jorge-viterbo-ferreira,,128818,,,,,,
14103109,"Feygin, Michael",GER,M,GM,,1975,2013,false,,false,,,UKR,Kharkiv,UKR|GER,,,,,,michael-feygin,,49354,,,,,,
2107139,"Fier, Alexandr",BRA,M,GM,,1988,2007,false,,false,,,BRA,Joinville,BRA,https://upload.wikimedia.org/wikipedia/commons/thumb/5/52/AlexandrFier23a.jpg/250px-AlexandrFier23a.jpg,,,,A-Fier,alexandr-fier,Microwaver,88826,,,,,GMAlexFier,
300098,"Filip, Miroslav",TCH,M,GM,,1928,1955,true,2009,false,,,CZE,Prague,TCH,https://upload.wikimedia.org/wikipedia/commons/thumb/c/c3/Miroslav_Filip_1966.jpg/250px-Miroslav_Filip_1966.jpg,,,,,,,,,,,,,
14200988,"Filippov, Anton",UZB,M,GM,,1986,2008,false,,false,,,UZB,Tashkent,UZB,,,,,Filippov_Anton,anton-filippov,,61592,,,,,,
4117654,"Filippov, Valerij",RUS,M,GM,,1975,1996,false,,false,,,RUS,,RUS,,,,,,valerij-filippov,,17239,,,,,,
W8054024,"Fine, Reuben",USA,M,GM,,1914,1950,true,1993,false,,,USA,New York City,USA,https://upload.wikimedia.org/wikipedia/commons/thumb/b/b2/Reuben_Fine_%281961%29.jpg/250px-Reuben_Fine_%281961%29.jpg,,,,,,,,,,,,,
2000261,"Finegold, Benjamin",USA,M,GM,,1969,2009,false,,false,,,USA,Detroit,USA,https://upload.wikimedia.org/wikipedia/commons/thumb/1/17/2013_08_Ben_Finegold_%289430861911%29_%28cropped%29.png/250px-2013_08_Ben_Finegold_%289430861911%29_%28cropped%29.png,,,,GMBenjaminFinegold,benjamin-finegold,CCSCATL,27532,,ben_finegold,,,GMBenjaminFinegold,
23718293,"Finek, Vaclav",CZE,M,GM,,2010,2026,false,,false,,,,,CZE,https://upload.wikimedia.org/wikipedia/commons/0/05/VaclavFinek24a.jpg?utm_source=en.wikipedia.org&utm_campaign=api&utm_content=thumbnail_unscaled,https://en.wikipedia.org/wiki/V%C3%A1clav_Fin%C4%9Bk,Václav Finěk is a Czech chess grandmaster.,https://en.wikipedia.org/wiki/V%C3%A1clav_Fin%C4%9Bk,,vaclav-finek,,,,,,,,
2801957,"Finkel, Alexander",ISR,M,GM,,1975,1995,false,,false,,,UKR,Kamianets-Podilskyi,ISR,,,,,,alexander-finkel,,47329,,,,,,
6305881,"Firat, Burak",TUR,M,GM,,1993,2017,false,,false,,,TUR,İzmir,TUR,https://upload.wikimedia.org/wikipedia/commons/thumb/b/b3/Firat%2CBurak_2018_Karlsruhe.jpg/250px-Firat%2CBurak_2018_Karlsruhe.jpg,,,,Buffy7,burak-firat,,113243,,,,,,
14104490,"Firman, Nazar",UKR,M,GM,,1983,2011,false,,false,,,UKR,Lviv,UKR,,,,,kuchma777,nazar-firman,,70369,,,,,,
12573981,"Firouzja, Alireza",FRA,M,GM,,2003,2018,false,,false,,,IRI,Babol,FID|FRA,https://upload.wikimedia.org/wikipedia/commons/thumb/0/0b/Alireza_Firouzja_2026_Norway_Chess.jpg/250px-Alireza_Firouzja_2026_Norway_Chess.jpg,,,,Firouzja2003,alireza-firouzja,alireza2003,152702,,AlirezaFirouzja,alirezafirouzja,UCW0z4BV0PGCcRmSWS2vua3w,AlirezaFirouzja,
2000016,"Fischer, Robert James",USA,M,GM,,1943,1958,true,2008,false,,,USA,Chicago,USA,https://upload.wikimedia.org/wikipedia/commons/thumb/3/34/Bobby_Fischer_1972.jpg/250px-Bobby_Fischer_1972.jpg,,,,,,,,,,,,,
14102803,"Fish, Gennadij",GER,M,GM,,1973,2007,false,,false,,,UKR,Simferopol,UKR|GER,,,,,,gennadij-fish,,49258,,,,,,
2000377,"Fishbein, Alexander",USA,M,GM,,1968,1992,false,,false,,,RUS,Leningrad,USA,,,,,Fishbein-NJ,alexander-fishbein,,13766,http://www.gmalexfishbein.com/,,,,,
400165,"Flear, Glenn C",ENG,M,GM,,1959,1987,false,,false,,,ENG,Leicester,ENG,https://upload.wikimedia.org/wikipedia/commons/thumb/5/57/GlennFlear17a.jpg/250px-GlennFlear17a.jpg,,,,,glenn-c-flear,,13822,,,,,,
W4006375,"Flesch, János",HUN,M,GM,,1933,1980,true,1983,false,,,HUN,Budapest,HUN,https://upload.wikimedia.org/wikipedia/commons/thumb/a/a4/Flesch_1982_Linz.jpg/250px-Flesch_1982_Linz.jpg,,,,,,,,,,,,,
W9378383,"Flohr, Salo",URS,M,GM,,1908,1950,true,1983,false,,,URS,Horodenka,URS,https://upload.wikimedia.org/wikipedia/commons/thumb/b/bb/Salo_Flohr_1933.jpg/250px-Salo_Flohr_1933.jpg,,,,,,,,,,,,,
621650,"Flom, Gabriel",FRA,M,GM,,1986,2020,false,,false,,,FRA,Paris,FRA,,,,,,gabriel-flom,,68647,,,,,,
3408027,"Flores Rios, Mauricio",CHI,M,GM,,1990,2009,false,,false,,,CHI,Valparaíso,CHI,https://upload.wikimedia.org/wikipedia/commons/thumb/b/be/Mauricio_Flores_Rios.jpg/250px-Mauricio_Flores_Rios.jpg,,,,mauricioflores,mauricio-flores-rios,,103429,,,,,,
108049,"Flores, Diego",ARG,M,GM,,1982,2008,false,,false,,,ESP,Las Palmas,ARG,https://upload.wikimedia.org/wikipedia/commons/thumb/5/57/Flores_diego_20081119_olympiade_dresden.jpg/250px-Flores_diego_20081119_olympiade_dresden.jpg,,Diego Flores is an Argentine chess player who received the FIDE title of Grandmaster (GM) in 2008. He is a five-time Argentine Chess Champion.,https://en.wikipedia.org/wiki/Diego_Flores_(chess_player),messiboca,diego-flores,,53050,,,,,,
717274,"Flumbort, Andras Dr.",HUN,M,GM,,1984,2010,false,,false,,,HUN,Nagykanizsa,HUN,https://upload.wikimedia.org/wikipedia/commons/thumb/3/36/AndrasFlumbort.jpg/250px-AndrasFlumbort.jpg,,,,,dr-andras-flumbort,,50235,,,,,,
723762,"Fodor, Tamas Jr.",HUN,M,GM,,1991,2013,false,,false,,,HUN,Kalocsa,HUN,https://upload.wikimedia.org/wikipedia/commons/thumb/8/88/London_Chess_Classic_2016_Day7-2_%2831873099435%29_%28cropped%29.jpg/250px-London_Chess_Classic_2016_Day7-2_%2831873099435%29_%28cropped%29.jpg,,,,fodorpoti,tamas-jr-fodor,,106715,,,,,,
700363,"Fogarasi, Tibor",HUN,M,GM,,1969,2003,false,,false,,,HUN,Szolnok,HUN,,,,,,tibor-fogarasi,,19066,,,,,,
4100590,"Fominyh, Alexander",RUS,M,GM,,1959,1993,false,,false,,,RUS,Novosibirsk,RUS,,,,,,alexander-fominyh,,23216,,,,,,
605590,"Fontaine, Robert",SUI,M,GM,,1980,2002,false,,false,,,SUI,,FRA|MNC|SUI,https://upload.wikimedia.org/wikipedia/commons/4/4e/RobertFontaine.png,,,,RobertFontaine,robert-fontaine,,17364,,,,,,
2288230,"Forcen Esteban, Daniel",ESP,M,GM,,1994,2016,false,,false,,,ESP,Zaragoza,ESP,,,,,dforcen,daniel-forcen-esteban,,132195,,,,,,
700690,"Forintos, Győző",HUN,M,GM,,1935,1974,true,2018,false,,,HUN,Budapest,HUN,https://upload.wikimedia.org/wikipedia/commons/thumb/7/73/Forintos_1996_Bad_Liebenzell.jpg/250px-Forintos_1996_Bad_Liebenzell.jpg,,,,,,,,,,,,,
2209381,"Franco Ocampos, Zenón",ESP,M,GM,,1956,1990,true,2024,false,,,PAR,Asunción,ESP|PAR|ESP,https://upload.wikimedia.org/wikipedia/commons/thumb/8/80/Franco_ocampos_zenon_20081119_olympiade_dresden.jpg/250px-Franco_ocampos_zenon_20081119_olympiade_dresden.jpg,,,,SpasskyPY,zenon-franco-ocampos,,49088,,,,,,
608742,"Fressinet, Laurent",FRA,M,GM,,1981,2000,false,,false,,,FRA,"Dax, Landes",FRA,https://upload.wikimedia.org/wikipedia/commons/thumb/f/f3/Fressinet2018.jpg/250px-Fressinet2018.jpg,,,,Zlatan56,laurent-fressinet,,28654,,,,,,
11600454,"Fridman, Daniel",GER,M,GM,,1976,2001,false,,false,,,LAT,Riga,LAT|GER,https://upload.wikimedia.org/wikipedia/commons/thumb/d/d7/Daniel_Fridman_2013.jpg/250px-Daniel_Fridman_2013.jpg,,,,Tormoz,daniel-fridman,,42773,,,,,,
2017199,"Friedel, Joshua",USA,M,GM,,1986,2008,false,,false,,,USA,"Goffstown, New Hampshire",USA,https://upload.wikimedia.org/wikipedia/commons/thumb/9/92/Friedel_Joshua_%28cropped%29_%28cropped%29.jpg/250px-Friedel_Joshua_%28cropped%29_%28cropped%29.jpg,,Joshua Edward Friedel is an American chess player with the FIDE title of Grandmaster. He was the U.S. Open Champion in 2013.,https://en.wikipedia.org/wiki/Joshua_Friedel,jfriedel,joshua-friedel,,10172,,,,,,
4151976,"Frolyanov, Dmitry",RUS,M,GM,,1986,2007,false,,false,,,RUS,Tolyatti,RUS,,,,,Frolyanov_D,dmitry-frolyanov,,53204,,,,,,
14900017,"Ftacnik, Lubomir",SVK,M,GM,,1957,1980,false,,false,,,SVK,Bratislava,SVK,https://upload.wikimedia.org/wikipedia/commons/thumb/1/11/Ftacnik_lubomir_20081025_berlin_bundesliga.jpg/250px-Ftacnik_lubomir_20081025_berlin_bundesliga.jpg,,,,Ftacnikl,lubomir-ftacnik,,17586,,,,,,
205591,"Fuderer, Andrija",YUG,M,GM,,1931,1990,true,2011,false,,,SRB,Subotica,YUG,https://upload.wikimedia.org/wikipedia/commons/thumb/7/76/HoogovensChess1952-6.jpg/250px-HoogovensChess1952-6.jpg,,,,,,,,,,,,,
W4732619,"Furman, Semyon",URS,M,GM,,1920,1966,true,1978,false,,,BLR,Pinsk,URS,,,,,,,,,,,,,,
4600967,"Gabriel, Christian",GER,M,GM,,1975,1996,false,,false,,,ROU,Reșița,GER,https://upload.wikimedia.org/wikipedia/commons/thumb/6/64/ChristianGabriel13.jpg/250px-ChristianGabriel13.jpg,,,,,christian-gabriel,,11615,,,,,,
4131002,"Gabrielian, Artur",RUS,M,GM,,1982,2009,false,,false,,,ARM,Hrazdan,RUS,https://upload.wikimedia.org/wikipedia/commons/thumb/d/d5/Artur_Gabrielian.jpg/250px-Artur_Gabrielian.jpg,,,,Gabrielian_Artur,artur-gabrielian,Gabrielian,80502,,,,,,
13303732,"Gabuzyan, Hovhannes",ARM,M,GM,,1995,2012,false,,false,,,ARM,Yerevan,ARM,,,,,GABUZYAN_CHESSMOOD,hovhannes-gabuzyan,GABUZYAN_CHESSMOOD,118175,,GM_Gabzuyan,,,,
13404938,"Gadimbayli, Abdulla",AZE,M,GM,,2002,2022,false,,false,,,AZE,Baku,AZE,https://upload.wikimedia.org/wikipedia/commons/thumb/d/d7/Abdulla_Gadimbayli_%282023%29.jpg/250px-Abdulla_Gadimbayli_%282023%29.jpg,,,,GadimbayliA,abdulla-gadimbayli,Abik02,151476,,,,,,AbdullaGadimbayliOfficial
5037883,"Gagare, Shardul",IND,M,GM,,1997,2016,false,,false,,,IND,Sangamner,IND,https://upload.wikimedia.org/wikipedia/commons/thumb/a/ac/Shardul_Gagare_%28cropped%29.jpg/250px-Shardul_Gagare_%28cropped%29.jpg,,,,,shardul-annasaheb-gagare,,117246,,,,,,
13601652,"Gagunashvili, Merab",GEO,M,GM,,1985,2002,false,,false,,,GEO,Tbilisi,GEO,https://upload.wikimedia.org/wikipedia/commons/thumb/1/19/Merab_Gagunashvili_2013.jpg/250px-Merab_Gagunashvili_2013.jpg,,Merab Gagunashvili is a Georgian chess grandmaster. He is a two-time Georgian Chess Champion.,https://en.wikipedia.org/wiki/Merab_Gagunashvili,Gaguna,merab-gagunashvili,,81413,,,,,,
1116207,"Gajewski, Grzegorz",POL,M,GM,,1985,2006,false,,false,,,POL,Skierniewice,POL,https://upload.wikimedia.org/wikipedia/commons/thumb/6/66/2021-Grzegorz-Gajewski.JPG/250px-2021-Grzegorz-Gajewski.JPG,,,,Gajuchess,grzegorz-gajewski,,54613,,,,,,
5123119,"Galaviz Medina, Sion Radamantys",MEX,M,GM,,2005,2025,false,,false,,,MEX,,MEX,,,,,,sion-radamantys-galaviz-medina,,,,,,,,
13300067,"Galdunts, Sergey",ARM,M,GM,,1965,2003,false,,false,,,AZE,Baku,ARM,,,,,,sergey-galdunts,,17881,,,,,,
1900072,"Galego, Luis",POR,M,GM,,1966,2002,false,,false,,,POR,,POR,,,,,,luis-galego,,19616,,,,,,
4120426,"Galkin, Alexander",RUS,M,GM,,1979,1997,false,,false,,,RUS,Rostov-on-Don,RUS,https://upload.wikimedia.org/wikipedia/commons/6/66/AlexanderGalkin.jpg,,,,gm_aag,alexander-galkin,,18290,,,,,,
1303422,"Gallagher, Joseph G.",SUI,M,GM,,1964,1990,false,,false,,,ENG,London,SUI,https://upload.wikimedia.org/wikipedia/commons/thumb/e/e5/London_Chess_Classic_2016_Day9-5_%2831756768401%29_%28cropped%29.jpg/250px-London_Chess_Classic_2016_Day9-5_%2831756768401%29_%28cropped%29.jpg,,,,,joseph-g-gallagher,,31026,,,,,,
4402669,"Gallego Alcaraz, Andres Felipe",COL,M,GM,,1989,2018,false,,false,,,COL,Medellín,COL,,,,,afgano29,andres-felipe-gallego-alcaraz,,124531,,,,,,
14165414,"Galperin, Platon",SWE,M,GM,,2003,2022,false,,false,,,SWE,,UKR|SWE,,,,,GalperinPlaton,platon-galperin,,157832,,,,,,
707244,"Galyas, Miklos",HUN,M,GM,,1978,2023,false,,false,,,HUN,,HUN,https://upload.wikimedia.org/wikipedia/commons/thumb/1/15/MiklosGalyas23.jpg/250px-MiklosGalyas23.jpg,,Miklós Galyas is a Hungarian chess grandmaster.,https://en.wikipedia.org/wiki/Mikl%C3%B3s_Galyas,Gyapiking,miklos-galyas,Gyapiking,38796,,,,,,
5002150,"Ganguly, Surya Shekhar",IND,M,GM,,1983,2003,false,,false,,,IND,Kolkata,IND,https://upload.wikimedia.org/wikipedia/commons/thumb/3/3a/At_Tata_Steel_Chess%2C_2018.jpg/250px-At_Tata_Steel_Chess%2C_2018.jpg,,,,suryaganguly,surya-shekhar-ganguly,,49536,,suryachess64,,,,
8602387,"Gao, Rui",CHN,M,GM,,1992,2013,false,,false,,,CHN,Qingdao,CHN,https://upload.wikimedia.org/wikipedia/commons/thumb/3/37/Gao_Rui_2012.jpg/250px-Gao_Rui_2012.jpg,,,,,gao-rui,,98957,,,,,,
13600125,"Gaprindashvili, Nona",GEO,F,GM,WGM,1941,1978,false,,false,,,GEO,Zugdidi,GEO,https://upload.wikimedia.org/wikipedia/commons/thumb/9/93/Wereldkampioene_schaken_de_Russin_Nona_Geprindasjwili_op_Schiphol_%28kop%29%2C_Bestanddeelnr_914-7094_%28cropped%29.jpg/250px-Wereldkampioene_schaken_de_Russin_Nona_Geprindasjwili_op_Schiphol_%28kop%29%2C_Bestanddeelnr_914-7094_%28cropped%29.jpg,,,,,nona-gaprindashvili,,16111,,,,,,
13601091,"Gaprindashvili, Valeriane",GEO,M,GM,,1982,2001,false,,false,,,GEO,,GEO,,,,,,valeriane-gaprindashvili,,17312,,,,,,
3500179,"Garcia Martinez, Silvino",CUB,M,GM,,1944,1975,false,,false,,,CUB,Havana,CUB,https://upload.wikimedia.org/wikipedia/commons/thumb/c/cc/GarciaMartinez_Silvino_%28cropped%29.jpg/250px-GarciaMartinez_Silvino_%28cropped%29.jpg,,,,,silvino-garcia-martinez,,29478,,,,,,
110124,"Garcia Palermo, Carlos Horacio",ITA,M,GM,,1953,1985,false,,false,,,ARG,La Plata,ARG|ITA,https://upload.wikimedia.org/wikipedia/commons/thumb/0/05/Carlos_Garcia_Palermo.jpg/250px-Carlos_Garcia_Palermo.jpg,,"The following people have all been grandmasters (GM) of chess. The title has been awarded since 1950 to players who have met the standards required by the sport's governing body, FIDE. Other than world champion, it is the highest title a chess player can attain and is awarded for life, although FIDE regulations allow for the revocation of titles for cheating or fraud.",https://en.wikipedia.org/wiki/List_of_chess_grandmasters,,carlos-garcia-palermo,,81333,,,,,,
3509265,"Garcia Pantoja, Roberto",COL,M,GM,,1992,2019,false,,false,,,CUB,Havana,CUB|COL,,,,,rogapa,roberto-garcia-pantoja,chessiando,133275,,,,,,
W1984197,"García González, Guillermo",CUB,M,GM,,1953,1976,true,1990,false,,,CUB,"Santa Clara, Cuba",CUB,https://upload.wikimedia.org/wikipedia/commons/thumb/c/c3/Garcia-Gonzalez_1981_Bochum.jpg/250px-Garcia-Gonzalez_1981_Bochum.jpg,,,,,,,,,,,,,
2200538,"García Ilundáin, David",ESP,M,GM,,1971,1996,true,2002,false,,,ESP,El Prat de Llobregat,ESP,,,,,,,,,,,,,,
4400020,"García, Gildardo",COL,M,GM,,1954,1992,true,2021,false,,,COL,Medellín,COL,https://upload.wikimedia.org/wikipedia/commons/thumb/2/2a/Gildardo_Garcia.jpg/250px-Gildardo_Garcia.jpg,,,,,,,,,,,,,
14200937,"Gareyev, Timur",NON,M,GM,,1988,2004,false,,false,,,UZB,Tashkent,UZB|USA|NON,https://upload.wikimedia.org/wikipedia/commons/thumb/9/99/TimurGareyev_%28cropped%29.jpg/250px-TimurGareyev_%28cropped%29.jpg,,,,TimurGareyev,timur-gareyev,,56780,,,,,,
32011601,"Garriga Cazorla, Pere",ESP,M,GM,,1998,2024,false,,false,,,ESP,Mollet del Vallès,ESP,https://upload.wikimedia.org/wikipedia/commons/thumb/2/22/PereGarrigaCazorla_%28cropped%29.jpg/250px-PereGarrigaCazorla_%28cropped%29.jpg,,,,PereGarrigaCazorla,pere-garriga-cazorla,,153889,,,,,,
14104466,"Gasanov, Eldar",UKR,M,GM,,1982,2007,false,,false,,,UKR,Kharkiv,UKR,,,,,,eldar-gasanov,,10880,,,,,,
3902463,"Gascon Del Nogal, Jose Rafael",VEN,M,GM,,1995,2018,false,,false,,,VEN,Caracas,VEN,,,"The following people have all been grandmasters (GM) of chess. The title has been awarded since 1950 to players who have met the standards required by the sport's governing body, FIDE. Other than world champion, it is the highest title a chess player can attain and is awarded for life, although FIDE regulations allow for the revocation of titles for cheating or fraud.",https://en.wikipedia.org/wiki/List_of_chess_grandmasters,GasconChess-YouTube,jose-rafael-gascon-del-nogal,,149248,,,,,,jose.gascondelnogal
13400630,"Gashimov, Vugar",AZE,M,GM,,1986,2002,true,2014,false,,,AZE,Baku,AZE,https://upload.wikimedia.org/wikipedia/commons/thumb/e/ef/VugarGashimov11.jpg/250px-VugarGashimov11.jpg,,,,,,,,,,,,,
1500031,"Gausel, Einar J",NOR,M,GM,,1963,1995,false,,false,,,NOR,,NOR,https://upload.wikimedia.org/wikipedia/commons/thumb/d/d1/Einar_Gausel_NM_Hamar_2007.jpg/250px-Einar_Gausel_NM_Hamar_2007.jpg,,"The following people have all been grandmasters (GM) of chess. The title has been awarded since 1950 to players who have met the standards required by the sport's governing body, FIDE. Other than world champion, it is the highest title a chess player can attain and is awarded for life, although FIDE regulations allow for the revocation of titles for cheating or fraud.",https://en.wikipedia.org/wiki/List_of_chess_grandmasters,Bankrotten,einar-j-gausel,,14458,,EinarGausel,,,,
12801747,"Gavrikov, Viktor",URS,M,GM,,1957,1984,true,2016,false,,,MDA,Criuleni,URS,,,,,,,,,,,,,,
1227190,"Gavrilescu, David",ROU,M,GM,,2003,2023,false,,false,,,ROU,Craiova,ROU,https://upload.wikimedia.org/wikipedia/commons/thumb/1/12/DavidGavrilescu24.jpg/250px-DavidGavrilescu24.jpg,,David Gavrilescu is a Romanian chess grandmaster.,https://en.wikipedia.org/wiki/David_Gavrilescu,DavidGavrilescu18,david-gavrilescu,,154660,,,,,,
4104358,"Gavrilov, Alexei",RUS,M,GM,,1960,2010,false,,false,,,RUS,Moscow,RUS,,,,,,alexei-gavrilov,,49705,,,,,,
4127854,"Gazarian, Aram",RUS,M,GM,,1983,2002,false,,false,,,RUS,,RUS,,,,,,aram-gazarian,,100659,,,,,,
14928752,"Gazik, Viktor",SVK,M,GM,,2001,2022,false,,false,,,SVK,,SVK,https://upload.wikimedia.org/wikipedia/commons/thumb/4/4f/Gazik%2CViktor_2019_Radenci.jpg/250px-Gazik%2CViktor_2019_Radenci.jpg,,,,,viktor-gazik,,140009,,,,,,
1100106,"Gdanski, Jacek",POL,M,GM,,1970,1997,false,,false,,,POL,Szczecinek,POL,https://upload.wikimedia.org/wikipedia/commons/thumb/1/10/2021-Jacek-Gdanski.JPG/250px-2021-Jacek-Gdanski.JPG,,,,,jacek-gdanski,,15702,,,,,,
13600702,"Gelashvili, Tamaz",GEO,M,GM,,1978,1999,false,,false,,,GEO,,GEO,https://upload.wikimedia.org/wikipedia/commons/thumb/e/e1/Gelashvili_Tamaz_%2830132369046%29_%28cropped%29.jpg/250px-Gelashvili_Tamaz_%2830132369046%29_%28cropped%29.jpg,,,,GMTamaz,tamaz-gelashvili,,49264,,,,,,
2805677,"Gelfand, Boris",ISR,M,GM,,1968,1989,false,,false,,,BLR,Minsk,ISR,https://upload.wikimedia.org/wikipedia/commons/thumb/6/64/Boris_Gelfand_in_2026.jpg/250px-Boris_Gelfand_in_2026.jpg,,,,Remontada2017,boris-gelfand,,13847,,,,,,
4100581,"Geller, Efim",RUS,M,GM,,1925,1952,true,1998,false,,,UKR,Odesa,RUS,https://upload.wikimedia.org/wikipedia/commons/thumb/6/61/Efim_Geller_1977b.jpg/250px-Efim_Geller_1977b.jpg,,,,,,,,,,,,,
4151984,"Geller, Jakov",RUS,M,GM,,1986,2011,false,,false,,,RUS,,RUS,,,,,Geller_Jakov,jakov-geller,,49676,,,,,,
2900211,"Genov, Petar",BUL,M,GM,,1970,2002,false,,false,,,BUL,Plovdiv,BUL,https://upload.wikimedia.org/wikipedia/commons/thumb/4/45/PetarGenovenOpenGwengamp2013.jpg/250px-PetarGenovenOpenGwengamp2013.jpg,,,,TigerGenov,petar-genov,,48961,,,,,,
1213300,"Georgescu, Tiberiu-Marian",ROU,M,GM,,1991,2015,false,,false,,,ROU,Bucharest,ROU,https://upload.wikimedia.org/wikipedia/commons/thumb/c/c7/Tiberiu_Georgescu.png/250px-Tiberiu_Georgescu.png,,,,Georgescu_Tiberiu,tiberiu-marian-georgescu,,115599,,,,,,
1300113,"Georgiadis, Nico",SUI,M,GM,,1996,2017,false,,false,,,SUI,Bülach,SUI,https://upload.wikimedia.org/wikipedia/commons/thumb/b/b8/Georgiadis%2CNico_2017_Berlin.jpeg/250px-Georgiadis%2CNico_2017_Berlin.jpeg,,,,ElHelvetico,nico-georgiadis,,113638,,el_nicolas96,,,,
2900017,"Georgiev, Kiril",BUL,M,GM,,1965,1985,false,,false,,,BUL,Petrich,BUL|MKD|BUL|MKD|BUL,https://upload.wikimedia.org/wikipedia/commons/thumb/9/9c/Kiril_georgiev_2011.jpg/250px-Kiril_georgiev_2011.jpg,,"Kiril Dimitrov Georgiev is a Bulgarian and Macedonian chess grandmaster, and seven-time Bulgarian Chess Champion.",https://en.wikipedia.org/wiki/Kiril_Georgiev,Kiril1965,kiril-georgiev,K-Georgiev,47071,,,,,,
2900092,"Georgiev, Krum",BUL,M,GM,,1958,1988,true,2024,false,,,BUL,Pazardzhik,BUL,,,,,,krum-georgiev,,15821,,,,,,
2903024,"Georgiev, Vladimir",MKD,M,GM,,1975,2000,false,,false,,,BUL,Dobrich,MKD,https://upload.wikimedia.org/wikipedia/commons/thumb/6/6f/Vladimir_Georgiev_2011.jpg/250px-Vladimir_Georgiev_2011.jpg,,,,gmvladko,vladimir-georgiev,,10947,,,,,,
2802430,"Gershon, Alik",ISR,M,GM,,1980,2000,false,,false,,,ISR,Dniepropetrovsk,ISR,,,"Alik Gershon is an Israeli chess grandmaster. On 21 October 2010 he set the Guinness World Record for simultaneous games after playing 523 opponents in Tel Aviv. After 18 hours and 30 minutes, he won 454 games (86%), lost 11 and drew 58.",https://en.wikipedia.org/wiki/Alik_Gershon,,alik-gershon,,17845,,,,,,
12500739,"Ghaem Maghami, Ehsan",IRI,M,GM,,1982,2001,false,,false,,,IRI,Tehran,IRI,https://upload.wikimedia.org/wikipedia/commons/thumb/c/c6/Simultaneous_exhibition%2C_Sanchi_Martyrs_Memorial%2C_Rasht_-_19_April_2018_27.jpg/250px-Simultaneous_exhibition%2C_Sanchi_Martyrs_Memorial%2C_Rasht_-_19_April_2018_27.jpg,,,,Ehsan_GhaemMaghami,ehsan-ghaem-maghami,,49243,,,,,,
12500313,"Ghane, Shojaat",IRI,M,GM,,1975,2008,false,,false,,,IRI,Ardabil,IRI,https://upload.wikimedia.org/wikipedia/commons/thumb/0/00/Shojaat_ghaneh.jpg/250px-Shojaat_ghaneh.jpg,,,,,shojaat-ghane,GHANE2020,52581,,,,,,
13301527,"Gharamian, Tigran",FRA,M,GM,,1984,2009,false,,false,,,ARM,Yerevan,ARM|FRA,https://upload.wikimedia.org/wikipedia/commons/thumb/e/e7/Gharamian%2CTigran_2016_Baden-Baden.jpeg/250px-Gharamian%2CTigran_2016_Baden-Baden.jpeg,,,,tigrangharamian,tigran-gharamian,,36023,,,,,,
13308300,"Gharibyan, Mamikon",ARM,M,GM,,2004,2023,false,,false,,,ARM,Gyumri,ARM,https://upload.wikimedia.org/wikipedia/commons/thumb/9/91/GM_Mamikon_Gharibyan_003_%28cropped%29.jpg/250px-GM_Mamikon_Gharibyan_003_%28cropped%29.jpg,,Mamikon Gharibyan is an Armenian chess grandmaster.,https://en.wikipedia.org/wiki/Mamikon_Gharibyan,Gareth-Bale11,mamikon-gharibyan,,156030,,,,,,
409200,"Ghasi, Ameet K",ENG,M,GM,,1987,2024,false,,false,,,ENG,,ENG,,,,,ameetghasi100,ameet-k-ghasi,,71825,,,,,,
30908604,"Ghazarian, Kirk",USA,M,GM,,2006,2024,false,,false,,,USA,,USA|ISV|USA,,,,,,kirk-ghazarian,,,,,,,,
1200011,"Gheorghiu, Florin",ROU,M,GM,,1944,1965,false,,false,,,ROU,Bucharest,ROU,https://upload.wikimedia.org/wikipedia/commons/thumb/8/8a/Gheorghiu%2CFlorin_1987_Altensteig.jpeg/250px-Gheorghiu%2CFlorin_1987_Altensteig.jpeg,,,,,florin-gheorghiu,,23006,,,,,,
1200119,"Ghițescu, Theodor",ROU,M,GM,,1934,1986,true,2008,false,,,ROU,Bucharest,ROU,https://upload.wikimedia.org/wikipedia/commons/thumb/c/c4/IBM_schaaktoernooi%2C_G._Hitesan_%28Roemenie%29%2C_Bestanddeelnr_917-9979.jpg/250px-IBM_schaaktoernooi%2C_G._Hitesan_%28Roemenie%29%2C_Bestanddeelnr_917-9979.jpg,,,,,,,,,,,,,
12558486,"Gholami Orimi, Mahdi",IRI,M,GM,,2002,2024,false,,false,,,IRI,Mazandaran province,IRI,,,,,,mahdi-gholami-orimi,,,,,,,,
12513342,"Gholami, Aryan",IRI,M,GM,,2001,2020,false,,false,,,IRI,Sari,IRI,https://upload.wikimedia.org/wikipedia/commons/thumb/d/dc/Aryan_Gholami_01_%282%29.jpg/250px-Aryan_Gholami_01_%282%29.jpg,,,,Aryangholami,aryan-gholami,,149925,,,,,,
5045207,"Ghosh, Diptayan",IND,M,GM,,1998,2016,false,,false,,,IND,Kolkata,IND,,,,,Wizard456,diptayan-ghosh,MasterAssasin123,117255,,,,,,
101613,"Giaccio, Alfredo",ARG,M,GM,,1970,2013,false,,false,,,ARG,Buenos Aires,ARG,,,,,,alfredo-giaccio,AGG2020,16430,,,,,,
32080190,"Gines Esteo, Pedro Antonio",ESP,M,GM,,2004,2022,false,,false,,,ESP,Zaragoza,ESP,,,,,pedro_gines,pedro-antonio-gines-esteo,,161845,,,,,,
4630629,"Ginsburg, Gennadi",GER,M,GM,,1971,2006,false,,false,,,UKR,Kommunarsk,GER,,,,,higescha,gennadi-ginsburg,,18230,,,,,,
13600044,"Giorgadze, Giorgi Gel",GEO,M,GM,,1964,1993,false,,false,,,GEO,,GEO,https://upload.wikimedia.org/wikipedia/commons/thumb/9/94/Giorgi_Giorgadze_2013.jpg/250px-Giorgi_Giorgadze_2013.jpg,,,,GeorgeGiorgadze,giorgi-giorgadze,,14250,,,,,,
13600028,"Giorgadze, Tamaz",GEO,M,GM,,1947,1977,false,,false,,,GEO,Tbilisi,GEO,https://upload.wikimedia.org/wikipedia/commons/thumb/9/9a/Giorgadze%2C_Tamaz_1979_Dortmund.jpg/250px-Giorgadze%2C_Tamaz_1979_Dortmund.jpg,,,,,tamaz-giorgadze,,15007,,,,,,
11600080,"Gipslis, Aivars",URS,M,GM,,1937,1967,true,2000,false,,,LAT,Riga,URS,,,,,,,,,,,,,,
36033561,"Girel, Joseph",FRA,M,GM,,2004,2024,false,,false,,,FRA,,FRA,,,,,,joseph-girel,,169241,,,,,,
24116068,"Giri, Anish",NED,M,GM,,1994,2009,false,,false,,,RUS,Saint Petersburg,RUS|NED,https://upload.wikimedia.org/wikipedia/commons/thumb/1/1e/FIDE_Grand_Swiss_2025_Samarkand_Anish_Giri.jpg/250px-FIDE_Grand_Swiss_2025_Samarkand_Anish_Giri.jpg,,"Anish Kumar Giri is a Dutch chess grandmaster. A former chess prodigy, he completed the requirements for the grandmaster title in 2009 at the age of 14 years, 7 months and 2 days. Giri is a five-time Dutch champion, and has represented the Netherlands at seven Chess Olympiads.",https://en.wikipedia.org/wiki/Anish_Giri,AnishGiri,anish-giri,AnishGiri,107252,https://www.anishgiri.eu,anishgiri,anishgiri94,UC9Zs0DGUuenE23tObR50jJQ,,
5038448,"Girish, A. Koushik",IND,M,GM,,1997,2019,false,,false,,,IND,Sringeri,IND,,,,,giantslayer83,a-koushik-girish,giantslayer83,117413,,,,,,
4195752,"Girya, Olga",RUS,F,GM,WGM,1991,2021,false,,false,,,RUS,Langepas,RUS,https://upload.wikimedia.org/wikipedia/commons/thumb/9/92/Girya%2COlga_2012-04-21_Gladenbach.jpg/250px-Girya%2COlga_2012-04-21_Gladenbach.jpg,,,,Olga_Girya,olga-girya,,105120,,,,,,
712779,"Gledura, Benjamin",HUN,M,GM,,1999,2016,false,,false,,,HUN,,HUN,https://upload.wikimedia.org/wikipedia/commons/thumb/6/64/BenjaminGledura23.jpg/250px-BenjaminGledura23.jpg,,,,promen1999,benjamin-gledura,,134705,http://gledura.ewk.hu/,,,,,
4101332,"Gleizerov, Evgeny",RUS,M,GM,,1963,1993,false,,false,,,RUS,Chelyabinsk,RUS,https://upload.wikimedia.org/wikipedia/commons/thumb/3/36/Evgeny_Gleizerov_Rilton_Cup_2009.jpg/250px-Evgeny_Gleizerov_Rilton_Cup_2009.jpg,,,,,evgeny-gleizerov,,19799,,,,,,
4100484,"Glek, Igor",BEL,M,GM,,1961,1990,false,,false,,,RUS,Moscow,GER|RUS|BEL,https://upload.wikimedia.org/wikipedia/commons/thumb/7/70/Igor_Glek.JPG/250px-Igor_Glek.JPG,,,,IgorGlek,igor-glek,,15140,,Igor_Glek,,,,
900400,"Gligorić, Svetozar",YUG,M,GM,,1923,1951,true,2012,false,,,SRB,Belgrade,YUG,https://upload.wikimedia.org/wikipedia/commons/thumb/a/a7/Svetozar_Gligori%C4%87_1966.jpg/250px-Svetozar_Gligori%C4%87_1966.jpg,,,,,,,,,,,,,
1407767,"Glud, Jakob Vang",DEN,M,GM,,1988,2014,false,,false,,,DEN,Aarhus,DEN,,,,,TeamGlud,jakob-vang-glud,,98392,,,,,,
800090,"Godena, Michele",ITA,M,GM,,1967,1996,false,,false,,,ITA,Valdobbiadene,ITA,https://upload.wikimedia.org/wikipedia/commons/thumb/b/b1/Michele_Godena_-_Civitanova_Marche_2015_%28cropped%29.jpg/250px-Michele_Godena_-_Civitanova_Marche_2015_%28cropped%29.jpg,,"Michele Godena is an Italian chess player. He achieved the FIDE titles of International Master (IM) in 1988 and Grandmaster (GM) in 1996, following a plus score on board one for Italy at the Chess Olympiad in Yerevan. Godena is a five-time Italian champion.",https://en.wikipedia.org/wiki/Michele_Godena,,michele-godena,,17040,,,,,,
2801574,"Gofshtein, Leonid",ISR,M,GM,,1953,1993,true,2015,false,,,ISR,,ISR,https://upload.wikimedia.org/wikipedia/commons/thumb/b/b8/LGofshtein09.jpg/250px-LGofshtein09.jpg,,,,,,,,,,,,,
24109959,"Goganov, Aleksey",RUS,M,GM,,1991,2013,false,,false,,,RUS,,RUS,https://upload.wikimedia.org/wikipedia/commons/thumb/d/db/Aleksey_Goganov_2019_Karlsruhe_%28cropped%29.JPEG/250px-Aleksey_Goganov_2019_Karlsruhe_%28cropped%29.JPEG,,,,AlexVanGog,aleksey-goganov,,121884,,,,,,
5800706,"Goh, Wei Ming Kevin",SGP,M,GM,,1983,2020,false,,false,,,SGP,Singapore,SGP,,,,,Kevin_Goh,goh-wei-ming,,88683,,,,,,
6336760,"Gokerkan, Cem Kaan",TUR,M,GM,,2000,2023,false,,false,,,TUR,,TUR,,,,,ckgchess,cem-kaan-gokerkan,,153411,,,,,,
2019540,"Goldin, Alexander",USA,M,GM,,1964,1989,false,,false,,,RUS,Novosibirsk,ISR|USA,https://upload.wikimedia.org/wikipedia/commons/e/e7/Goldin2.jpg,,,,astralpulse,alexander-goldin,,46214,,,,,,
12505269,"Golizadeh, Asghar",IRI,M,GM,,1990,2011,false,,false,,,IRI,Tabriz,IRI,,,,,Grandmaster1369,asghar-golizadeh,,107186,,,,,,
2804140,"Golod, Vitali",ISR,M,GM,,1971,1996,false,,false,,,UKR,Lviv,ISR,https://upload.wikimedia.org/wikipedia/commons/thumb/9/98/Vitali_Golod.jpg/250px-Vitali_Golod.jpg,,,,London_Chess_Club,vitali-golod,,28473,,VitaliGolod,,,,
W3392235,"Golombek, Harry",ENG,M,GM,,1911,1985,true,1995,false,,,ENG,London,ENG,,,,,,,,,,,,,,
14103222,"Goloshchapov, Alexander",UKR,M,GM,,1978,1999,false,,false,,,UKR,,UKR,https://upload.wikimedia.org/wikipedia/commons/thumb/d/d9/Alexander_Goloshchapov.jpg/250px-Alexander_Goloshchapov.jpg,,,,Alex_Goloshchapov,alexander-goloshchapov,,49432,http://chess.coach/,,,,,
14100983,"Golubev, Mikhail",UKR,M,GM,,1970,1996,false,,false,,,UKR,Odesa,UKR,https://upload.wikimedia.org/wikipedia/commons/thumb/d/d6/Golubev_Mikhail.jpg/250px-Golubev_Mikhail.jpg,,,,Mikhail_Golubev,mikhail-golubev,Mikhail_Golubev,14511,http://mikhailgolubev.wordpress.com/,mikhail_golubev,,,,
14114224,"Golubka, Petro",CAN,M,GM,,1989,2020,false,,false,,,CAN,,UKR|CAN,,,,,Rybka1989,petro-golubka,,74426,,,,,,
2200163,"Gomez Esteban, Juan Mario",ESP,M,GM,,1958,2004,false,,false,,,ESP,Santurce,ESP,,,,,,juan-mario-gomez-esteban,,20889,,,,,,
3507904,"Gomez Garrido, Camilo Ernesto",CUB,M,GM,,1987,2016,false,,false,,,CUB,Holguín,CUB,https://upload.wikimedia.org/wikipedia/commons/thumb/a/ae/Camilo_Ernesto_G%C3%B3mez_Garrido.jpg/250px-Camilo_Ernesto_G%C3%B3mez_Garrido.jpg,,,,relaxx87,camilo-ernesto-gomez-garrido,,154941,,,,,,
5201381,"Gomez, John Paul",PHI,M,GM,,1986,2009,false,,false,,,PHI,,PHI,https://upload.wikimedia.org/wikipedia/commons/thumb/0/0d/Gomez_john_paul2_20081120_olympiade_dresden.jpg/250px-Gomez_john_paul2_20081120_olympiade_dresden.jpg,,,,jacobrafael,john-paul-gomez,,56574,,,,,,
720852,"Gonda, Laszlo",HUN,M,GM,,1988,2010,false,,false,,,HUN,Tatabánya,HUN,https://upload.wikimedia.org/wikipedia/commons/thumb/f/f1/LGonda10.jpg/250px-LGonda10.jpg,,László Gonda is a Hungarian chess grandmaster.,https://en.wikipedia.org/wiki/L%C3%A1szl%C3%B3_Gonda,,laszlo-gonda,,54649,,,,,,
5201080,"Gonzales, Jayson",PHI,M,GM,,1969,2008,false,,false,,,PHI,Quezon City,PHI,https://upload.wikimedia.org/wikipedia/commons/thumb/c/c7/Gonzales_jayson2_20081120_olympiade_dresden.jpg/250px-Gonzales_jayson2_20081120_olympiade_dresden.jpg,,,,Caissa12,jayson-gonzales,,10121,,,,,,
6500170,"Gonzalez Acosta, Bernal",CRC,M,GM,,1973,2015,false,,false,,,CRC,"San José, Costa Rica",CRC,,,"The following people have all been grandmasters (GM) of chess. The title has been awarded since 1950 to players who have met the standards required by the sport's governing body, FIDE. Other than world champion, it is the highest title a chess player can attain and is awarded for life, although FIDE regulations allow for the revocation of titles for cheating or fraud.",https://en.wikipedia.org/wiki/List_of_chess_grandmasters,,bernal-gonzalez-acosta,,49567,,,,,,
5101174,"Gonzalez Garcia, Jose",ESP,M,GM,,1973,2006,false,,false,,,ESP,Madrid,MEX|ESP,https://upload.wikimedia.org/wikipedia/commons/thumb/6/60/Jose_Gonzalez_2025.jpg/250px-Jose_Gonzalez_2025.jpg,,,,GM_GonzalezGarcia,jose-gonzalez-garcia,AkibaGonzalez,14394,,,,,,
3507777,"Gonzalez Perez, Arian",ESP,M,GM,,1988,2018,false,,false,,,CUB,"Santa Clara, Cuba",FID|ESP,,,,,Ariancito1,arian-gonzalez-perez,,132201,,,,,,
3503321,"Gonzalez Vidal, Yuri",CUB,M,GM,,1981,2009,false,,false,,,CUB,Marianao,CUB,https://upload.wikimedia.org/wikipedia/commons/thumb/e/ec/Yuri_Gonzalez_%28CUB%29_%28cropped%29.jpg/250px-Yuri_Gonzalez_%28CUB%29_%28cropped%29.jpg,,,,,yuri-gonzalez-vidal,,49100,,,,,,
3507548,"Gonzalez Zamora, Juan Carlos",MEX,M,GM,,1968,2004,false,,false,,,CUB,Havana,CUB|MEX,https://upload.wikimedia.org/wikipedia/commons/thumb/3/3d/GonzalesZamora_JuanCarlos_%28cropped%29.jpg/250px-GonzalesZamora_JuanCarlos_%28cropped%29.jpg,,,,JuanCGlez,juan-carlos-gonzalez-zamora,JuanCGlez,92332,,,,,,
3501841,"Gonzalez, Renier",USA,M,GM,,1972,2008,false,,false,,,CUB,Jagüey Grande,CUB|USA,https://upload.wikimedia.org/wikipedia/commons/thumb/1/16/GM_Renier_Gonzalez_and_GM_Axel_Bachmann.jpg/250px-GM_Renier_Gonzalez_and_GM_Axel_Bachmann.jpg,,,,GMRenierGonzalez,renier-gonzalez,,85200,,,,,,
5015693,Gopal G.N.,IND,M,GM,,1989,2007,false,,false,,,IND,Muvattupuzha,IND,https://upload.wikimedia.org/wikipedia/commons/thumb/b/b2/Gopal_G_N_2011_%28cropped2%29.jpg/250px-Gopal_G_N_2011_%28cropped2%29.jpg,,,,gopalgn64,geetha-narayanan-gopal,,97896,,,,,,
24112798,"Gordievsky, Dmitry",RUS,M,GM,,1996,2017,false,,false,,,RUS,Moscow,RUS,https://upload.wikimedia.org/wikipedia/commons/thumb/c/c2/TataSteelChess2018-14_%28cropped%29.jpg/250px-TataSteelChess2018-14_%28cropped%29.jpg,,,,Gordima,dmitry-gordievsky,Gordima,136518,,Gordima96,,,,
411477,"Gordon, Stephen J",ENG,M,GM,,1986,2009,false,,false,,,ENG,Oldham,ENG,https://upload.wikimedia.org/wikipedia/commons/thumb/0/0e/Gordon_rd7_4thEUIO.JPG/250px-Gordon_rd7_4thEUIO.JPG,,"The following people have all been grandmasters (GM) of chess. The title has been awarded since 1950 to players who have met the standards required by the sport's governing body, FIDE. Other than world champion, it is the highest title a chess player can attain and is awarded for life, although FIDE regulations allow for the revocation of titles for cheating or fraud.",https://en.wikipedia.org/wiki/List_of_chess_grandmasters,,stephen-j-gordon,,43228,,,,,,
406465,"Gormally, Daniel W",ENG,M,GM,,1976,2005,false,,false,,,ENG,Hertfordshire,ENG,https://upload.wikimedia.org/wikipedia/commons/thumb/5/5e/Chess_player_selfie.jpg/250px-Chess_player_selfie.jpg,,,,thegormacle,daniel-w-gormally,,49003,,,,,,
13504037,"Gorovets, Andrey",BLR,M,GM,,1987,2017,false,,false,,,BLR,Vitebsk,BLR,,,,,GMG,andrey-gorovets,,95973,,,,,,
4176847,"Gorovykh, Eduard",RUS,M,GM,,1990,2012,false,,false,,,RUS,Krasnodar,RUS,,,,,,eduard-gorovykh,,98937,,,,,,
2815532,"Gorshtein, Ido",ISR,M,GM,,2002,2023,false,,false,,,ISR,,ISR,,,,,Guriempire,ido-gorshtein,,161589,,,,,,
4147103,"Goryachkina, Aleksandra",FID,F,GM,WGM,1998,2018,false,,false,,,RUS,Orsk,RUS|FID,https://upload.wikimedia.org/wikipedia/commons/thumb/3/3d/Aleksandra_Goryachkina_Russian_Superfinal_2024_03_%28cropped%29.jpg/250px-Aleksandra_Goryachkina_Russian_Superfinal_2024_03_%28cropped%29.jpg,,,,Goryachkina,aleksandra-goryachkina,,121617,,,skelarog,,,
616915,"Gozzoli, Yannick",FRA,M,GM,,1983,2012,false,,false,,,FRA,Marseille,FRA,https://upload.wikimedia.org/wikipedia/commons/thumb/2/2f/Yannick_Gozzoli_2014.jpg/250px-Yannick_Gozzoli_2014.jpg,,,,Noukii,yannick-gozzoli,,79914,,,,,,
1101684,"Grabarczyk, Miroslaw",POL,M,GM,,1971,2002,false,,false,,,POL,Płock,POL,https://upload.wikimedia.org/wikipedia/commons/thumb/1/17/2021-Miroslaw-Grabarczyk.JPG/250px-2021-Miroslaw-Grabarczyk.JPG,,,,,miroslaw-grabarczyk,,21952,,,,,,
4129199,"Grachev, Boris",RUS,M,GM,,1986,2007,false,,false,,,RUS,Moscow,RUS,https://upload.wikimedia.org/wikipedia/commons/thumb/f/f2/BGrachev09.jpg/250px-BGrachev09.jpg,,,,Guenplen,boris-grachev,NeverEnough,49734,,,,,,
4680804,"Graf, Alexander",GER,M,GM,,1962,1992,false,,false,,,UZB,Tashkent,GER,https://upload.wikimedia.org/wikipedia/commons/thumb/7/73/Graf_alexander2_20081024_berlin_lichtenrader_herbst.jpg/250px-Graf_alexander2_20081024_berlin_lichtenrader_herbst.jpg,,,,,alexander-graf,,49248,,,,,,
3800024,"Granda Zuniga, Julio E",PER,M,GM,,1967,1986,false,,false,,,PER,Camaná,PER,https://upload.wikimedia.org/wikipedia/commons/thumb/9/94/JulioGranda17.jpg/250px-JulioGranda17.jpg,,,,,julio-e-granda-zuniga,,47009,,GMJulioGranda,,,,
1710400,"Grandelius, Nils",SWE,M,GM,,1993,2010,false,,false,,,SWE,Lund,SWE,https://upload.wikimedia.org/wikipedia/commons/thumb/6/66/2021-Nils-Grandelius.JPG/250px-2021-Nils-Grandelius.JPG,,,,Grandelicious,nils-grandelius,Grandelicious,107935,,GMGrandelius,,,,GMnils
34189030,"Grebnev, Aleksey",FID,M,GM,,2006,2024,false,,false,,,RUS,Tolyatti,RUS|FID,,,,,,aleksey-grebnev,,170990,,,,,,
4121015,"Grechikhin, Valery",RUS,M,GM,,1937,1998,true,2008,false,,,RUS,,RUS,,,,,,,,,,,,,,
2800039,"Greenfeld, Alon",ISR,M,GM,,1964,1989,false,,false,,,USA,New York City,ISR,https://upload.wikimedia.org/wikipedia/commons/thumb/d/dc/AlonGreenfeld23.jpg/250px-AlonGreenfeld23.jpg,,Alon Greenfeld is an Israeli chess grandmaster and trainer.,https://en.wikipedia.org/wiki/Alon_Greenfeld,,alon-greenfeld,,47065,,,,,,alon.greenfeld.3
2300699,"Gretarsson, Helgi Ass",ISL,M,GM,,1977,1994,false,,false,,,ISL,,ISL,https://upload.wikimedia.org/wikipedia/commons/thumb/e/e1/Helgi_Gretarsson_trophy_30_years_on_%28cropped%29.jpg/250px-Helgi_Gretarsson_trophy_30_years_on_%28cropped%29.jpg,,,,DaggiGretarsson,helgi-ass-gretarsson,,11016,,,,,,
2302241,"Gretarsson, Hjorvar Steinn",ISL,M,GM,,1993,2013,false,,false,,,ISL,Reykjavík,ISL,https://upload.wikimedia.org/wikipedia/commons/thumb/3/39/HSGretarsson13a.jpg/250px-HSGretarsson13a.jpg,,,,Bonuspater18,hjorvar-steinn-gretarsson,,105320,,,,,,
426520,"Grieve, Harry",ENG,M,GM,,2001,2026,false,,false,,,,,ENG,,,Harry Grieve is an English chess grandmaster.,https://en.wikipedia.org/wiki/Harry_Grieve,Grieve72,harry-grieve,HarryG7227,153203,,,,,,
1200186,"Grigore, George-Gabriel",ROU,M,GM,,1970,2002,false,,false,,,ROU,Constanța,ROU,,,,,GGG,george-gabriel-grigore,,42792,,,,,,
4130804,"Grigoriants, Sergey",HUN,M,GM,,1983,2003,false,,false,,,UZB,Tashkent,RUS|HUN,https://upload.wikimedia.org/wikipedia/commons/thumb/5/51/SergeiGrigoriants.jpg/250px-SergeiGrigoriants.jpg,,,,sergiochess83,sergey-grigoriants,,56698,,,,,,
2907313,"Grigorov, Grigor",BUL,M,GM,,1987,2011,false,,false,,,BUL,Petrich,BUL,,,,,GrigorGrigorov,grigor-grigorov,GrigorGrigorov,84164,,,,,,
13302191,"Grigoryan, Avetik",ARM,M,GM,,1989,2008,false,,false,,,ARM,Yerevan,ARM,https://upload.wikimedia.org/wikipedia/commons/thumb/a/a4/Avetik_Grigoryan_Yerevan_ARM_Ch_2013.jpg/250px-Avetik_Grigoryan_Yerevan_ARM_Ch_2013.jpg,,,,Avetik_ChessMood,avetik-grigoryan,Avetik_ChessMood,95360,,,,,,Avetik.Grigoryan
13301004,"Grigoryan, Karen H.",ARM,M,GM,,1995,2013,false,,false,,,ARM,Yerevan,ARM,https://upload.wikimedia.org/wikipedia/commons/thumb/7/75/Karen_Grigoryan_2012_%28cropped%29.jpg/250px-Karen_Grigoryan_2012_%28cropped%29.jpg,,,,K_GRIGORYAN,karen-h-grigoryan,,129580,,,,,,
4126025,"Grischuk, Alexander",RUS,M,GM,,1983,2000,false,,false,,,RUS,Moscow,RUS,https://upload.wikimedia.org/wikipedia/commons/thumb/9/91/Alexander_Grischuk_4%2C_Candidates_Tournament_2018.jpg/250px-Alexander_Grischuk_4%2C_Candidates_Tournament_2018.jpg,,,,Grischuk,alexander-grischuk,,17279,,,,UChF2-oXlQEq_vNO3znlVRSQ,,
14102188,"Gritsak, Orest",UKR,M,GM,,1973,2001,false,,false,,,UKR,Lviv,UKR,,,,,,orest-gritsak,,25189,,,,,,
4200039,"Grivas, Efstratios",GRE,M,GM,,1966,1993,false,,false,,,GRE,Aigio,GRE,https://upload.wikimedia.org/wikipedia/commons/thumb/4/40/Efstratios_Grivas.jpg/250px-Efstratios_Grivas.jpg,,,,E-Grivas,efstratios-grivas,,18181,http://www.grivaschess.com,,,,,
700053,"Groszpeter, Attila",HUN,M,GM,,1960,1986,false,,false,,,HUN,Hódmezővásárhely,HUN,,,,,,attila-groszpeter,,14891,,,,,,
5021103,"Grover, Sahaj",IND,M,GM,,1995,2012,false,,false,,,IND,Delhi,IND,https://upload.wikimedia.org/wikipedia/commons/thumb/8/89/SGrover12.jpg/250px-SGrover12.jpg,,,,SahajGrover,sahaj-grover,,114421,,,,,,
2800020,"Gruenfeld, Yehuda",ISR,M,GM,,1956,1980,false,,false,,,POL,Dzierżoniów,ISR,https://upload.wikimedia.org/wikipedia/commons/thumb/6/63/Yg2019.jpg/250px-Yg2019.jpg,,,,,yehuda-gruenfeld,,15011,,,,,,
W3557149,"Grünfeld, Ernst",AUT,M,GM,,1893,1950,true,1962,false,,,AUT,Vienna,AUT,https://upload.wikimedia.org/wikipedia/commons/6/65/Ernst_Gruenfeld.jpg,,,,,,,,,,,,,
3508129,"Guerra Mendez, Jose Angel",ESP,M,GM,,1988,2017,false,,false,,,CUB,"Manzanillo, Cuba",CUB|ESP,,,,,,jose-angel-guerra-mendez,,139355,,,,,,
2015307,"Gufeld, Eduard",UKR,M,GM,,1936,1967,true,2002,false,,,UKR,Kyiv,UKR,https://upload.wikimedia.org/wikipedia/commons/5/57/Gufeldweb.jpg,,,,,,,,,,,,,
611123,"Guidarelli, Laurent",FRA,M,GM,,1981,2014,false,,false,,,FRA,Carpentras,FRA,,,,,,laurent-guidarelli,,50620,,,,,,
100650,"Guimard, Carlos",ARG,M,GM,,1913,1960,true,1998,false,,,ARG,Santiago del Estero,ARG,https://upload.wikimedia.org/wikipedia/commons/thumb/0/04/Carlos_Guimard_%281961%29.jpg/250px-Carlos_Guimard_%281961%29.jpg,,,,,,,,,,,,,
46616543,Gukesh D,IND,M,GM,,2006,2019,false,,false,,,IND,Chennai,IND,https://upload.wikimedia.org/wikipedia/commons/thumb/6/6d/Gukesh_in_2025_%28cropped%29.jpg/250px-Gukesh_in_2025_%28cropped%29.jpg,,,,GukeshDommaraju,gukesh-d,guki1124,158070,,DGukesh,gukesh.official,,,gukeshchess
13400231,"Guliev, Sarhan",AZE,M,GM,,1968,1995,false,,false,,,AZE,,AZE,https://upload.wikimedia.org/wikipedia/commons/7/74/Sarhan_Guliev.jpg,,,,,sarhan-guliev,,17310,,,,,,
13400363,"Guliyev, Namig",AZE,M,GM,,1974,2005,false,,false,,,AZE,Beylagan,AZE,https://upload.wikimedia.org/wikipedia/commons/thumb/3/38/Namiq_Quliyev12.jpg/250px-Namiq_Quliyev12.jpg,,,,titan013,namig-guliyev,titan00013,65797,,,,,,
2000040,"Gulko, Boris",USA,M,GM,,1947,1976,false,,false,,,GER,Erfurt,USA,https://upload.wikimedia.org/wikipedia/commons/thumb/9/9f/BorisGulko0201_003.jpg/250px-BorisGulko0201_003.jpg,,,,Gulko-NJ,boris-gulko,,12141,,,,,,
1188062,"Gumularz, Szymon",POL,M,GM,,2001,2021,false,,false,,,POL,Myślenice,POL,https://upload.wikimedia.org/wikipedia/commons/thumb/0/0f/2021-Szymon-Gumularz.JPG/250px-2021-Szymon-Gumularz.JPG,,,,SGchess01,szymon-gumularz,,142110,,,,,,
7100248,"Gunawan, Ruben",INA,M,GM,,1968,1999,true,2005,false,,,INA,Jakarta,INA,,,,,,,,,,,,,,
4901045,"Gundavaa, Bayarsaikhan",MGL,M,GM,,1989,2013,false,,false,,,MGL,,MGL,,,,,Gundavaa89,bayarsaikhan-gundavaa,,122065,,,,,,
4167570,"Gunina, Valentina",FID,F,GM,WGM,1989,2013,false,,false,,,RUS,Murmansk,RUS|FID,https://upload.wikimedia.org/wikipedia/commons/thumb/c/cb/ValentinaGunina23a.jpg/250px-ValentinaGunina23a.jpg,,,,Vanina1989,valentina-gunina,,54882,,,,,,
30903114,"Guo, Arthur",USA,M,GM,,2006,2023,false,,false,,,USA,,USA,https://upload.wikimedia.org/wikipedia/commons/thumb/c/ca/GM_Arthur_Guo.jpg/250px-GM_Arthur_Guo.jpg,,,,ArthurGuo,arthur-guo,,,,,,,,
5010608,"Gupta, Abhijeet",IND,M,GM,,1989,2008,false,,false,,,IND,Bhilwara,IND,https://upload.wikimedia.org/wikipedia/commons/thumb/2/28/AbhijeetGupta23a.jpg/250px-AbhijeetGupta23a.jpg,,,,abhijeetgupta,abhijeet-gupta,,84020,,iam_abhijeet,,,,
44507356,"Gurel, Ediz",TUR,M,GM,,2008,2024,false,,false,,,TUR,,TUR,https://upload.wikimedia.org/wikipedia/commons/thumb/4/49/EdizGurel23.jpg/250px-EdizGurel23.jpg,,,,,ediz-gurel,,156562,,,,,,
2000407,"Gurevich, Dmitry",USA,M,GM,,1956,1983,false,,false,,,USA,Moscow,USA,https://upload.wikimedia.org/wikipedia/commons/thumb/a/ad/Dmitry_Gurevich_%28cropped2%29.jpg/250px-Dmitry_Gurevich_%28cropped2%29.jpg,,,,Zq1,dmitry-gurevich,,19294,,,,,,
2000628,"Gurevich, Ilya",USA,M,GM,,1972,1993,false,,false,,,UKR,Kyiv,USA,,,,,,ilya-gurevich,,28216,,,,,,
200930,"Gurevich, Mikhail",BEL,M,GM,,1959,1986,false,,false,,,UKR,Kharkiv,BEL|TUR|BEL,https://upload.wikimedia.org/wikipedia/commons/thumb/b/b7/Gurewitsch_michail_20081120_olympiade_dresden.jpg/250px-Gurewitsch_michail_20081120_olympiade_dresden.jpg,,,,GurevichMikhail,mikhail-gurevich,,13915,,,,,,
14100207,"Gurevich, Vladimir",GER,M,GM,,1959,1998,false,,false,,,GER,,UKR|GER,,,,,,vladimir-gurevich,,65416,,,,,,
13600184,"Gurgenidze, Bukhuti",URS,M,GM,,1933,1970,true,2008,false,,,URS,Surami,URS,https://upload.wikimedia.org/wikipedia/commons/thumb/1/19/Gurgenidze_1995_Bad_Liebenzell.jpg/250px-Gurgenidze_1995_Bad_Liebenzell.jpg,,,,,,,,,,,,,
13400169,"Guseinov, Aidyn",AZE,M,GM,,1955,1998,true,2003,false,,,AZE,,AZE,,,,,,,,,,,,,,
13401378,"Guseinov, Gadir",AZE,M,GM,,1986,2002,false,,false,,,RUS,Moscow,AZE,https://upload.wikimedia.org/wikipedia/commons/thumb/c/c5/Gadir_Guseinov_%2829598593811%29.jpg/250px-Gadir_Guseinov_%2829598593811%29.jpg,,,,GGuseinov,gadir-guseinov,,49493,,,,,,
4625498,"Gustafsson, Jan",GER,M,GM,,1979,2003,false,,false,,,GER,Hamburg,GER,https://upload.wikimedia.org/wikipedia/commons/thumb/5/5e/JanGustafsson1_%28cropped%29.jpg/250px-JanGustafsson1_%28cropped%29.jpg,,,,FrankieYale,jan-gustafsson,JanistanTV,49811,http://www.jan-gustafsson.de/,GMJanGustafsson,gmjangustafsson,UC-zvicLXfZMta6FlacELRXw,JanistanTV,
14102277,"Gutman, Gennadi",UKR,M,GM,,1973,2001,false,,false,,,UKR,,UKR,,,,,Gen-Gutman,gennadi-gutman,,10827,,,,,,
4600177,"Gutman, Lev",GER,M,GM,,1945,1986,false,,false,,,LAT,Riga,GER,https://upload.wikimedia.org/wikipedia/commons/thumb/1/1b/Gutman_Lev.jpg/250px-Gutman_Lev.jpg,,,,LevGutman,lev-gutman,LevGutman,14496,,,,,,
4130480,"Gutov, Andrey",RUS,M,GM,,1978,2006,false,,false,,,RUS,Belovo,RUS,,,,,GutovAndrey,andrey-gutov,GutovAndrey,102903,,,,,,
702218,"Gyimesi, Zoltan",HUN,M,GM,,1977,1996,false,,false,,,HUN,,HUN,https://upload.wikimedia.org/wikipedia/commons/thumb/0/02/Zoltan_Gyimesi.jpg/250px-Zoltan_Gyimesi.jpg,,,,,zoltan-gyimesi,,38768,,,,,,
300160,"Haba, Petr",CZE,M,GM,,1965,1997,false,,false,,,CZE,Zlín,CZE,,,,,,petr-haba,,19619,,,,,,
7900660,"Haddouche, Mohamed",ALG,M,GM,,1984,2014,false,,false,,,ALG,Sidi Bel Abbès,ALG,,,,,Algeriano22,mohamed-haddouche,,56550,,,,,,
13306677,"Hakobyan, Aram",ARM,M,GM,,2001,2018,false,,false,,,ARM,Yerevan,ARM,https://upload.wikimedia.org/wikipedia/commons/thumb/8/8e/20260215_3rd_Al-Beruniy_Tashkent_2026_Hakobyan_Aram_%28cropped%29.jpg/250px-20260215_3rd_Al-Beruniy_Tashkent_2026_Hakobyan_Aram_%28cropped%29.jpg,,Aram Hakobyan is an Armenian chess grandmaster.,https://en.wikipedia.org/wiki/Aram_Hakobyan_(chess_player),,aram-hakobyan,,149264,,,,,,
4201809,"Halkias, Stelios",GRE,M,GM,,1980,2002,false,,false,,,GRE,,GRE,https://upload.wikimedia.org/wikipedia/commons/thumb/6/6b/GM_Stelios_Halkias.jpg/250px-GM_Stelios_Halkias.jpg,,,,Nikolakis2014,stelios-halkias,,49439,,,,,,
2606577,"Hambleton, Aman",CAN,M,GM,,1992,2018,false,,false,,,CAN,Halifax,CAN,https://upload.wikimedia.org/wikipedia/commons/thumb/2/23/Grandmaster_Aman_Hambleton_%28Feb_2023%29.jpg/250px-Grandmaster_Aman_Hambleton_%28Feb_2023%29.jpg,,,,KNVB,aman-hambleton,,111255,,amanhambleton,amanhambleton,,,
9000011,"Hamdouchi, Hicham",MAR,M,GM,,1972,1994,false,,false,,,MAR,Tangier,MAR|FRA|MAR,https://upload.wikimedia.org/wikipedia/commons/thumb/c/c3/Hicham_Hamdouchi_2013.jpg/250px-Hicham_Hamdouchi_2013.jpg,,,,Ichamo,hichem-hamdouchi,,14200,,,,,,
13902393,"Hamitevici, Vladimir",MDA,M,GM,,1991,2017,false,,false,,,MDA,"Bender, Moldova",MDA,https://upload.wikimedia.org/wikipedia/commons/thumb/9/92/Vladimir_Hamitevici_2011_%28cropped%29.jpg/250px-Vladimir_Hamitevici_2011_%28cropped%29.jpg,,"The following people have all been grandmasters (GM) of chess. The title has been awarded since 1950 to players who have met the standards required by the sport's governing body, FIDE. Other than world champion, it is the highest title a chess player can attain and is awarded for life, although FIDE regulations allow for the revocation of titles for cheating or fraud.",https://en.wikipedia.org/wiki/List_of_chess_grandmasters,Hamisandwich,vladimir-hamitevici,Hamisandwich,127238,,,,,,
1503707,"Hammer, Jon Ludvig",NOR,M,GM,,1990,2009,false,,false,,,NOR,Bergen,NOR,https://upload.wikimedia.org/wikipedia/commons/thumb/5/53/Jon_Ludvig_Hammer_%28cropped%29.jpg/250px-Jon_Ludvig_Hammer_%28cropped%29.jpg,,,,gmjlh,jon-ludvig-hammer,,58321,,gmjlh,gmjlh,,gmjlh,gmjlh
4634527,"Handke, Florian, Dr.",GER,M,GM,,1982,2003,false,,false,,,GER,,GER,https://upload.wikimedia.org/wikipedia/commons/thumb/6/66/London_Chess_Classic_2016_Day3-2_%2831571981586%29_%28cropped%29.jpg/250px-London_Chess_Classic_2016_Day3-2_%2831571981586%29_%28cropped%29.jpg,,,,FlorianHandke,dr-florian-handke,,50535,,,,,,
7100043,"Handoko, Edhi",INA,M,GM,,1960,1994,true,2009,false,,,INA,Surakarta,INA,,,,,,,,,,,,,,
1400010,"Hansen, Curt",DEN,M,GM,,1964,1985,false,,false,,,DEN,Bov Municipality,DEN,https://upload.wikimedia.org/wikipedia/commons/thumb/f/f2/Hansen_curt_20061029_berlin_bundesliga.jpg/250px-Hansen_curt_20061029_berlin_bundesliga.jpg,,,,,curt-hansen,,29852,,,,,,
2606771,"Hansen, Eric",CAN,M,GM,,1992,2013,false,,false,,,CAN,"Irvine, California",CAN,https://upload.wikimedia.org/wikipedia/commons/thumb/3/32/Eric_Hansen_2014_Iceland_-_Reykjavik_Tournament_%28cropped%29.jpg/250px-Eric_Hansen_2014_Iceland_-_Reykjavik_Tournament_%28cropped%29.jpg,,,,erichansen,eric-hansen,,104768,http://www.hansenchess.com,hansenchess,eric.hansen,,,
1400037,"Hansen, Lars Bo",DEN,M,GM,,1968,1990,false,,false,,,DEN,,DEN,,,,,GMDrH,lars-bo-hansen,,12036,,GMLars,,,,
1400266,"Hansen, Sune Berg",DEN,M,GM,,1971,1998,false,,false,,,DEN,,DEN,https://upload.wikimedia.org/wikipedia/commons/thumb/d/d8/SuneBergHansen13.jpg/250px-SuneBergHansen13.jpg,,,,GMTalks_Youtube,sune-berg-hansen,,12038,,SuneBergHansen,,,,
1501720,"Hansen, Torbjorn Ringdal",NOR,M,GM,,1979,2015,false,,false,,,NOR,Lørenskog,NOR,https://upload.wikimedia.org/wikipedia/commons/thumb/e/e4/Torbjorn_Ringdal_Hansen_at_2017_Andorra_open.jpg/250px-Torbjorn_Ringdal_Hansen_at_2017_Andorra_open.jpg,,,,vincentmasuka,torbjorn-ringdal-hansen,,66042,,,,,,
2801485,"Har-Zvi, Ronen",ISR,M,GM,,1976,1995,false,,false,,,ISR,,ISR,,,,,OldweakGM,ronen-har-zvi,,37618,,,,,,
30941849,"Hardaway, Brewington",USA,M,GM,,2009,2025,false,,false,,,USA,,USA,,,,,,brewington-hardaway,,,,,,,,
415820,"Haria, Ravi",ENG,M,GM,,1999,2022,false,,false,,,ENG,Elstree,ENG,https://upload.wikimedia.org/wikipedia/commons/thumb/d/da/Ravi_Haria.png/250px-Ravi_Haria.png,,,,Mesutgm,ravi-haria,,125022,,,,,,
5007003,"Harikrishna, Pentala",IND,M,GM,,1986,2001,false,,false,,,IND,Guntur,IND,https://upload.wikimedia.org/wikipedia/commons/thumb/e/ea/Pentala_Harikrishna_in_2025_%28cropped%29.jpg/250px-Pentala_Harikrishna_in_2025_%28cropped%29.jpg,,,,GMharikrishna,pentala-harikrishna,Harikrishnapentala,49246,,HariChess,,,,gmharichess
5081483,Harikrishnan.A.Ra,IND,M,GM,,2001,2025,false,,false,,,IND,Chennai,IND,,,,,,a-ra-harikrishnan,,155269,,,,,,
14933080,"Haring, Filip",SVK,M,GM,,2003,2025,false,,false,,,SVK,,SVK,,,,,LuckSlayeer,filip-haring,,157995,,,,,,
5078776,Harsha Bharathakoti,IND,M,GM,,2000,2019,false,,false,,,IND,Guntur,IND,,,,,Harsha_Bharathakoti,harsha-bharathakoti,Harsha_bharathakoti,143300,,Harsha_Chess,,,,
25059009,Harshavardhan G B,IND,M,GM,,2003,2026,false,,false,,,,,IND,,,Harshavardhan Gopalakrishnan B. is an Indian chess grandmaster.,https://en.wikipedia.org/wiki/Harshavardhan_G._B.,Legendinunknown,harshavardhan-g-b,,160802,,,,,,
13300873,"Harutjunyan, Gevorg",ARM,M,GM,,1981,2009,false,,false,,,ARM,Yerevan,ARM,,,,,Dyadya81,gevorg-harutjunyan,Gevorg_Harutjunyan,91950,,,,UCdJwyFwwHdfBz7R4uF-HNSA,,
13303635,"Harutyunyan, Tigran K.",ARM,M,GM,,1997,2019,false,,false,,,ARM,Yerevan,ARM,https://upload.wikimedia.org/wikipedia/commons/thumb/0/0c/GM_Tigran_Harutyunyan_%28cropped%29.jpg/250px-GM_Tigran_Harutyunyan_%28cropped%29.jpg,,,,HarutyunianTigranK,tigran-k-harutyunian,,113369,,,,,,
4122160,"Hasangatin, Ramil",RUS,M,GM,,1972,2003,false,,false,,,RUS,Kazan,RUS,,,,,Hasangatin_Ramil,ramil-hasangatin,,49072,,,,,,ramil.hasangatin
405248,"Haslinger, Stewart G",ENG,M,GM,,1981,2007,false,,false,,,ENG,Ainsdale,ENG,https://upload.wikimedia.org/wikipedia/commons/thumb/9/96/StewartHaslinger.jpg/250px-StewartHaslinger.jpg,,,,,stewart-g-haslinger,,64154,,,,,,
4610776,"Haub, Thorsten Michael",GER,M,GM,,1968,2015,false,,false,,,GER,Siegen,GER,,,,,DJ_Haubi,thorsten-michael-haub,DJ_Haubi,63710,,,,,,
600113,"Hauchard, Arnaud",FRA,M,GM,,1971,2000,false,,false,,,FRA,Rouen,FRA,,,,,,arnaud-hauchard,,27572,,,,,,
1509276,"Hauge, Lars Oskar",NOR,M,GM,,1998,2022,false,,false,,,NOR,Oslo,NOR,,,Lars Oskar Hauge is a Norwegian chess grandmaster.,https://en.wikipedia.org/wiki/Lars_Oskar_Hauge,larso,lars-oskar-hauge,,128433,,,,,,
4617495,"Hausrath, Daniel",GER,M,GM,,1976,2013,false,,false,,,GER,"Mülheim, Cologne",GER,https://upload.wikimedia.org/wikipedia/commons/thumb/6/64/DanielHausrath13.jpg/250px-DanielHausrath13.jpg,,,,,daniel-hausrath,DanielHausrath1,10769,,,,,,
412686,"Hawkins, Jonathan",ENG,M,GM,,1983,2014,true,2025,false,,,ENG,Consett,ENG,https://upload.wikimedia.org/wikipedia/commons/thumb/7/7f/London_Chess_Classic_2016_Day2-6_%2831563230835%29_%28cropped%29.jpg/250px-London_Chess_Classic_2016_Day2-6_%2831563230835%29_%28cropped%29.jpg,,,,SumoHawk,jonathan-hawkins,,115439,,,,,,
13302639,"Hayrapetyan, Hovik",ARM,M,GM,,1990,2013,false,,false,,,ARM,Stepanakert,ARM,https://upload.wikimedia.org/wikipedia/commons/thumb/9/9b/Ovik_Hayrapetian_Yerevan_2013.jpg/250px-Ovik_Hayrapetian_Yerevan_2013.jpg,,,,Hovik_Hayrapetyan,hovik-hayrapetyan,Hovik7,96054,,,,,,
6300634,"Haznedaroglu, Kivanc",TUR,M,GM,,1981,2009,false,,false,,,TUR,Ankara,TUR,https://upload.wikimedia.org/wikipedia/commons/thumb/5/5f/Haznedaroglu_kivanc_20081120_olympiade_dresden.jpg/250px-Haznedaroglu_kivanc_20081120_olympiade_dresden.jpg,,,,Chessialist,kivanc-haznedaroglu,,49464,,,,,,
400084,"Hebden, Mark L",ENG,M,GM,,1958,1992,false,,false,,,ENG,Leicester,ENG,https://upload.wikimedia.org/wikipedia/commons/4/4c/Mhebden1.jpg,,,,mhebden,mark-l-hebden,,13751,,,,,,
1115120,"Heberla, Bartlomiej",POL,M,GM,,1985,2006,false,,false,,,POL,Rybnik,POL,https://upload.wikimedia.org/wikipedia/commons/thumb/2/29/2021-Bartlomiej-Heberla_%28cropped%29.JPG/250px-2021-Bartlomiej-Heberla_%28cropped%29.JPG,,"The following people have all been grandmasters (GM) of chess. The title has been awarded since 1950 to players who have met the standards required by the sport's governing body, FIDE. Other than world champion, it is the highest title a chess player can attain and is awarded for life, although FIDE regulations allow for the revocation of titles for cheating or fraud.",https://en.wikipedia.org/wiki/List_of_chess_grandmasters,,bartlomiej-heberla,,56567,,,,,,
4600320,"Hecht, Hans-Joachim",GER,M,GM,,1939,1973,false,,false,,,GER,Luckenwalde,GER,https://upload.wikimedia.org/wikipedia/commons/thumb/8/84/Hecht%2CHans-Joachim_1980_Malta.JPG/250px-Hecht%2CHans-Joachim_1980_Malta.JPG,,,,,hans-joachim-hecht,,71226,,,,,,
1700090,"Hector, Jonny",SWE,M,GM,,1964,1991,false,,false,,,SWE,Malmö,SWE,https://upload.wikimedia.org/wikipedia/commons/thumb/b/b8/London_Chess_Classic_2016_Day3-4_%2831609279455%29.jpg/250px-London_Chess_Classic_2016_Day3-4_%2831609279455%29.jpg,,,,,jonny-hector,,16293,,,,,,
24624632,"Heimann, Andreas",GER,M,GM,,1992,2016,false,,false,,,GER,Rheinfelden,GER,https://upload.wikimedia.org/wikipedia/commons/thumb/c/c5/Heimann%2CAndreas_-_Rapport%2CRichard_2016_Karlsruhe_%28cropped%29.jpeg/250px-Heimann%2CAndreas_-_Rapport%2CRichard_2016_Karlsruhe_%28cropped%29.jpeg,,,,chessfreak35,andreas-heimann,,107280,,,,,,
2028441,"Heimann, Mark",USA,M,GM,,1993,2025,false,,false,,,USA,,USA,https://upload.wikimedia.org/wikipedia/commons/thumb/a/ad/Mark_Heimann_Chess.jpg/250px-Mark_Heimann_Chess.jpg,,,,,mark-a-heimann,,131619,,,,,,
4601556,"Heinemann, Thies",GER,M,GM,,1971,2018,false,,false,,,GER,Hamburg,GER,,,,,,thies-heinemann,,29114,,,,,,
1700022,"Hellers, Ferdinand",SWE,M,GM,,1969,1988,false,,false,,,SWE,Stockholm,SWE,https://upload.wikimedia.org/wikipedia/commons/thumb/5/50/OHRAChessAmsterdam1986_%28cropped%29.jpg/250px-OHRAChessAmsterdam1986_%28cropped%29.jpg,,,,GMHellers,ferdinand-hellers,,14316,,,,,,
1702092,"Hellsten, Johan",SWE,M,GM,,1975,2004,false,,false,,,SWE,Malmö,SWE,,,,,jhellsten,johan-hellsten,,16786,,,,,,
32096585,"Henderson de La Fuente, Lance",AND,M,GM,,2003,2019,false,,false,,,ESP,Marbella,ESP|AND,https://upload.wikimedia.org/wikipedia/commons/thumb/7/7c/Henderson_de_La_Fuente%2CLance_2019_Karlsruhe.jpg/250px-Henderson_de_La_Fuente%2CLance_2019_Karlsruhe.jpg,,,,731291,lance-henderson-de-la-fuente,,152305,,,,,,
2000318,"Henley, Ron",USA,M,GM,,1956,1982,false,,false,,,USA,Houston,USA,,,,,RonWHenley,ron-henley,,42510,,,,,,
3409350,"Henriquez Villagra, Cristobal",CHI,M,GM,,1996,2017,false,,false,,,CHI,Santiago,CHI,https://upload.wikimedia.org/wikipedia/commons/thumb/f/f8/CristobalHenriquezVillagra23.jpg/250px-CristobalHenriquezVillagra23.jpg,,,,ViIIagra,cristobal-henriquez-villagra,Djeser,139886,,,,,,
716855,"Hera, Imre Jr.",HUN,M,GM,,1986,2007,false,,false,,,HUN,Budapest,HUN,,,,,Firehand33,imre-jr-hera,,64471,,,,,,
3504387,"Hernandez Carmenate, Holden",USA,M,GM,,1984,2007,false,,false,,,CUB,Güines,CUB|USA,https://upload.wikimedia.org/wikipedia/commons/thumb/3/3c/Holden_Hernandez_Carmenates_2009.jpg/250px-Holden_Hernandez_Carmenates_2009.jpg,,,,HoldenHc,holden-hernandez-carmenate,,84337,,,,,,
5100011,"Hernandez Guerrero, Gilberto",MEX,M,GM,,1970,1995,false,,false,,,MEX,Ébano,MEX,https://upload.wikimedia.org/wikipedia/commons/thumb/6/62/Hernandez_guerrero_gilberto_20081119_olympiade_dresden.jpg/250px-Hernandez_guerrero_gilberto_20081119_olympiade_dresden.jpg,,,,Potosino1970,gilberto-hernandez-guerrero,GILBERTOHDEZ,27712,,gm_gilberto,,,,
3500063,"Hernández Onna, Román",CUB,M,GM,,1949,1978,true,2021,false,,,CUB,Santiago de Cuba,CUB,,,,,,,,,,,,,,
2205009,"Herraiz Hidalgo, Herminio",ESP,M,GM,,1978,2009,false,,false,,,ESP,Las Pedroñeras,ESP,,,,,,herminio-herraiz-hidalgo,,79432,,,,,,
3500373,"Herrera, Irisberto",ESP,M,GM,,1968,1999,false,,false,,,ESP,,CUB|ESP,,,,,,irisberto-herrera,,39728,,,,,,
4600088,"Hertneck, Gerald",GER,M,GM,,1963,1991,false,,false,,,GER,Munich,GER,https://upload.wikimedia.org/wikipedia/commons/thumb/9/93/GeraldHertneck23a_%28cropped%29.jpg/250px-GeraldHertneck23a_%28cropped%29.jpg,,,,ghertneck,gerald-hertneck,,19051,,,,,,
10600183,"Hesham, Abdelrahman",EGY,M,GM,,1992,2016,false,,false,,,EGY,,EGY,,,,,Hesham-A,abdelrahman-hesham,,134853,,,,,,
2022036,"Hess, Robert",USA,M,GM,,1991,2009,false,,false,,,USA,New York City,USA,https://upload.wikimedia.org/wikipedia/commons/thumb/a/a1/Robert_hess_commentary.jpg/250px-Robert_hess_commentary.jpg,,,,GMHess,robert-hess,,57258,,GM_Hess,,,,
3508811,"Hevia Alejano, Carlos Antonio",CUB,M,GM,,1991,2015,false,,false,,,CUB,Havana,CUB,,,,,chessasuke,carlos-antonio-hevia-alejano,,133277,,,,,,
4600118,"Hickl, Joerg",GER,M,GM,,1965,1988,false,,false,,,GER,Wiesbaden,GER,https://upload.wikimedia.org/wikipedia/commons/thumb/9/9a/J%C3%B6rg_Hickl_2005_Porz.JPG/250px-J%C3%B6rg_Hickl_2005_Porz.JPG,,,,,joerg-hickl,,14468,,,,,,
1700812,"Hillarp Persson, Tiger",SWE,M,GM,,1970,1999,false,,false,,,SWE,Malmö,SWE,https://upload.wikimedia.org/wikipedia/commons/thumb/7/7e/Tiger-Hillarp-Persson.jpg/250px-Tiger-Hillarp-Persson.jpg,,,,FelizTigriz,tiger-hillarp-persson,,49448,,Tigerkatten,,,,
5007836,"Himanshu, Sharma",IND,M,GM,,1983,2017,false,,false,,,IND,Rohtak,IND,,,,,DANCINGHEAVEN16,himanshu-sharma,,97889,,,,,,
2300044,"Hjartarson, Johann",ISL,M,GM,,1963,1985,false,,false,,,ISL,Reykjavík,ISL,https://upload.wikimedia.org/wikipedia/commons/thumb/2/2e/Hjartarson_johan_20100521_berlin_4.jpg/250px-Hjartarson_johan_20100521_berlin_4.jpg,,"Hjartarson is a surname of Icelandic origin, meaning son of Hjörtur. In Icelandic names, the name is not strictly a surname, but a patronymic. The name refers to:Grétar Hjartarson, Icelandic footballer Jóhann Hjartarson, Icelandic chess grandmaster Snorri Hjartarson (1906–1986), Icelandic poet",https://en.wikipedia.org/wiki/Hjartarson,eldur16,johann-hjartarson,,14011,,,,,,
12400149,"Hoang, Thanh Trang",HUN,F,GM,WGM,1980,2007,false,,false,,,VIE,Hanoi,VIE|HUN,https://upload.wikimedia.org/wikipedia/commons/thumb/f/f6/HoangThanhTrang23.jpg/250px-HoangThanhTrang23.jpg,,,,HoangPeony,hoang-thanh-trang,,86885,,,,,,
400076,"Hodgson, Julian M",ENG,M,GM,,1963,1988,false,,false,,,ENG,London,ENG,https://upload.wikimedia.org/wikipedia/commons/e/ec/Julian_Hodgson_2001_Solingen.jpg,,,,Attackgm,,,11751,,,,,,
100340,"Hoffman, Alejandro",ARG,M,GM,,1966,1998,false,,false,,,ARG,Buenos Aires,ARG|URU|ARG,,,,,HoffmanA26,alejandro-hoffman,,16469,,,,,,
4601297,"Hoffmann, Michael",GER,M,GM,,1970,2009,false,,false,,,GER,Bochum,GER,,,"The following people have all been grandmasters (GM) of chess. The title has been awarded since 1950 to players who have met the standards required by the sport's governing body, FIDE. Other than world champion, it is the highest title a chess player can attain and is awarded for life, although FIDE regulations allow for the revocation of titles for cheating or fraud.",https://en.wikipedia.org/wiki/List_of_chess_grandmasters,Micheliavelli,michael-hoffmann,Donnerhall,19745,,,,,,
1400100,"Hoi, Carsten",DEN,M,GM,,1957,2001,false,,false,,,DEN,Copenhagen,DEN,,,,,,carsten-hoi,,16289,,,,,,
1508083,"Holm, Kristian Stuvik",NOR,M,GM,,1998,2025,false,,false,,,NOR,,NOR,,,,,INbetweenMOVE,kristian-stuvik-holm,,129021,,,,,,
2034387,"Holt, Conrad",USA,M,GM,,1993,2012,false,,false,,,USA,Wichita,USA,https://upload.wikimedia.org/wikipedia/commons/thumb/9/94/Conrad_Holt_2012.jpg/250px-Conrad_Holt_2012.jpg,,,,dretch,conrad-holt,,115618,,,,,,
4600428,"Holzke, Frank",GER,M,GM,,1971,2008,false,,false,,,GER,Cologne,GER,https://upload.wikimedia.org/wikipedia/commons/thumb/9/9a/FrankHolzke.jpg/250px-FrankHolzke.jpg,,,,,frank-holzke,,11631,,,,,,
W1278311,"Honfi, Károly",HUN,M,GM,,1930,1996,true,1996,false,,,HUN,Pesterzsébet,HUN,https://upload.wikimedia.org/wikipedia/commons/9/9f/KarolyHonfi.jpg,,,,,,,,,,,,,
2099438,"Hong, Andrew",USA,M,GM,,2004,2021,false,,false,,,USA,"San Jose, California",USA,https://upload.wikimedia.org/wikipedia/commons/thumb/3/31/AndrewHong24_%28cropped%29.jpg/250px-AndrewHong24_%28cropped%29.jpg,,,,SpeedofLight0,andrew-z-hong,,153523,,,,,,
4600029,"Hort, Vlastimil",TCH,M,GM,,1944,1965,true,2025,false,,,CZE,Kladno,TCH,https://upload.wikimedia.org/wikipedia/commons/thumb/e/e7/Tijdens_de_laatste_ronde_Hort_die_samen_met_Sax_1e_werd%2C_Bestanddeelnr_930-3774.jpg/250px-Tijdens_de_laatste_ronde_Hort_die_samen_met_Sax_1e_werd%2C_Bestanddeelnr_930-3774.jpg,,,,,vlastimil-hort,,11743,,,,,,
708003,"Horvath, Adam",HUN,M,GM,,1981,2002,false,,false,,,HUN,,HUN,https://upload.wikimedia.org/wikipedia/commons/thumb/b/b8/Adam_Horvath.jpg/250px-Adam_Horvath.jpg,,,,,adam-horvath,,71484,,,,,,
700118,"Horvath, Csaba",HUN,M,GM,,1968,1993,false,,false,,,HUN,,HUN,https://upload.wikimedia.org/wikipedia/commons/thumb/6/6d/Horvath_Csaba.jpg/250px-Horvath_Csaba.jpg,,,,,csaba-horvath,,10764,,,,,,
1642561,"Horvath, Dominik",AUT,M,GM,,2003,2024,false,,false,,,AUT,,AUT,https://upload.wikimedia.org/wikipedia/commons/thumb/c/c4/DominikHorvath24.jpg/250px-DominikHorvath24.jpg,,,,DoHoChess,dominik-horvath,,,,,,,,
700061,"Horvath, Jozsef",HUN,M,GM,,1964,1990,false,,false,,,HUN,Budapest,HUN,,,,,oldfish64,jozsef-horvath,,14091,,,,,,
700843,"Horvath, Peter",HUN,M,GM,,1972,2006,false,,false,,,HUN,Pécs,HUN,https://upload.wikimedia.org/wikipedia/commons/thumb/4/42/PeterHorvath14.jpg/250px-PeterHorvath14.jpg,,,,,peter-horvath,,65231,,,,,,
10200649,"Hossain, Enamul",BAN,M,GM,,1981,2008,false,,false,,,BAN,Dhaka,BAN,,,,,RZ0,enamul-hossain,,53015,,,,,,
8602980,"Hou, Yifan",CHN,F,GM,WGM,1994,2008,false,,false,,,CHN,Xinghua,CHN,https://upload.wikimedia.org/wikipedia/commons/thumb/3/36/Hou_Yifan_%2829762728494%29_%28cropped%29.jpg/250px-Hou_Yifan_%2829762728494%29_%28cropped%29.jpg,,,,yifan0227,hou-yifan,,95916,,yifantradimo,,,,
13300865,"Hovhannisyan, Mher",BEL,M,GM,,1978,2018,false,,false,,,ARM,Gyumri,ARM|BEL,,,,,,mher-hovhanisian,,98875,,,,,,
13302507,"Hovhannisyan, Robert",ARM,M,GM,,1991,2010,false,,false,,,ARM,Yerevan,ARM,https://upload.wikimedia.org/wikipedia/commons/thumb/f/f4/London_Chess_Classic_2016_Day9-2_%2831726047982%29_%28cropped%29.jpg/250px-London_Chess_Classic_2016_Day9-2_%2831726047982%29_%28cropped%29.jpg,,,,Robert_Chessmood,robert-hovhannisyan,,91952,,,,,,
410608,"Howell, David W L",ENG,M,GM,,1990,2007,false,,false,,,ENG,Eastbourne,ENG,https://upload.wikimedia.org/wikipedia/commons/thumb/e/e7/GrandSwissCommentary23_%28cropped%29.jpg/250px-GrandSwissCommentary23_%28cropped%29.jpg,,"David Wei Liang Howell is an English chess grandmaster and commentator. A three-time British champion, he is also the second-youngest British person to achieve the title of Grandmaster, earned at the age of 16.",https://en.wikipedia.org/wiki/David_Howell_(chess_player),howitzer14,david-howell,,54691,https://www.davidhowellchess.net,DavidHowellGM,davidhowellchess,,,
400297,"Howell, James C",ENG,M,GM,,1967,1995,false,,false,,,ENG,Brent,ENG,,,,,,james-c-howell,,19312,,,,,,
300071,"Hracek, Zbynek",CZE,M,GM,,1970,1993,false,,false,,,CZE,Uherské Hradiště,CZE,https://upload.wikimedia.org/wikipedia/commons/thumb/4/45/ZbynekHracek.jpg/250px-ZbynekHracek.jpg,,,,,zbynek-hracek,,14000,,,,,,
2268795,"Huerga Leache, Mikel",ESP,M,GM,,1989,2022,false,,false,,,ESP,Pamplona,ESP,https://upload.wikimedia.org/wikipedia/commons/thumb/0/09/Mikel_Huerga_berria_eus2021_%28cropped%29.jpg/250px-Mikel_Huerga_berria_eus2021_%28cropped%29.jpg,,Mikel Huerga Leache is a Spanish chess grandmaster. He is the first grandmaster from Navarre.,https://en.wikipedia.org/wiki/Mikel_Huerga_Leache,tightpok,mikel-huerga-leache,,95982,,,,,,
14500060,"Hulak, Krunoslav",YUG,M,GM,,1951,1976,true,2015,false,,,CRO,Osijek,YUG,https://upload.wikimedia.org/wikipedia/commons/thumb/1/1d/Krunoslav_Hulak_1977.jpg/250px-Krunoslav_Hulak_1977.jpg,,,,,,,,,,,,,
2021030,"Hungaski, Robert",USA,M,GM,,1987,2013,false,,false,,,USA,"Stamford, Connecticut",USA,https://upload.wikimedia.org/wikipedia/commons/thumb/3/30/GM_Robert_Hungaski.jpg/250px-GM_Robert_Hungaski.jpg,,,,rhungaski,robert-andrew-hungaski,,53343,,,,,,
24604747,"Huschenbeth, Niclas",GER,M,GM,,1992,2012,false,,false,,,GER,Hann. Münden,GER,https://upload.wikimedia.org/wikipedia/commons/thumb/8/8e/NiclasHuschenbeth23.jpg/250px-NiclasHuschenbeth23.jpg,,Niclas Huschenbeth is a German chess grandmaster and a two-time German Chess Champion. He played in the Chess Olympiads of 2008 and 2010.,https://en.wikipedia.org/wiki/Niclas_Huschenbeth,GM_Huschenbeth,niclas-huschenbeth,Niclas,95997,,GM_Huschenbeth,gm_huschenbeth,,,
2803828,"Huzman, Alexander",ISR,M,GM,,1962,1991,false,,false,,,UKR,Zhytomyr,ISR,https://upload.wikimedia.org/wikipedia/commons/6/66/Alexander_Huzman.jpg,,,,Alexhuzman,alexander-huzman,Alchimik,11060,,,,,,
4600010,"Hübner, Robert",FRG,M,GM,,1948,1971,true,2025,false,,,GER,Cologne,FRG,https://upload.wikimedia.org/wikipedia/commons/thumb/b/b9/Dhr._Robert_H%C3%BCbner%2C_Bestanddeelnr_932-7315.jpg/250px-Dhr._Robert_H%C3%BCbner%2C_Bestanddeelnr_932-7315.jpg,,,,,robert-huebner,,14098,,,,,,
5105048,"Ibarra Chami, Luis Fernando",MEX,M,GM,,1989,2020,false,,false,,,MEX,"Mérida, Yucatán",MEX,https://upload.wikimedia.org/wikipedia/commons/thumb/0/01/IbarraChami_LuisFernando.jpg/250px-IbarraChami_LuisFernando.jpg,,,,LuisIbarraCh,luis-fernando-ibarra-chami,,56795,,,,,,
2226332,"Ibarra Jerez, Jose Carlos",ESP,M,GM,,1985,2013,false,,false,,,ESP,Murcia,ESP,https://upload.wikimedia.org/wikipedia/commons/thumb/1/11/GM_Jos%C3%A9_Carlos_Ibarra_Jerez_%28cropped%29.jpg/250px-GM_Jos%C3%A9_Carlos_Ibarra_Jerez_%28cropped%29.jpg,,,,jcibarra,jose-carlos-ibarra-jerez,,50564,,,,,,
13700952,"Ibragimov, Alibek",KAZ,M,GM,,1968,2002,false,,false,,,KAZ,,KAZ,,,,,,alibek-ibragimov,,84492,,,,,,
4102878,"Ibragimov, Ildar",RUS,M,GM,,1967,1993,false,,false,,,RUS,Kazan,RUS|USA|RUS,https://upload.wikimedia.org/wikipedia/commons/thumb/d/de/Ibragimov_Ildar.jpg/250px-Ibragimov_Ildar.jpg,,,,,ildar-ibragimov,,17081,,,,,,
13400495,"Ibrahimov, Rasul",AZE,M,GM,,1981,2005,false,,false,,,AZE,Baku,AZE,https://upload.wikimedia.org/wikipedia/commons/8/86/Rasul_Ibrahimov.jpg,,,,,rasul-ibrahimov,,56993,,,,,,
13700650,"Ibrayev, Nurlan",KAZ,M,GM,,1977,2005,false,,false,,,KAZ,Tselinograd,KAZ,,,,,Ibrayevnb,nurlan-ibrayev,Nurlan_Ibrayev,79524,,,,,,
12510130,"Idani, Pouya",FRA,M,GM,,1995,2014,false,,false,,,IRI,Ahvaz,IRI|FRA,https://upload.wikimedia.org/wikipedia/commons/thumb/e/ea/PouyaIdani23a.jpg/250px-PouyaIdani23a.jpg,,,,pouya21,pouya-idani,,114507,,,,,,
4100972,"Ikonnikov, Vyacheslav",FID,M,GM,,1966,1999,false,,false,,,FID,,RUS|FID,,,,,,viatcheslav-ikonnikov,,21981,,,,,,
45015775,Ilamparthi A R,IND,M,GM,,2009,2026,false,,false,,,IND,Pollachi,IND,,,,,,ilamparthi-a-r,,,,,,,,
900346,"Ilincic, Zlatko",SRB,M,GM,,1968,1994,false,,false,,,SRB,,SRB,,,,,,zlatko-ilincic,,19706,,,,,,
4156021,"Iljin, Artem",MNE,M,GM,,1987,2007,false,,false,,,MNE,Tatarstan,RUS|MNE,,,,,Artem_Ilyin,artem-iljin,Artem_Ilyin,50197,,,,,,
24105074,"Iljiushenok, Ilia",FID,M,GM,,1993,2018,false,,false,,,RUS,Langepas,RUS|FID,https://upload.wikimedia.org/wikipedia/commons/thumb/d/d6/Ilia_Iljiushenok_%28cropped%29_%28cropped%29.jpg/250px-Ilia_Iljiushenok_%28cropped%29_%28cropped%29.jpg,,,,WashUntilHoles,ilia-iljiushenok,Ilya993,125216,,,,,,
4122178,"Iljushin, Alexei",RUS,M,GM,,1980,2001,false,,false,,,RUS,,RUS,,,,,Iljushin_Alexey,alexei-iljushin,,49032,,,,,,
2200015,"Illescas Cordoba, Miguel",ESP,M,GM,,1965,1988,false,,false,,,ESP,Barcelona,ESP,https://upload.wikimedia.org/wikipedia/commons/thumb/8/85/Miguel_Illescas_C%C3%B3rdoba_2013.jpg/250px-Miguel_Illescas_C%C3%B3rdoba_2013.jpg,,Miguel Illescas Córdoba is a Spanish chess grandmaster.,https://en.wikipedia.org/wiki/Miguel_Illescas,DEARMIKE,miguel-illescas-cordoba,,14067,,illescasmiguel,,,,
3205207,"Illingworth, Max",AUS,M,GM,,1992,2016,false,,false,,,AUS,Sydney,AUS,https://upload.wikimedia.org/wikipedia/commons/thumb/1/13/Max_Illingworth_2013.jpg/250px-Max_Illingworth_2013.jpg,,,,Illingworth,max-illingworth,,121171,http://www.illingworthchess.com,,,,,
4162722,"Inarkiev, Ernesto",RUS,M,GM,,1985,2002,false,,false,,,KGZ,Osh,UZB|RUS,https://upload.wikimedia.org/wikipedia/commons/thumb/e/ed/%D0%AD%D1%80%D0%BD%D0%B5%D1%81%D1%82%D0%BE_%D0%98%D0%BD%D0%B0%D1%80%D0%BA%D0%B8%D0%B5%D0%B2_%D0%9C%D0%BE%D1%81%D0%BA%D0%B2%D0%B0_2020.jpg/250px-%D0%AD%D1%80%D0%BD%D0%B5%D1%81%D1%82%D0%BE_%D0%98%D0%BD%D0%B0%D1%80%D0%BA%D0%B8%D0%B5%D0%B2_%D0%9C%D0%BE%D1%81%D0%BA%D0%B2%D0%B0_2020.jpg,,,,Vorenus_Lucius,ernesto-inarkiev,,49041,,,ernesto_inarkiev,,,
911925,"Indjic, Aleksandar",SRB,M,GM,,1995,2013,false,,false,,,SRB,Stara Pazova,SRB,https://upload.wikimedia.org/wikipedia/commons/thumb/4/42/Indjic_Aleksandar_%2829568765872%29_%28cropped%29.jpg/250px-Indjic_Aleksandar_%2829568765872%29_%28cropped%29.jpg,,Aleksandar Inđić is a Serbian chess grandmaster. He is a four-time Serbian Chess Champion and the 2024 European Chess Champion.,https://en.wikipedia.org/wiki/Aleksandar_In%C4%91i%C4%87,Beca95,aleksandar-indjic,NIndja64,132397,,,,,,
25002767,"Iniyan, Pa",IND,M,GM,,2002,2019,false,,false,,,IND,Erode,IND,https://upload.wikimedia.org/wikipedia/commons/thumb/1/11/P_Iniyan_at_2017_Andorra_open.jpg/250px-P_Iniyan_at_2017_Andorra_open.jpg,,,,superchess02,p-iniyan,,151545,,,,,,
2900033,"Inkiov, Ventzislav",BUL,M,GM,,1956,1982,false,,false,,,BUL,Stanke Dimitrov,BUL,https://upload.wikimedia.org/wikipedia/commons/thumb/c/c7/VentzislavInkiov.jpg/250px-VentzislavInkiov.jpg,,,,,ventzislav-inkiov,,15527,,,,,,
4229274,"Ioannidis, Evgenios",GRE,M,GM,,2001,2023,false,,false,,,GRE,,GRE,,,Evgenios Ioannidis is a Greek chess grandmaster.,https://en.wikipedia.org/wiki/Evgenios_Ioannidis,Nuvas,evgenios-ioannidis,,139251,,,,,,
1200089,"Ionescu, Constantin",ROU,M,GM,,1958,1998,true,2024,false,,,ROU,Brașov,ROU,,,,,ctionescu,constantin-ionescu,,42525,,,,,,
4100875,"Ionov, Sergey",RUS,M,GM,,1962,1996,false,,false,,,RUS,,RUS,https://upload.wikimedia.org/wikipedia/commons/thumb/8/80/Sergey_Ionov_Rilton_Cup_2009_%28cropped%29.jpg/250px-Sergey_Ionov_Rilton_Cup_2009_%28cropped%29.jpg,,,,,sergey-ionov,,18094,,,,,,
13900200,"Iordachescu, Viorel",MDA,M,GM,,1977,1999,false,,false,,,MDA,Kishinev,MDA,https://upload.wikimedia.org/wikipedia/commons/thumb/e/e0/ViorelIordachescu24.jpg/250px-ViorelIordachescu24.jpg,,,,Violord,viorel-iordachescu,,17882,,,,,,
2906074,"Iotov, Valentin",BUL,M,GM,,1988,2008,false,,false,,,BUL,Pleven,BUL,,,,,vyotov,valentin-yotov,,48980,,,,,,
14116731,"Ipatov, Alexander",TUR,M,GM,,1993,2011,false,,false,,,UKR,Lviv,UKR|ESP|TUR,https://upload.wikimedia.org/wikipedia/commons/thumb/5/56/Ipatov_Qatar_2015.jpg/250px-Ipatov_Qatar_2015.jpg,,,,TheGadfly1897,alexander-ipatov-1,,109944,,IpatovChess,,,,
13700154,"Irzhanov, Ruslan",KAZ,M,GM,,1976,1997,false,,false,,,KAZ,,KAZ,,,,,,ruslan-irzhanov,,17926,,,,,,
13400312,"Iskandarov, Misratdin",AZE,M,GM,,1995,2020,false,,false,,,AZE,Sumgait,AZE,https://upload.wikimedia.org/wikipedia/commons/thumb/9/9e/Misratdin_Iskandarov.jpg/250px-Misratdin_Iskandarov.jpg,,,,Misi_95,misratdin-iskandarov,Misi_95,114808,,,,,,
4120027,"Iskusnyh, Sergei",RUS,M,GM,,1974,2000,false,,false,,,RUS,,RUS,,,,,Iskusnyh,sergei-iskusnyh,Iskusnyh_SV,18300,,,,,,
13701525,"Ismagambetov, Anuar",KAZ,M,GM,,1986,2008,false,,false,,,KAZ,Astana,KAZ,,,,,Anuar_Is,anouar-ismagambetov,Anuar_Is,56563,,,,,,
1200372,"Istratescu, Andrei",ROU,M,GM,,1975,1994,false,,false,,,ROU,Bucharest,ROU|FRA|ROU,https://upload.wikimedia.org/wikipedia/commons/thumb/1/12/Andrei_Istr%C4%83%C5%A3escu_2012.jpg/250px-Andrei_Istr%C4%83%C5%A3escu_2012.jpg,,,,,andrei-istratescu,,23713,http://andreiistratescu.ro,,,,,
3901211,"Iturrizaga Bonelli, Eduardo",ESP,M,GM,,1989,2008,false,,false,,,VEN,Caracas,VEN|ESP,https://upload.wikimedia.org/wikipedia/commons/thumb/8/88/EduardoIturrizaga23.jpg/250px-EduardoIturrizaga23.jpg,,"Eduardo Patricio Iturrizaga Bonelli is a Venezuelan-born Spanish chess player. He was awarded the title Grandmaster by FIDE in 2008, making him the first Venezuelan to achieve this. He competed in the FIDE World Cup in 2007, 2009, 2013, and 2015.",https://en.wikipedia.org/wiki/Eduardo_Iturrizaga,iturrizaga,eduardo-iturrizaga-bonelli,Eduiturri,89113,,EduIturri,,,,
14200104,"Iuldachev, Saidali",UZB,M,GM,,1968,1996,false,,false,,,UZB,,UZB,https://upload.wikimedia.org/wikipedia/commons/8/85/Yuldashev%2CSaidali_1998_Recklinghausen_g.jpeg,,,,,saidali-iuldachev,,99214,,,,,,
14100010,"Ivanchuk, Vasyl",UKR,M,GM,,1969,1988,false,,false,,,UKR,Kopychyntsi,UKR,https://upload.wikimedia.org/wikipedia/commons/thumb/3/3f/VasylIvanchuk23.jpg/250px-VasylIvanchuk23.jpg,,,,viviania,vasyl-ivanchuk,,12183,,,,,,
912417,"Ivanisevic, Ivan",SRB,M,GM,,1977,2000,false,,false,,,SRB,Belgrade,SRB,https://upload.wikimedia.org/wikipedia/commons/thumb/a/a8/Ivanisevic%2CIvan_2016_Karlsruhe.jpeg/250px-Ivanisevic%2CIvan_2016_Karlsruhe.jpeg,,,,1977Ivan,ivan-ivanisevic,,44895,,,,,,
2000202,"Ivanov, Alexander",USA,M,GM,,1956,1991,false,,false,,,USA,Novovarshavka,USA,https://upload.wikimedia.org/wikipedia/commons/thumb/2/21/Grand_Master_Alexander_Ivanov.jpg/250px-Grand_Master_Alexander_Ivanov.jpg,,,,AIvanov-NE,alexander-ivanov,,41447,,,,,,
4126360,"Ivanov, Alexander Al.",RUS,M,GM,,1965,2008,false,,false,,,RUS,Arkhangelsk,RUS,,,,,,alexander-alexandrovich-ivanov,,113648,,,,,,
2000288,"Ivanov, Igor Vasilyevich",CAN,M,GM,,1947,2005,true,2005,false,,,RUS,Leningrad,USA|CAN,,,,,,,,,,,,,,
4114906,"Ivanov, Mikhail M",SRB,M,GM,,1969,1993,false,,false,,,SRB,,RUS|SRB,,,,,Mikhail646464,mikhail-m-ivanov,Mikhail6464,27087,,,,,,
4101375,"Ivanov, Sergey",RUS,M,GM,,1961,1995,false,,false,,,RUS,Leningrad,RUS,https://upload.wikimedia.org/wikipedia/commons/thumb/c/c0/Sergey_Ivanov_Rilton_Cup_2009.jpg/250px-Sergey_Ivanov_Rilton_Cup_2009.jpg,,,,,sergey-ivanov,,38123,,,,,,
900095,"Ivanovic, Bozidar",MNE,M,GM,,1946,1978,false,,false,,,MNE,Cetinje,MNE,https://upload.wikimedia.org/wikipedia/commons/thumb/e/e3/USMC-100912-M-3107S-0501.jpg/250px-USMC-100912-M-3107S-0501.jpg,,,,,bozidar-ivanovic,,14795,,,,,,
950122,"Ivic, Velimir",SRB,M,GM,,2002,2020,false,,false,,,SRB,Belgrade,SRB,https://upload.wikimedia.org/wikipedia/commons/thumb/3/32/VelimirIvic24a.jpg/250px-VelimirIvic24a.jpg,,,,DrVelja,velimir-ivic,,140817,,,,,,
900141,"Ivkov, Borislav",YUG,M,GM,,1933,1955,true,2022,false,,,SRB,Belgrade,YUG,https://upload.wikimedia.org/wikipedia/commons/thumb/0/04/Borislav_Ivkov_1972.jpg/250px-Borislav_Ivkov_1972.jpg,,,,,borislav-ivkov,,14727,,,,,,
2200260,"Izeta Txabarri, Felix",SEN,M,GM,,1961,1994,false,,false,,,SEN,Zestoa,ESP|SEN,,,,,GMIzeta,felix-izeta-txabarri,,87603,,,,,,
13700545,"Izmukhambetov, Salauat",KAZ,M,GM,,1972,1996,false,,false,,,KAZ,,KAZ,,,,,,salauat-izmukhambetov,,53016,,,,,,
13601733,"Izoria, Zviad",USA,M,GM,,1984,2002,false,,false,,,IND,Khoni,GEO|USA,https://upload.wikimedia.org/wikipedia/commons/thumb/f/f9/Izoria_zviad_20081119_olympiade_dresden.jpg/250px-Izoria_zviad_20081119_olympiade_dresden.jpg,,,,Izoria123,zviad-izoria,Brrrrrrrr,49441,,ZviadIzoria,,UCr0RffDqbwRkzvkz3UCQhXA,GMZviadIzoria,
15000214,"Jacimovic, Dragoljub",MKD,M,GM,,1964,2001,false,,false,,,MKD,,MKD,https://upload.wikimedia.org/wikipedia/commons/thumb/1/1d/Dragoljub_Jacimovic_EchT_2013.jpg/250px-Dragoljub_Jacimovic_EchT_2013.jpg,,,,,dragoljub-jacimovic,,37857,,,,,,
30901561,"Jacobson, Brandon",USA,M,GM,,2003,2020,false,,false,,,USA,"Plainfield, New Jersey",USA,,,Brandon Jacobson is an American chess player who received the FIDE title of Grandmaster in 2020 at the age of 16. He previously held the International Master (2018) and FIDE Master (2017) titles. He is ranked the 36th best player in the United States.,https://en.wikipedia.org/wiki/Brandon_Jacobson,,brandon-jacobson,,157404,,,,,,
4122356,"Jakovenko, Dmitry",RUS,M,GM,,1983,2001,false,,false,,,RUS,Omsk,RUS,https://upload.wikimedia.org/wikipedia/commons/thumb/c/cd/Dmitry_Jakovenko_Satka_2018.jpg/250px-Dmitry_Jakovenko_Satka_2018.jpg,,,,DJakovenko,dmitry-jakovenko,,49031,,,,,,
1103261,"Jakubiec, Artur",POL,M,GM,,1973,2002,false,,false,,,POL,Wadowice,POL,https://upload.wikimedia.org/wikipedia/commons/thumb/d/d4/2021-Artur-Jakubiec.JPG/250px-2021-Artur-Jakubiec.JPG,,,,,artur-jakubiec,,18198,,,,,,
1112848,"Jakubowski, Krzysztof",POL,M,GM,,1983,2009,false,,false,,,POL,Łomża,POL,https://upload.wikimedia.org/wikipedia/commons/thumb/e/e9/2021-Krzysztof-Jakubowski_%28cropped%29.JPG/250px-2021-Krzysztof-Jakubowski_%28cropped%29.JPG,,Krzysztof Jakubowski is a Polish chess Grandmaster (2009).,https://en.wikipedia.org/wiki/Krzysztof_Jakubowski,Harry_Rakkel,krzysztof-jakubowski,,49858,,,,,,
2900360,"Janev, Evgeni",BUL,M,GM,,1973,2002,false,,false,,,BUL,Sofia,BUL,,,,,,evgeni-janev,,45825,,,,,,
1159259,"Janik, Igor",POL,M,GM,,2000,2022,false,,false,,,POL,Elbląg,POL,https://upload.wikimedia.org/wikipedia/commons/thumb/d/d8/2022-Igor-Janik_%28cropped%29.JPG/250px-2022-Igor-Janik_%28cropped%29.JPG,,,,,igor-janik,,149398,,,,,,
13600087,"Janjghava, Lasha",GEO,M,GM,,1970,1990,false,,false,,,GEO,,GEO,,,,,,lasha-janjgava,,17067,,,,,,
14505959,"Jankovic, Alojzije",CRO,M,GM,,1983,2006,false,,false,,,CRO,Zagreb,CRO,https://upload.wikimedia.org/wikipedia/commons/thumb/c/c7/Alojzije_Jankovi%C4%87_2012.jpg/250px-Alojzije_Jankovi%C4%87_2012.jpg,,,,GMJankovic,alojzije-jankovic,,55616,,,,,,
4102711,"Janovsky, Sergey",RUS,M,GM,,1960,1995,false,,false,,,RUS,,RUS,,,"The following people have all been grandmasters (GM) of chess. The title has been awarded since 1950 to players who have met the standards required by the sport's governing body, FIDE. Other than world champion, it is the highest title a chess player can attain and is awarded for life, although FIDE regulations allow for the revocation of titles for cheating or fraud.",https://en.wikipedia.org/wiki/List_of_chess_grandmasters,,sergey-janovsky,,23615,,,,,,
W4183408,"Janošević, Dragoljub",YUG,M,GM,,1923,1965,true,1993,false,,,SRB,Belgrade,YUG,https://upload.wikimedia.org/wikipedia/commons/thumb/5/57/Janosevic_1982_Linz.jpg/250px-Janosevic_1982_Linz.jpg,,,,,,,,,,,,,
300128,"Jansa, Vlastimil",CZE,M,GM,,1942,1974,false,,false,,,CZE,Prague,CZE,https://upload.wikimedia.org/wikipedia/commons/thumb/9/9b/Vlastimil_Jansa.jpg/250px-Vlastimil_Jansa.jpg,,,,,vlastimil-jansa,,18547,,,,,,
1004816,"Janssen, Ruud",NED,M,GM,,1979,2011,false,,false,,,NED,Venray,NED,https://upload.wikimedia.org/wikipedia/commons/thumb/5/5b/RuudJanssen12.jpg/250px-RuudJanssen12.jpg,,,,,ruud-janssen,,17361,,,,,,
1102222,"Jaracz, Pawel",POL,M,GM,,1975,2000,false,,false,,,POL,Kożuchów,POL,https://upload.wikimedia.org/wikipedia/commons/thumb/6/6a/2021-Pawel-Jaracz.JPG/250px-2021-Pawel-Jaracz.JPG,,,,tdf98pantani,pawel-jaracz,,19893,,,,,,
1160664,"Jarmula, Lukasz",POL,M,GM,,1998,2021,false,,false,,,POL,Warsaw,POL,https://upload.wikimedia.org/wikipedia/commons/thumb/5/53/2019-Lukasz-Jarmula.JPG/250px-2019-Lukasz-Jarmula.JPG,,,,lukas_111111,lukasz-jarmula,,128311,,,,,,
1109243,"Jedynak, Radoslaw",POL,M,GM,,1982,2006,false,,false,,,POL,Warsaw,POL,https://upload.wikimedia.org/wikipedia/commons/thumb/5/5a/2021-Radoslaw-Jedynak.JPG/250px-2021-Radoslaw-Jedynak.JPG,,,,,radoslaw-jedynak,,50865,,,,,,
1304232,"Jenni, Florian",SUI,M,GM,,1980,2002,false,,false,,,SUI,Lieli,SUI,https://upload.wikimedia.org/wikipedia/commons/thumb/6/6a/Florian-Jenni.jpg/250px-Florian-Jenni.jpg,,,,,florian-jenni,,35072,,,,,,
927040,"Jeremic, Veljko",SRB,M,GM,,1985,2004,false,,false,,,BIH,Priboj,SRB,,,,,,veljko-jeremic,,49482,,,,,,
1208110,"Jianu, Vlad-Cristian",ROU,M,GM,,1984,2007,false,,false,,,ROU,Bucharest,ROU,https://upload.wikimedia.org/wikipedia/commons/thumb/c/c1/Vlad-Cristian_Jianu_2013%282%29.jpg/250px-Vlad-Cristian_Jianu_2013%282%29.jpg,,,,vladjianu,vlad-cristian-jianu,,49403,,,,,,
303224,"Jirovsky, Milos",CZE,M,GM,,1974,2003,false,,false,,,CZE,Kolin,CZE,,,,,MilosJi,milos-jirovsky,,19864,,,,,,
13601520,"Jobava, Baadur",GEO,M,GM,,1983,2001,false,,false,,,GEO,Gali,GEO,https://upload.wikimedia.org/wikipedia/commons/thumb/3/36/Jobava_Baadur_%2830304194976%29_%28cropped%29.jpg/250px-Jobava_Baadur_%2830304194976%29_%28cropped%29.jpg,,,,exoticprincess,baadur-jobava,athena-pallada,49467,,,,,,
1501674,"Johannessen, Leif Erlend",NOR,M,GM,,1980,2002,false,,false,,,NOR,Oslo,NOR,https://upload.wikimedia.org/wikipedia/commons/thumb/1/19/LeifJohannessen.jpg/250px-LeifJohannessen.jpg,,,,,leif-erlend-johannessen,,76840,,,,,,
3200035,"Johansen, Darryl K",AUS,M,GM,,1959,1995,false,,false,,,AUS,Melbourne,AUS,https://upload.wikimedia.org/wikipedia/commons/thumb/2/29/Darryl_Johansen_2009.jpg/250px-Darryl_Johansen_2009.jpg,,,,,darryl-k-johansen,,47022,,,,,,
13602543,"Jojua, Davit",GEO,M,GM,,1989,2009,false,,false,,,GEO,Samtredia,GEO,,,,,DJojua,davit-jojua,,98395,,,,,,
1002708,"Jonkman, Harmen",NED,M,GM,,1975,2002,false,,false,,,NED,Beverwijk,NED,https://upload.wikimedia.org/wikipedia/commons/thumb/6/64/Harmen_Jonkman.jpg/250px-Harmen_Jonkman.jpg,,,,,harmen-jonkman,,19917,,,,,,
14504081,"Jovanic, Ognjen",CRO,M,GM,,1978,2007,false,,false,,,CRO,,CRO,https://upload.wikimedia.org/wikipedia/commons/thumb/9/9b/Jovanic_Ognjen.jpg/250px-Jovanic_Ognjen.jpg,,,,,ognjen-jovanic,,49181,,,,,,
14505320,"Jovanovic, Zoran",CRO,M,GM,,1979,2006,false,,false,,,CRO,,CRO,,,"Zoran Jovanović may refer to:Zoran Jovanović (basketball), Yugoslavian basketball player, see Yugoslavia national basketball team Zoran Jovanović, Croatian chess player, see List of chess grandmasters Zoran Jovanović (footballer), Swedish footballer Zoran Jovanović (politician), member of the House of Peoples of the Federation of Bosnia and Herzegovina Zoran Jovanović, silver medallist at the 1973 European Amateur Boxing Championships",https://en.wikipedia.org/wiki/Zoran_Jovanovi%C4%87,mrkvoz,zoran-jovanovic,,12566,,,,,,
8603006,"Ju, Wenjun",CHN,F,GM,WGM,1991,2014,false,,false,,,CHN,Shanghai,CHN,https://upload.wikimedia.org/wikipedia/commons/thumb/c/c6/Ju_Wenjun_in_2024_%28cropped%29.jpg/250px-Ju_Wenjun_in_2024_%28cropped%29.jpg,,,,Juwen,ju-wenjun,,102346,,,,,,
13702661,"Jumabayev, Rinat",KAZ,M,GM,,1989,2009,false,,false,,,KAZ,Shymkent,KAZ,https://upload.wikimedia.org/wikipedia/commons/thumb/d/dd/Rinat_Jumabayev_3rd_Uzchess_cup_%28cropped%29.jpg/250px-Rinat_Jumabayev_3rd_Uzchess_cup_%28cropped%29.jpg,,,,Jumbo,rinat-jumabayev,Jumboland,124518,,,,,,
14907518,"Jurcik, Marian",SVK,M,GM,,1987,2017,false,,false,,,SVK,,SVK,,,,,,marian-jurcik,,54644,,,,,,
4618777,"Jussupow, Artur",GER,M,GM,,1960,1980,false,,false,,,RUS,Moscow,GER,https://upload.wikimedia.org/wikipedia/commons/thumb/c/cf/ArturJussupow13.jpg/250px-ArturJussupow13.jpg,,"Artur Mayakovich Yusupov is a chess grandmaster and a chess writer. Born in Soviet Russia, he has lived in Germany since the early 1990s.",https://en.wikipedia.org/wiki/Artur_Yusupov_(chess_player),,artur-yusupov,,29510,http://www.jussupow.de/index2.html,,,,,
4127820,"Kabanov, Nikolai",RUS,M,GM,,1980,2009,false,,false,,,RUS,,RUS,,,,,,nikolai-kabanov,,57052,,,,,,
13611860,"Kacharava, Nikolozi",GEO,M,GM,,2004,2023,false,,false,,,GEO,,GEO,,,,,kachsona,nikolozi-kacharava,,156050,,,,,,
13600613,"Kacheishvili, Giorgi",USA,M,GM,,1977,1997,false,,false,,,USA,,GEO|USA,,,,,mgeli,giorgi-kacheishvili,,44764,,,,,,
14403803,"Kadric, Denis",MNE,M,GM,,1995,2015,false,,false,,,GER,Frankfurt,BIH|MNE,https://upload.wikimedia.org/wikipedia/commons/thumb/c/cf/Denis_Kadri%C4%87_2023_%28cropped%29.jpg/250px-Denis_Kadri%C4%87_2023_%28cropped%29.jpg,,,,Kiborg95,denis-kadric,Kiborg95,118267,,,,,,
2008564,"Kaidanov, Gregory",USA,M,GM,,1959,1988,false,,false,,,UKR,Berdychiv,USA,https://upload.wikimedia.org/wikipedia/commons/thumb/4/4e/Kaidanov0201_051.jpg/250px-Kaidanov0201_051.jpg,,Gregory Kaidanov is a Soviet-born American chess grandmaster. He was inducted into the United States Chess Hall of Fame in 2013.,https://en.wikipedia.org/wiki/Gregory_Kaidanov,kaidanov,gregory-kaidanov,,64688,https://kaidanov.org/,,,,,
4112423,"Kalinin, Alexander",RUS,M,GM,,1968,2001,false,,false,,,RUS,,RUS,,,,,,alexander-kalinin,,53228,,,,,,
4637321,"Kalinitschew, Sergey",GER,M,GM,,1956,1997,false,,false,,,RUS,Moscow,GER,https://upload.wikimedia.org/wikipedia/commons/thumb/f/f3/Kalinitschew_sergej_20081025_berlin_bundesliga.jpg/250px-Kalinitschew_sergej_20081025_berlin_bundesliga.jpg,,,,,sergey-kalinichev,,50839,,,,,,
501778,"Kallio, Heikki",FIN,M,GM,,1980,2001,false,,false,,,FIN,Vaasa,FIN,,,,,,heikki-kallio,,49489,,HKallioGoblin,,,,
305421,"Kalod, Radek",CZE,M,GM,,1978,2004,false,,false,,,CZE,Brno,CZE,,,,,,radek-kalod,,49662,,,,,,
4128567,"Kalugin, Sergey G.",RUS,M,GM,,1970,2000,false,,false,,,RUS,,RUS,,,,,,sergey-g-kalugin,,92296,,,,,,
1100696,"Kaminski, Marcin",POL,M,GM,,1977,1996,false,,false,,,POL,Wrocław,POL,https://upload.wikimedia.org/wikipedia/commons/thumb/5/53/Marcin_Kaminski_2009.jpg/250px-Marcin_Kaminski_2009.jpg,,,,,marcin-kaminski,,17254,,,,,,
2000024,"Kamsky, Gata",FRA,M,GM,,1974,1990,false,,false,,,RUS,Novokuznetsk,USA|FRA,https://upload.wikimedia.org/wikipedia/commons/thumb/8/82/GataKamsky24.jpg/250px-GataKamsky24.jpg,,,,TigrVShlyape,gata-kamsky,IGMGataKamsky,15874,,IGMGataKamsky,,,,
1126822,"Kanarek, Marcel",POL,M,GM,,1993,2016,false,,false,,,POL,Koszalin,POL,https://upload.wikimedia.org/wikipedia/commons/thumb/7/72/2021-Marcel-Kanarek_%28cropped%29.JPG/250px-2021-Marcel-Kanarek_%28cropped%29.JPG,,,,GMMarcelKanarek,marcel-kanarek,,117744,,,,,,
10618490,"Kandil, Adham",EGY,M,GM,,2001,2025,false,,false,,,EGY,,EGY,https://upload.wikimedia.org/wikipedia/commons/thumb/a/a0/Adham_Kandil_%28cropped%29.jpg/250px-Adham_Kandil_%28cropped%29.jpg,,,,a_kandil,adham-kandil,,155640,,,,,,
4501047,"Kanep, Meelis",EST,M,GM,,1983,2006,false,,false,,,EST,Võru,EST,https://upload.wikimedia.org/wikipedia/commons/thumb/1/1c/Kanep%2C_Meelis.IMG_2455.JPG/250px-Kanep%2C_Meelis.IMG_2455.JPG,,,,Paul66666,meelis-kanep,,51531,,,,,,
5018293,Kannappan Priyadharshan,IND,M,GM,,1993,2016,false,,false,,,IND,Madurai,IND,,,,,,kannappan-priyadharshan,,103183,,,,,,
11602945,"Kantans, Toms",LAT,M,GM,,1994,2017,false,,false,,,LAT,Riga,LAT,https://upload.wikimedia.org/wikipedia/commons/thumb/4/49/2022-Toms-Kantans.JPG/250px-2022-Toms-Kantans.JPG,,,,TomsKantans,toms-kantans,Khem,119998,,,,,,
751499,"Kantor, Gergely",HUN,M,GM,,1999,2019,false,,false,,,HUN,,HUN,,,,,KantorGergely,gergely-kantor,,149464,,,,,,
2805359,"Kantsler, Boris",ISR,M,GM,,1962,1999,false,,false,,,KGZ,Frunze,ISR,,,,,BorisK62,boris-kantsler,,15715,,,,,,
4203445,"Kapnisis, Spyridon",GRE,M,GM,,1981,2011,false,,false,,,GRE,,GRE,https://upload.wikimedia.org/wikipedia/commons/thumb/d/db/Spyros_Kapnisis_%2829396533721%29.jpg/250px-Spyros_Kapnisis_%2829396533721%29.jpg,,,,,spiridon-kapnisis,,53057,,,,,,
14109603,"Karjakin, Sergey",RUS,M,GM,,1990,2003,false,,false,,,UKR,Simferopol,UKR|RUS,https://upload.wikimedia.org/wikipedia/commons/thumb/b/b5/SergeyKarjakin19.jpg/250px-SergeyKarjakin19.jpg,,,,SergeyKarjakin,sergey-karjakin,,54535,,SergeyKaryakin,sergey_karjakin,,,karyakin.chess
1700057,"Karlsson, Lars",SWE,M,GM,,1955,1982,false,,false,,,SWE,Stockholm,SWE,https://upload.wikimedia.org/wikipedia/commons/thumb/5/5c/Lars_Karlsson_Rilton_Cup_2009.jpg/250px-Lars_Karlsson_Rilton_Cup_2009.jpg,,,,,lars-karlsson,,18045,,,,,,
4117182,"Karpatchev, Aleksandr",RUS,M,GM,,1967,1997,false,,false,,,RUS,,RUS,,,,,,aleksandr-karpatchev,,36755,,,,,,
4100026,"Karpov, Anatoly",RUS,M,GM,,1951,1970,false,,false,,,RUS,Zlatoust,RUS,https://upload.wikimedia.org/wikipedia/commons/thumb/e/e6/Anatoly_Karpov_2017_april.jpg/250px-Anatoly_Karpov_2017_april.jpg,,,,,anatoly-karpov,,20719,http://aekarpov.com/,karpovanatolye,karpov.chess.official,,,officialKarpov
25006479,Karthik Venkataraman,IND,M,GM,,1999,2018,false,,false,,,IND,Vellore,IND,,,,,DevikBronstein,karthik-venkataraman,,154035,,,,,,
5074452,"Karthikeyan, Murali",IND,M,GM,,1999,2015,false,,false,,,IND,Thanjavur,IND,https://upload.wikimedia.org/wikipedia/commons/thumb/0/09/MuraliKarthikeyan23.jpg/250px-MuraliKarthikeyan23.jpg,,Karthikeyan Murali is an Indian chess grandmaster. He was awarded the title of Grandmaster by FIDE in 2015. Karthikeyan is a two-time national champion.,https://en.wikipedia.org/wiki/Karthikeyan_Murali,youngKID,karthikeyan-murali,,131321,http://karthikeyanmurali.com,,,,,
5018226,"Karthikeyan, P.",IND,M,GM,,1990,2019,false,,false,,,IND,Chennai,IND,https://upload.wikimedia.org/wikipedia/commons/thumb/0/05/London_Chess_Classic_2016_Day5-24_%2831062710373%29_%28cropped%29.jpg/250px-London_Chess_Classic_2016_Day5-24_%2831062710373%29_%28cropped%29.jpg,,,,Kargan90,p-karthikeyan-1,,115564,,,,,,
W9321490,"Kashdan, Isaac",USA,M,GM,,1905,1954,true,1985,false,,,USA,New York City,USA,,,,,,,,,,,,,,
14200244,"Kasimdzhanov, Rustam",UZB,M,GM,,1979,1997,false,,false,,,UZB,Tashkent,UZB,https://upload.wikimedia.org/wikipedia/commons/thumb/2/29/FIDE_Grand_Swiss_2025_Samarkand_Rustam_Kasimdzhanov_%28cropped%29.jpg/250px-FIDE_Grand_Swiss_2025_Samarkand_Rustam_Kasimdzhanov_%28cropped%29.jpg,,,,solingen2020,rustam-kasimdzhanov,,38799,,,,,,
11600098,"Kasimi, Isa",CZE,M,GM,,1961,1992,true,2024,true,2019,Caught cheating with smartphone at 2019 Strasbourg Open,LAT,,LAT|CZE,,,,,,,,,,,,,,
4100018,"Kasparov, Garry",RUS,M,GM,,1963,1980,false,,false,,,AZE,Baku,RUS,https://upload.wikimedia.org/wikipedia/commons/thumb/b/b9/Garri_Kasparow_%2818776605665%29_%28cropped%29_2.jpg/250px-Garri_Kasparow_%2818776605665%29_%28cropped%29_2.jpg,,,,GarryKasparov,garry-kasparov,,15940,https://kasparov.com,Kasparov63,,,,
13500481,"Kasparov, Sergey",FID,M,GM,,1968,2007,false,,false,,,BLR,Mogilev,BLR|FID,https://upload.wikimedia.org/wikipedia/commons/thumb/1/13/Kasparov%2CSergey_2011_Bad_W%C3%B6rishofen.jpg/250px-Kasparov%2CSergey_2011_Bad_W%C3%B6rishofen.jpg,,,,Sergey_Kasparov,sergey-kasparov,Sergey_Kasparov,80122,,,,,,
2000555,"Kaufman, Lawrence",USA,M,GM,,1947,2008,false,,false,,,USA,Washington,USA,,,,,hissha,lawrence-kaufman,,50429,,,,,,
2000121,"Kavalek, Lubomir",USA,M,GM,,1943,1966,true,2021,false,,,CZE,Prague,USA,https://upload.wikimedia.org/wikipedia/commons/thumb/1/1f/Lugano_1968001.jpg/250px-Lugano_1968001.jpg,,,,,,,,,,,,,
14200090,"Kayumov, Dmitry D.",UZB,M,GM,,1949,2003,true,2021,false,,,UZB,Tashkent,UZB,,,,,,dmitry-d-kayumov,,18275,,,,,,
14200880,"Kayumov, Sergey",UZB,M,GM,,1981,2010,false,,false,,,UZB,Tashkent,UZB,,,,,,sergey-kayumov,,51270,,,,,,
13507443,"Kazakouski, Valery",LTU,M,GM,,2000,2022,false,,false,,,BLR,Minsk,BLR|LTU,https://upload.wikimedia.org/wikipedia/commons/thumb/5/5f/ValeryKazakouski24.jpg/250px-ValeryKazakouski24.jpg,,,,Gloomy_Wanderer,valery-kazakouski,,147880,,,,,,
14102749,"Kazakov, Mikhail",UKR,M,GM,,1972,2001,false,,false,,,UKR,,UKR,,,,,,mikhail-kazakov,,31483,,,,,,
13700316,"Kazhgaleyev, Murtas",KAZ,M,GM,,1973,1998,false,,false,,,KAZ,Uralsk,KAZ,https://upload.wikimedia.org/wikipedia/commons/thumb/0/02/Kasgalejew_murtas_20081119_olympiade_dresden.jpg/250px-Kasgalejew_murtas_20081119_olympiade_dresden.jpg,,,,murtas73,murtas-kazhgaleyev,,39709,,,,UC5HO005v87TVgSDyNXHnljg,,
400211,"Keene, Raymond D",ENG,M,GM,,1948,1976,false,,false,,,ENG,London,ENG,https://upload.wikimedia.org/wikipedia/commons/thumb/9/9d/Raymond_Keene_1985_%282%29.jpg/250px-Raymond_Keene_1985_%282%29.jpg,,,,Keene,raymond-d-keene-1,,15438,,,,,,
4600479,"Keitlinghaus, Ludger",GER,M,GM,,1965,1998,false,,false,,,GER,,GER,,,,,,ludger-keitlinghaus,,17103,,,,,,
13600818,"Kekelidze, Mikheil",GEO,M,GM,,1974,2000,false,,false,,,GEO,,GEO,,,,,Mikheil_kekelidze,mikheil-kekelidze,,57710,,,,,,
5900727,"Kelires, Andreas",CYP,M,GM,,1999,2016,false,,false,,,CYP,Cyprus,CYP|GRE|CYP,,,,,kedollaria,andreas-kelires,,134712,,,,,,
1105663,"Kempinski, Robert",POL,M,GM,,1977,1996,false,,false,,,POL,Gdańsk,POL,https://upload.wikimedia.org/wikipedia/commons/thumb/f/fa/2021-Robert-Kempinski_%28cropped%29.JPG/250px-2021-Robert-Kempinski_%28cropped%29.JPG,,,,,robert-kempinski,,11643,,,,,,
11600039,"Kengis, Edvins",LAT,M,GM,,1959,1991,false,,false,,,LAT,Cēsis,LAT,https://upload.wikimedia.org/wikipedia/commons/6/6d/Edvins_Kengis_2000_Wattenscheid.jpg,,,,,edvins-kengis,,14317,,,,,,
W2544675,"Keres, Paul",URS,M,GM,,1916,1950,true,1975,false,,,FIN,Helsinki,URS,https://upload.wikimedia.org/wikipedia/commons/thumb/8/82/Paul_Keres.jpg/250px-Paul_Keres.jpg,,,,,,,,,,,,,
1040634,"Kevlishvili, Robby",NED,M,GM,,2001,2021,false,,false,,,NED,Dronten,NED,https://upload.wikimedia.org/wikipedia/commons/thumb/a/a9/Kevlishvili2018_%28cropped%29.jpg/250px-Kevlishvili2018_%28cropped%29.jpg,,,,,robby-kevlishvili,LuckyGraaf,142560,,,,,,
12940690,"Keymer, Vincent",GER,M,GM,,2004,2020,false,,false,,,GER,Mainz,GER,https://upload.wikimedia.org/wikipedia/commons/thumb/6/62/Vincent_Keymer_2026_Norway_Chess.jpg/250px-Vincent_Keymer_2026_Norway_Chess.jpg,,Vincent Keymer is a German chess grandmaster. He is the highest rated German player and is consistently ranked in World Top 10. He was the No.1 in the FIDE World Chess Ratings for Juniors in January 2024.,https://en.wikipedia.org/wiki/Vincent_Keymer,VincentKeymer,vincent-keymer,VincentKeymer2004,155740,https://www.vincent-keymer.de,VincentKeymer04,vincentkeymer2004,,,
13300512,"Khachiyan, Melikset",USA,M,GM,,1970,2006,false,,false,,,AZE,Baku,ARM|USA,https://upload.wikimedia.org/wikipedia/commons/b/b5/MeliksetKhachiyan.jpg,,,,GMMelik,melikset-khachiyan,KhachiyanM,91092,https://gmkhachiyan.com,,,,,
4151348,"Khairullin, Ildar",RUS,M,GM,,1990,2007,false,,false,,,RUS,Perm,RUS,https://upload.wikimedia.org/wikipedia/commons/thumb/3/33/Ildar_Khairullin_2009.jpg/250px-Ildar_Khairullin_2009.jpg,,,,Secret_Level,ildar-khairullin,,56802,,,,,,
4100115,"Khalifman, Alexander",FID,M,GM,,1966,1990,false,,false,,,RUS,Leningrad,RUS|FID,https://upload.wikimedia.org/wikipedia/commons/thumb/b/bb/Alexander_Khalifman.jpg/250px-Alexander_Khalifman.jpg,,,,OldBolt,alexander-khalifman,,11645,,,,,,
14201143,"Khamrakulov, Djurabek",UZB,M,GM,,1988,2018,false,,false,,,UZB,Samarkand,UZB,,,,,Khamrakulov_Djurabek,djurabek-khamrakulov,,95972,,,,,,
14200295,"Khamrakulov, Ibragim S.",ESP,M,GM,,1982,2006,false,,false,,,ESP,,UZB|ESP,https://upload.wikimedia.org/wikipedia/commons/thumb/7/76/Khamrakulov_ibragim_20081120_olympiade_dresden.jpg/250px-Khamrakulov_ibragim_20081120_olympiade_dresden.jpg,,,,,ibragim-s-khamrakulov,,17315,,,,,,
W0791294,"Khan, Sultan",PAK,M,GM,,1903,2024,true,1966,false,,,PAK,Mitha Tiwana,PAK,,,,,,,,,,,,,,
4111990,"Khanin, Semen",FID,M,GM,,1999,2023,false,,false,,,RUS,Novosibirsk,RUS|FID,,,Semen Vladimirovich Khanin is a Russian chess grandmaster.,https://en.wikipedia.org/wiki/Semen_Khanin,Semen_Khanin,semen-khanin,,141447,,,,,,
14113210,"Kharchenko, Boris",UKR,M,GM,,1991,2013,false,,false,,,UKR,Luhansk,UKR,,,,,,boris-khartchenko,,95813,,,,,,
4135202,"Kharitonov, Alexandr",RUS,M,GM,,1986,2006,false,,false,,,RUS,Obninsk,RUS,https://upload.wikimedia.org/wikipedia/commons/thumb/f/f4/Alexandr_Kharitonov_at_2019_Andorra_open.jpg/250px-Alexandr_Kharitonov_at_2019_Andorra_open.jpg,,,,,aleksandr-kharitonov-1,,93704,,,,,,
4100948,"Kharitonov, Andrei",RUS,M,GM,,1959,1993,true,2012,false,,,RUS,Moscow,RUS,,,,,,,,28798,,,,,,
4102185,"Kharlov, Andrei",RUS,M,GM,,1968,1992,true,2014,false,,,RUS,Prokopyevsk,RUS,,,,,,,,,,,,,,
4101189,"Khasin, Alexander",RUS,M,GM,,1951,1996,true,2016,false,,,RUS,Novosibirsk,RUS,,,,,,,,41720,,,,,,
4900332,"Khatanbaatar, Bazar",MGL,M,GM,,1973,1999,false,,false,,,MGL,,MGL,,,,,KhatanbaatarBazar,bazar-khatanbaatar,,35027,,,,,,
24153729,"Khegay, Dmitriy",RUS,M,GM,,1997,2020,false,,false,,,RUS,,RUS,,,,,124chess,dmitriy-khegay,,146318,,,,,,
4659600,"Khenkin, Igor",GER,M,GM,,1968,1992,false,,false,,,RUS,"Vladimir, Russia",GER,https://upload.wikimedia.org/wikipedia/commons/thumb/8/87/Igor_Khenkin.jpg/250px-Igor_Khenkin.jpg,,,,,igor-khenkin,,27433,,,,,,
4142578,"Khismatullin, Denis",RUS,M,GM,,1984,2004,false,,false,,,RUS,Neftekamsk,RUS,https://upload.wikimedia.org/wikipedia/commons/thumb/0/0f/Denis_Khismatullin_Satka_2018.jpg/250px-Denis_Khismatullin_Satka_2018.jpg,,,,,denis-khismatullin,,53193,,,,,,
2805340,"Khmelniker, Ilya",ISR,M,GM,,1985,2011,false,,false,,,RUS,Russia,ISR,,,,,,ilya-khmelniker,,54615,,,,,,
4101090,"Kholmov, Ratmir",URS,M,GM,,1925,1960,true,2006,false,,,URS,Shenkursk,URS,,,,,,,,,,,,,,
13602640,"Khotenashvili, Bella",GEO,F,GM,WGM,1988,2013,false,,false,,,GEO,Telavi,GEO,https://upload.wikimedia.org/wikipedia/commons/thumb/6/6a/Fondation_Neva_Women%27s_Grand_Prix_Geneva_09-05-2013_-_Bela_Khotenashvili_1_%28cropped%29.jpg/250px-Fondation_Neva_Women%27s_Grand_Prix_Geneva_09-05-2013_-_Bela_Khotenashvili_1_%28cropped%29.jpg,,,,,bela-khotenashvili,,87968,,,,,,
13900544,"Khruschiov, Alexey",MDA,M,GM,,1982,2007,false,,false,,,MDA,Chișinău,MDA,,,,,,alexey-khruschiov,,49455,,,,,,
54114527,"Khubukshanov, Erdem",FID,M,GM,,2007,2026,false,,false,,,RUS,Ulan-Ude,RUS|FID,,,,,,erdem-khubukshanov,,162775,,,,,,
13701703,"Khusnutdinov, Rustam",KAZ,M,GM,,1987,2009,false,,false,,,KAZ,Karaganda,KAZ,,,,,RD4ever,rustam-khusnutdinov,RD4ever,95964,,,,,,
4129776,"Kim, Alexey",KOR,M,GM,,1986,2004,false,,false,,,UZB,Tashkent,RUS|KOR,,,,,,alexey-kim,,76955,,,,,,
4600053,"Kindermann, Stefan",AUT,M,GM,,1959,1988,false,,false,,,AUT,Vienna,AUS|AUT,https://upload.wikimedia.org/wikipedia/commons/thumb/d/d4/Stefan_Emanuel_Sylvester_Kindermann.jpg/250px-Stefan_Emanuel_Sylvester_Kindermann.jpg,,,,,stefan-kindermann,,13993,,,,,,
400068,"King, Daniel J",ENG,M,GM,,1963,1989,false,,false,,,ENG,Beckenham,ENG,https://upload.wikimedia.org/wikipedia/commons/thumb/5/53/Daniel_king.jpg/250px-Daniel_king.jpg,,,,DanielKing,daniel-j-king,,11677,,DanielKingChess,,,,
4119231,"Kiriakov, Petr",FID,M,GM,,1975,1998,false,,false,,,RUS,Krasnoyarsk,RUS|FID,,,,,GM_Petrovich,piotr-kiriakov,,42811,,,,,,
2900076,"Kirov, Nino",BUL,M,GM,,1945,1975,true,2008,false,,,BUL,Blagoevgrad,BUL,,,,,,,,,,,,,,
4194128,"Kiselev, Vitalii",ARG,M,GM,,1988,2007,false,,false,,,RUS,Rostov-on-Don,RUS|FID|ARG,,,,,,vitaliy-kiselev,,128824,,,,,,
4100751,"Kishnev, Sergey",RUS,M,GM,,1956,1996,false,,false,,,RUS,,RUS,,,,,,sergey-kishnev,,18237,,,,,,
14108801,"Kislinsky, Alexey",CZE,M,GM,,1984,2008,false,,false,,,UKR,Kyiv,UKR|CZE,,,,,Alexchess1984,alexey-kislinsky,,67900,,,,,,
2301318,"Kjartansson, Gudmundur",ISL,M,GM,,1988,2021,false,,false,,,ISL,Reykjavík,ISL,https://upload.wikimedia.org/wikipedia/commons/thumb/5/59/GudmundurKjartansson23.jpg/250px-GudmundurKjartansson23.jpg,,Guðmundur Kjartansson is an Icelandic chess grandmaster.,https://en.wikipedia.org/wiki/Gu%C3%B0mundur_Kjartansson,iceboy88,gudmundur-kjartansson,,11002,,,,,,
14500248,"Klaric, Zlatko",CRO,M,GM,,1956,1983,false,,false,,,CRO,Borovo,CRO,,,,,,zlatko-klaric,,18114,,,,,,
1003623,"Klein, David",NED,M,GM,,1993,2014,false,,false,,,NED,Haarlem,NED,https://upload.wikimedia.org/wikipedia/commons/thumb/d/d4/DavidKlein13.jpg/250px-DavidKlein13.jpg,,,,David_Klein,david-klein,,114799,,,,,,
1132717,"Klekowski, Maciej",POL,M,GM,,1992,2020,false,,false,,,POL,Częstochowa,POL,https://upload.wikimedia.org/wikipedia/commons/thumb/0/07/2021-Maciej-Klekowski-2.JPG/250px-2021-Maciej-Klekowski-2.JPG,,,,maciek_92,maciej-klekowski,,117761,,,,,,
21856222,"Klimkowski, Jan",POL,M,GM,,2007,2025,false,,false,,,POL,,POL,https://upload.wikimedia.org/wikipedia/commons/thumb/d/dc/2022-Jan-Klimkowski.JPG/250px-2022-Jan-Klimkowski.JPG,,,,klimkoj,jan-klimkowski,,171247,,,,,,
4121759,"Klimov, Sergey",RUS,M,GM,,1979,2009,false,,false,,,RUS,Leningrad,RUS,,,,,,sergey-alexandrovich-klimov,,49150,,,,,,
1600010,"Klinger, Josef",AUT,M,GM,,1967,1988,false,,false,,,AUT,St. Johann im Pongau,AUT,,,,,,josef-klinger,,16961,,,,,,
11600128,"Klovāns, Jānis",LAT,M,GM,,1935,1997,true,2010,false,,,LAT,Ruba,LAT,https://upload.wikimedia.org/wikipedia/commons/thumb/5/5d/Klovans_1996_Bad_Liebenzell.jpg/250px-Klovans_1996_Bad_Liebenzell.jpg,,,,,,,,,,,,,
4611250,"Knaak, Rainer",GER,M,GM,,1953,1975,false,,false,,,GER,Pasewalk,GER,https://upload.wikimedia.org/wikipedia/commons/thumb/7/76/Knaak_rainer_20070624_forst.jpg/250px-Knaak_rainer_20070624_forst.jpg,,,,,rainer-knaak,,17695,,,,,,
900494,"Knežević, Milorad",YUG,M,GM,,1936,1976,true,2005,false,,,MNE,Cetinje,YUG,,,,,,,,,,,,,,
4119150,"Kobalia, Mikhail",FID,M,GM,,1978,1996,false,,false,,,FID,,RUS|FID,https://upload.wikimedia.org/wikipedia/commons/thumb/e/e2/Mikhail_Kobalia_Satka_2018.jpg/250px-Mikhail_Kobalia_Satka_2018.jpg,,,,Kobalia,mikhail-kobalia,MKO78,76952,,,,,,
2812320,"Kobo, Ori",ISR,M,GM,,1997,2017,false,,false,,,ISR,Israel,ISR,https://upload.wikimedia.org/wikipedia/commons/thumb/7/71/Ori_Kobo_2017.jpg/250px-Ori_Kobo_2017.jpg,,Ori Kobo is an Israeli chess grandmaster.,https://en.wikipedia.org/wiki/Ori_Kobo,OK97,ori-kobo,ok1975,139508,,,,,,
4100719,"Kochyev, Alexander",RUS,M,GM,,1956,1977,false,,false,,,RUS,Leningrad,RUS,,,,,,alexander-kochyev,,37767,,,,,,
2800802,"Kogan, Arthur",ISR,M,GM,,1974,1998,false,,false,,,UKR,Chernivtsi,ISR,https://upload.wikimedia.org/wikipedia/commons/thumb/1/12/Kogan_Artur.jpg/250px-Kogan_Artur.jpg,,,,arthurkogan,artur-kogan,,39907,http://olalachess.com,KoganArt,,,,
4132181,"Kokarev, Dmitry",RUS,M,GM,,1982,2007,false,,false,,,RUS,Penza,RUS,,,,,avantage_ru,dmitry-kokarev,,49694,,,,,,
2900130,"Kolev, Atanas",BUL,M,GM,,1967,1993,false,,false,,,BUL,Botevgrad,BUL,https://upload.wikimedia.org/wikipedia/commons/1/1b/Plovdiv-2011_%28cropped%29.png,,,,LVAIK,atanas-kolev,,24694,https://kolevchess.wordpress.com/,,,,,
12909572,"Kollars, Dmitrij",GER,M,GM,,1999,2017,false,,false,,,GER,Bremen,GER,https://upload.wikimedia.org/wikipedia/commons/thumb/b/b6/2021-Dmitrij-Kollars.JPG/250px-2021-Dmitrij-Kollars.JPG,,,,GM_dmitrij,dmitrij-kollars,dmitrij_IM,153162,https://www.gm-dmitrijkollars.de,,,,,
W4761530,"Koltanowski, George",BEL,M,GM,,1903,1988,true,2000,false,,,BEL,Antwerp,BEL,,,,,,,,,,,,,,
14101270,"Komarov, Dimitri",UKR,M,GM,,1968,1994,false,,false,,,UKR,,UKR,https://upload.wikimedia.org/wikipedia/commons/thumb/8/86/Komarov_Dimitri_TDC_46.jpg/250px-Komarov_Dimitri_TDC_46.jpg,,,,gmkomarov,dimitri-komarov,,23146,,,,,,
13900030,"Komliakov, Viktor",MDA,M,GM,,1960,1995,false,,false,,,MDA,,MDA,,,,,Vanych,viktor-komliakov,,18277,,,,,,
14500132,"Komljenovic, Davorin",CRO,M,GM,,1944,1991,false,,false,,,BIH,Mostar,CRO,,,,,Chessmisic,davorin-komljenovic,,27660,,,,,,
5008123,"Koneru, Humpy",IND,F,GM,WGM,1987,2002,false,,false,,,IND,Vijayawada,IND,https://upload.wikimedia.org/wikipedia/commons/thumb/7/78/HumpyKoneru.jpg/250px-HumpyKoneru.jpg,,,,humpy1987,humpy-koneru,Koneru_Humpy,49497,,,,,,
8632200,"Kong, Xiangrui",CHN,M,GM,,2009,2026,false,,false,,,,,CHN,,,,,ricky8632200,xiangrui-kong,,194030,,,,,,
4121376,"Koniushkov, Igor",RUS,M,GM,,1962,1998,false,,false,,,RUS,,RUS,,,,,,igor-koniushkov,,46399,,,,,,
14113007,"Kononenko, Dmitry",UKR,M,GM,,1988,2007,false,,false,,,UKR,Dnipro,UKR,,,,,,dmitry-kononenko,,76812,,,,,,
4170962,"Konovalov, Nikolay",RUS,M,GM,,1989,2017,false,,false,,,RUS,Moscow,RUS,,,,,,nikolay-konovalov,,107123,,,,,,
W3631570,"Konstantinopolsky, Alexander",URS,M,GM,,1910,1983,true,1990,false,,,UKR,Zhitomir,URS,https://upload.wikimedia.org/wikipedia/commons/8/88/Alexander_Konstantinopolsky.jpg,,,,,,,,,,,,,
1300016,"Korchnoi, Viktor",URS,M,GM,,1931,1956,true,2016,false,,,RUS,Leningrad,URS,https://upload.wikimedia.org/wikipedia/commons/thumb/f/f1/Max_Euwe_Schaakvierkamp_in_Amsterdam_Kortsjnoj_%28close%29%2C_Bestanddeelnr_933-9735_%28cropped%29.jpg/250px-Max_Euwe_Schaakvierkamp_in_Amsterdam_Kortsjnoj_%28close%29%2C_Bestanddeelnr_933-9735_%28cropped%29.jpg,,,,,viktor-korchnoi,,15866,,,,,,
4156803,"Korneev, Oleg",ESP,M,GM,,1969,1995,false,,false,,,ESP,,RUS|ESP,https://upload.wikimedia.org/wikipedia/commons/thumb/e/e0/Oleg_Korneev_2013.jpg/250px-Oleg_Korneev_2013.jpg,,Oleg Anatolyevich Korneev is a Russian chess grandmaster who now represents Spain. He was awarded the Grandmaster title in 1995.,https://en.wikipedia.org/wiki/Oleg_Korneev,,oleg-korneev,,18187,,,,,,
4120949,"Kornev, Alexei",RUS,M,GM,,1976,2004,false,,false,,,RUS,Vyazniki,RUS,,,,,,alexei-kornev,,49682,,,,,,
14105730,"Korobov, Anton",UKR,M,GM,,1985,2003,false,,false,,,RUS,Kemerovo,UKR,https://upload.wikimedia.org/wikipedia/commons/thumb/a/aa/Anton_Korobov_in_2024.jpg/250px-Anton_Korobov_in_2024.jpg,,,,GOGIEFF,anton-korobov,,49462,,,,,,
4119142,"Korotylev, Alexey",RUS,M,GM,,1977,2000,false,,false,,,RUS,Moscow,RUS,,,,,Revisor,alexey-korotylev,,18267,,,,,,
706671,"Korpa, Bence",HUN,M,GM,,1998,2017,false,,false,,,HUN,Hungary,HUN,,,,,,bence-korpa,,134698,,,,,,
1185080,"Kosakowski, Jakub",POL,M,GM,,2002,2025,false,,false,,,POL,,POL,https://upload.wikimedia.org/wikipedia/commons/thumb/4/46/2022-Jakub-Kosakowski.JPG/250px-2022-Jakub-Kosakowski.JPG,,,,Kosak12,jakub-kosakowski,,142125,,,,,,
901466,"Kosanovic, Goran A",SRB,M,GM,,1962,1998,false,,false,,,SRB,Belgrade (Zemun),SRB,,,,,KosanovicGoran,goran-a-kosanovic,,27169,,,,,,
2800080,"Kosashvili, Yona",ISR,M,GM,,1970,1994,false,,false,,,GEO,Tbilisi,ISR,https://upload.wikimedia.org/wikipedia/commons/thumb/1/16/ProfessorKosashvili.jpg/250px-ProfessorKosashvili.jpg,,,,,yona-kosashvili,,36869,http://www.kosashvili.com,,,,,
900290,"Kosic, Dragan",MNE,M,GM,,1970,1995,false,,false,,,SRB,Sremska Mitrovica,MNE,,,,,,dragan-kosic,,25638,,,,,,
4134974,"Kosintseva, Nadezhda",RUS,F,GM,WGM,1985,2011,false,,false,,,RUS,Arkhangelsk,RUS,https://upload.wikimedia.org/wikipedia/commons/thumb/7/73/Kosinzewa_nadeshda_20081119_olympiade_dresden.jpg/250px-Kosinzewa_nadeshda_20081119_olympiade_dresden.jpg,,,,Karavanela,nadezhda-kosintseva,,70078,,,,,,
4133471,"Kosintseva, Tatiana",RUS,F,GM,WGM,1986,2009,false,,false,,,RUS,Arkhangelsk,RUS,https://upload.wikimedia.org/wikipedia/commons/thumb/f/f7/TKosintseva_2.jpg/250px-TKosintseva_2.jpg,,,,,tatiana-kosintseva,,53061,,,,,,
400114,"Kosten, Anthony C.",ENG,M,GM,,1958,1990,false,,false,,,ENG,London,FRA|ENG,https://upload.wikimedia.org/wikipedia/commons/thumb/9/9f/Anthony_Kosten.jpg/250px-Anthony_Kosten.jpg,,,,,anthony-c-kosten,,13804,,,,,,
4128125,"Kosteniuk, Alexandra",SUI,F,GM,WGM,1984,2004,false,,false,,,RUS,Perm,RUS|FID|SUI,https://upload.wikimedia.org/wikipedia/commons/thumb/9/93/AlexandraKosteniuk23a.jpg/250px-AlexandraKosteniuk23a.jpg,,,,ChessQueen,alexandra-kosteniuk,,10940,http://www.kosteniuk.com,chessqueen,chessqueen,UCTol4y59smqTXeT_9JYYcEg,chessqueen,chessqueen
13700669,"Kostenko, Petr",KAZ,M,GM,,1976,2006,false,,false,,,KAZ,Kustanay,KAZ,https://upload.wikimedia.org/wikipedia/commons/thumb/0/03/Kostenko_Petr.jpg/250px-Kostenko_Petr.jpg,,,,petrkostenko,pyotr-kostenko,,36256,,,,,,
901482,"Kostic, Vladimir G",SRB,M,GM,,1953,2005,false,,false,,,SRB,Valjevo,SRB,,,,,,vladimir-g-kostic,,36798,,,,,,
W9928135,"Kostić, Boris",YUG,M,GM,,1887,1950,true,1963,false,,,SRB,Vršac,YUG,https://upload.wikimedia.org/wikipedia/commons/thumb/8/87/Boris_Kosti%C4%87_2020_stamp_of_Serbia.jpg/250px-Boris_Kosti%C4%87_2020_stamp_of_Serbia.jpg,,,,,,,,,,,,,
4122259,"Kosyrev, Vladimir",RUS,M,GM,,1980,2001,false,,false,,,RUS,,RUS,,,,,,vladimir-kosyrev,,52179,,,,,,
13301250,"Kotanjian, Tigran",ARM,M,GM,,1981,2006,false,,false,,,ARM,Yerevan,ARM,https://upload.wikimedia.org/wikipedia/commons/thumb/a/ab/Tigran_Kotanjian_Yerevan_ARM_Ch_2013.jpg/250px-Tigran_Kotanjian_Yerevan_ARM_Ch_2013.jpg,,,,Axves,tigran-kotanjian,,50097,,,,,,
W8675671,"Kotov, Alexander",URS,M,GM,,1913,1950,true,1981,false,,,RUS,Tula,URS,https://upload.wikimedia.org/wikipedia/commons/thumb/7/76/Zevende_IBM_Schaaktoernooi_geopend._De_officiele_loting_A._Kotov_USSR%2C_Bestanddeelnr_920-5097.jpg/250px-Zevende_IBM_Schaaktoernooi_geopend._De_officiele_loting_A._Kotov_USSR%2C_Bestanddeelnr_920-5097.jpg,,,,,,,,,,,,,
5900212,"Kotronias, Vasilios",GRE,M,GM,,1964,1990,false,,false,,,GRE,Athens,CYP|GRE,https://upload.wikimedia.org/wikipedia/commons/thumb/1/1d/Kotronias_GM.JPG/250px-Kotronias_GM.JPG,,,,,vasilios-kotronias,,14587,,,,,,
13700278,"Kotsur, Pavel",KAZ,M,GM,,1974,1996,false,,false,,,KAZ,Astana,KAZ,https://upload.wikimedia.org/wikipedia/commons/thumb/b/bc/Kozur_pawel_20081120_olympiade_dresden.jpg/250px-Kozur_pawel_20081120_olympiade_dresden.jpg,,,,Barys1974,pavel-kotsur,Barys74,18255,,,,,,
600032,"Kouatly, Bachar",FRA,M,GM,,1958,1989,false,,false,,,SYR,Damascus,FRA,https://upload.wikimedia.org/wikipedia/commons/thumb/f/f5/Bachar_Kouatly_%28Figueres%2C_2016%29.jpg/250px-Bachar_Kouatly_%28Figueres%2C_2016%29.jpg,,,,,bachar-kouatly,,16228,,,,,,
4221990,"Kourkoulos-Arditis, Stamatis",GRE,M,GM,,1998,2023,false,,false,,,GRE,,GRE,,,,,DarkAlekhine,stamatis-kourkoulos-arditis,,131536,,,,,,
25073060,Koustav Chatterjee,IND,M,GM,,2003,2023,false,,false,,,IND,Kolkata,IND,,,,,KoustavChatterjee1,koustav-chatterjee,Koustav123456,160800,,,,,,
903124,"Kovacevic, Aleksandar",SRB,M,GM,,1974,2000,false,,false,,,SUI,Zurich,SRB,,,,,,aleksandar-kovacevic,,37987,,,,,,
14502712,"Kovacevic, Blazimir",CRO,M,GM,,1975,2018,false,,false,,,CRO,Osijek,CRO,,,,,,blazimir-kovacevic,,42044,,,,,,
14500078,"Kovacevic, Vlatko",CRO,M,GM,,1942,1976,false,,false,,,CRO,Dubrovnik,CRO,https://upload.wikimedia.org/wikipedia/commons/thumb/1/16/KovacevicBellin1973.jpg/250px-KovacevicBellin1973.jpg,,,,,vlatko-kovacevic,,42463,,,,,,
14117908,"Kovalenko, Igor",UKR,M,GM,,1988,2011,false,,false,,,UKR,"Novomoskovsk, Ukraine",UKR|LAT|UKR,https://upload.wikimedia.org/wikipedia/commons/thumb/2/23/Igor_Kovalenko_2013.JPG/250px-Igor_Kovalenko_2013.JPG,,,,igorkovalenko,igor-kovalenko,IVK88,124564,,KovalenkoIg,gross_logos,,,igor.kovalenko.7777
13500023,"Kovalev, Andrei",BLR,M,GM,,1961,1992,false,,false,,,BLR,Vitebsk,BLR,,,"The following people have all been grandmasters (GM) of chess. The title has been awarded since 1950 to players who have met the standards required by the sport's governing body, FIDE. Other than world champion, it is the highest title a chess player can attain and is awarded for life, although FIDE regulations allow for the revocation of titles for cheating or fraud.",https://en.wikipedia.org/wiki/List_of_chess_grandmasters,,andrei-kovalev,,14058,,,,,,
13504398,"Kovalev, Vladislav",FID,M,GM,,1994,2013,false,,false,,,BLR,Minsk,FID,https://upload.wikimedia.org/wikipedia/commons/thumb/e/ed/Vladislav_Kovalev_2013.jpg/250px-Vladislav_Kovalev_2013.jpg,,,,vladislavkovalev,vladislav-kovalev,Esssquire,117697,,,kovalev_chess,,,
114987,"Kovalyov, Anton",CAN,M,GM,,1992,2008,false,,false,,,UKR,Kharkiv,ARG|CAN,https://upload.wikimedia.org/wikipedia/commons/thumb/a/af/Kovalyov_2009-12.jpg/250px-Kovalyov_2009-12.jpg,,,,,anton-kovalyov,,96626,,,,,,
14103052,"Kovchan, Alexander",UKR,M,GM,,1983,2002,false,,false,,,UKR,Chernigov,UKR,https://upload.wikimedia.org/wikipedia/commons/thumb/f/fc/Kovchan_Olexander%2C_ukraine_championship_2015.jpg/250px-Kovchan_Olexander%2C_ukraine_championship_2015.jpg,,,,,alexander-kovchan,,72144,,,,,,
753246,"Kozak, Adam",HUN,M,GM,,2002,2020,false,,false,,,HUN,Budapest,HUN,https://upload.wikimedia.org/wikipedia/commons/thumb/a/ad/AdamKozak23.jpg/250px-AdamKozak23.jpg,,,,MrTattaglia,adam-kozak,,140941,,,,,,
14102234,"Koziak, Vitali",UKR,M,GM,,1975,2025,false,,false,,,UKR,,UKR,https://upload.wikimedia.org/wikipedia/commons/thumb/d/d8/Vitali_Koziak_2013.JPG/250px-Vitali_Koziak_2013.JPG,,,,,vitali-koziak,,88083,,,,,,
14502879,"Kozul, Zdenko",CRO,M,GM,,1966,1989,false,,false,,,BIH,Bihać,CRO,https://upload.wikimedia.org/wikipedia/commons/thumb/8/88/ZdenkoKozul24a.jpg/250px-ZdenkoKozul24a.jpg,,,,,zdenko-kozul,,13992,,,,,,
2002035,"Kraai, Jesse",USA,M,GM,,1972,2007,false,,false,,,USA,Santa Fe,USA,https://upload.wikimedia.org/wikipedia/commons/thumb/6/69/Jesse_Kraai_2011_%28cropped%29.jpg/250px-Jesse_Kraai_2011_%28cropped%29.jpg,,,,JesseKraai,jesse-kraai,,27254,,JesseKraai,,,,
4671910,"Kraemer, Martin",GER,M,GM,,1987,2012,false,,false,,,GER,Erfurt,GER,https://upload.wikimedia.org/wikipedia/commons/thumb/3/37/Martin_Kr%C3%A4mer_2016_%28cropped%29.jpg/250px-Martin_Kr%C3%A4mer_2016_%28cropped%29.jpg,,,,,martin-kraemer,DrawDenied_Twitch,68676,,,,,DrawDenied,
2800187,"Kraidman, Yair",ISR,M,GM,,1932,1976,false,,false,,,ISR,Haifa,ISR,https://upload.wikimedia.org/wikipedia/commons/a/ad/Kraidman%2CYair_1998_Grieskirchen.jpeg,,,,,yair-kraidman,,24431,,,,,,
11600462,"Krakops, Maris",LAT,M,GM,,1978,1998,false,,false,,,LAT,,LAT,,,,,,maris-krakops,,27756,,,,,,
12921742,"Kramer, Julian",GER,M,GM,,1997,2025,false,,false,,,GER,,GER,,,,,,julian-kramer,,138897,,,,,,
4101588,"Kramnik, Vladimir",RUS,M,GM,,1975,1992,false,,false,,,RUS,Tuapse,RUS,https://upload.wikimedia.org/wikipedia/commons/thumb/c/c6/Vladimir_Kramnik_2%2C_Candidates_Tournament_2018.jpg/250px-Vladimir_Kramnik_2%2C_Candidates_Tournament_2018.jpg,,,,VladimirKramnik,vladimir-kramnik,veteran75,12295,http://www.kramnik.com,VBkramnik,,UChHcNOWeqOgy4CM66Y6VZSA,,
4154720,"Krapivin, Alexander",RUS,M,GM,,1987,2007,false,,false,,,RUS,Moscow,RUS,,,,,,alexander-krapivin,,54650,,,,,,
1113100,"Krasenkow, Michal",POL,M,GM,,1963,1989,false,,false,,,RUS,Moscow,POL,https://upload.wikimedia.org/wikipedia/commons/thumb/6/6b/MichalKrasenkow23.jpg/250px-MichalKrasenkow23.jpg,,,,mickey632702,michal-krasenkow,,16340,,,,,,
331708,"Kraus, Tomas",CZE,M,GM,,1995,2024,false,,false,,,CZE,,CZE,,,,,,tomas-kraus,,118262,,,,,,
14113147,"Kravtsiv, Martyn",UKR,M,GM,,1990,2009,false,,false,,,UKR,Lviv,UKR,https://upload.wikimedia.org/wikipedia/commons/thumb/4/49/MartynKravtsiv16_%28cropped%29.jpg/250px-MartynKravtsiv16_%28cropped%29.jpg,,,,Cayse,martyn-kravtsiv,,87963,,,,,,
2007770,"Kreiman, Boris",USA,M,GM,,1976,2004,false,,false,,,USA,Moscow,USA,https://upload.wikimedia.org/wikipedia/commons/a/a7/Boris_Kreiman.jpg,,,,,boris-kreiman,,14276,,boriskreiman,,,,boris.kreiman
322156,"Krejci, Jan",CZE,M,GM,,1992,2011,false,,false,,,CZE,,CZE,https://upload.wikimedia.org/wikipedia/commons/thumb/a/ad/JanKrejci23.jpg/250px-JanKrejci23.jpg,,,,,jan-krejci,,50857,,,,,,
1400061,"Kristiansen, Jens",DEN,M,GM,,1952,2012,false,,false,,,DEN,Copenhagen,DEN,,,,,,jens-kristiansen,,15125,,,,,,
2301172,"Kristjánsson, Stefán",ISL,M,GM,,1982,2011,true,2018,false,,,ISL,Reykjavík,ISL,,,,,,,,,,,,,,
4653530,"Kritz, Leonid",GER,M,GM,,1984,2003,false,,false,,,RUS,Moscow,GER,https://upload.wikimedia.org/wikipedia/commons/thumb/5/5a/Kritz_leonid_20070616_juedischesmuseum_%28cropped%29.jpg/250px-Kritz_leonid_20070616_juedischesmuseum_%28cropped%29.jpg,,,,GrafDeMonteKritz,leonid-kritz,,52135,,,,,,
4155890,"Krivoborodov, Egor",GER,M,GM,,1989,2011,false,,false,,,RUS,Moscow,RUS|GER,,,,,,iegor-krivoborodov,,54703,,,,,,
14102226,"Krivoshey, Sergei",UKR,M,GM,,1971,2006,false,,false,,,UKR,Zhitomir,UKR,,,,,,sergei-krivoshey,,44445,,,,,,
4100565,"Krogius, Nikolai V.",URS,M,GM,,1930,1964,true,2022,false,,,RUS,Saratov,URS,https://upload.wikimedia.org/wikipedia/commons/thumb/a/a0/Krogius_1995_Bad_Liebenzell.jpg/250px-Krogius_1995_Bad_Liebenzell.jpg,,,,,nikolai-v-krogius,,30026,,,,,,
14100142,"Kruppa, Yuri",UKR,M,GM,,1964,1995,false,,false,,,UKR,,UKR,,,,,,yuri-kruppa,,18075,,,,,,
2012782,"Krush, Irina",USA,F,GM,WGM,1983,2013,false,,false,,,USA,Odesa,USA,https://upload.wikimedia.org/wikipedia/commons/thumb/e/e4/Krush_Irina_%2830073356050%29_%28cropped%29_%28cropped%29.jpg/250px-Krush_Irina_%2830073356050%29_%28cropped%29_%28cropped%29.jpg,,,,Irochka83,irina-krush,,49592,,irinakrush,,,,gm.irinakrush
4153278,"Kryakvin, Dmitry",RUS,M,GM,,1984,2009,false,,false,,,RUS,Rostov-on-Don,RUS,,,,,SavelijTartakover,dmitry-kryakvin,,107160,,,,,,
4151364,"Krylov, Mikhail",RUS,M,GM,,1987,2012,false,,false,,,RUS,Moscow,RUS,,,,,,mikhail-krylov,,109152,,,,,,
116807,"Krysa, Leandro",ARG,M,GM,,1992,2017,false,,false,,,ARG,Buenos Aires,ARG,https://upload.wikimedia.org/wikipedia/commons/thumb/f/f2/Leandro_Krysa_2022.png/250px-Leandro_Krysa_2022.png,,,,olksuna,leandro-krysa,,118602,,,,,,
14109182,"Kryvoruchko, Yuriy",UKR,M,GM,,1986,2006,false,,false,,,UKR,Lviv,UKR,https://upload.wikimedia.org/wikipedia/commons/thumb/4/40/2022-Yurij-Kryvoruchko.JPG/250px-2022-Yurij-Kryvoruchko.JPG,,,,,yuriy-kryvoruchko,,98719,http://grandcoach.com/ru/students/10/,,,,,
1132199,"Krzyzanowski, Marcin",POL,M,GM,,1994,2020,false,,false,,,POL,Rybnik,POL,https://upload.wikimedia.org/wikipedia/commons/thumb/6/67/2021-Marcin-Krzyzanowski.JPG/250px-2021-Marcin-Krzyzanowski.JPG,,,,krzyzan94,marcin-krzyzanowski,,119976,,,,,,
1100033,"Kuczynski, Robert",POL,M,GM,,1966,1993,false,,false,,,POL,Jelenia Góra,POL,https://upload.wikimedia.org/wikipedia/commons/thumb/5/5d/Robert_Kuczynski.jpg/250px-Robert_Kuczynski.jpg,,,,,robert-kuczynski,,11654,,,,,,
2000164,"Kudrin, Sergey",USA,M,GM,,1959,1984,false,,false,,,RUS,Novosibirsk,USA,https://upload.wikimedia.org/wikipedia/commons/2/2c/Sergey_Kudrin_at_the_World_Open_chess_tournament.jpg,,,,stupid11,sergey-kudrin,,12151,,,,,,
4500261,"Kulaots, Kaido",EST,M,GM,,1976,2001,false,,false,,,EST,Pärnu,EST,https://upload.wikimedia.org/wikipedia/commons/thumb/4/48/Kaido_Kulaots_2013.jpg/250px-Kaido_Kulaots_2013.jpg,,,,,kaido-kulaots,,19909,,,,,,
1100092,"Kuligowski, Adam",POL,M,GM,,1955,1980,false,,false,,,POL,Warsaw,POL,https://upload.wikimedia.org/wikipedia/commons/thumb/6/66/Adam_Kuligowski.jpg/250px-Adam_Kuligowski.jpg,,,,,adam-kuligowski,,14874,,,,,,
14506661,"Kuljasevic, Davorin",CRO,M,GM,,1986,2010,false,,false,,,CRO,Zagreb,CRO,,,,,DavorinKuljasevic,davorin-kuljasevic,GrandmasterThinking,49214,,,,,,
401978,"Kumaran, Dharshan",ENG,M,GM,,1975,1997,false,,false,,,ENG,,ENG,,,,,,dharshan-kumaran,,20359,,,,,,
4128737,"Kunin, Vitaly",GER,M,GM,,1983,2006,false,,false,,,RUS,Moscow,GER,https://upload.wikimedia.org/wikipedia/commons/thumb/2/2e/VitalyKunin24.jpg/250px-VitalyKunin24.jpg,,,,Rumpel-VK,vitaly-kunin,,12341,,,,,,
5002265,"Kunte, Abhijit",IND,M,GM,,1977,2000,false,,false,,,IND,Pune,IND,https://upload.wikimedia.org/wikipedia/commons/thumb/9/9d/Abhijit_Kunte.jpg/250px-Abhijit_Kunte.jpg,,,,abhyak,abhijit-kunte,,34909,,chessgmkunte,,,,
13500066,"Kupreichik, Viktor",URS,M,GM,,1949,1980,true,2017,false,,,BLR,Minsk,URS,https://upload.wikimedia.org/wikipedia/commons/thumb/9/9f/Internationaal_Jeugd_Schaaktoernooi_te_Groningen%2C_de_jeugdkampioen_van_Rusland%2C_Bestanddeelnr_918-6096_%28cropped%29.jpg/250px-Internationaal_Jeugd_Schaaktoernooi_te_Groningen%2C_de_jeugdkampioen_van_Rusland%2C_Bestanddeelnr_918-6096_%28cropped%29.jpg,,,,,,,,,,,,,
14400057,"Kurajica, Bojan",CRO,M,GM,,1947,1974,false,,false,,,SLO,Ljubljana,BIH|CRO|BIH|CRO,https://upload.wikimedia.org/wikipedia/commons/thumb/2/26/Bojan_Kurajica_1977.jpg/250px-Bojan_Kurajica_1977.jpg,,,,,bojan-kurajica,,41958,,,,,,
4142527,"Kurnosov, Igor",RUS,M,GM,,1985,2003,true,2013,false,,,RUS,Chelyabinsk,RUS,https://upload.wikimedia.org/wikipedia/commons/thumb/1/12/IgorKurnosov13a.jpg/250px-IgorKurnosov13a.jpg,,,,,,,49730,,,,,,
15000010,"Kutirov, Rolando",MKD,M,GM,,1962,1996,false,,false,,,MKD,,MKD,,,,,,rolando-kutirov,KutirovGM,17033,,,,,,
14203049,"Kuybokarov, Temur",AUS,M,GM,,2000,2019,false,,false,,,UZB,Tashkent,UZB|AUS,https://upload.wikimedia.org/wikipedia/commons/thumb/2/28/TemurKuybokarov23.jpg/250px-TemurKuybokarov23.jpg,,,,KuybokarovTemur,temur-kuybokarov,,147720,,,,,,
4100794,"Kuzmin, Alexey",RUS,M,GM,,1963,1995,false,,false,,,RUS,,RUS,,,,,,alexey-kuzmin,,15093,,,,,,
14100070,"Kuzmin, Gennady",UKR,M,GM,,1946,1973,true,2020,false,,,RUS,Mariinsk,UKR,,,,,,,,,,,,,,
14112906,"Kuzubov, Yuriy",UKR,M,GM,,1990,2005,false,,false,,,UKR,Sychyovka,UKR,https://upload.wikimedia.org/wikipedia/commons/thumb/b/b2/YuriyKuzubov23.jpg/250px-YuriyKuzubov23.jpg,,,,KuzubovYuriy,yuriy-kuzubov,KuzubovY,66770,,,,,,
1528815,"Kvaloy, Aksel Bu",NOR,M,GM,,2008,2025,false,,false,,,NOR,,NOR,https://upload.wikimedia.org/wikipedia/commons/thumb/a/af/IM_Aksel_Bu_Kval%C3%B8y_%28cropped%29.jpg/250px-IM_Aksel_Bu_Kval%C3%B8y_%28cropped%29.jpg,,,,,aksel-bu-kvaloy,,158682,,,,,,
12800040,"Kveinys, Aloyzas",LTU,M,GM,,1962,1992,true,2018,false,,,LTU,Vilnius,LTU,https://upload.wikimedia.org/wikipedia/commons/thumb/6/60/Kveinys_Aloyzas.jpg/250px-Kveinys_Aloyzas.jpg,,,,,,,,,,,,,
14201356,"Kvon, Andrey",UZB,M,GM,,1989,2018,false,,false,,,UZB,Tashkent,UZB,,,,,YoungUzbek,andrey-kvon,,98399,,,,,,
700282,"Kállai, Gábor",HUN,M,GM,,1959,1995,true,2021,false,,,HUN,Budapest,HUN,https://upload.wikimedia.org/wikipedia/commons/thumb/6/63/G%C3%A1bor_K%C3%A1llai_with_chess_table.jpg/250px-G%C3%A1bor_K%C3%A1llai_with_chess_table.jpg,,,,,gabor-kallai,,15241,,,,,,
1007998,"L'Ami, Erwin",NED,M,GM,,1985,2005,false,,false,,,NED,Woerden,NED,https://upload.wikimedia.org/wikipedia/commons/thumb/6/62/Erwin_l%27Ami_in_2024_%28cropped%29.jpg/250px-Erwin_l%27Ami_in_2024_%28cropped%29.jpg,,,,erwinlami,erwin-lami,,10945,,erwinLami,,,,
4500024,"Ladva, Ottomar",EST,M,GM,,1997,2016,false,,false,,,EST,Haapsalu,EST,https://upload.wikimedia.org/wikipedia/commons/thumb/e/e0/Ottomar_Ladva_2012_%28cropped%29.jpg/250px-Ottomar_Ladva_2012_%28cropped%29.jpg,,,,agser,ottomar-ladva,,132526,,,,,,
108820,"Lafuente, Pablo",ARG,M,GM,,1985,2008,false,,false,,,ARG,Buenos Aires,ARG,,,,,,pablo-lafuente,,55809,,,,,,
662399,"Lagarde, Maxime",FRA,M,GM,,1994,2013,false,,false,,,FRA,Niort,FRA,https://upload.wikimedia.org/wikipedia/commons/thumb/c/c9/2021-Maxime-Lagarde_%28cropped%29.JPG/250px-2021-Maxime-Lagarde_%28cropped%29.JPG,,,,Rikikits,maxime-lagarde,,117694,,,,,,
14109336,"Lagno, Kateryna",RUS,F,GM,WGM,1989,2007,false,,false,,,UKR,Lviv,UKR|RUS,https://upload.wikimedia.org/wikipedia/commons/thumb/b/b7/Kateryna_Lagno_in_2019_picture_2_%28v2%29.jpg/250px-Kateryna_Lagno_in_2019_picture_2_%28v2%29.jpg,,,,KaterynaLagno,kateryna-lagno,,50277,,,,,,
916358,"Lajthajm, Borko",SRB,M,GM,,1976,2007,false,,false,,,SRB,Belgrade (Zemun),SRB,,,,,,borko-lajthajm,,49594,,,,,,
409081,"Lalic, Bogdan",CRO,M,GM,,1964,1988,false,,false,,,CRO,Zagreb,ENG|CRO,https://upload.wikimedia.org/wikipedia/commons/thumb/3/3c/BLalic09.jpg/250px-BLalic09.jpg,,,,B-unit,bogdan-lalic,BogdanLalic,14251,,,,,,
5024595,Lalit Babu M R,IND,M,GM,,1993,2012,false,,false,,,IND,Vijayawada,IND,https://upload.wikimedia.org/wikipedia/commons/thumb/9/9a/Lalith_Babu_%282017%29.jpg/250px-Lalith_Babu_%282017%29.jpg,,,,,m-r-babu-lalith,,103208,,,,,,
600261,"Lamard, Guillaume",FRA,M,GM,,1997,2024,false,,false,,,FRA,Cannes,FRA,,,,,goodluck06,guillaume-lamard,,134930,,,,,,
1303759,"Lampert, Jonas",GER,M,GM,,1997,2020,false,,false,,,GER,Hamburg,SUI|GER,,,,,magnolie,jonas-lampert,,117636,,,,,,
4101685,"Landa, Konstantin",RUS,M,GM,,1972,1995,true,2022,false,,,RUS,Omsk,RUS,https://upload.wikimedia.org/wikipedia/commons/thumb/0/0e/Konstantin_Landa.jpg/250px-Konstantin_Landa.jpg,,,,KLan1,konstantin-landa,,14495,http://chesslanda.com,LandaKostja,,,,
11600047,"Lanka, Zigurds",LAT,M,GM,,1960,1992,false,,false,,,LAT,Baldone,LAT,https://upload.wikimedia.org/wikipedia/commons/thumb/a/a5/Zigurds_Lanka.jpg/250px-Zigurds_Lanka.jpg,,,,,zigurds-lanka,,29646,,,,,,
2256444,"Larino Nieto, David",ESP,M,GM,,1989,2013,false,,false,,,ESP,Esteiro,ESP,,,,,Tartody,david-larino-nieto,Nitratochess,56804,,,,,,davidlarinonieto
1400029,"Larsen, Bent",DEN,M,GM,,1935,1956,true,2010,false,,,DEN,"Tilsted, near Thisted",DEN,https://upload.wikimedia.org/wikipedia/commons/thumb/7/74/De_Deen_Larsen%2C_Bestanddeelnr_929-0503.jpg/250px-De_Deen_Larsen%2C_Bestanddeelnr_929-0503.jpg,,,,,,,,,,,,,
13907808,"Lashkin, Jegor",MDA,M,GM,,2003,2025,false,,false,,,MDA,Tiraspol,MDA,,,,,honestgames,jegor-lashkin,,,,,,,,
4119240,"Lastin, Alexander",RUS,M,GM,,1976,1997,true,2015,false,,,RUS,,RUS,,,,,,,,,,,,,,
4600134,"Lau, Ralf",GER,M,GM,,1959,1986,false,,false,,,GER,Delmenhorst,GER,https://upload.wikimedia.org/wikipedia/commons/thumb/6/6e/Lau%2CRalf_1979_Bensheim.JPG/250px-Lau%2CRalf_1979_Bensheim.JPG,,,,,ralf-lau,,15134,,,,,,
26017962,"Laurent-Paoli, Pierre",FRA,M,GM,,2000,2023,false,,false,,,FRA,,FRA,https://upload.wikimedia.org/wikipedia/commons/thumb/9/90/PierreLaurentPaoli23.jpg/250px-PierreLaurentPaoli23.jpg,,,,,pierre-laurent-paoli,,157393,,,,,,
12803731,"Laurusas, Tomas",LTU,M,GM,,1996,2021,false,,false,,,LTU,Kaunas,LTU,https://upload.wikimedia.org/wikipedia/commons/thumb/3/33/2022-Tomas-Laurusas.JPG/250px-2022-Tomas-Laurusas.JPG,,,,IMTominho,tomas-laurusas,,124126,,,,,,
600016,"Lautier, Joel",FRA,M,GM,,1973,1990,false,,false,,,ENG,Scarborough,FRA,https://upload.wikimedia.org/wikipedia/commons/thumb/9/9b/Lautier%2C_Joel.JPG/250px-Lautier%2C_Joel.JPG,,,,JoelLautier,joel-lautier,,13867,,,,,,
5005361,"Laxman, R.R.",IND,M,GM,,1983,2009,false,,false,,,IND,Chennai,IND,,,,,INDIAN-ELEPHANT,r-r-laxman,,88193,,,,,,
5201330,"Laylo, Darwin",PHI,M,GM,,1980,2007,false,,false,,,PHI,,PHI,https://upload.wikimedia.org/wikipedia/commons/thumb/f/f7/Darwin_Laylo_2013_%28cropped%29.jpg/250px-Darwin_Laylo_2013_%28cropped%29.jpg,,,,GM_DarwinLaylo,darwin-laylo,Darwin_Laylo01,58265,,,,,,
4113250,"Lazarev, Vladimir",FRA,M,GM,,1964,2000,false,,false,,,RUS,Saratov,RUS|FRA,https://upload.wikimedia.org/wikipedia/commons/thumb/f/f5/Patricia-Vladimir.jpg/250px-Patricia-Vladimir.jpg,,,,,vladimir-lazarev,,17109,,,,,,
13515110,"Lazavik, Denis",BLR,M,GM,,2006,2022,false,,false,,,BLR,,BLR,https://upload.wikimedia.org/wikipedia/commons/thumb/5/5c/DenisLazavik23.jpg/250px-DenisLazavik23.jpg,,,,DenLaz,denis-lazavik,Pon4ik2006,164023,,,denislazavik,,,
900788,"Lazic, Miroljub",SRB,M,GM,,1966,1995,false,,false,,,SRB,Lesnica,SRB,,,,,,miroljub-lazic,,28776,,,,,,
316385,"Laznicka, Viktor",CZE,M,GM,,1988,2006,false,,false,,,CZE,Pardubice,CZE,https://upload.wikimedia.org/wikipedia/commons/thumb/d/da/Laznicka%2CViktor_2016_Baden-Baden.jpeg/250px-Laznicka%2CViktor_2016_Baden-Baden.jpeg,,,,,viktor-laznicka,,54640,,,,,,
609404,"Le Roux, Jean-Pierre",FRA,M,GM,,1982,2010,false,,false,,,FRA,Guingamp,FRA,https://upload.wikimedia.org/wikipedia/commons/thumb/5/5f/Jean-Pierre_Le_Roux_2012.jpg/250px-Jean-Pierre_Le_Roux_2012.jpg,,"Jean-Pierre Le Roux is a French chess player. He was awarded a grandmaster title in 2010, an International master in 2004 and a FIDE master in 2003 from FIDE. He is ranked 16th in France.",https://en.wikipedia.org/wiki/Jean-Pierre_Le_Roux_(chess_player),newtie4,jean-pierre-le-roux,,51577,,,,,,
12401137,"Le, Quang Liem",VIE,M,GM,,1991,2006,false,,false,,,VIE,Ho Chi Minh City,VIE,https://upload.wikimedia.org/wikipedia/commons/thumb/f/f1/Le_Quang_Liem_%2830055222482%29.jpg/250px-Le_Quang_Liem_%2830055222482%29.jpg,,,,LiemLe,le-quang-liem,Liem_Chess,99199,,,,,,
12401153,"Le, Tuan Minh",VIE,M,GM,,1996,2022,false,,false,,,VIE,,VIE,,,Lê Tuấn Minh is a Vietnamese chess player and Grandmaster. Tuấn Minh grew up in Hanoi and started playing chess at the age of 8. He attended Hanoi University of Law.,https://en.wikipedia.org/wiki/L%C3%AA_Tu%E1%BA%A5n_Minh,wonderfultime,tuan-minh-le,mutdpro,119909,,,,,,
300217,"Lechtynsky, Jiri",CZE,M,GM,,1947,1982,false,,false,,,CZE,Jablonec nad Nisou,CZE,https://upload.wikimedia.org/wikipedia/commons/thumb/5/5f/Lechtynsky%2CJiri_2010_N%C3%BCrnberg.jpg/250px-Lechtynsky%2CJiri_2010_N%C3%BCrnberg.jpg,,,,,jiri-lechtynsky,,19037,,,,,,
1008439,"Leenhouts, Koen",NED,M,GM,,1984,2023,false,,false,,,NED,Oostburg,NED,https://upload.wikimedia.org/wikipedia/commons/thumb/4/46/KoenLeenhouts2017.jpg/250px-KoenLeenhouts2017.jpg,,,,SCIM,koen-leenhouts,Papagayo,35895,,,,,,
14100312,"Legky, Nikolay A",FRA,M,GM,,1955,1994,false,,false,,,FRA,,UKR|FRA,,,,,riface11,nikolay-a-legky,LyokkyNA,27589,,,,,,
W6391028,"Lehmann, Heinz",FRG,M,GM,,1921,1992,true,1995,false,,,RUS,Kaliningrad,FRG,https://upload.wikimedia.org/wikipedia/commons/thumb/2/23/Heinz_Gerhard_Lehmann_1973.jpg/250px-Heinz_Gerhard_Lehmann_1973.jpg,,,,,,,,,,,,,
8605114,"Lei, Tingjie",CHN,F,GM,WGM,1997,2017,false,,false,,,CHN,Chongqing,CHN,https://upload.wikimedia.org/wikipedia/commons/thumb/3/3f/Tan_Zhongyi_interview_with_Lei_Tingjie_as_translator_%28cropped%29.jpg/250px-Tan_Zhongyi_interview_with_Lei_Tingjie_as_translator_%28cropped%29.jpg,,,,123lt,lei-tingjie,,135017,,,,,,
2000270,"Lein, Anatoly",URS,M,GM,,1931,1968,true,2018,false,,,RUS,Leningrad,URS,https://upload.wikimedia.org/wikipedia/commons/thumb/4/44/AnatolyLein0301_102.jpg/250px-AnatolyLein0301_102.jpg,,,,,,,15441,,,,,,
2101246,"Leitao, Rafael",BRA,M,GM,,1979,1998,false,,false,,,BRA,"São Luís, Maranhão",BRA,https://upload.wikimedia.org/wikipedia/commons/thumb/5/50/RafaelLeitao12.jpg/250px-RafaelLeitao12.jpg,,,,GMRafaelLeitao,rafael-leitao,,43109,https://rafaelleitao.com,Rafpig,gmrafaelleitao,,,
703303,"Leko, Peter",HUN,M,GM,,1979,1994,false,,false,,,SRB,Subotica,HUN,https://upload.wikimedia.org/wikipedia/commons/thumb/b/b9/Peter_Leko_2025_%28cropped%29.jpg/250px-Peter_Leko_2025_%28cropped%29.jpg,,,,,peter-leko,,12290,,,,,,
113581,"Lemos, Damian",ARG,M,GM,,1990,2009,false,,false,,,ARG,Buenos Aires,ARG,,,,,,damian-lemos,,81338,,,,,,
2021285,"Lenderman, Aleksandr",USA,M,GM,,1989,2010,false,,false,,,RUS,Leningrad,USA,https://upload.wikimedia.org/wikipedia/commons/thumb/4/4f/London_Chess_Classic_2016_Day5-13_%2831724766632%29_%28cropped%29.jpg/250px-London_Chess_Classic_2016_Day5-13_%2831724766632%29_%28cropped%29.jpg,,,,AlexanderL,aleksandr-lenderman,AlexLenderman,92070,,,,,gmlenderman,
700541,"Lengyel, Levente",HUN,M,GM,,1933,1964,true,2014,false,,,HUN,Debrecen,HUN,https://upload.wikimedia.org/wikipedia/commons/thumb/7/7e/Levente_Lengyel.jpg/250px-Levente_Lengyel.jpg,,,,,,,,,,,,,
1124226,"Leniart, Arkadiusz",POL,M,GM,,1991,2020,false,,false,,,POL,Warsaw,POL,https://upload.wikimedia.org/wikipedia/commons/thumb/4/40/2021-Arkadiusz-Leniart.JPG/250px-2021-Arkadiusz-Leniart.JPG,,Arkadiusz Leniart is a Polish chess Grandmaster (GM) (2020).,https://en.wikipedia.org/wiki/Arkadiusz_Leniart,Horizonevent,arkadiusz-leniart,,54732,,,,,,
14603853,"Lenic, Luka",SLO,M,GM,,1988,2007,false,,false,,,SLO,Ljubljana,SLO,https://upload.wikimedia.org/wikipedia/commons/thumb/2/24/Luka_Leni%C4%8D.jpg/250px-Luka_Leni%C4%8D.jpg,,,,Michelangelo,luka-lenic,MichelangeIo,49934,,,,,,
5105269,"Leon Hoyos, Manuel",MEX,M,GM,,1989,2008,false,,false,,,MEX,"Mérida, Yucatán",MEX,https://upload.wikimedia.org/wikipedia/commons/thumb/3/3a/Leon_Hoyos_Manuel.jpg/250px-Leon_Hoyos_Manuel.jpg,,,,Leon009,manuel-leon-hoyos,,56806,,,,,,
14100061,"Lerner, Konstantin",URS,M,GM,,1950,1986,true,2011,false,,,UKR,Odesa,URS,https://upload.wikimedia.org/wikipedia/commons/8/84/Lerner%2CKonstantin_1999_Recklinghausen.jpeg,,,,,,,,,,,,,
2600170,"Lesiege, Alexandre",CAN,M,GM,,1975,1998,false,,false,,,CAN,Montreal,CAN,,,,,caefellion,alexandre-lesiege,,14481,,,,,,
2800063,"Lev, Ronen",ISR,M,GM,,1968,1994,false,,false,,,ISR,,ISR,https://upload.wikimedia.org/wikipedia/commons/thumb/3/37/Ronen_Lev%2C_1992_Dan_Hadani_Archive.jpg/250px-Ronen_Lev%2C_1992_Dan_Hadani_Archive.jpg,,,,,ronen-lev,,18734,,,,,,
W2643563,"Levenfish, Grigory",URS,M,GM,,1889,1950,true,1961,false,,,POL,Petrokov,URS,,,,,,,,,,,,,,
14500442,"Leventic, Ivan",CRO,M,GM,,1970,2005,false,,false,,,CRO,,CRO,,,,,levi70,ivan-leventic,,49955,,,,,,
4182596,"Levin, Evgeny A.",RUS,M,GM,,1990,2010,false,,false,,,RUS,Russia,RUS,,,,,,yevgeny-a-levin,Evgeny_Levin,117783,,,,,,
4650905,"Levin, Felix",GER,M,GM,,1958,1998,false,,false,,,UKR,Lviv,GER,https://upload.wikimedia.org/wikipedia/commons/a/a7/Blohberger%2CFelix_2019_Radenci.jpg?utm_source=en.wikipedia.org&utm_campaign=api&utm_content=thumbnail_unscaled,https://en.wikipedia.org/wiki/Felix_Blohberger,Felix Blohberger is an Austrian chess grandmaster.,https://en.wikipedia.org/wiki/Felix_Blohberger,,felix-levin,,21271,,,,,,
400220,"Levitt, Jonathan P",ENG,M,GM,,1963,1990,false,,false,,,ENG,London,ENG,https://upload.wikimedia.org/wikipedia/commons/thumb/f/f8/Jonathan_Levitt.jpg/250px-Jonathan_Levitt.jpg,,,,,jonathan-p-levitt,,15729,,,,,,
8604436,"Li, Chao b",CHN,M,GM,,1989,2007,false,,false,,,CHN,Taiyuan,CHN,https://upload.wikimedia.org/wikipedia/commons/thumb/3/3a/Li_Chao_2015_Deizisau_%28cropped%29.JPG/250px-Li_Chao_2015_Deizisau_%28cropped%29.JPG,,,,chessawp,li-chao,,98398,,lichaochess,,,,
8607508,"Li, Di",CHN,M,GM,,1999,2019,false,,false,,,CHN,Chengdu,CHN,,,,,Joshuachick,li-di,Joliebe,153851,,,,,,
2061074,"Li, Ruifeng",USA,M,GM,,2001,2017,false,,false,,,CHN,Hangzhou,USA,,,,,ruifeng,ruifeng-li,,151660,,,,,,
8600678,"Li, Shilong",CHN,M,GM,,1977,2002,false,,false,,,CHN,,CHN,https://upload.wikimedia.org/wikipedia/commons/thumb/a/a6/Li_Shilong.jpg/250px-Li_Shilong.jpg,,"Li Shilong is a Chinese chess Grandmaster. In 2002, he became China's 14th Grandmaster.",https://en.wikipedia.org/wiki/Li_Shilong,,li-shilong,,47181,,,,,,
2056437,"Liang, Awonder",USA,M,GM,,2003,2017,false,,false,,,USA,Madison,USA,https://upload.wikimedia.org/wikipedia/commons/thumb/2/2a/Awonder_Liang.jpg/250px-Awonder_Liang.jpg,,,,rednova1729,awonder-liang,A-Liang,131477,,,,,,
8600899,"Liang, Chong",CHN,M,GM,,1980,2004,false,,false,,,CHN,Guangzhou,CHN,,,,,,liang-chong,,47163,,,,,,
30940303,"Liang, Jason",USA,M,GM,,2007,2026,false,,false,,,,,USA,https://upload.wikimedia.org/wikipedia/commons/c/c2/Canadian-International-Open-Champion.jpg?utm_source=en.wikipedia.org&utm_campaign=api&utm_content=thumbnail_unscaled,https://en.wikipedia.org/wiki/Jason_Liang,"Jason Liang is an American chess grandmaster. He has held the titles of National Master since 2018, FIDE Master since 2019, International Master since 2021, and Grandmaster since 2026. In 2022, he received the Arthur Award for Chess Excellence from the Eade Foundation.",https://en.wikipedia.org/wiki/Jason_Liang,Marty435,jason-liang,,162450,,,,,,
8600066,"Liang, Jinrong",CHN,M,GM,,1960,1998,false,,false,,,CHN,Guangdong,CHN,,,,,,liang-jinrong,,84106,,,,,,
W8130755,"Liberzon, Vladimir",URS,M,GM,,1937,1965,true,1996,false,,,RUS,Moscow,URS,https://upload.wikimedia.org/wikipedia/commons/thumb/d/d7/Vladimir_Liberzon_1977.jpg/250px-Vladimir_Liberzon_1977.jpg,,,,,,,,,,,,,
616834,"Libiszewski, Fabien",FRA,M,GM,,1984,2009,false,,false,,,FRA,Saint-Étienne,FRA,https://upload.wikimedia.org/wikipedia/commons/thumb/8/80/London_Chess_Classic_2016_Day5-19_%2831872281495%29.jpg/250px-London_Chess_Classic_2016_Day5-19_%2831872281495%29.jpg,,,,Fablibi,fabien-libiszewski,,50655,,fablibi,,,,
1501984,"Lie, Kjetil A.",NOR,M,GM,,1980,2005,false,,false,,,NOR,Porsgrunn,NOR,https://upload.wikimedia.org/wikipedia/commons/thumb/7/7d/Kjetil_A._Lie_NM_Hamar_2007.jpg/250px-Kjetil_A._Lie_NM_Hamar_2007.jpg,,,,tjallkompall,kjetil-aleksander-lie,,41119,,,,,,
14900483,"Likavsky, Tomas",SVK,M,GM,,1971,2005,false,,false,,,SVK,Zvolen,SVK,,,,,,tomas-likavsky,,66401,,,,,,
700436,"Lilienthal, Andor",URS,M,GM,,1911,1950,true,2010,false,,,RUS,Moscow,URS,,,,,,,,,,,,,,
2100045,"Lima, Darcy",BRA,M,GM,,1962,1997,false,,false,,,BRA,Rio de Janeiro,BRA,,,,,DarcyLima,darcy-lima,,49666,,,,,,
8602298,"Lin, Chen",CHN,M,GM,,1988,2016,false,,false,,,CHN,Jiangsu,CHN,,,,,lcfox,chen-lin,,98962,,,,,,
4171055,"Lintchevski, Daniil",RUS,M,GM,,1990,2009,false,,false,,,RUS,Gatchina,RUS,,,Daniil Lvovich Lintchevski is a Russian chess player who holds the FIDE title of Grandmaster (2009).,https://en.wikipedia.org/wiki/Daniil_Lintchevski,Paralinch,daniil-lintchevski,Kelevra317,99056,,,,,,
2800721,"Liss, Eran",ISR,M,GM,,1975,1995,false,,false,,,ISR,,ISR,,,,,,eran-liss,,27082,,,,,,
8603294,"Liu, Qingnan",CHN,M,GM,,1992,2015,false,,false,,,CHN,Shandong,CHN,,,,,,liu-qingnan,,98961,,,,,,
8608962,"Liu, Yan",CHN,M,GM,,2000,2018,false,,false,,,CHN,Chongqing,CHN,,,Liu Yan is a Chinese chess grandmaster.,https://en.wikipedia.org/wiki/Liu_Yan_(chess_player),WanderingKnightLY,yan-liu,,154833,,,,,,
13500716,"Liutsko, Igor",BLR,M,GM,,1962,2004,false,,false,,,BLR,Minsk,BLR,,,,,,igor-lutsko,,71556,,,,,,
14531534,"Livaic, Leon",CRO,M,GM,,2000,2022,false,,false,,,CRO,Zagreb,CRO,https://upload.wikimedia.org/wikipedia/commons/thumb/0/0e/LeonLivaic23.jpg/250px-LeonLivaic23.jpg,,Leon Livaić is a Croatian chess grandmaster.,https://en.wikipedia.org/wiki/Leon_Livai%C4%87,,leon-livaic,Leon_Livaic,155944,,,,,,
900010,"Ljubojevic, Ljubomir",SRB,M,GM,,1950,1971,false,,false,,,SRB,Užice,SRB,https://upload.wikimedia.org/wikipedia/commons/thumb/2/2c/LjubomirLjubojevic10.jpg/250px-LjubomirLjubojevic10.jpg,,,,,ljubomir-ljubojevic,,14866,,,,,,
2206706,"Llanes Hurtado, Miguel",ESP,M,GM,,1978,2008,false,,false,,,ESP,Don Benito,ESP,,,,,,miguel-llanes-hurtado,,106724,,,,,,
24183750,"Lobanov, Sergei",FID,M,GM,,2001,2022,false,,false,,,RUS,Saint Petersburg,RUS|FID,,,,,Dedic8,sergei-lobanov,Like_a_Gin,141355,,,,,,
4600037,"Lobron, Eric",GER,M,GM,,1960,1982,false,,false,,,USA,Philadelphia,GER,https://upload.wikimedia.org/wikipedia/commons/thumb/8/81/EricLobron13.jpg/250px-EricLobron13.jpg,,,,Yardird,eric-lobron,,14919,,,,,,
884189,"Lodici, Lorenzo",ITA,M,GM,,2000,2021,false,,false,,,ITA,Brescia,ITA,https://upload.wikimedia.org/wikipedia/commons/thumb/5/54/Lodici%2CLorenzo_2019_Radenci.jpg/250px-Lodici%2CLorenzo_2019_Radenci.jpg,,,,Didici,lorenzo-lodici,Didici12,152827,,,,,,
4126297,"Loginov, Valery A",RUS,M,GM,,1955,1991,false,,false,,,RUS,Syzran,RUS,,,,,,valery-a-loginov,,15148,,,,,,
24164879,"Lomasov, Semyon",ISR,M,GM,,2002,2021,false,,false,,,ISR,,RUS|ISR,,,,,fearless_guy,semyon-lomasov,,154683,,,,,,
2000415,"Lombardy, William",USA,M,GM,,1937,1960,true,2017,false,,,USA,New York City,USA,https://upload.wikimedia.org/wikipedia/commons/d/d0/Bundesarchiv_Bild_183-76052-0053%2C_XIV._Schacholympiade_in_Leipzig_%28cropped%29.jpg,,,,,,,,,,,,,
13603450,"Lomsadze, Davit",GEO,M,GM,,1991,2016,false,,false,,,GEO,,GEO,,,,,,davit-lomsadze,,106666,,,,,,
2212943,"Lopez Martinez, Josep Manuel",ESP,M,GM,,1980,2007,false,,false,,,ESP,Barcelona,ESP,https://upload.wikimedia.org/wikipedia/commons/thumb/7/73/Josep_Manuel_Lopez_Martinez.jpg/250px-Josep_Manuel_Lopez_Martinez.jpg,,,,josmito,josep-manuel-lopez-martinez,josmito,53609,,,,,,
4123395,"Lopushnoy, Denis",RUS,M,GM,,1977,2000,false,,false,,,RUS,,RUS,,,,,,denis-lopushnoy,,25256,,,,,,
105570,"Lorenzini, Martin",ARG,M,GM,,1975,2014,false,,false,,,ARG,"Santa Fe, Argentina",ARG,,,,,,martin-lorenzini,,50026,,,,,,
12521604,"Lorparizangeneh, Shahin",IRI,M,GM,,1999,2017,false,,false,,,IRI,Isfahan,IRI,,,,,GM_shahin,shahin-lorparizangeneh,,134925,,,,,,
13300024,"Lputian, Smbat",ARM,M,GM,,1958,1984,false,,false,,,ARM,Yerevan,ARM,https://upload.wikimedia.org/wikipedia/commons/thumb/0/03/Lputian_Smbat.jpg/250px-Lputian_Smbat.jpg,,,,,smbat-g-lputian,,14284,,,,,,
8603332,"Lu, Shanglei",CHN,M,GM,,1995,2011,false,,false,,,CHN,Liaoning,CHN,https://upload.wikimedia.org/wikipedia/commons/thumb/2/22/TataSteelChess2017-17.jpg/250px-TataSteelChess2017-17.jpg,,,,wudileige,lu-shanglei,,126207,,,,,,
4694031,"Lubbe, Nikolas",GER,M,GM,,1990,2023,false,,false,,,GER,Wilhelmshaven,GER,https://upload.wikimedia.org/wikipedia/commons/thumb/9/97/Lubbe%2CNikolas_2016_Karlsruhe.jpeg/250px-Lubbe%2CNikolas_2016_Karlsruhe.jpeg,,Nikolas Lubbe is a German chess grandmaster.,https://en.wikipedia.org/wiki/Nikolas_Lubbe,Nikolas1408,nikolas-lubbe,,110025,,,,,,
4116194,"Lugovoi, Aleksei",RUS,M,GM,,1975,1998,false,,false,,,RUS,,RUS,,,,,,aleksei-lugovoi,,19925,,,,,,
24126454,"Lugovskoy, Maxim",RUS,M,GM,,1996,2017,false,,false,,,RUS,Kurganinsk,RUS,,,,,Koksik_13,maxim-lugovskoy,Lugovskoy_Maxim,117660,,,,,,
700142,"Lukacs, Peter",HUN,M,GM,,1950,1986,false,,false,,,HUN,Budapest,HUN,,,,,,peter-lukacs,,14688,,,,,,
2900157,"Lukov, Valentin",BUL,M,GM,,1955,1988,false,,false,,,BUL,Pazardzhik,BUL,,,,,,valentin-lukov,,21614,,,,,,
W0847977,"Lundin, Erik",SWE,M,GM,,1904,1983,true,1988,false,,,SWE,Stockholm,SWE,https://upload.wikimedia.org/wikipedia/commons/thumb/6/62/HET_STAUNTON_WERELD_SCHAAKTOURNOOI_BEGONNEN-PGM4011893.webm/250px--HET_STAUNTON_WERELD_SCHAAKTOURNOOI_BEGONNEN-PGM4011893.webm.jpg,,,,,,,,,,,,,
4120957,"Lunev, Andrey",RUS,M,GM,,1969,2001,false,,false,,,RUS,,RUS,,,,,,andrey-lunev,,82493,,,,,,
621501,"Lupu, Mircea-Sergiu",FRA,M,GM,,1962,1995,false,,false,,,FRA,Negrești,FRA,,,,,,mircea-sergiu-lupu,,51909,,,,,,
1207822,"Lupulescu, Constantin",ROU,M,GM,,1984,2006,false,,false,,,ROU,Buftea,ROU,https://upload.wikimedia.org/wikipedia/commons/thumb/0/01/2021-Constantin-Lupulescu.JPG/250px-2021-Constantin-Lupulescu.JPG,,,,LupulescuC,constantin-lupulescu,,50239,,,,,,
4611420,"Luther, Thomas",GER,M,GM,,1969,1994,false,,false,,,GER,Erfurt,GER,https://upload.wikimedia.org/wikipedia/commons/thumb/3/39/Luther_thomas_20061119_berlin_bundesliga.jpg/250px-Luther_thomas_20061119_berlin_bundesliga.jpg,,,,,thomas-luther,,13999,,,,,,
W3344139,"Lutikov, Anatoly",URS,M,GM,,1933,1974,true,1989,false,,,RUS,Leningrad,URS,https://upload.wikimedia.org/wikipedia/commons/thumb/b/b1/Anatoly_Lutikov_1967.jpg/250px-Anatoly_Lutikov_1967.jpg,,,,,,,,,,,,,
4600193,"Lutz, Christopher",GER,M,GM,,1971,1992,false,,false,,,GER,Neukirchen,GER,https://upload.wikimedia.org/wikipedia/commons/e/e3/Lutz_Christopher.jpg,,,,,christopher-lutz,,11614,,,,,,
3204405,"Ly, Moulthun",AUS,M,GM,,1991,2016,false,,false,,,CAM,Cambodia,AUS,https://upload.wikimedia.org/wikipedia/commons/thumb/5/51/Ly%2CMoulthun_2016_Karlsruhe.jpeg/250px-Ly%2CMoulthun_2016_Karlsruhe.jpeg,,,,Molton,moulthun-ly,,96001,http://iammoulthun.com/,,,UC2OVvr0vXGoM_yiEedZT5fA,,
4150120,"Lysyj, Igor",FID,M,GM,,1987,2007,false,,false,,,RUS,Nizhny Tagil,RUS|FID,https://upload.wikimedia.org/wikipedia/commons/thumb/a/ae/ILysyj09.jpg/250px-ILysyj09.jpg,,,,Igor_Lysyj,igor-lysyj,,56680,,,,,,
8603154,"Ma, Qun",CHN,M,GM,,1991,2013,false,,false,,,CHN,Shandong,CHN,https://upload.wikimedia.org/wikipedia/commons/thumb/5/5b/Ma_Qun_at_the_New_Zealand_Chess_Congress_2016_%28cropped%29.jpg/250px-Ma_Qun_at_the_New_Zealand_Chess_Congress_2016_%28cropped%29.jpg,,"Ma Qun is a Chinese chess grandmaster. He was awarded the title Grandmaster (GM) by FIDE in 2013. Ma played for the gold medal-winning Chinese team in the Asian Nations Cup 2014 in Tabriz, Iran and also earned the individual gold medal on board 4 thanks to a score of 7/7 points, namely winning all seven games he played.",https://en.wikipedia.org/wiki/Ma_Qun,defenceboy,ma-qun,,120074,,,,,,
4100417,"Machulsky, Anatoly",RUS,M,GM,,1956,1991,true,2017,false,,,RUS,Bezhetsk,RUS,,,,,,,,,,,,,,
1104306,"Macieja, Bartlomiej",POL,M,GM,,1977,1998,false,,false,,,POL,Warsaw,POL,https://upload.wikimedia.org/wikipedia/commons/thumb/b/bf/GM_Bartlomiej_Macieja.JPG/250px-GM_Bartlomiej_Macieja.JPG,,"Bartłomiej ""Bartek"" Macieja is a Polish chess player who holds the FIDE title of Grandmaster (GM).",https://en.wikipedia.org/wiki/Bart%C5%82omiej_Macieja,GMBartek,bartlomiej-macieja,,19878,,,,,,
14210703,"Madaminov, Mukhiddin",UZB,M,GM,,2006,2024,false,,false,,,UZB,,UZB,https://upload.wikimedia.org/wikipedia/commons/thumb/0/0e/Mukhiddin_Madaminov_Uzchess_cup_3_masters_%28cropped%29.jpg/250px-Mukhiddin_Madaminov_Uzchess_cup_3_masters_%28cropped%29.jpg,,,,PLAYER_2006_M,mukhiddin-madaminov,,171068,,,,,,
2200074,"Magem Badals, Jordi",ESP,M,GM,,1967,1994,false,,false,,,ESP,Manresa,ESP,https://upload.wikimedia.org/wikipedia/commons/thumb/8/8c/Jordi_Magem_Badals.jpg/250px-Jordi_Magem_Badals.jpg,,,,wyharga,jordi-magem-badals,,14282,,,,,,
13400142,"Magerramov, Elmar",AZE,M,GM,,1958,1992,false,,false,,,AZE,Baku,AZE,,,,,El-Marmalade,elmar-magerramov,,17095,,,,,,
13602276,"Maghalashvili, Davit",GEO,M,GM,,1987,2014,false,,false,,,GEO,,GEO,,,,,Maghalashvili,davit-maghalashvili,,126948,,,,,,
12539929,"Maghsoodloo, Parham",IRI,M,GM,,2000,2016,false,,false,,,IRI,Gorgan,IRI,https://upload.wikimedia.org/wikipedia/commons/thumb/b/b4/Maghsoodloo_during_the_Grand_Swiss_2023_Closing_Ceremony.jpg/250px-Maghsoodloo_during_the_Grand_Swiss_2023_Closing_Ceremony.jpg,,,,Parhamov,maghsoodloo-parham,,151393,,pmaghsoodloo,,,,
4156757,"Magomedov, Magaram",RUS,M,GM,,1966,1998,false,,false,,,RUS,Khuri,RUS,,,,,,magaram-magomedov,,18137,,,,,,
12500798,"Mahjoob Zardast, Morteza",IRI,M,GM,,1980,2007,false,,false,,,IRI,Tehran,IRI,https://upload.wikimedia.org/wikipedia/commons/thumb/5/5b/MortezaMahjoob.jpg/250px-MortezaMahjoob.jpg,,,,Morteza_Mahjoob,morteza-mahjoub,,52585,,,,,,
4600258,"Mainka, Romuald",GER,M,GM,,1963,1993,false,,false,,,POL,Gliwice,GER,,,,,,romuald-mainka,,14059,,,,,,
4119916,"Maiorov, Oleg",RUS,M,GM,,1971,1999,false,,false,,,RUS,,RUS,,,,,,oleg-maiorov,,49145,,,,,,
4612396,"Maiwald, Jens-Uwe",GER,M,GM,,1974,1999,false,,false,,,GER,Dresden,GER,,,,,,jens-uwe-maiwald,,17795,,,,,,
44105681,"Makarian, Rudik",FID,M,GM,,2004,2025,false,,false,,,GEO,"Alatumani, Georgia",RUS|FID,,,,,Rud_Makarian,rudik-makarian,,159371,,,,,,
4100468,"Makarichev, Sergey",RUS,M,GM,,1953,1976,false,,false,,,RUS,Moscow,RUS,https://upload.wikimedia.org/wikipedia/commons/thumb/7/78/Sergei_Makarichev_1975.jpg/250px-Sergei_Makarichev_1975.jpg,,,,,sergey-makarichev,,15388,,,,UCd-rZPssp8Q89uY5IrOd8RQ,,
4101103,"Makarov, Marat",RUS,M,GM,,1963,1993,false,,false,,,RUS,,RUS,,,,,,marat-makarov,,17782,,,,,,
13707647,"Makhnev, Denis",KAZ,M,GM,,2000,2021,false,,false,,,KAZ,Pavlodar,KAZ,,,,,Denis_Makhnyov,denis-makhnyov,EnglishLongbow,143182,,,,,,
W4961193,"Makogonov, Vladimir",URS,M,GM,,1904,1987,true,1993,false,,,AZE,Nakhichivan,URS,https://upload.wikimedia.org/wikipedia/commons/a/ab/Vladimir_Makogonov.jpg,,,,,,,,,,,,,
14100584,"Maksimenko, Andrei",UKR,M,GM,,1969,1995,false,,false,,,UKR,Cherkasy,UKR,https://upload.wikimedia.org/wikipedia/commons/thumb/2/20/2019-Andrij-Maksimenko.JPG/250px-2019-Andrij-Maksimenko.JPG,,,,,andrei-maksimenko,,23181,,,,,,
14408120,"Maksimovic, Bojan",SRB,M,GM,,2002,2025,false,,false,,,BIH,Banja Luka,BIH|SRB,,,,,mbojan,bojan-maksimovic,,159581,,,,,,
14104202,"Malakhatko, Vadim",UKR,M,GM,,1977,1999,true,2023,false,,,UKR,Kyiv,UKR|BEL|UKR,https://upload.wikimedia.org/wikipedia/commons/thumb/b/bb/Vadim_Malakhatko_2009_%28cropped%29.jpg/250px-Vadim_Malakhatko_2009_%28cropped%29.jpg,,,,,vadim-malakhatko,,64676,,,,,,
4120787,"Malakhov, Vladimir",FID,M,GM,,1980,1998,false,,false,,,RUS,Ivanovo,RUS|FID,https://upload.wikimedia.org/wikipedia/commons/thumb/6/60/Vladimir_Malakhov_2012.jpg/250px-Vladimir_Malakhov_2012.jpg,,,,Vladimir_2020,vladimir-malakhov,,25938,,,,,,
14100177,"Malaniuk, Vladimir",URS,M,GM,,1957,1987,true,2017,false,,,RUS,Arkhangelsk,URS,https://upload.wikimedia.org/wikipedia/commons/thumb/0/05/Malaniuk_Vladimir.jpg/250px-Malaniuk_Vladimir.jpg,,,,,,,,,,,,,
21864080,"Malek, Jan",POL,M,GM,,2007,2025,false,,false,,,POL,,POL,,,,,,,,,,,,,,
4146786,"Maletin, Pavel",RUS,M,GM,,1986,2007,false,,false,,,RUS,Novosibirsk,RUS,,,,,pavelmaletin,pavel-maletin,,50301,,,,,,
4611330,"Malich, Burkhard, Dr.",GER,M,GM,,1936,1975,false,,false,,,GER,Schweidnitz-Świdnica,GER,https://upload.wikimedia.org/wikipedia/commons/thumb/c/c8/Malich%2CBurkhard_1994.jpeg/250px-Malich%2CBurkhard_1994.jpeg,,,,,burkhard-malich,,47814,,,,,,
4140249,"Malinin, Vasily B.",RUS,M,GM,,1956,2003,true,2020,false,,,RUS,Petrozavodsk,RUS,,,,,,,,,,,,,,
12800031,"Malisauskas, Vidmantas",LTU,M,GM,,1963,1993,false,,false,,,LTU,,LTU,https://upload.wikimedia.org/wikipedia/commons/thumb/4/40/Vidmantas_Malisauskas.jpg/250px-Vidmantas_Malisauskas.jpg,,,,,vidmantas-malisauskas,,16349,,,,,,
13739980,"Mamedov, Edgar",KAZ,M,GM,,2010,2025,false,,false,,,KAZ,,KAZ,,,Edgar Mamedov is a Kazakhstani chess grandmaster.,https://en.wikipedia.org/wiki/Edgar_Mamedov,,edgar-mamedov,,189896,,,,,,
13400819,"Mamedov, Nidjat",AZE,M,GM,,1985,2006,false,,false,,,AZE,Nakhchivan,AZE,https://upload.wikimedia.org/wikipedia/commons/thumb/3/37/Nidjat_Mamedov%2COpen_Teplice_2013_%28cropped%29.JPG/250px-Nidjat_Mamedov%2COpen_Teplice_2013_%28cropped%29.JPG,,,,NidjatMamedov,nidjat-mamedov,,50091,,,,,,
13401653,"Mamedov, Rauf",AZE,M,GM,,1988,2004,false,,false,,,AZE,Baku,AZE,https://upload.wikimedia.org/wikipedia/commons/thumb/7/75/Rauf_Mamedov_2023_%28cropped%29.jpg/250px-Rauf_Mamedov_2023_%28cropped%29.jpg,,"Rauf Mamedov is an Azerbaijani chess grandmaster and a six-time national champion. He competed in the FIDE World Cup in 2007, 2009, 2011, 2015, 2023 and 2025.",https://en.wikipedia.org/wiki/Rauf_Mamedov,Baku_Boulevard,rauf-mamedov,muisback,50112,,muisback88,,,,
13401319,"Mamedyarov, Shakhriyar",AZE,M,GM,,1985,2002,false,,false,,,AZE,Sumgait,AZE,https://upload.wikimedia.org/wikipedia/commons/thumb/e/e2/Shakhriyar_Mamedyarov_at_UzChess_Cup_2026_v2.jpg/250px-Shakhriyar_Mamedyarov_at_UzChess_Cup_2026_v2.jpg,,,,Azerichess,shakhriyar-mamedyarov,Azerichessss,50065,http://mamedyarov.com/,shakhmamedyarov,shakh_mamedyarov,UCEIyo-o6oIFzPiA9Jrzhl3g,,
13401033,"Mammadov, Zaur",AZE,M,GM,,1994,2015,false,,false,,,AZE,Baku,RUS|AZE,,,,,zaur-mammadov,zaur-mammadov,FakeBruceLee,118264,,,,,,
14900734,"Manik, Mikulas",SVK,M,GM,,1975,2006,false,,false,,,SVK,Košice,SVK,https://upload.wikimedia.org/wikipedia/commons/thumb/e/eb/Manik%2CMikulas_2015_Wien.JPG/250px-Manik%2CMikulas_2015_Wien.JPG,,,,,mikulas-manik,,18870,,,,,,
1201530,"Manolache, Marius",ROU,M,GM,,1973,2007,false,,false,,,ROU,Galați,ROU,,,,,Lupul_Cenusiu,marius-manolache,,66790,,,,,,
2800110,"Manor, Ilan",ISR,M,GM,,1969,1996,false,,false,,,ISR,Haifa,ISR,https://upload.wikimedia.org/wikipedia/commons/thumb/1/1c/Ilan_Manor_June_2025.jpg/250px-Ilan_Manor_June_2025.jpg,,,,,ilan-manor,,13857,,,,,,
607274,"Marcelin, Cyril",FRA,M,GM,,1979,2002,false,,false,,,FRA,Suresnes,FRA,https://upload.wikimedia.org/wikipedia/commons/thumb/e/e4/CyrilMarcelin.jpg/250px-CyrilMarcelin.jpg,,Cyril Marcelin is a French chess grandmaster.,https://en.wikipedia.org/wiki/Cyril_Marcelin,CyrilMarcelin,cyril-marcelin,CyrilMarcelin,36764,,,,,,
600423,"Marciano, David",MNC,M,GM,,1969,1998,false,,false,,,FRA,Toulouse,FRA|MNC,,,,,,david-marciano,,20909,,,,,,
112275,"Mareco, Sandro",ARG,M,GM,,1987,2010,false,,false,,,ARG,Haedo,ARG,https://upload.wikimedia.org/wikipedia/commons/thumb/4/4f/SandroMareco23.jpg/250px-SandroMareco23.jpg,,,,sandromareco,sandro-mareco,,96636,,,,,,
13602926,"Margvelashvili, Giorgi",GEO,M,GM,,1990,2010,false,,false,,,GEO,Tbilisi,GEO,,,,,Margvelashvili-DAL,giorgi-margvelashvili,,88267,,,,,,
5200610,"Mariano, Nelson",PHI,M,GM,,1974,2004,false,,false,,,PHI,Manila,PHI,https://upload.wikimedia.org/wikipedia/commons/thumb/3/31/GM_Jet_Latest_Picture.1_%281%29.jpg/250px-GM_Jet_Latest_Picture.1_%281%29.jpg,,,,,nelson-mariano,,27351,,,,,,
1200020,"Marin, Mihail",ROU,M,GM,,1965,1993,false,,false,,,ROU,Bucharest,ROU,https://upload.wikimedia.org/wikipedia/commons/thumb/c/cc/Mihail_Marin.jpg/250px-Mihail_Marin.jpg,,Mihail Marin is a Romanian chess player and writer. He was awarded the title of Grandmaster by FIDE. Marin's first major success in international chess was in qualifying for the Interzonal in 1987.,https://en.wikipedia.org/wiki/Mihail_Marin,,mihail-marin,,14249,,MihailMarin3,,,,
800023,"Mariotti, Sergio",ITA,M,GM,,1946,1974,false,,false,,,ITA,Florence,ITA,,,,,,sergio-mariotti,,18000,,,,,,
W1119529,"Marić, Rudolf",YUG,M,GM,,1927,1990,true,1990,false,,,SRB,Novi Sad,YUG,,,,,,,,,,,,,,
900354,"Marjanovic, Slavoljub",SRB,M,GM,,1955,1978,true,2026,false,,,SRB,Lalinac (Niš),SRB,https://upload.wikimedia.org/wikipedia/commons/thumb/1/10/Marjanovic1982_Dortmund.jpg/250px-Marjanovic1982_Dortmund.jpg,,,,,slavoljub-marjanovic,,16966,,,,,,
14903474,"Markos, Jan",SVK,M,GM,,1985,2007,false,,false,,,SVK,Banská Bystrica,SVK,https://upload.wikimedia.org/wikipedia/commons/thumb/f/fc/J%C3%A1n_Marko%C5%A1_%282026%29.jpg/250px-J%C3%A1n_Marko%C5%A1_%282026%29.jpg,,,,,jan-markos,,50250,,,,,,
13300466,"Markosian, David S.",ARM,M,GM,,1972,2008,false,,false,,,ARM,Stepanakert,ARM,,,,,DavidMarkosyan,david-s-markosian,,66269,,,,,,
901504,"Markovic, Miroslav",SRB,M,GM,,1973,1999,false,,false,,,SRB,,SRB,,,,,,miroslav-markovic,Muradore,60467,,,,,,
1105680,"Markowski, Tomasz",POL,M,GM,,1975,1998,false,,false,,,POL,Głogów,POL,https://upload.wikimedia.org/wikipedia/commons/thumb/f/fe/2021-Tomasz-Markowski_%28cropped%29.JPG/250px-2021-Tomasz-Markowski_%28cropped%29.JPG,,,,,tomasz-markowski,,24736,,,,,,
921637,"Markus, Robert",SRB,M,GM,,1983,2004,false,,false,,,SRB,Bačka Topola,SRB,https://upload.wikimedia.org/wikipedia/commons/thumb/9/9c/Markus_Robert_Wroclaw2010.JPG/250px-Markus_Robert_Wroclaw2010.JPG,,,,4thD-alpeacefulmoon,robert-markus,,30743,,,,,,
409561,"Maroroa Jones, Gawain C B",ENG,M,GM,,1987,2007,false,,false,,,ENG,Keighley,ENG,https://upload.wikimedia.org/wikipedia/commons/thumb/7/7f/Jones_Gawain_%2830251269071%29_%28cropped%29.jpg/250px-Jones_Gawain_%2830251269071%29_%28cropped%29.jpg,,"Gawain Christopher Bernard Maroroa Jones is an English chess grandmaster and three-time British Chess Champion. He was awarded the grandmaster title by FIDE in 2007. He competed in the FIDE World Cup in 2013, 2017 and 2019.",https://en.wikipedia.org/wiki/Gawain_Maroroa_Jones,VerdeNotte,gawain-jones,,23376,https://gawainjones.co.uk,GMGawain,,,verdenotte,gmgawain
14500183,"Marovic, Drazen",CRO,M,GM,,1938,1975,false,,false,,,CRO,Split,CRO,https://upload.wikimedia.org/wikipedia/commons/thumb/3/3d/IBM_Schaaktoernooi_1967_._Nummer_18_E._Gereben_%28Zwitserland%29%2C_nummer_19_D._Marov%2C_Bestanddeelnr_920-5139.jpg/250px-IBM_Schaaktoernooi_1967_._Nummer_18_E._Gereben_%28Zwitserland%29%2C_nummer_19_D._Marov%2C_Bestanddeelnr_920-5139.jpg,,,,,drazen-marovic,,47933,,,,,,
3805662,"Martinez Alcantara, Jose Eduardo",MEX,M,GM,,1999,2018,false,,false,,,PER,Lima,PER|MEX,,,,,Jospem,jose-eduardo-martinez-alcantara,,139888,,,,,JoseMvp31,josepepitoperu
3504727,"Martinez Duany, Lelys Stanley",CUB,M,GM,,1985,2009,false,,false,,,CUB,Santiago de Cuba,CUB,https://upload.wikimedia.org/wikipedia/commons/thumb/b/b7/Martinez_Duany_Lelys_Stanley_Barcelona_2010.jpg/250px-Martinez_Duany_Lelys_Stanley_Barcelona_2010.jpg,,,,martinez1985,lelys-stanley-martinez-duany,,125399,,,,,,
14509792,"Martinovic, Sasa",CRO,M,GM,,1991,2011,false,,false,,,CRO,,CRO,https://upload.wikimedia.org/wikipedia/commons/thumb/7/7a/Martinovic%2CSasa_2016_Karlsruhe.jpeg/250px-Martinovic%2CSasa_2016_Karlsruhe.jpeg,,,,Dr-CRO,sasa-martinovic,Dr-CRO,96018,,,,,,
900931,"Martinović, Slobodan",YUG,M,GM,,1945,1979,true,2015,false,,,SRB,Belgrade,YUG,,,,,,,,,,,,,,
13306553,"Martirosyan, Haik M.",ARM,M,GM,,2000,2017,false,,false,,,ARM,Artashat,ARM,https://upload.wikimedia.org/wikipedia/commons/thumb/7/73/HaikMartirosyan23.jpg/250px-HaikMartirosyan23.jpg,,,,Micki-taryan,haik-martirosyan,ARM-777777,149265,,,,,,
W0300093,"Maróczy, Géza",HUN,M,GM,,1870,1950,true,1951,false,,,HUN,Szeged,HUN,https://upload.wikimedia.org/wikipedia/commons/6/61/Gezamaroczy.jpg,,,,,,,,,,,,,
4130901,"Maslak, Konstantin",RUS,M,GM,,1984,2008,false,,false,,,RUS,Volgograd,RUS,,,,,,konstantin-maslak,,64253,,,,,,
4201990,"Mastrovasilis, Athanasios",GRE,M,GM,,1979,2005,false,,false,,,GRE,,GRE,https://upload.wikimedia.org/wikipedia/commons/thumb/8/88/AthanasiosMastrovasilis.jpg/250px-AthanasiosMastrovasilis.jpg,,,,Mastroskaki,athanasios-mastrovasilis,Enialios,38788,,,,,,
4202694,"Mastrovasilis, Dimitrios",GRE,M,GM,,1983,2003,false,,false,,,GRE,,GRE,https://upload.wikimedia.org/wikipedia/commons/thumb/a/ab/2021-Dimitrios-Mastrovasilis.JPG/250px-2021-Dimitrios-Mastrovasilis.JPG,,,,Koutsalogo,dimitrios-mastrovasilis,,35056,,,,,,
3600017,"Matamoros Franco, Carlos S.",ECU,M,GM,,1966,2002,false,,false,,,ECU,,ECU,,,,,GMMatamoros,carlos-matamoros-franco,,20896,,,,,,
900230,"Matanović, Aleksandar",YUG,M,GM,,1930,1955,true,2023,false,,,SRB,Belgrade,YUG,https://upload.wikimedia.org/wikipedia/commons/thumb/a/a8/Aleksandar_Matanovi%C4%87_1961.jpg/250px-Aleksandar_Matanovi%C4%87_1961.jpg,,,,,aleksandar-matanovic,,21135,,,,,,
6400019,"Mateo, Ramon",DOM,M,GM,,1958,2008,false,,false,,,DOM,Santo Domingo,DOM,,,,,,ramon-mateo,,49096,,,,UCeadyn8jOIvMqb-54mnyTcg,,
24129100,"Matinian, Nikita",FID,M,GM,,1992,2017,false,,false,,,FID,Aygehovit,RUS|FID,,,,,Aygehovit1992,nikita-matinian,,130675,,,,,,
14107910,"Matjushin, Gennady",UKR,M,GM,,1984,2007,false,,false,,,UKR,Makiivka,UKR,,,,,Peretyatko,gennady-matjushin,,56722,,,,,,
4168003,"Matlakov, Maxim",RUS,M,GM,,1991,2010,false,,false,,,RUS,Saint Petersburg,RUS,https://upload.wikimedia.org/wikipedia/commons/thumb/b/b7/MaximMatlakov23.jpg/250px-MaximMatlakov23.jpg,,,,BillieKimbah,maxim-matlakov,Matlakov,54730,,,,,,
4170083,"Matsenko, Sergei",FID,M,GM,,1990,2018,false,,false,,,RUS,Chelyabinsk,RUS|FID,https://upload.wikimedia.org/wikipedia/commons/thumb/a/ab/Sergei_Matsenko_2010.JPG/250px-Sergei_Matsenko_2010.JPG,,,,MatsenkoSergey,sergei-matsenko,,118229,,,,,,
2100169,"Matsuura, Everaldo",BRA,M,GM,,1970,2011,false,,false,,,BRA,Maringá,BRA,https://upload.wikimedia.org/wikipedia/commons/thumb/c/c0/Everaldo_Matsuura_2008.jpg/250px-Everaldo_Matsuura_2008.jpg,,,,AugustoMatraga,everaldo-matsuura,,26917,,,,,,
900362,"Matulović, Milan",YUG,M,GM,,1935,1965,true,2013,false,,,SRB,Belgrade,YUG,https://upload.wikimedia.org/wikipedia/commons/thumb/c/cc/Milan_Matulovi%C4%87_1974.jpg/250px-Milan_Matulovi%C4%87_1974.jpg,,,,,,,13888,,,,,,
1129775,"Matuszewski, Michal",POL,M,GM,,1993,2019,false,,false,,,POL,Warsaw,POL,https://upload.wikimedia.org/wikipedia/commons/thumb/7/79/Micha%C5%82_Matuszewski_2013.jpg/250px-Micha%C5%82_Matuszewski_2013.jpg,,,,shevson,michal-matuszewski,,126615,,,,,,
14129850,"Matviishen, Viktor",UKR,M,GM,,2002,2022,false,,false,,,UKR,Vinnytsia,UKR,,,,,Viktor_Matviishen,viktor-matviishen,,138054,,,,,,
36083534,"Maurizzi, MarcAndria",FRA,M,GM,,2007,2021,false,,false,,,FRA,Bastia,FRA,https://upload.wikimedia.org/wikipedia/commons/thumb/f/f2/MarcandriaMaurizzi23.jpg/250px-MarcandriaMaurizzi23.jpg,,,,Marcan2b,marc-andria-maurizzi,,156291,,,,,,
14105659,"Maximov, Dmitry",UKR,M,GM,,1984,2008,false,,false,,,UKR,Dnipro,UKR,,,,,DmitryMaximov,dmitri-maksimov-1,,65765,,,,,,
25659766,Mayank Chakraborty,IND,M,GM,,2009,2026,false,,false,,,,,IND,https://upload.wikimedia.org/wikipedia/commons/6/69/Mayank_Chakraborty%2C_Indian_Chess_Player.jpg?utm_source=en.wikipedia.org&utm_campaign=api&utm_content=thumbnail_unscaled,https://en.wikipedia.org/wiki/Mayank_Chakraborty,"Mayank Chakraborty is an Indian chess Grandmaster from Guwahati, Assam. In March 2026 he became the first chess grandmaster from Assam and the Northeast region of India, and the 94th grandmaster of India.",https://en.wikipedia.org/wiki/Mayank_Chakraborty,,mayank-chakraborty,,,,,,,,
13501720,"Mayorau, Mikita",POL,M,GM,,1985,2007,false,,false,,,BLR,Vitebsk,BLR|FID|POL,,,,,mikolka1985,nikita-maiorov,mikolka1985,51453,,,,,,
613762,"Maze, Sebastien",FRA,M,GM,,1984,2007,false,,false,,,FRA,Paris,FRA,https://upload.wikimedia.org/wikipedia/commons/thumb/b/bd/London_Chess_Classic_2016_Day3-12_%2830767840204%29_%28cropped%29.jpg/250px-London_Chess_Classic_2016_Day3-12_%2830767840204%29_%28cropped%29.jpg,,,,Mazetovic,sebastien-maze,Mazetovic,51339,,mazetovic,,,,
400629,"McDonald, Neil",ENG,M,GM,,1967,1996,false,,false,,,ENG,Gravesend,ENG,https://upload.wikimedia.org/wikipedia/en/thumb/4/47/Neilwiki222.jpg/250px-Neilwiki222.jpg,,,,,neil-mcdonald,,27732,,,,,,
13600966,"Mchedlishvili, Mikheil",GEO,M,GM,,1979,2002,false,,false,,,GEO,,GEO,https://upload.wikimedia.org/wikipedia/commons/thumb/3/3c/Mchedlischwili_michail2_20081120_olympiade_dresden.jpg/250px-Mchedlischwili_michail2_20081120_olympiade_dresden.jpg,,,,mishikomchedlishvili,micheil-mtschedlischwili,,49454,,,,,,
2400030,"McNab, Colin A",SCO,M,GM,,1961,1992,false,,false,,,SCO,Dundee,SCO,https://upload.wikimedia.org/wikipedia/commons/thumb/5/5b/Colin_McNab.jpg/250px-Colin_McNab.jpg,,,,,colin-a-mcnab,,13783,,,,,,
404853,"McShane, Luke J",ENG,M,GM,,1984,2000,false,,false,,,ENG,London,ENG,https://upload.wikimedia.org/wikipedia/commons/thumb/3/38/Luke_McShane_2013.jpg/250px-Luke_McShane_2013.jpg,,,,LMcShane,luke-mcshane,,14287,,,,,,
2100010,"Mecking, Henrique",BRA,M,GM,,1952,1972,false,,false,,,BRA,Santa Cruz do Sul,BRA,https://upload.wikimedia.org/wikipedia/commons/thumb/f/f3/Henrique_Mecking_1978.jpg/250px-Henrique_Mecking_1978.jpg,,,,Jpsmo,henrique-mecking,,16115,,GM_Mequinho,,,,hmecking
2000440,"Mednis, Edmar",USA,M,GM,,1937,1980,true,2002,false,,,LAT,Riga,USA,,,,,,,,,,,,,,
300055,"Meduna, Eduard",CZE,M,GM,,1950,1987,false,,false,,,CZE,Prague,CZE,,,,,,eduard-meduna,,14963,,,,,,
708402,"Medvegy, Zoltan Dr.",HUN,M,GM,,1979,2002,false,,false,,,HUN,,HUN,https://upload.wikimedia.org/wikipedia/commons/thumb/c/cb/Zoltan_Medvegy.jpg/250px-Zoltan_Medvegy.jpg,,,,Medvegy,zoltan-medvegy,Medvegy,49115,,,,,,
7101384,"Megaranto, Susanto",INA,M,GM,,1987,2004,false,,false,,,INA,Indramayu,INA,https://upload.wikimedia.org/wikipedia/commons/thumb/c/c4/Megaranto_susanto_20081119_olympiade_dresden.jpg/250px-Megaranto_susanto_20081119_olympiade_dresden.jpg,,"Susanto Megaranto is an Indonesian chess player. In 2004, he became the youngest Indonesian ever to qualify for the title Grandmaster at 17, beating out Utut Adianto's record by four years. He won the Indonesian Chess Championship four times in a row from 2006 to 2010.",https://en.wikipedia.org/wiki/Susanto_Megaranto,garcho08,susanto-megaranto,,83458,,,,,,
4675789,"Meier, Georg",URU,M,GM,,1987,2007,false,,false,,,GER,Trier,GER|URU,https://upload.wikimedia.org/wikipedia/commons/thumb/f/f6/Meier%2CGeorg_2019_Karlsruhe.jpeg/250px-Meier%2CGeorg_2019_Karlsruhe.jpeg,,"Georg Meier is a German-Uruguayan chess grandmaster who represents Uruguay. Due to the German Chess Federation's handling of his conflict with top German player Elisabeth Pähtz, he switched to the Uruguayan Chess Federation.",https://en.wikipedia.org/wiki/Georg_Meier_(chess_player),GeorgMeier,georg-meier,,95763,,GMGeorgMeier,,,,
11600314,"Meijers, Viesturs",LAT,M,GM,,1967,2004,true,2024,false,,,LAT,Limbaži,LAT,https://upload.wikimedia.org/wikipedia/commons/thumb/9/95/Meijers_Viesturs.jpg/250px-Meijers_Viesturs.jpg,,,,,viesturs-meijers,,49269,,,,,,
4102541,"Meister, Jakob",GER,M,GM,,1955,2008,false,,false,,,RUS,Kopeysk,RUS|GER,https://upload.wikimedia.org/wikipedia/commons/thumb/9/94/Meister%2CJakob_2012-03-06.JPG/250px-Meister%2CJakob_2012-03-06.JPG,,,,,jakob-meister,,18169,,,,,,
2107660,"Mekhitarian, Krikor Sevag",BRA,M,GM,,1986,2010,false,,false,,,BRA,São Paulo,BRA,https://upload.wikimedia.org/wikipedia/commons/thumb/f/f3/KrikorMekhitarian13_%28cropped%29.jpg/250px-KrikorMekhitarian13_%28cropped%29.jpg,,,,GMKrikor,krikor-sevag-mekhitarian,,96630,,gmkrikor,krikorsm,UCwWm-fABiYbcL7ro8qONd6Q,,GMKrikor
13302485,"Melkumyan, Hrant",ARM,M,GM,,1989,2008,false,,false,,,ARM,Yerevan,ARM,https://upload.wikimedia.org/wikipedia/commons/thumb/d/d8/London_Chess_Classic_2016_Day3-16_%2831493231521%29_%28cropped%29.jpg/250px-London_Chess_Classic_2016_Day3-16_%2831493231521%29_%28cropped%29.jpg,,,,Hrant_ChessMood,hrant-melkumyan,Creep30,98978,,MelkumyanHrant,,,,
35028561,"Mendonca, Leon Luke",IND,M,GM,,2006,2021,false,,false,,,IND,Goa,IND,https://upload.wikimedia.org/wikipedia/commons/thumb/0/01/Leon_Luke_Mendonca_in_2025_%28cropped%29.jpg/250px-Leon_Luke_Mendonca_in_2025_%28cropped%29.jpg,,,,lyndonlistzmendonca,leon-luke-mendonca,,156237,,,,,,
11602740,"Meshkovs, Nikita",LAT,M,GM,,1994,2017,false,,false,,,LAT,Riga,LAT,https://upload.wikimedia.org/wikipedia/commons/thumb/9/92/NikitaMeshkovs24a.jpg/250px-NikitaMeshkovs24a.jpg,,Nikita Evgenievich Meshkovs is a Latvian chess grandmaster (2017). He won the Latvian Chess Championship in 2018.,https://en.wikipedia.org/wiki/Nikita_Meshkovs,1stSecond,nikita-meshkovs,,117722,,,,,,
400122,"Mestel, A Jonathan",ENG,M,GM,,1957,1982,false,,false,,,ENG,Cambridge,ENG,https://upload.wikimedia.org/wikipedia/commons/b/bd/Mestel%2CJonathan_1988_Thessaloniki.jpg,,,,,a-jonathan-mestel,,15666,,,,,,
14907526,"Michalik, Peter",SVK,M,GM,,1990,2011,false,,false,,,SVK,Prievidza,SVK|CZE|SVK,https://upload.wikimedia.org/wikipedia/commons/thumb/c/cc/2021-Peter-Michalik.JPG/250px-2021-Peter-Michalik.JPG,,,,,peter-michalik,,95800,,,,,,
202967,"Michiels, Bart",BEL,M,GM,,1986,2014,false,,false,,,BEL,Gent,BEL,https://upload.wikimedia.org/wikipedia/commons/thumb/3/3d/Bart_Michiels_2013.jpg/250px-Bart_Michiels_2013.jpg,,,,,bart-michiels,,52248,,,,,,
W1526836,"Mieses, Jacques",ENG,M,GM,,1865,1950,true,1954,false,,,GER,Leipzig,ENG,https://upload.wikimedia.org/wikipedia/commons/f/f3/Jacques_Mieses_%28monochrome%29.jpg,,,,,,,,,,,,,
11600136,"Miezis, Normunds",LAT,M,GM,,1971,1997,false,,false,,,LAT,Olaine,LAT,https://upload.wikimedia.org/wikipedia/commons/thumb/c/ce/NormundsMiezis16.jpg/250px-NormundsMiezis16.jpg,,,,Snake71,normunds-miezis,,49822,,,,,,
728012,"Mihok, Oliver",HUN,M,GM,,1993,2015,false,,false,,,HUN,,GER|HUN,https://upload.wikimedia.org/wikipedia/commons/thumb/f/fb/Mihok%2COliver_2019_Radenci.jpg/250px-Mihok%2COliver_2019_Radenci.jpg,,Olivér Mihók is a Hungarian chess grandmaster.,https://en.wikipedia.org/wiki/Oliv%C3%A9r_Mih%C3%B3k,,oliver-mihok,,109549,,,,,,
13304852,"Mikaelyan, Arman",ARM,M,GM,,1996,2017,false,,false,,,ARM,Yerevan,ARM,https://upload.wikimedia.org/wikipedia/commons/thumb/1/15/Arman_Mikaelyan_Chess.jpg/250px-Arman_Mikaelyan_Chess.jpg,,,,MikaelyanArman1996,arman-mikaelyan,Peacefulwarrior1996,149267,,,,,,
14602385,"Mikhalchishin, Adrian",SLO,M,GM,,1954,1978,false,,false,,,UKR,Lviv,SLO,https://upload.wikimedia.org/wikipedia/commons/thumb/4/4f/Adrian_Mikhalchishin_2013.jpg/250px-Adrian_Mikhalchishin_2013.jpg,,,,,adrian-mikhalchishin,,15391,,,,,,
14102340,"Mikhaletz, Lubomir",UKR,M,GM,,1974,2000,false,,false,,,UKR,Khmelnytskyi,UKR,,,,,,lubomir-mikhaletz,,51723,,,,,,
2801914,"Mikhalevski, Victor",ISR,M,GM,,1972,1996,false,,false,,,BLR,Gomel,ISR,https://upload.wikimedia.org/wikipedia/commons/thumb/1/1c/Victor_Mikhalevski.jpg/250px-Victor_Mikhalevski.jpg,,,,VMikhalevski,victor-mikhalevski,,17132,http://vmikhalevski.webs.com,,,,,
W5145934,"Mikėnas, Vladas",LTU,M,GM,,1910,1987,true,1992,false,,,EST,Tallinn,LTU,https://upload.wikimedia.org/wikipedia/commons/5/54/Vladas-Mikenas-1931.png,,,,,,,,,,,,,
4203380,"Miladinovic, Igor",SRB,M,GM,,1974,1993,false,,false,,,SRB,Niš,GRE|SRB,https://upload.wikimedia.org/wikipedia/commons/thumb/8/80/Miladinovic.jpg/250px-Miladinovic.jpg,,,,,igor-miladinovic,,14211,,,,,,
915483,"Milanovic, Danilo",SRB,M,GM,,1974,2008,false,,false,,,SRB,Smederevska Palanka,SRB,https://upload.wikimedia.org/wikipedia/commons/thumb/1/11/Milanovic%2CDanilo_2012_Deizisau.jpg/250px-Milanovic%2CDanilo_2012_Deizisau.jpg,,,,MilanovicDan,danilo-milanovic,MilanovicDan,28649,,,,,,
403385,"Miles, Anthony J.",ENG,M,GM,,1955,1976,true,2001,false,,,ENG,Edgbaston,ENG,https://upload.wikimedia.org/wikipedia/commons/thumb/6/6d/Anthony_Miles_1977.jpg/250px-Anthony_Miles_1977.jpg,,,,,,,,,,,,,
W2804708,"Milić, Borislav",YUG,M,GM,,1925,1977,true,1986,false,,,SRB,Belgrade,YUG,https://upload.wikimedia.org/wikipedia/commons/thumb/9/94/Borislav_Mili%C4%87_1965.jpg/250px-Borislav_Mili%C4%87_1965.jpg,,,,,,,,,,,,,
922722,"Miljkovic, Miroslav D",SRB,M,GM,,1985,2013,false,,false,,,SRB,Niš,SRB,,,,,MiroMiljkovic,miroslav-d-miljkovic,MiroMiljkovic,55497,,,,,,
2100029,"Milos, Gilberto",BRA,M,GM,,1963,1988,false,,false,,,BRA,São Paulo,BRA,https://upload.wikimedia.org/wikipedia/commons/thumb/a/af/Gilberto_Milos.jpg/250px-Gilberto_Milos.jpg,,,,GilMil,gilberto-milos,,46575,,,,,,
14101068,"Milov, Leonid",GER,M,GM,,1966,2012,false,,false,,,GER,Dniepropetrovsk,UKR|GER,,,,,,leonid-milov,,28864,,,,,,
1304364,"Milov, Vadim",SUI,M,GM,,1972,1993,false,,false,,,RUS,Ufa,SUI,https://upload.wikimedia.org/wikipedia/commons/thumb/3/3d/Vadim_Milov.jpg/250px-Vadim_Milov.jpg,,,,,vadim-milov,,21410,,,,,,
13300377,"Minasian, Ara",ARM,M,GM,,1974,2004,false,,false,,,ARM,Gyumri,ARM,,,,,,ara-minasian,,93766,,,,,,
13300040,"Minasian, Artashes",ARM,M,GM,,1967,1992,false,,false,,,ARM,Yerevan,ARM,https://upload.wikimedia.org/wikipedia/commons/5/50/Minasian_2008_Dresden.jpg,,,,,artashes-minasian,,49445,,,,,,
14500477,"Minić, Dragoljub",YUG,M,GM,,1937,1991,true,2005,false,,,MNE,Podgorica,YUG,,,,,,,,,,,,,,
600059,"Mirallès, Gilles",FRA,M,GM,,1966,1997,true,2022,false,,,FRA,Grasse,FRA,https://upload.wikimedia.org/wikipedia/commons/thumb/c/cc/Gilles_Miralles_%28cropped%29.jpg/250px-Gilles_Miralles_%28cropped%29.jpg,,,,oursemare,gilles-miralles,,14372,,,,,,
3510697,"Miranda Mesa, Elier",CUB,M,GM,,1993,2019,false,,false,,,CUB,Villa Clara Province,CUB,,,,,,elier-miranda-mesa,,133356,,,,,,
1210920,"Miron, Lucian-Costin",ROU,M,GM,,1987,2019,false,,false,,,ROU,Ploiești,ROU,,,,,Predatoru,lucian-costin-miron,,120815,,,,,,
14102595,"Miroshnichenko, Evgenij",UKR,M,GM,,1978,2002,false,,false,,,UKR,Donetsk,UKR,https://upload.wikimedia.org/wikipedia/commons/thumb/7/79/Evgeny_Miroshnichenko.jpg/250px-Evgeny_Miroshnichenko.jpg,,,,mironius,evgenij-miroshnichenko,,11594,,,,,,
316180,"Mirumian, Vigen",CZE,M,GM,,1977,2008,false,,false,,,ARM,Yerevan,CZE,,,,,,vigen-mirumyan,,17261,,,,,,
13400304,"Mirzoev, Azer",AZE,M,GM,,1978,2001,false,,false,,,AZE,Baku,AZE,https://upload.wikimedia.org/wikipedia/commons/thumb/9/93/Azer_Mirzoev_at_Khazar_Cup_2016_%28crop%29.jpg/250px-Azer_Mirzoev_at_Khazar_Cup_2016_%28crop%29.jpg,,,,azikom,azer-mirzoev,,49113,,,,,,
14108640,"Mirzoev, Emil",UKR,M,GM,,1996,2019,false,,false,,,UKR,,UKR,,,,,Off-War,emil-mirzoev,Off-War,155865,,,,,,
30920019,"Mishra, Abhimanyu",USA,M,GM,,2009,2021,false,,false,,,USA,"Long Branch, New Jersey",USA,https://upload.wikimedia.org/wikipedia/commons/thumb/c/c2/AbhimanyuMishra24a.jpg/250px-AbhimanyuMishra24a.jpg,,"Abhimanyu Mishra is an American chess grandmaster. A chess prodigy, he holds the record for the world's youngest ever grandmaster, having qualified for the title at the age of 12 years, 4 months, and 25 days.",https://en.wikipedia.org/wiki/Abhimanyu_Mishra,PursuitOfHappyness2,abhimanyu-mishra,,163109,,ChessMishra,,,,
1110381,"Mista, Aleksander",POL,M,GM,,1983,2003,false,,false,,,POL,Myszków,POL,https://upload.wikimedia.org/wikipedia/commons/thumb/0/07/Aleksander_Mi%C5%9Bta_2012.jpg/250px-Aleksander_Mi%C5%9Bta_2012.jpg,,,,olomi007,aleksander-mista,,54226,,,,,,
15000290,"Mitkov, Nikola",MKD,M,GM,,1971,1993,false,,false,,,MKD,,MKD,,,,,gmmitkov,nikola-mitkov,,17038,,,,,,
1111914,"Miton, Kamil",POL,M,GM,,1984,2002,false,,false,,,POL,Kraków,POL,https://upload.wikimedia.org/wikipedia/commons/thumb/5/53/Kamil_Mito%C5%84_2013.jpg/250px-Kamil_Mito%C5%84_2013.jpg,,,,Kamilek84,kamil-miton,,49437,,,,,,
5057000,"Mitrabha, Guha",IND,M,GM,,2001,2022,false,,false,,,IND,Kolkata,IND,,,,,mitrabhaa,guha-mitrabha,Mitrabha,158831,,MitrabhaGuha,,,,
810894,"Mogranzini, Roberto",ITA,M,GM,,1983,2013,false,,false,,,ITA,Carpi,ITA,,,,,GM_RobertoMogranzini,roberto-mogranzini,,55732,,GM_Mogranzini,,,,
14600013,"Mohr, Georg",SLO,M,GM,,1965,1997,false,,false,,,SLO,Maribor,SLO,https://upload.wikimedia.org/wikipedia/commons/thumb/9/92/GeorgMohr10.jpg/250px-GeorgMohr10.jpg,,,,,georg-mohr,,26698,,,,,,
4600290,"Mohr, Stefan",GER,M,GM,,1967,1989,false,,false,,,GER,Frankfurt,GER,,,,,,stefan-mohr,,13744,,,,,,
14102560,"Moiseenko, Alexander",UKR,M,GM,,1980,2000,false,,false,,,RUS,Severomorsk,UKR,https://upload.wikimedia.org/wikipedia/commons/thumb/1/15/2018-Alexander-Moiseenko.JPG/250px-2018-Alexander-Moiseenko.JPG,,,,severomorskij,alexander-moiseenko,,45294,,,,,,
4123700,"Moiseenko, Vadim",RUS,M,GM,,1994,2018,false,,false,,,RUS,Bratsk,RUS,,,,,TaykaGM,vadim-moiseenko,Tayka,117704,,,,,,
306070,"Mokry, Karel",CZE,M,GM,,1959,1984,false,,false,,,CZE,Prostějov,CZE,,,,,,karel-mokry,,13995,,,,,,
10200444,"Mollah Abdullah, Al Rakib",BAN,M,GM,,1980,2007,false,,false,,,BAN,Narayanganj,BAN,,,,,,abdullah-al-rakib,,11586,,,,,,
2021722,"Molner, Mackenzie",USA,M,GM,,1988,2013,false,,false,,,USA,"Englewood, New Jersey",USA,,,,,MacMolner,mackenzie-molner,,102525,,,,,,
4614950,"Mons, Leon",GER,M,GM,,1995,2018,false,,false,,,GER,Lübeck,GER,,,,,OlympusMons95,leon-mons,OlympusMons95,121782,,,,,,
W7443569,"Monticelli, Mario",ITA,M,GM,,1902,1985,true,1995,false,,,ITA,Venice,ITA,,,,,,,,,,,,,,
12501255,"Moradiabadi, Elshan",USA,M,GM,,1985,2005,false,,false,,,IRI,Tehran,FID|USA,https://upload.wikimedia.org/wikipedia/commons/thumb/b/b8/GM_Elshan_Moradiabadi.jpg/250px-GM_Elshan_Moradiabadi.jpg,,,,Elshan1985,elshan-moradi,,51258,,eli_1985_mor,moradiabadi,,GM_Elshan1985,
1122401,"Moranda, Wojciech",POL,M,GM,,1988,2009,false,,false,,,POL,Kielce,POL,https://upload.wikimedia.org/wikipedia/commons/thumb/b/b4/2022-Wojciech-Moranda_%28cropped%29.JPG/250px-2022-Wojciech-Moranda_%28cropped%29.JPG,,Wojciech Moranda is a Polish chess Grandmaster (2009).,https://en.wikipedia.org/wiki/Wojciech_Moranda,gmmoranda,wojciech-moranda,,83260,,,,,,
2224267,"Moreno Carnero, Javier",ESP,M,GM,,1975,2003,false,,false,,,ARG,Buenos Aires,ESP,,,,,,javier-moreno-carnero,,86424,,,,,,
865834,"Moroni, Luca Jr",ITA,M,GM,,2000,2017,false,,false,,,ITA,Desio,ITA,https://upload.wikimedia.org/wikipedia/commons/thumb/4/49/Moroni%2CLuca_2015_Wien.JPG/250px-Moroni%2CLuca_2015_Wien.JPG,,,,moro182,luca-moroni-jr,Moro182,139821,,,,,,
3405400,"Morovic Fernandez, Ivan",CHI,M,GM,,1963,1986,false,,false,,,CHI,Viña del Mar,CRO|CHI,https://upload.wikimedia.org/wikipedia/commons/thumb/b/b7/Ivan_Morovic_1980_Dortmund.jpg/250px-Ivan_Morovic_1980_Dortmund.jpg,,,,,ivan-morovic-fernandez,,23112,,,,,,
14100509,"Moroz, Alexander",UKR,M,GM,,1961,1999,true,2009,false,,,UKR,Dniepropetrovsk,UKR,,,,,,,,,,,,,,
4116992,"Morozevich, Alexander",RUS,M,GM,,1977,1994,false,,false,,,RUS,Moscow,RUS,https://upload.wikimedia.org/wikipedia/commons/thumb/6/62/Alexander_Morozevic.jpg/250px-Alexander_Morozevic.jpg,,,,Quaternitychess,alexander-morozevich,,11719,,,,,,
12519278,"Mosadeghpour, Masoud",IRI,M,GM,,1997,2017,false,,false,,,IRI,Mashhad,IRI,,,,,Masmos97,masoud-mosadeghpour,,152701,,,,,,
4155351,"Moskalenko, Alexander",RUS,M,GM,,1988,2018,false,,false,,,RUS,Zhytomyr Oblast,RUS,,,,,Alexander_Moskalenko,alexander-moskalenko,,50146,,,,,,
14100100,"Moskalenko, Viktor",ESP,M,GM,,1960,1992,false,,false,,,UKR,Odesa,UKR|ESP,,,,,gmMOSKALENKO,wiktor-moskalenko,Nemo101,15254,,,,,,
2400022,"Motwani, Paul",SCO,M,GM,,1962,1992,false,,false,,,SCO,Glasgow,SCO,,,,,,paul-motwani,,13903,,,,,,
4121830,"Motylev, Alexander",ROU,M,GM,,1979,2000,false,,false,,,RUS,Yekaterinburg,RUS|FID|ROU,https://upload.wikimedia.org/wikipedia/commons/thumb/e/e2/AlexanderMotylev23.jpg/250px-AlexanderMotylev23.jpg,,,,almo64,alexander-motylev,,49027,,,,,,
12511099,"Mousavi, Seyed Khalil",IRI,M,GM,,1998,2022,false,,false,,,IRI,Langarud,IRI,,,,,,seyed-khalil-mousavi,,143115,,,,,,
642908,"Moussard, Jules",FRA,M,GM,,1995,2016,false,,false,,,FRA,Paris,FRA,https://upload.wikimedia.org/wikipedia/commons/thumb/c/c7/Jules_Moussard.jpg/250px-Jules_Moussard.jpg,,,,Annawel,jules-moussard,,104792,,,,,,
42520835,"Movahed, Sina",IRI,M,GM,,2010,2024,false,,false,,,IRI,,IRI,,,,,,sina-movahed,,193651,,,,,,
310204,"Movsesian, Sergei",ARM,M,GM,,1978,1997,false,,false,,,GEO,Tbilisi,YUG|SVK|ARM,https://upload.wikimedia.org/wikipedia/commons/thumb/8/8a/Sergej_Movsesjan_2023_%28cropped%29.jpg/250px-Sergej_Movsesjan_2023_%28cropped%29.jpg,,,,,sergei-movsesian,,19920,,Sergimov,,,,
13301152,"Movsziszian, Karen",ARM,M,GM,,1963,1994,false,,false,,,ARM,Yerevan,ARM,https://upload.wikimedia.org/wikipedia/commons/thumb/1/1f/Movsziszian_Karen_2016_%28cropped%29.jpg/250px-Movsziszian_Karen_2016_%28cropped%29.jpg,,,,,karen-movsziszian,,16937,,,,,,
4189825,"Mozharov, Mikhail",RUS,M,GM,,1990,2014,false,,false,,,RUS,Moscow,RUS,,,,,kosya4ok,mikhail-mozharov,,107158,,,,,,
14900092,"Mrva, Martin",SVK,M,GM,,1971,2005,false,,false,,,SVK,Prešov,SVK,https://upload.wikimedia.org/wikipedia/commons/thumb/1/1e/Martin_Mrva.jpg/250px-Martin_Mrva.jpg,,,,,martin-mrva,,49444,,,,,,
4600347,"Mueller, Karsten, Dr.",GER,M,GM,,1970,1998,false,,false,,,GER,Hamburg,GER,https://upload.wikimedia.org/wikipedia/commons/thumb/9/9b/Mueller_karsten_20061005_berlin_dbmm.jpg/250px-Mueller_karsten_20061005_berlin_dbmm.jpg,,,,,dr-karsten-mueller,,11726,,,,,,
4901266,"Munkhgal, Gombosuren",MGL,M,GM,,1988,2020,false,,false,,,MGL,,MGL,,,,,Virgo15,gombosuren-munkhgal,,127110,,,,,,
3800229,"Munoz, Miguel",PER,M,GM,,1975,2012,false,,false,,,PER,"La Merced, Junín",PER|ESP|PER,,,,,,miguel-munoz,,57382,,,,,,
13409301,"Muradli, Mahammad",AZE,M,GM,,2003,2022,false,,false,,,AZE,Baku,AZE,https://upload.wikimedia.org/wikipedia/commons/thumb/e/e4/Mahammad_Muradli_2023.jpg/250px-Mahammad_Muradli_2023.jpg,,,,ChessLover0108,mahammad-muradli,MahammadMuradli2003,154705,,,,,,
1209272,"Murariu, Andrei",ROU,M,GM,,1986,2006,false,,false,,,ROU,Bârlad,ROU,,,,,,andrei-murariu,,49417,,,,,,
921661,"Muratovic, Alija",SRB,M,GM,,1962,2009,false,,false,,,SRB,Novi Pazar,SRB,,,,,,alija-muratovic,,107140,,,,,,
2803585,"Murey, Jacob",ISR,M,GM,,1941,1987,true,2025,false,,,RUS,Moscow,ISR,,,,,,jacob-murey,,38671,,,,,,
10200010,"Murshed, Niaz",BAN,M,GM,,1966,1987,false,,false,,,BAN,Dhaka,BAN,,,,,NIAZ1966,niaz-murshed,,41987,,,,,,
44155573,"Murzin, Volodar",FID,M,GM,,2006,2022,false,,false,,,RUS,Nizhny Tagil,RUS|FID,https://upload.wikimedia.org/wikipedia/commons/thumb/9/96/Volodar_Murzin_in_2026.jpg/250px-Volodar_Murzin_in_2026.jpg,,,,Volodar_Murzin,volodar-murzin,Murzin_Volodar,154451,,,volodar__murzin,,,
4600304,"Muse, Mladen",CRO,M,GM,,1963,2001,false,,false,,,CRO,Bjelovar,GER|CRO,https://upload.wikimedia.org/wikipedia/commons/thumb/a/a1/MMuse10.jpg/250px-MMuse10.jpg,,,,,mladen-muse,,19052,,,,,,
14111330,"Muzychuk, Anna",UKR,F,GM,WGM,1990,2012,false,,false,,,UKR,Stryi,UKR|SLO|UKR,https://upload.wikimedia.org/wikipedia/commons/thumb/9/9b/AnnaMuzychuk23a.jpg/250px-AnnaMuzychuk23a.jpg,,,,Anna_Muzychuk,anna-muzychuk,,54881,,,,,,
14114550,"Muzychuk, Mariya",UKR,F,GM,WGM,1992,2015,false,,false,,,UKR,Stryi,UKR,https://upload.wikimedia.org/wikipedia/commons/thumb/7/73/2022-Mariya-Muzychuk_%28cropped%29.JPG/250px-2022-Mariya-Muzychuk_%28cropped%29.JPG,,,,MariyaGM,mariya-muzychuk,,94551,,MariyaMuzychuk,,,,
2809052,"Nabaty, Tamir",ISR,M,GM,,1991,2011,false,,false,,,ISR,Ness Ziona,ISR,https://upload.wikimedia.org/wikipedia/commons/thumb/9/93/Bansko-tamir-nabaty-1-22172.jpg/250px-Bansko-tamir-nabaty-1-22172.jpg,,,,TamirNabaty,tamir-nabaty,,96083,,,,,,
4135830,"Nadyrkhanov, Sergey",RUS,M,GM,,1963,1999,false,,false,,,RUS,,RUS,,,,,,sergey-nadyrkhanov,,26278,,,,,,
737119,"Nagy, Gabor",HUN,M,GM,,1994,2020,false,,false,,,HUN,,HUN,,,,,Gabix_94,gabor-nagy,Gabix94,132759,,,,,,
4650891,"Naiditsch, Arkadij",BUL,M,GM,,1985,2001,false,,false,,,LAT,Riga,GER|AZE|BUL,https://upload.wikimedia.org/wikipedia/commons/thumb/5/5f/ArkadijNaiditsch23.jpg/250px-ArkadijNaiditsch23.jpg,,,,CaptainJames,arkadij-naiditsch,,48885,,naiditsch,arkadijnaiditsch,,,
W2702813,"Najdorf, Miguel",ARG,M,GM,,1910,1950,true,1997,false,,,POL,Grodzisk Mazowiecki,ARG,https://upload.wikimedia.org/wikipedia/commons/thumb/8/81/Hoogoven-schaaktoernooi_Wijk_aan_Zee%2C_nummer_7_Najdorf%3B_Bestanddeelnr_926-1759.jpg/250px-Hoogoven-schaaktoernooi_Wijk_aan_Zee%2C_nummer_7_Najdorf%3B_Bestanddeelnr_926-1759.jpg,,,,,,,,,,,,,
15001334,"Najdoski, Toni",MKD,M,GM,,1970,1998,false,,false,,,MKD,,MKD,,,,,,toni-najdoski,,108073,,,,,,
4118987,"Najer, Evgeniy",FID,M,GM,,1977,1999,false,,false,,,RUS,Moscow,RUS|FID,https://upload.wikimedia.org/wikipedia/commons/thumb/f/f5/Evgeni_Najer.jpg/250px-Evgeni_Najer.jpg,,,,ENajer77,evgeniy-najer,ENajer,35841,,,,,,
2016192,"Nakamura, Hikaru",USA,M,GM,,1987,2003,false,,false,,,JPN,Hirakata,USA,https://upload.wikimedia.org/wikipedia/commons/thumb/4/48/Nakamura_Hikaru_%2829290269410%29_%28cropped%29_%28cropped%29.jpg/250px-Nakamura_Hikaru_%2829290269410%29_%28cropped%29_%28cropped%29.jpg,,,,Hikaru,hikaru-nakamura,TSMFTXH,10084,https://hikarunakamura.com,GMHikaru,gmhikaru,UCweCc7bSMX5J4jEH7HFImng,GMHikaru,GMHikaru
13300245,"Nalbandian, Tigran",ARM,M,GM,,1975,2004,true,2025,false,,,ARM,Yerevan,ARM,https://upload.wikimedia.org/wikipedia/commons/thumb/2/21/Nalbandian%2CTigran_2010_Dortmund.jpg/250px-Nalbandian%2CTigran_2010_Dortmund.jpg,,,,,tigran-nalbandian,,21942,,,,,,
1204580,"Nanu, Costica-Ciprian",ROU,M,GM,,1977,2010,false,,false,,,ROU,Brașov,ROU,,,,,,costica-ciprian-nanu,,49366,,,,,,
5058422,Narayanan S L,IND,M,GM,,1998,2016,false,,false,,,IND,Trivandrum,IND,https://upload.wikimedia.org/wikipedia/commons/thumb/9/98/SLNarayanan23.jpg/250px-SLNarayanan23.jpg,,,,Indianlad,narayanan-sunilduth-lyna,,131304,,,,,,
5018420,"Narayanan, Srinath",IND,M,GM,,1994,2017,false,,false,,,IND,Chennai,IND,https://upload.wikimedia.org/wikipedia/commons/thumb/5/52/SrinathChess.jpg/250px-SrinathChess.jpg,,,,GMSrinath,srinath-narayanan,,95936,,nsrinath69,,,,
2201500,"Narciso Dublan, Marc",ESP,M,GM,,1974,2003,false,,false,,,ESP,Barcelona,ESP,https://upload.wikimedia.org/wikipedia/commons/thumb/a/ad/Narciso_Dublan_Marc_Barcelona_2010.jpg/250px-Narciso_Dublan_Marc_Barcelona_2010.jpg,,,,marcnd,marc-narciso-i-dublan,,66968,,,,,,
2026961,"Naroditsky, Daniel",USA,M,GM,,1995,2013,true,2025,false,,,USA,San Mateo,USA,https://upload.wikimedia.org/wikipedia/commons/thumb/d/dc/DanielNaroditsky16_%28cropped%29.jpg/250px-DanielNaroditsky16_%28cropped%29.jpg,,,,DanielNaroditsky,daniel-naroditsky,RebeccaHarris,114502,,gmnaroditsky,,UCHP9CdeguNUI-_nBv_UXBhw,GMNaroditsky,
4900774,"Nasanjargal, Urtnasan",MGL,M,GM,,1994,2020,false,,false,,,MGL,,MGL,,,,,Naaas1,urtnasan-nasanjargal,,120009,,,,,,
1141686,"Nasuta, Grzegorz",POL,M,GM,,1996,2018,false,,false,,,POL,Białystok,POL,https://upload.wikimedia.org/wikipedia/commons/thumb/4/44/GrzegorzNasuta24.jpg/250px-GrzegorzNasuta24.jpg,,,,grzechu96,grzegorz-nasuta,,128364,,,,,,
605492,"Nataf, Igor-Alexandre",FRA,M,GM,,1978,1998,false,,false,,,FRA,Paris,FRA,https://upload.wikimedia.org/wikipedia/commons/thumb/6/64/Igor_nataf.JPG/250px-Igor_nataf.JPG,,,,Courgete,igor-alexandre-nataf,,64766,,,,,,
4623169,"Naumann, Alexander",GER,M,GM,,1979,2005,false,,false,,,GER,Magdeburg,GER,,,"The following people have all been grandmasters (GM) of chess. The title has been awarded since 1950 to players who have met the standards required by the sport's governing body, FIDE. Other than world champion, it is the highest title a chess player can attain and is awarded for life, although FIDE regulations allow for the revocation of titles for cheating or fraud.",https://en.wikipedia.org/wiki/List_of_chess_grandmasters,,alexander-naumann,,38761,,,,,,
4101715,"Naumkin, Igor",RUS,M,GM,,1965,1990,true,2022,false,,,RUS,Moscow,RUS,https://upload.wikimedia.org/wikipedia/commons/thumb/4/4f/Igor_Naumkin.JPG/250px-Igor_Naumkin.JPG,,,,,igor-naumkin,,17734,,,,,,
309095,"Navara, David",CZE,M,GM,,1985,2002,false,,false,,,CZE,Prague,CZE,https://upload.wikimedia.org/wikipedia/commons/thumb/c/c3/DavidNavara23.jpg/250px-DavidNavara23.jpg,,,,FormerProdigy,david-navara,,49665,http://cmp.felk.cvut.cz/~navara/navarad.htm,,,,,
15000605,"Nedev, Trajko",MKD,M,GM,,1973,2001,false,,false,,,MKD,,MKD,,,,,,trajko-nedev,,45845,,,,,,
5003512,"Neelotpal, Das",IND,M,GM,,1982,2006,false,,false,,,IND,Kolkata,IND,https://upload.wikimedia.org/wikipedia/commons/thumb/8/89/Neelotpal_Das_2011_Martigny_%28cropped%29.jpg/250px-Neelotpal_Das_2011_Martigny_%28cropped%29.jpg,,,,chesstrainer2042,neelotpal-das,Neel82,49539,,,,,,
5016690,"Negi, Parimarjan",IND,M,GM,,1993,2006,false,,false,,,IND,New Delhi,IND,https://upload.wikimedia.org/wikipedia/commons/thumb/1/1d/Parimarjan-Negi.jpg/250px-Parimarjan-Negi.jpg,,,,Parimarjan,parimarjan-negi,,81784,,,,,,
4500059,"Nei, Iivo",EST,M,GM,,1931,2024,true,2026,false,,,EST,Tartu,EST,https://upload.wikimedia.org/wikipedia/commons/thumb/5/5c/Iivo_Nei_1966.jpg/250px-Iivo_Nei_1966.jpg,,,,,iivo-nei,,37224,,,,,,
11601388,"Neiksans, Arturs",LAT,M,GM,,1983,2012,false,,false,,,LAT,Valka,LAT,https://upload.wikimedia.org/wikipedia/commons/thumb/2/21/Arturs_Neik%C5%A1%C4%81ns.jpg/250px-Arturs_Neik%C5%A1%C4%81ns.jpg,,,,GMNeiksans,arturs-neiksans,,53051,,,,,GMNeiksans,
1301438,"Nemet, Ivan",YUG,M,GM,,1943,1978,true,2007,false,,,SRB,Sombor,YUG,,,,,,,,,,,,,,
4168119,"Nepomniachtchi, Ian",RUS,M,GM,,1990,2007,false,,false,,,RUS,Bryansk,RUS|FID|RUS,https://upload.wikimedia.org/wikipedia/commons/thumb/3/31/Ian_Nepomniachtchi_at_UzChess_Cup_2026.jpg/250px-Ian_Nepomniachtchi_at_UzChess_Cup_2026.jpg,,,,lachesisQ,ian-nepomniachtchi,,54683,,lachesisq,lachesisq,UCQla9v_FeIGUqlmtVWZopqw,nepo,ian.nepomniachtchi
24198455,"Nesterov, Arseniy",FID,M,GM,,2003,2020,false,,false,,,FID,,RUS|FID,https://upload.wikimedia.org/wikipedia/commons/thumb/4/47/Arseniy_Nesterov_vs_Daniil_Dubov_2_%28cropped%29_%28cropped%29.jpg/250px-Arseniy_Nesterov_vs_Daniil_Dubov_2_%28cropped%29_%28cropped%29.jpg,,,,Arseniy_Nesterov,arseniy-nesterov,Arseniii_Nesterov,152581,,,,UCev1BG00VIdNflNX_ZTg58g,,
13700030,"Nesterov, Yakov",KAZ,M,GM,,1966,2005,false,,false,,,KAZ,Tselinograd,KAZ,,,,,,iakov-nesterov,,28479,,,,,,
934526,"Nestorovic, Nikola",SRB,M,GM,,1989,2016,false,,false,,,SRB,Belgrade,SRB,,,,,Storne89,nikola-nestorovic,,99263,,,,,,
305243,"Neuman, Petr",CZE,M,GM,,1978,2013,true,2025,false,,,CZE,Rakovník,CZE,https://upload.wikimedia.org/wikipedia/commons/thumb/9/9e/Neumann%2CPetr_2012_Deizisau.jpg/250px-Neumann%2CPetr_2012_Deizisau.jpg,,,,nouma78,petr-neuman,,40765,,,,,,
1205730,"Nevednichy, Vladislav",ROU,M,GM,,1969,1993,false,,false,,,ROU,,ROU,https://upload.wikimedia.org/wikipedia/commons/thumb/8/8a/Vladislav_Nevednichy_2013.jpg/250px-Vladislav_Nevednichy_2013.jpg,,"Vladislav Nevednichy is a Romanian chess Grandmaster (1993) and Romanian champion in 2008 and 2012. He took part in the FIDE World Chess Championship 2000, but was knocked out in the second round by Jeroen Piket. In 2007 he participated in the World Cup in Khanty-Mansiysk, Russia where he was eliminated in the 2nd round.",https://en.wikipedia.org/wiki/Vladislav_Nevednichy,Firegrizzly,vladislav-nevednichy,,17475,,,,,,
14100150,"Neverov, Valeriy",UKR,M,GM,,1964,1991,false,,false,,,UKR,Kharkiv,UKR,https://upload.wikimedia.org/wikipedia/commons/thumb/e/eb/Neverov_Valeriy_Ukr_ch_%28december_2015%29.jpg/250px-Neverov_Valeriy_Ukr_ch_%28december_2015%29.jpg,,,,,valeriy-neverov,,37995,,,,,,
4114345,"Nevostrujev, Vladimir",RUS,M,GM,,1966,2003,false,,false,,,RUS,Novokuznetsk,RUS,,,,,,vladimir-nevostrujev,,38368,,,,,,
12400025,Nguyen Anh Dung,VIE,M,GM,,1976,2001,false,,false,,,VIE,,VIE,,,Nguyễn Anh Dũng is a Vietnamese chess player and FIDE Grandmaster.,https://en.wikipedia.org/wiki/Nguy%E1%BB%85n_Anh_D%C5%A9ng,,nguyen-anh-dung,,10766,,,,,,
12401064,Nguyen Van Huy,VIE,M,GM,,1985,2020,false,,false,,,VIE,,VIE,https://upload.wikimedia.org/wikipedia/commons/thumb/3/39/Nguyen_Van_Huy_in_HDBank_2016.jpg/250px-Nguyen_Van_Huy_in_HDBank_2016.jpg,,,,FCChelsea14,van-huy-nguyen,,88796,,,,,,
12404675,"Nguyen, Anh Khoi",VIE,M,GM,,2002,2019,false,,false,,,VIE,,VIE,https://upload.wikimedia.org/wikipedia/commons/thumb/9/99/Nguyen_Anh_Khoi_in_HDBank_2016_%28cropped%29.jpg/250px-Nguyen_Anh_Khoi_in_HDBank_2016_%28cropped%29.jpg,,,,Kinzhal,nguyen-anh-khoi,,145641,,,,,,
12401358,"Nguyen, Duc Hoa",VIE,M,GM,,1989,2014,false,,false,,,VIE,,VIE,,,,,NguyenDucHoa,nguyen-duc-hoa,NguyenDucHoa,127676,,,,,,
12401269,"Nguyen, Huynh Minh Huy",VIE,M,GM,,1987,2014,false,,false,,,VIE,Đồng Tháp province,VIE,,,Nguyễn Huỳnh Minh Huy is a Vietnamese chess grandmaster.,https://en.wikipedia.org/wiki/Nguy%E1%BB%85n_Hu%E1%BB%B3nh_Minh_Huy,,nguyen-huynh-minh-huy,,115346,,,,,,
12401110,"Nguyen, Ngoc Truong Son",VIE,M,GM,,1990,2005,false,,false,,,VIE,Rạch Giá,VIE,https://upload.wikimedia.org/wikipedia/commons/thumb/0/0f/Nguyen_Ngoc_Truong_Son_in_HDBank_2016.jpg/250px-Nguyen_Ngoc_Truong_Son_in_HDBank_2016.jpg,,,,crescentmoon2411,nguyen-ngoc-truong-son,,95793,,,,,,
358878,"Nguyen, Thai Dai Van",CZE,M,GM,,2001,2018,false,,false,,,CZE,,CZE,https://upload.wikimedia.org/wikipedia/commons/thumb/8/8d/Thai_Dai_Van_Nguyen_in_2025.jpg/250px-Thai_Dai_Van_Nguyen_in_2025.jpg,,,,NTDVAN12,thai-dai-van-nguyen,,149208,,,,,,
8601160,"Ni, Hua",CHN,M,GM,,1983,2003,false,,false,,,CHN,Shanghai,CHN,https://upload.wikimedia.org/wikipedia/commons/thumb/3/37/Ni_Hua.jpg/250px-Ni_Hua.jpg,,,,Ni-Hua,ni-hua,,51556,,,,,,
1400355,"Nielsen, Peter Heine",DEN,M,GM,,1973,1994,false,,false,,,DEN,Holstebro,DEN,https://upload.wikimedia.org/wikipedia/commons/thumb/1/15/PeterHeineNielsen14.jpg/250px-PeterHeineNielsen14.jpg,,,,,peter-heine-nielsen,,11670,,PHChess,,,,
2093596,"Niemann, Hans Moke",USA,M,GM,,2003,2021,false,,false,,,USA,California,USA,https://upload.wikimedia.org/wikipedia/commons/thumb/6/6d/Hans_Niemann_Uzchess_cup_3_masters_%28cropped%29.jpg/250px-Hans_Niemann_Uzchess_cup_3_masters_%28cropped%29.jpg,,,,HansOnTwitch,hans-moke-niemann,HansMoke,152611,https://endgame.ai,HansMokeNiemann,hans_niemann,UCo5nHDLDiRSmlALJjCWn1QQ,GMHansN,
13603078,"Nigalidze, Gaioz",GEO,M,GM,,1989,2014,false,,true,2015,Caught cheating with smartphone at 2015 Dubai Open; IM title retained,GEO,,GEO,,,,,,gaioz-nigalidze,,111010,,,,,,
14202131,"Nigmatov, Ortik",UZB,M,GM,,2000,2023,false,,false,,,UZB,,UZB,https://upload.wikimedia.org/wikipedia/commons/thumb/e/e5/Ortik_Nigmatov_chess_player_%28cropped%29.jpg/250px-Ortik_Nigmatov_chess_player_%28cropped%29.jpg,,,,Tash_Boy,ortik-nigmatov,,149960,,,,,,
25092340,Nihal Sarin,IND,M,GM,,2004,2018,false,,false,,,IND,Thrissur,IND,https://upload.wikimedia.org/wikipedia/commons/thumb/3/30/NihalSarin-wrb2023.jpg/250px-NihalSarin-wrb2023.jpg,,,,nihalsarin,nihal-sarin,nihalsarin2004,151598,,NihalSarin,nihalsarin,,nihalsarin,nihalchess
1000063,"Nijboer, Friso",NED,M,GM,,1965,1993,false,,false,,,NED,Nijmegen,NED,https://upload.wikimedia.org/wikipedia/commons/thumb/d/d9/Nijboer_Friso_Barcelona_2010.jpg/250px-Nijboer_Friso_Barcelona_2010.jpg,,,,,friso-nijboer,,15211,,,,,,
901776,"Nikcevic, Nebojsa",MNE,M,GM,,1965,1997,false,,false,,,MNE,,MNE,,,,,,nebojsa-nikcevic,,46581,,,,,,
13506862,"Nikitenko, Mihail",BLR,M,GM,,2000,2022,false,,false,,,BLR,Minsk,BLR,https://upload.wikimedia.org/wikipedia/commons/thumb/f/ff/MihailNikitenko2024.jpg/250px-MihailNikitenko2024.jpg,,,,MihailNik,mihail-nikitenko,,149791,,,,,,
4119568,"Nikitin, Andrey",RUS,M,GM,,1974,2001,false,,false,,,RUS,,RUS,,,,,Nat74,andrey-nikitin,Nat74,61439,,,,,,
14500140,"Nikolac, Juraj",CRO,M,GM,,1932,1979,false,,false,,,CRO,Metković,CRO,https://upload.wikimedia.org/wikipedia/commons/thumb/0/08/Juraj_Nikolac_1979.jpg/250px-Juraj_Nikolac_1979.jpg,,,,,juraj-nikolac,,43739,,,,,,
4202139,"Nikolaidis, Ioannis",GRE,M,GM,,1971,1995,false,,false,,,GRE,,GRE,https://upload.wikimedia.org/wikipedia/commons/thumb/8/8a/Ioannis_Nikolaidis2.jpg/250px-Ioannis_Nikolaidis2.jpg,,Ioannis Nikolaidis is a Greek chess grandmaster (1995).,https://en.wikipedia.org/wiki/Ioannis_Nikolaidis,,ioannis-nikolaidis,,18266,,,,,,
4101880,"Nikolenko, Oleg",RUS,M,GM,,1959,2008,false,,false,,,RUS,Moscow,RUS,https://upload.wikimedia.org/wikipedia/commons/thumb/b/bc/Oleh_Nikolenko_MFA.jpg/250px-Oleh_Nikolenko_MFA.jpg,,,,,oleg-nikolenko,,26211,,,,,,
14400014,"Nikolic, Predrag",BIH,M,GM,,1960,1983,false,,false,,,BIH,Šamac,BIH,https://upload.wikimedia.org/wikipedia/commons/thumb/3/30/Nikolic_predrag_20081119_olympiade_dresden.jpg/250px-Nikolic_predrag_20081119_olympiade_dresden.jpg,,,,,predrag-nikolic,,11732,,,,,,
903191,"Nikolić, Stanimir",YUG,M,GM,,1935,1978,true,2021,false,,,YUG,Donja Trepča,YUG,,,,,,,,,,,,,,
2905710,"Nikolov, Momchil",BUL,M,GM,,1985,2010,false,,false,,,BUL,Dobrich,BUL,,,,,MNikolov,momchil-nikolov,MNikolov,48966,,,,,,
2900424,"Ninov, Nikolai",BUL,M,GM,,1969,2012,false,,false,,,BUL,Pazardzhik,BUL,,,,,,nikolaj-ninov,,29164,,,,,,
1202758,"Nisipeanu, Liviu-Dieter",ROU,M,GM,,1976,1997,false,,false,,,ROU,Brașov,ROU|GER|ROU,https://upload.wikimedia.org/wikipedia/commons/thumb/4/49/LDNisipeanu17.jpg/250px-LDNisipeanu17.jpg,,"Liviu-Dieter Nisipeanu is a Romanian chess grandmaster. His peak FIDE rating was 2707 in October 2005, when he was ranked fifteenth in the world, and the highest rated Romanian player ever. It was only in September 2022 that his rating was surpassed by grandmaster Bogdan-Daniel Deac.",https://en.wikipedia.org/wiki/Liviu-Dieter_Nisipeanu,LiviuDieterNisipeanu,liviu-dieter-nisipeanu,,10915,,,,,,
24692018,"Noe, Christopher",GER,M,GM,,1996,2025,false,,false,,,GER,Sinsheim,GER,https://upload.wikimedia.org/wikipedia/commons/thumb/0/03/2019-Christopher-Noe_%28cropped%29.JPG/250px-2019-Christopher-Noe_%28cropped%29.JPG,,,,Schachspielerr,christopher-noe,gravereaper,142074,,,,,,
13710427,"Nogerbek, Kazybek",KAZ,M,GM,,2004,2024,false,,false,,,KAZ,Astana,KAZ,https://upload.wikimedia.org/wikipedia/commons/thumb/d/db/NogerbekTata2025.jpg/250px-NogerbekTata2025.jpg,,,,KazakhFighter04,kazybek-nogerbek,Dr_Martic,155008,,,,,,
3500020,"Nogueiras Santiago, Jesus",CUB,M,GM,,1959,1979,false,,false,,,CUB,Remedios,CUB,https://upload.wikimedia.org/wikipedia/commons/thumb/9/94/NogueirasSantiago_Jesus1.jpg/250px-NogueirasSantiago_Jesus1.jpg,,,,,jesus-nogueiras-santiago,,15575,,,,,,
400106,"Norwood, David R",AND,M,GM,,1968,1989,false,,false,,,ENG,Farnworth,ENG|AND,https://upload.wikimedia.org/wikipedia/commons/thumb/c/c7/David_Norwood_2012.jpg/250px-David_Norwood_2012.jpg,,,,,david-r-norwood,,15770,,,,,,
14100690,"Nosenko, Alexander",UKR,M,GM,,1968,2014,true,2017,false,,,UKR,,UKR,,,,,,,,,,,,,,
1506536,"Notkevich, Benjamin Arvola",NOR,M,GM,,1993,2018,false,,false,,,NOR,Oslo,NOR,https://upload.wikimedia.org/wikipedia/commons/thumb/0/01/Notkevich%2C_Benjamin_Arvola_%2824105309571%29.jpg/250px-Notkevich%2C_Benjamin_Arvola_%2824105309571%29.jpg,,,,josemourinho2020,benjamin-arvola-notkevich,,104536,,,,,,
4102924,"Novik, Maxim",LTU,M,GM,,1970,2003,false,,false,,,RUS,Leningrad,RUS|LTU,,,,,maximnovik,maksim-novik,,17071,,,,,,
14100037,"Novikov, Igor",USA,M,GM,,1962,1990,false,,false,,,UKR,Kharkov,UKR|USA,https://upload.wikimedia.org/wikipedia/commons/0/0f/Igor_Novikov.jpg,,,,,igor-novikov-1,,15649,,,,,,
4161289,"Novikov, Maxim",RUS,M,GM,,1972,2005,false,,false,,,RUS,Klimovsk,RUS,,,,,,maksim-novikov,Novikov_MS,80505,,,,,,
4125371,"Novikov, Stanislav",RUS,M,GM,,1985,2004,false,,false,,,RUS,Moscow,RUS,,,,,StanislavNovikov,stanislav-novikov,,54621,,,,,,
400017,"Nunn, John D M",ENG,M,GM,,1955,1978,false,,false,,,ENG,London,ENG,https://upload.wikimedia.org/wikipedia/commons/thumb/e/e1/JohnNunn10_%28A%29.jpg/250px-JohnNunn10_%28A%29.jpg,,"John Denis Martin Nunn is an English chess grandmaster, a three-time world champion in chess problem solving, a chess writer and publisher, and a mathematician. He is one of England's strongest chess players and was formerly in the world's top ten.",https://en.wikipedia.org/wiki/John_Nunn,,john-nunn,,15864,,johnnywalker04,,,,
503142,"Nyback, Tomi",FIN,M,GM,,1985,2003,false,,false,,,FIN,Järvenpää,FIN,https://upload.wikimedia.org/wikipedia/commons/thumb/7/7a/Tomi_Nyb%C3%A4ck_2013.jpg/250px-Tomi_Nyb%C3%A4ck_2013.jpg,,Tomi Nybäck is a Finnish chess grandmaster and poker player. He won the Finnish Chess Championship in 2008 and is the No. 1 ranked Finnish player as of September 2023.,https://en.wikipedia.org/wiki/Tomi_Nyb%C3%A4ck,,tomi-nyback,,48919,,,,,,
14118084,"Nyzhnyk, Illya",UKR,M,GM,,1996,2011,false,,false,,,UKR,Vinnytsia,UKR,https://upload.wikimedia.org/wikipedia/commons/thumb/c/cb/INyzhnyk12.jpg/250px-INyzhnyk12.jpg,,,,Nyzhnyk_Illia,illya-nyzhnyk,,95929,,IlliaNyzhnyk,,,,
W8126826,"O'Kelly de Galway, Albéric",BEL,M,GM,,1911,1956,true,1980,false,,,BEL,Brussels,BEL,https://upload.wikimedia.org/wikipedia/commons/thumb/5/5e/Alb%C3%A9ric_O%27Kelly_de_Galway_1961b.jpg/250px-Alb%C3%A9ric_O%27Kelly_de_Galway_1961b.jpg,,,,,,,,,,,,,
3507815,"Obregon Rivero, Juan Carlos",MEX,M,GM,,1989,2020,false,,false,,,CUB,Las Tunas,CUB|MEX,,,Juan Carlos Obregon Rivero is a Cuban-Mexican chess grandmaster.,https://en.wikipedia.org/wiki/Juan_Carlos_Obregon_Rivero,theredking89,juan-carlos-obregon-rivero,,139349,,,,,,
111724,"Obregon, Andres Carlos",ARG,M,GM,,1986,2014,false,,false,,,ARG,Buenos Aires,ARG,,,,,GMCarlosAObregon,andres-carlos-obregon,gmcarlosaobregon,118615,,,,,,
4108442,"Obukhov, Alexander",RUS,M,GM,,1969,2005,false,,false,,,RUS,,RUS,,,,,,alexander-obukhov,,18254,,,,,,
1416928,"Ochsner, Bjorn Moller",DEN,M,GM,,1994,2023,false,,false,,,DEN,Aarhus,DEN,,,,,BMOchsner,bjorn-moller-ochsner,,117708,,,,,,
14000091,"Odeev, Handszar",TKM,M,GM,,1972,2004,false,,false,,,RUS,Moscow,TKM,,,,,,handszar-odeev,,95359,,,,,,
1500074,"Ogaard, Leif",NOR,M,GM,,1952,2007,false,,false,,,NOR,,NOR,,,,,Profylax,leif-ogaard,,23594,,,,,,
13312022,"Ohanyan, Emin",ARM,M,GM,,2006,2023,false,,false,,,ARM,,ARM,https://upload.wikimedia.org/wikipedia/commons/thumb/5/5a/GM_Emin_Ohanyan_2.jpg/250px-GM_Emin_Ohanyan_2.jpg,,,,OhanyanEminChess,emin-ohanyan,,,,,,,,
14101289,"Okhotnik, Vladimir",FRA,M,GM,,1950,2011,false,,false,,,UKR,Kyiv,UKR|FRA,https://upload.wikimedia.org/wikipedia/commons/thumb/b/ba/Okhotnik%2CVladimir_2016_Marienbad.jpeg/250px-Okhotnik%2CVladimir_2016_Marienbad.jpeg,,,,kintoho,vladimir-okhotnik,,18102,,,,,,
2300010,"Olafsson, Helgi",ISL,M,GM,,1956,1985,false,,false,,,ISL,Reykjavík,ISL,https://upload.wikimedia.org/wikipedia/commons/thumb/f/f8/Helgi_%C3%93lafsson_EchT_2013.jpg/250px-Helgi_%C3%93lafsson_EchT_2013.jpg,,"The following people have all been grandmasters (GM) of chess. The title has been awarded since 1950 to players who have met the standards required by the sport's governing body, FIDE. Other than world champion, it is the highest title a chess player can attain and is awarded for life, although FIDE regulations allow for the revocation of titles for cheating or fraud.",https://en.wikipedia.org/wiki/List_of_chess_grandmasters,scrapnel,helgi-olafsson,,14076,,,,,,
4152417,"Oleksiyenko, Mykhaylo",UKR,M,GM,,1986,2005,false,,false,,,UKR,Lviv,RUS|UKR,https://upload.wikimedia.org/wikipedia/commons/thumb/1/1d/Oleksienko_M.jpg/250px-Oleksienko_M.jpg,,,,hitaman,mikhailo-oleksienko,Oleksiyenko,87314,,,,,,
3500799,"Oliva Castaneda, Kevel",CUB,M,GM,,1994,2017,false,,false,,,CUB,Matanzas,CUB,,,,,keveloliva,kevel-oliva-castaneda,,139637,,,,,,
W5959908,"Oll, Lembit",URS,M,GM,,1966,1990,true,1999,false,,,EST,Kohtla-Järve,URS,,,,,,,,,,,,,,
1121251,"Olszewski, Michal",POL,M,GM,,1989,2009,false,,false,,,POL,Warsaw,POL,https://upload.wikimedia.org/wikipedia/commons/thumb/6/68/2021-Michal-Olszewski_%28cropped%29.JPG/250px-2021-Michal-Olszewski_%28cropped%29.JPG,,,,,michal-olszewski,,54699,,,,,,
14119846,"Omelja, Artem",UKR,M,GM,,1991,2020,false,,false,,,UKR,,UKR,,,,,,artem-omelja,,109545,,,,,,
2205521,"Oms Pallisse, Josep",ESP,M,GM,,1973,2007,false,,false,,,ESP,Vallfogona de Balaguer,ESP|AND|ESP,https://upload.wikimedia.org/wikipedia/commons/thumb/a/ae/Oms_Pallisse_Josep_Barcelona_2010.jpg/250px-Oms_Pallisse_Josep_Barcelona_2010.jpg,,,,,josep-oms-pallisse,,53537,http://www.josepoms.com,,,,,
14101025,"Onischuk, Alexander",USA,M,GM,,1975,1994,false,,false,,,UKR,Simferopol,UKR|USA,https://upload.wikimedia.org/wikipedia/commons/thumb/5/50/Alex_Onischuk.jpg/250px-Alex_Onischuk.jpg,,,,AlexOnischuk,alexander-onischuk,,41227,,,,,,
14114038,"Onyshchuk, Volodymyr",UKR,M,GM,,1991,2012,false,,false,,,UKR,Ivano-Frankivsk,UKR,,,,,Onischuk_V,vladimir-onischuk,,69265,,,,,,
24125890,"Oparin, Grigoriy",USA,M,GM,,1997,2013,false,,false,,,GER,Munich,RUS|USA,https://upload.wikimedia.org/wikipedia/commons/thumb/c/ca/Grigoriy_Oparin_Satka_2018.jpg/250px-Grigoriy_Oparin_Satka_2018.jpg,,,,OparinGrigoriy,grigoriy-oparin,Ogrilla,117645,,OparinGA97,,,,
303739,"Oral, Tomas",CZE,M,GM,,1977,1999,false,,false,,,CZE,Olomouc,CZE,,,,,,tomas-oral,,21993,,,,,,
2802090,"Oratovsky, Michael",ISR,M,GM,,1974,2002,false,,false,,,ISR,,ISR,,,,,GMOratovsky,michael-oratovsky,,69135,,,,,,
4125282,"Orlov, Andrey",FID,M,GM,,1977,2008,false,,false,,,RUS,Leningrad,RUS|FID,,,,,GM-AndreyOrlov,andrey-orlov,AOrlovPetersburg,64053,,,,,,
20000197,"Oro, Faustino",ARG,M,GM,,2013,2026,false,,false,,,,,ARG,https://upload.wikimedia.org/wikipedia/commons/5/5a/FaustinoOroTata2025_%28cropped_v2%29.jpg?utm_source=en.wikipedia.org&utm_campaign=api&utm_content=thumbnail_unscaled,https://en.wikipedia.org/wiki/Faustino_Oro,Faustino Oro is an Argentine chess prodigy and grandmaster.,https://en.wikipedia.org/wiki/Faustino_Oro,,faustino-oro,,194411,https://www.orofaustino.com/,,,,,orofaustino
811416,"Ortega, Lexy",ITA,M,GM,,1960,2001,false,,false,,,CUB,Camagüey,ITA,https://upload.wikimedia.org/wikipedia/commons/thumb/7/7b/Ortega_Dresda.jpg/250px-Ortega_Dresda.jpg,,,,,lexy-ortega,,49764,,,,,,
3507165,"Ortiz Suarez, Isan Reynaldo",CUB,M,GM,,1985,2011,false,,false,,,CUB,Guantánamo,CUB,https://upload.wikimedia.org/wikipedia/commons/thumb/a/a4/OrtizSuarez_IsanReynaldo.jpg/250px-OrtizSuarez_IsanReynaldo.jpg,,,,crackcubano,isan-reynaldo-ortiz-suarez,,130255,,,,,,
1500058,"Ostenstad, Berge",NOR,M,GM,,1964,2003,false,,false,,,NOR,Asker,NOR,https://upload.wikimedia.org/wikipedia/commons/thumb/d/de/Berge_%C3%98stenstad_NM_Hamar_2007.jpg/250px-Berge_%C3%98stenstad_NM_Hamar_2007.jpg,,,,,berge-ostenstad,,14457,,,,,,
W6367665,"Ostojić, Predrag",YUG,M,GM,,1938,1975,true,1996,false,,,SRB,Kraljevo,YUG,https://upload.wikimedia.org/wikipedia/commons/thumb/6/60/Predrag_Ostoji%C4%87_1969.jpg/250px-Predrag_Ostoji%C4%87_1969.jpg,,,,,,,,,,,,,
4119991,"Ovetchkin, Roman",RUS,M,GM,,1973,2005,false,,false,,,RUS,,RUS,,,,,Roman_Ovetchkin,roman-ovetchkin,R_Ov,42818,,,,UCBuE6fMTzLSWcHDSLgDrheg,R_Ov,ovetchkin.ru
14101866,"Ovsejevitsch, Sergei",UKR,M,GM,,1977,2000,false,,false,,,UKR,,UKR,,,,,,sergei-ovsejevitsch,,44741,,,,,,
14907445,"Pacher, Milan",SVK,M,GM,,1990,2016,false,,false,,,SVK,Bratislava,SVK,,,,,Minisko,milan-pacher,,58400,,,,,,
4662989,"Pachman, Luděk",TCH,M,GM,,1924,1954,true,2003,false,,,TCH,Bělá pod Bezdězem,TCH,https://upload.wikimedia.org/wikipedia/commons/thumb/d/d1/Lud%C4%9Bk_Pachman_1972.jpg/250px-Lud%C4%9Bk_Pachman_1972.jpg,,,,,,,,,,,,,
2900190,"Padevsky, Nikola",BUL,M,GM,,1933,1964,true,2023,false,,,BUL,Plovdiv,BUL,https://upload.wikimedia.org/wikipedia/commons/thumb/6/64/Nikola_Padevsky_1972.jpg/250px-Nikola_Padevsky_1972.jpg,,,,,nikola-padevsky,,15399,,,,,,
4641833,"Paehtz, Elisabeth",GER,F,GM,WGM,1985,2022,false,,false,,,GER,Erfurt,GER,https://upload.wikimedia.org/wikipedia/commons/thumb/8/88/ElisabethPaehtz23.jpg/250px-ElisabethPaehtz23.jpg,,,,ElliPaehtz,elisabeth-paehtz,,50272,https://www.elisabeth-paehtz.de,ElliPaehtz,elisabeth_paehtz,,,
4611349,"Paehtz, Thomas",GER,M,GM,,1956,1990,false,,false,,,GER,Erfurt,GER,https://upload.wikimedia.org/wikipedia/commons/thumb/0/0f/Paehtz_thomas_sr_20070623_forst.jpg/250px-Paehtz_thomas_sr_20070623_forst.jpg,,,,,thomas-paehtz,,71845,,,,,,
13602934,"Paichadze, Luka",GEO,M,GM,,1991,2012,false,,false,,,GEO,Georgia,GEO,,,Luka Paichadze is a Georgian chess player who received the FIDE title of Grandmaster in September 2012.,https://en.wikipedia.org/wiki/Luka_Paichadze,Lukianoo,luka-paichadze,,106643,,,,,,
1119290,"Pakleza, Zbigniew",POL,M,GM,,1986,2014,false,,false,,,POL,Gliwice,POL,https://upload.wikimedia.org/wikipedia/commons/thumb/a/a4/2021-Zbigniew-Pakleza.JPG/250px-2021-Zbigniew-Pakleza.JPG,,,,Byniolus,zbigniew-pakleza,,54523,,,,,,
14500116,"Palac, Mladen",CRO,M,GM,,1971,1993,false,,false,,,CRO,Donji Mamići,CRO,https://upload.wikimedia.org/wikipedia/commons/thumb/8/82/Mladen_Palac_2013.jpg/250px-Mladen_Palac_2013.jpg,,,,,mladen-palac,,19757,,,,,,
2014610,"Palatnik, Semon",USA,M,GM,,1950,1978,false,,false,,,USA,Odesa,USA,,,,,,semon-palatnik,,15861,http://www.chessinn.com/,,,,,
1405853,"Palo, Davor",DEN,M,GM,,1985,2005,false,,false,,,BIH,Sarajevo,DEN,https://upload.wikimedia.org/wikipedia/commons/thumb/6/67/Davor_Palo_2013.jpg/250px-Davor_Palo_2013.jpg,,,,,davor-palo,,50712,,,,,,
4153251,"Panarin, Mikhail",RUS,M,GM,,1983,2007,false,,false,,,RUS,Rostov-on-Don,RUS,,,,,topotun,mikhail-panarin,CashVampire,53168,,,,,,
5007429,"Panchanathan, Magesh Chandran",IND,M,GM,,1983,2006,false,,false,,,IND,Madurai,IND,https://upload.wikimedia.org/wikipedia/commons/thumb/6/62/Magesh.jpg/250px-Magesh.jpg,,,,thamizhan,magesh-chandran-panchanathan,,122535,,,,,,
4102126,"Panchenko, Alexander",URS,M,GM,,1953,1980,true,2009,false,,,RUS,Chelyabinsk,URS,https://upload.wikimedia.org/wikipedia/commons/thumb/5/57/Panchenko_and_friends.jpg/250px-Panchenko_and_friends.jpg,,,,,,,,,,,,,
8609950,"Pang, Tao",CHN,M,GM,,2001,2025,false,,false,,,CHN,Qingdao,CHN,,,,,,tao-pang,,158811,,,,,,
100153,"Panno, Oscar",ARG,M,GM,,1935,1955,false,,false,,,ARG,Buenos Aires,ARG,https://upload.wikimedia.org/wikipedia/commons/thumb/6/60/Oscar_Panno_1977.jpg/250px-Oscar_Panno_1977.jpg,,,,GMPanno,oscar-panno,,14024,,,,,,
13602071,"Pantsulaia, Levan",GEO,M,GM,,1986,2005,false,,false,,,GEO,Tbilisi,GEO,https://upload.wikimedia.org/wikipedia/commons/thumb/a/ac/Levan_Pantsulaia.jpg/250px-Levan_Pantsulaia.jpg,,,,GM_Levan_Pantsulaia,levan-pantsulaia,Levan_Pantsulaia,50101,,,,,,
1306855,"Paoli, Enrico",ITA,M,GM,,1908,1996,true,2005,false,,,ITA,Trieste,ITA,https://upload.wikimedia.org/wikipedia/commons/thumb/c/c9/EnricoPaoli_2004.JPG/250px-EnricoPaoli_2004.JPG,,,,,,,,,,,,,
725323,"Pap, Gyula",HUN,M,GM,,1991,2011,false,,false,,,HUN,Szekszárd,HUN,,,,,,gyula-pap,Pap-G,95853,,,,,,
921610,"Pap, Misa",SRB,M,GM,,1979,2011,false,,false,,,SRB,Novi Sad,SRB,,,,,MisaPap,misa-pap,MisaPap,35894,,,,,,
4207742,"Papadopoulos, Ioannis K.",GRE,M,GM,,1988,2009,false,,false,,,GRE,,GRE,https://upload.wikimedia.org/wikipedia/commons/thumb/0/0c/Ioannis_Papadopoulos.jpg/250px-Ioannis_Papadopoulos.jpg,,"The following people have all been grandmasters (GM) of chess. The title has been awarded since 1950 to players who have met the standards required by the sport's governing body, FIDE. Other than world champion, it is the highest title a chess player can attain and is awarded for life, although FIDE regulations allow for the revocation of titles for cheating or fraud.",https://en.wikipedia.org/wiki/List_of_chess_grandmasters,,ioannis-k-papadopoulos,,87568,,,,,,
4201345,"Papaioannou, Ioannis",GRE,M,GM,,1976,1998,false,,false,,,GRE,,GRE,https://upload.wikimedia.org/wikipedia/commons/thumb/f/ff/Ioannis_Papaioannou_2011.jpg/250px-Ioannis_Papaioannou_2011.jpg,,,,,ioannis-papaioannou,,42400,,,,,,
4143183,"Papin, Vasily",RUS,M,GM,,1988,2011,false,,false,,,RUS,Moscow,RUS,https://upload.wikimedia.org/wikipedia/commons/thumb/0/00/Vasily_Papin_2013.jpg/250px-Vasily_Papin_2013.jpg,,,,Vasily_Papin,vasily-papin,,105942,,,,,,
718602,"Papp, Gabor",HUN,M,GM,,1987,2011,false,,false,,,HUN,Pécs,HUN,https://upload.wikimedia.org/wikipedia/commons/thumb/3/39/Papp%2CGabor_2019_Karlsruhe.jpg/250px-Papp%2CGabor_2019_Karlsruhe.jpg,,Gábor Papp is a Hungarian chess grandmaster.,https://en.wikipedia.org/wiki/G%C3%A1bor_Papp,Pidzsy,gabor-papp,,49203,,,,,,
5201241,"Paragua, Mark",PHI,M,GM,,1984,2005,false,,false,,,PHI,,PHI,,,,,MarkParagua,mark-paragua,,10126,,,,,,
4194985,"Paravyan, David",FID,M,GM,,1998,2017,false,,false,,,RUS,Moscow,RUS|FID,https://upload.wikimedia.org/wikipedia/commons/thumb/1/10/David_Paravyan.png/250px-David_Paravyan.png,,,,dropstoneDP,david-paravyan,drop_stone,118119,,,,,,
400580,"Parker, Jonathan F",ENG,M,GM,,1976,2001,false,,false,,,ENG,,ENG,,,"The following people have all been grandmasters (GM) of chess. The title has been awarded since 1950 to players who have met the standards required by the sport's governing body, FIDE. Other than world champion, it is the highest title a chess player can attain and is awarded for life, although FIDE regulations allow for the revocation of titles for cheating or fraud.",https://en.wikipedia.org/wiki/List_of_chess_grandmasters,,jonathan-f-parker,,21379,,,,,,
2813408,"Parkhov, Yair",ISR,M,GM,,2002,2024,false,,false,,,ISR,,ISR,https://upload.wikimedia.org/wikipedia/commons/thumb/d/dd/YairParkhov24.jpg/250px-YairParkhov24.jpg,,,,YairParkhov,yair-parkhov,,150618,,,,,,100009584778307
1204297,"Parligras, Mircea-Emilian",ROU,M,GM,,1980,2002,false,,false,,,ROU,,ROU,https://upload.wikimedia.org/wikipedia/commons/thumb/4/41/MirceaParligras23a.jpg/250px-MirceaParligras23a.jpg,,Mircea-Emilian Pârligras is a Romanian chess grandmaster and a two-time Romanian Chess Champion.,https://en.wikipedia.org/wiki/Mircea_P%C3%A2rligras,mirceaparligras,mircea-emilian-parligras,mircica,56498,,,,,,
14600706,"Parma, Bruno",SLO,M,GM,,1941,1963,true,2026,false,,,SLO,Ljubljana,SLO,https://upload.wikimedia.org/wikipedia/commons/thumb/6/61/Bruno_Parma.jpg/250px-Bruno_Parma.jpg,,,,,bruno-parma,,22978,,,,,,
13301578,"Pashikian, Arman",ARM,M,GM,,1987,2007,false,,false,,,RUS,Irkutsk,ARM,https://upload.wikimedia.org/wikipedia/commons/thumb/f/f5/Arman_Pashikian_ARM_Ch_2013.jpg/250px-Arman_Pashikian_ARM_Ch_2013.jpg,,,,RobEri,arman-pashikian,,50130,,,,,,
900516,"Paunović, Dragan",SRB,M,GM,,1961,2007,true,2016,false,,,SRB,Belgrade (Zemun),SRB,,,,,,,,,,,,,,
14600986,"Pavasovic, Dusko",SLO,M,GM,,1976,1999,false,,false,,,CRO,Split,SLO,https://upload.wikimedia.org/wikipedia/commons/thumb/9/9e/Du%C5%A1ko_Pavasovi%C4%8D_2013.jpg/250px-Du%C5%A1ko_Pavasovi%C4%8D_2013.jpg,,,,GM_Splinter,dusko-pavasovic,Mr_Orange,27077,,,,,,
4212312,"Pavlidis, Antonios",GRE,M,GM,,1993,2014,false,,false,,,GRE,,GRE,https://upload.wikimedia.org/wikipedia/commons/thumb/8/88/Pavlidis%2CAntonios_2016_Karlsruhe.jpeg/250px-Pavlidis%2CAntonios_2016_Karlsruhe.jpeg,,,,Faqade,antonios-pavlidis,,117753,,,,,,
14104350,"Pavlov, Maxim",RUS,M,GM,,1979,2014,false,,false,,,RUS,,UKR|RUS,,,,,,maxim-pavlov,,56544,,,,,,
900389,"Pavlovic, Milos",SRB,M,GM,,1964,1993,false,,false,,,SRB,Belgrade,SRB,,,,,,milos-pavlovic,,42541,,,,,,
14926970,"Pechac, Jergus",SVK,M,GM,,2001,2019,false,,false,,,SVK,Žilina,SVK,https://upload.wikimedia.org/wikipedia/commons/thumb/d/d6/2022-Jergus-Pechac.JPG/250px-2022-Jergus-Pechac.JPG,,,,,jergus-pechac,,156981,,,,,,
1301837,"Pelletier, Yannick",SUI,M,GM,,1976,2001,false,,false,,,SUI,Biel,SUI,https://upload.wikimedia.org/wikipedia/commons/thumb/6/69/Pelletier%2C_Yannick_2019_Radenci.jpg/250px-Pelletier%2C_Yannick_2019_Radenci.jpg,,,,YannickPelletier,yannick-pelletier,,11676,,PelletierChess,,,,
2252813,"Pena Gomez, Manuel",ESP,M,GM,,1988,2019,false,,false,,,ESP,Vigo,ESP,,,,,Fivetrick,manuel-pena-gomez,,96060,,,,,,
14112620,"Peng, Li Min",SUI,M,GM,,1997,2022,false,,false,,,SUI,,UKR|SUI,https://upload.wikimedia.org/wikipedia/commons/thumb/2/2e/Peng_Li_Min_%28cropped%29.jpg/250px-Peng_Li_Min_%28cropped%29.jpg,,,,Peng_Li-Min,li-min-peng,Peng_Li_Min,153899,,,,,,
8600511,"Peng, Xiaomin",CHN,M,GM,,1973,1996,false,,false,,,CHN,,CHN,,,,,,xiaomin-peng,,10835,,,,,,
8610550,"Peng, Xiongjian",CHN,M,GM,,2000,2023,false,,false,,,CHN,Panzhihua<ref>[https://baijiahao.baidu.com/s?id=1794691946502071062&wfr=spider&for=pc 祝贺！重庆又添一位国际象棋男子特级大师！]</ref>,CHN,,,,,,xiongjian-peng,,156956,,,,,,
1004786,"Peng, Zhaoqin",NED,F,GM,WGM,1968,2004,false,,false,,,CHN,Guangzhou,NED,https://upload.wikimedia.org/wikipedia/commons/thumb/8/84/Peng_Zhaoqin_2013.jpg/250px-Peng_Zhaoqin_2013.jpg,,,,HuangHou,peng-zhaoqin,,17360,,PengZhaoqin,,,,
400360,"Penrose, Jonathan",ENG,M,GM,,1933,1993,true,2021,false,,,ENG,Colchester,ENG,https://upload.wikimedia.org/wikipedia/commons/thumb/8/88/Jonathan_Penrose%2C_Schacholympiade_Leipzig%2C_1960.jpg/250px-Jonathan_Penrose%2C_Schacholympiade_Leipzig%2C_1960.jpg,,,,,jonathan-penrose,,17945,,,,,,
105309,"Peralta, Fernando",ARG,M,GM,,1979,2004,false,,false,,,ARG,Lomas de Zamora,ARG,https://upload.wikimedia.org/wikipedia/commons/thumb/c/c4/FernandoPeralta13_%28cropped%29.jpg/250px-FernandoPeralta13_%28cropped%29.jpg,,,,zstardust,fernando-peralta,,50006,,,,,,
2012529,"Perelshteyn, Eugene",USA,M,GM,,1980,2006,false,,false,,,UKR,Zhitomir,USA,,,,,EugenePerelshteyn,eugene-perelshteyn,,10214,,EugenePerel,,,EugenePerelshteyn,
2210622,"Perez Candelario, Manuel",ESP,M,GM,,1983,2011,false,,false,,,ESP,Zafra,ESP,,,,,MPCandelario,manuel-perez-candelario,,49099,,,,,,
3502856,"Perez Mitjans, Orelvis",ESP,M,GM,,1976,2012,false,,false,,,CUB,Havana,CUB|ESP,,,,,,orelvis-perez-mitjans,ElhachaGM,99074,,,,,,
117927,"Perez Ponsa, Federico",ARG,M,GM,,1993,2012,false,,false,,,ARG,Zarate,ARG,,,,,Genghis_K,federico-perez-ponsa,Federicov93,109851,,fperezponsa,,,,federico.perezponsa
3503364,"Perez Rodriguez, Luis Manuel",CUB,M,GM,,1978,2008,false,,false,,,CUB,Holguín,CUB,https://upload.wikimedia.org/wikipedia/commons/thumb/2/2a/PerezRodriguez_LuisManuel_%28cropped%29.jpg/250px-PerezRodriguez_LuisManuel_%28cropped%29.jpg,,,,mamey78,luis-manuel-perez-rodriguez,,118673,,,,,,
403989,"Pert, Nicholas",ENG,M,GM,,1981,2004,false,,false,,,ENG,Ipswich,ENG,https://upload.wikimedia.org/wikipedia/commons/f/fb/Nickpert.jpg,,,,GMNickPert,nicholas-pert,,48992,,,,,,
921629,"Perunovic, Milos",SRB,M,GM,,1984,2004,false,,false,,,SRB,Belgrade,SRB,https://upload.wikimedia.org/wikipedia/commons/thumb/a/a2/Perunovic_milos_20081120_olympiade_dresden.jpg/250px-Perunovic_milos_20081120_olympiade_dresden.jpg,,Miloš Perunović is a Serbian chess player. He was awarded the title of Grandmaster (GM) by FIDE in 2004. He is a two-time national champion.,https://en.wikipedia.org/wiki/Milo%C5%A1_Perunovi%C4%87,Batica1984,milos-perunovic,,49477,,,,,,
11600110,"Petkevich, Jusefs",LAT,M,GM,,1940,2002,true,2024,false,,,LAT,Riga,LAT,,,,,,jusefs-petkevich,,15356,,,,,,
2921642,"Petkov, Momchil",BUL,M,GM,,2005,2022,false,,false,,,BUL,Dobrich,BUL,,,,,MomchilPetkov05,momchil-petkov,,156074,,,,,,
2901188,"Petkov, Vladimir",BUL,M,GM,,1971,2007,false,,false,,,BUL,Vidin,BUL,https://upload.wikimedia.org/wikipedia/commons/thumb/b/b0/Vladimir_Petkov_2013.jpg/250px-Vladimir_Petkov_2013.jpg,,,,GMVladimir_Petkov,vladimir-petkov,,93963,,,,,,
318299,"Petr, Martin",CZE,M,GM,,1988,2011,false,,false,,,CZE,Broumov,CZE,https://upload.wikimedia.org/wikipedia/commons/thumb/6/69/Petr%2CMartin_2012_Deizisau.jpg/250px-Petr%2CMartin_2012_Deizisau.jpg,,,,,martin-petr,,94205,,,,,,
13611216,"Petriashvili, Nikoloz",GEO,M,GM,,2002,2026,false,,false,,,,,GEO,,,"The following people have all been grandmasters (GM) of chess. The title has been awarded since 1950 to players who have met the standards required by the sport's governing body, FIDE. Other than world champion, it is the highest title a chess player can attain and is awarded for life, although FIDE regulations allow for the revocation of titles for cheating or fraud.",https://en.wikipedia.org/wiki/List_of_chess_grandmasters,P-E-T-R-0,nikoloz-petriashvili,NIKiler,158133,,,,,,
14901625,"Petrik, Tomas",SVK,M,GM,,1980,2008,false,,false,,,SVK,Modra,SVK,,,,,,tomas-petrik,,50864,,,,,,
13300288,"Petrosian, Arshak B",ARM,M,GM,,1953,1984,false,,false,,,ARM,Yerevan,ARM,https://upload.wikimedia.org/wikipedia/commons/thumb/b/b5/Arshak_Petrosian_2013.jpg/250px-Arshak_Petrosian_2013.jpg,,,,,arshak-petrosian,,47134,,,,,,
13301349,"Petrosian, Davit G.",ARM,M,GM,,1984,2009,false,,false,,,ARM,Yerevan,ARM,https://upload.wikimedia.org/wikipedia/commons/thumb/8/8e/Davit_G._Petrosian.jpg/250px-Davit_G._Petrosian.jpg,,,,,davit-g-petrosian,,50120,,,,,,
W2817547,"Petrosian, Tigran",URS,M,GM,,1929,1952,true,1984,false,,,GEO,Tbilisi,URS,https://upload.wikimedia.org/wikipedia/commons/thumb/4/41/Tigran_Petrosian_1962.jpg/250px-Tigran_Petrosian_1962.jpg,,,,,,,,,,,,,
13301616,"Petrosian, Tigran L.",ARM,M,GM,,1984,2004,false,,false,,,ARM,Yerevan,ARM,https://upload.wikimedia.org/wikipedia/commons/thumb/9/96/Petrosjan_tigran_20081119_olympiade_dresden.jpg/250px-Petrosjan_tigran_20081119_olympiade_dresden.jpg,,,,,tigran-l-petrosian,,50086,,,,,,
13300857,"Petrosyan, Manuel",ARM,M,GM,,1998,2017,false,,false,,,ARM,,ARM,https://upload.wikimedia.org/wikipedia/commons/thumb/8/8c/ManuelPetrosyan23.jpg/250px-ManuelPetrosyan23.jpg,,,,Man-Chuk,manuel-petrosyan,,117611,,,,,,
2901773,"Petrov, Marian",BUL,M,GM,,1975,2010,false,,false,,,BUL,Veliko Tarnovo,BUL,,,,,MarianPetrov,marian-petrow,,45823,,,,,,
2911086,"Petrov, Martin",BUL,M,GM,,2000,2022,false,,false,,,BUL,Sofia,BUL,,,,,,martin-petrov,Martin_Petrov,132286,,,,,,
4101286,"Petrov, Nikita",MNE,M,GM,,1996,2018,false,,false,,,RUS,Novorossiysk,RUS|FID|MNE,https://upload.wikimedia.org/wikipedia/commons/thumb/e/ec/NikitaPetrov16.jpg/250px-NikitaPetrov16.jpg,,Nikita Petrov is a Russian chess player who represents Montenegro. He was awarded the title of Grandmaster by FIDE in 2018.,https://en.wikipedia.org/wiki/Nikita_Petrov_(chess_player),,nikita-petrov,,117646,,,,,,
2300028,"Petursson, Margeir",ISL,M,GM,,1960,1986,false,,false,,,ISL,Reykjavík,ISL,https://upload.wikimedia.org/wikipedia/commons/thumb/f/f1/P%C3%A9tursson%2CMargeir_1980_Malta.jpg/250px-P%C3%A9tursson%2CMargeir_1980_Malta.jpg,,"Margeir Pétursson is an Icelandic banker and chess grandmaster. He founded MP Bank in 1999, and has owned Bank Lviv since 2006. He was Icelandic Chess Champion in 1986 and 1987, and Nordic Chess Champion in 1987.",https://en.wikipedia.org/wiki/Margeir_P%C3%A9tursson,,margeir-petursson,,15512,,,,,,
4600100,"Pfleger, Helmut, Dr.",GER,M,GM,,1943,1975,false,,false,,,CZE,Teplice-Šanov,GER,https://upload.wikimedia.org/wikipedia/commons/thumb/7/7f/Pfleger.jpg/250px-Pfleger.jpg,,,,,helmut-pfleger,,14779,,,,,,
110973,"Pichot, Alan",ESP,M,GM,,1998,2016,false,,false,,,ARG,Buenos Aires,ARG|ESP,https://upload.wikimedia.org/wikipedia/commons/thumb/f/f3/Alan_Pichot_3rd_Uzchess_Cup_%28cropped%29.jpg/250px-Alan_Pichot_3rd_Uzchess_Cup_%28cropped%29.jpg,,,,platy3,alan-pichot,,130033,,alan_pichot1,,,,
W7692713,"Pietzsch, Wolfgang",GDR,M,GM,,1930,1965,true,1996,false,,,GDR,Wittgendorf,GDR,,,,,,,,,,,,,,
4100514,"Pigusov, Evgeny",RUS,M,GM,,1961,1987,false,,false,,,RUS,Kemerovo,RUS,,,,,EvgenyPigusov,evgeny-pigusov,,11040,,,,,,
1019554,"Pijpers, Arthur",NED,M,GM,,1994,2025,false,,false,,,NED,Zoetermeer,NED,https://upload.wikimedia.org/wikipedia/commons/thumb/4/4b/PijpersTata2025_%28cropped%29.jpg/250px-PijpersTata2025_%28cropped%29.jpg,,Arthur Pijpers is a Dutch chess grandmaster.,https://en.wikipedia.org/wiki/Arthur_Pijpers,,arthur-pijpers,,113420,,,,,,
1000055,"Piket, Jeroen",NED,M,GM,,1969,1989,false,,false,,,NED,Leiden,NED,https://upload.wikimedia.org/wikipedia/commons/thumb/4/4a/Jerovdk.jpg/250px-Jerovdk.jpg,,,,,jeroen-piket,,10904,,,,,,
906379,"Pikula, Dejan",SRB,M,GM,,1969,2002,false,,false,,,SRB,,SRB,,,,,Aradej,dejan-pikula,,60395,,,,,,
14109158,"Pilavov, Georgy",RUS,M,GM,,1974,2005,false,,false,,,UKR,Luhansk,UKR|RUS,,,,,,georgy-pilavov,Digora,74202,,,,,,
W1450809,"Pilnik, Herman",ARG,M,GM,,1914,1952,true,1981,false,,,GER,Stuttgart,ARG,https://upload.wikimedia.org/wikipedia/commons/thumb/8/86/Herman_Pilnik_1963.jpg/250px-Herman_Pilnik_1963.jpg,,,,,,,,,,,,,
700045,"Pinter, Jozsef",HUN,M,GM,,1953,1982,false,,false,,,HUN,Budapest,HUN,https://upload.wikimedia.org/wikipedia/commons/thumb/d/db/Joszef-Pinter.jpg/250px-Joszef-Pinter.jpg,,,,,jozsef-pinter,,37548,,,,,,
1130420,"Piorun, Kacper",POL,M,GM,,1991,2012,false,,false,,,POL,Łowicz,POL,https://upload.wikimedia.org/wikipedia/commons/thumb/7/78/2021-Kacper-Piorun_%28cropped%29.JPG/250px-2021-Kacper-Piorun_%28cropped%29.JPG,,,,kpio91,kacper-piorun,,117788,,kacparov91,,,,
W6183069,"Pirc, Vasja",YUG,M,GM,,1907,1953,true,1980,false,,,YUG,Idrija,YUG,https://upload.wikimedia.org/wikipedia/commons/7/71/Vasja_Pirc.jpg,,,,,,,,,,,,,
4101731,"Piskov, Yury",FID,M,GM,,1964,1993,false,,false,,,RUS,Moscow,RUS|FID,,,,,,yury-piskov,,15811,,,,,,
14900068,"Plachetka, Jan",SVK,M,GM,,1945,1978,true,2026,false,,,SVK,Trenčín,SVK,https://upload.wikimedia.org/wikipedia/commons/thumb/2/2d/Plachetka%2CJan_2016_Marienbad_b.jpeg/250px-Plachetka%2CJan_2016_Marienbad_b.jpeg,,,,,jan-plachetka,,17550,,,,,,
14600730,"Planinec, Albin",YUG,M,GM,,1944,1972,true,2008,false,,,YUG,Briše,YUG,https://upload.wikimedia.org/wikipedia/commons/thumb/0/0c/Albin_Planinc_1974b.jpg/250px-Albin_Planinc_1974b.jpg,,,,,,,,,,,,,
400238,"Plaskett, H James",ENG,M,GM,,1960,1985,false,,false,,,ENG,Dhekelia Cantonment,ENG,https://upload.wikimedia.org/wikipedia/commons/thumb/6/68/James_Plaskett_%282004%29.jpg/250px-James_Plaskett_%282004%29.jpg,,,,Parsifal7,h-james-plaskett,,15772,,jamesplaskett,,,,
325740,"Plat, Vojtech",SVK,M,GM,,1994,2017,false,,false,,,SVK,,CZE|SVK,https://upload.wikimedia.org/wikipedia/commons/thumb/5/51/2021-Vojtech-Plat_%28cropped%29.JPG/250px-2021-Vojtech-Plat_%28cropped%29.JPG,,,,VojtechPlat,vojtech-plat,,125323,,,,,,
13504134,"Podolchenko, Evgeniy",SRB,M,GM,,1988,2010,false,,false,,,BLR,Salihorsk,BLR|SRB,,,,,evgeniy_88,evgeniy-podolchenko,,124140,,,,,,
24615137,"Poetsch, Hagen",GER,M,GM,,1991,2018,false,,false,,,BLR,Salihorsk,GER,https://upload.wikimedia.org/wikipedia/commons/thumb/3/3b/HagenPoetsch24.jpg/250px-HagenPoetsch24.jpg,,,,,hagen-poetsch,,124978,,,,,,
14100363,"Pogorelov, Ruslan",ESP,M,GM,,1959,1998,false,,false,,,ESP,,UKR|ESP,,,,,Checom,rouslan-pogorelov,,71380,,,,,,
300560,"Polak, Tomas",CZE,M,GM,,1974,2000,false,,false,,,CZE,Brno,CZE,,,,,TomasPolak74,tomas-polak,,17877,,,,,,
700070,"Polgar, Judit",HUN,F,GM,,1976,1992,false,,false,,,HUN,Budapest,HUN,https://upload.wikimedia.org/wikipedia/commons/thumb/8/85/Judit_Polg%C3%A1r_2013.jpg/250px-Judit_Polg%C3%A1r_2013.jpg,,,,JuditPolgar,judit-polgar,,12190,https://juditpolgar.com,GMJuditPolgar,judit.polgar.official,,,
700088,"Polgar, Susan",HUN,F,GM,WIM,1969,1991,false,,false,,,HUN,Budapest,HUN|USA|HUN,https://upload.wikimedia.org/wikipedia/commons/thumb/7/72/%D0%92%D1%80%D1%83%D1%87%D0%B5%D0%BD%D0%B8%D0%B5_%D0%90%D0%BD%D0%BD%D0%B5_%D0%9C%D1%83%D0%B7%D1%8B%D1%87%D1%83%D0%BA_%D0%B6%D0%B5%D0%BD%D1%81%D0%BA%D0%BE%D0%B3%D0%BE_%D1%88%D0%B0%D1%85%D0%BC%D0%B0%D1%82%D0%BD%D0%BE%D0%B3%D0%BE0_%D0%9E%D1%81%D0%BA%D0%B0%D1%80%D0%B0_%C2%AB%D0%9A%D0%B0%D0%B8%D1%81%D1%81%D0%B0%C2%BB_%28cropped%29.jpg/250px-%D0%92%D1%80%D1%83%D1%87%D0%B5%D0%BD%D0%B8%D0%B5_%D0%90%D0%BD%D0%BD%D0%B5_%D0%9C%D1%83%D0%B7%D1%8B%D1%87%D1%83%D0%BA_%D0%B6%D0%B5%D0%BD%D1%81%D0%BA%D0%BE%D0%B3%D0%BE_%D1%88%D0%B0%D1%85%D0%BC%D0%B0%D1%82%D0%BD%D0%BE%D0%B3%D0%BE0_%D0%9E%D1%81%D0%BA%D0%B0%D1%80%D0%B0_%C2%AB%D0%9A%D0%B0%D0%B8%D1%81%D1%81%D0%B0%C2%BB_%28cropped%29.jpg,,,,,susan-polgar,,15162,http://www.susanpolgar.com,SusanPolgar,,,,
W8079897,"Polugaevsky, Lev",URS,M,GM,,1934,1962,true,1995,false,,,BLR,Mogilev,URS,https://upload.wikimedia.org/wikipedia/commons/thumb/c/c4/Lev_Polugaevsky_1972_%28cropped%29.jpg/250px-Lev_Polugaevsky_1972_%28cropped%29.jpg,,,,,,,,,,,,,
4112849,"Poluljahov, Aleksandr",RUS,M,GM,,1965,1993,false,,false,,,RUS,,RUS,,,,,,aleksandr-poluljahov,,14277,,,,,,
4610741,"Polzin, Rainer",GER,M,GM,,1971,2007,false,,false,,,GER,,GER,,,,,,rainer-polzin,,94671,,,,,,
2200449,"Pomar, Arturo",ESP,M,GM,,1931,1962,true,2016,false,,,ESP,Palma de Mallorca,ESP,https://upload.wikimedia.org/wikipedia/commons/thumb/d/dc/Arturo_Pomar_1972.jpg/250px-Arturo_Pomar_1972.jpg,,,,,,,,,,,,,
4157800,"Ponkratov, Pavel",RUS,M,GM,,1988,2010,false,,false,,,RUS,Chelyabinsk,RUS,https://upload.wikimedia.org/wikipedia/commons/thumb/8/85/Pavel_Ponkratov_Rilton_Cup_2009.jpg/250px-Pavel_Ponkratov_Rilton_Cup_2009.jpg,,,,Infernal_XaM,pavel-ponkratov,Infernal_XaM,50222,,,,,,
14103320,"Ponomariov, Ruslan",UKR,M,GM,,1983,1998,false,,false,,,UKR,Horlivka,UKR,https://upload.wikimedia.org/wikipedia/commons/thumb/1/15/Ruslan_Ponomariov.jpg/250px-Ruslan_Ponomariov.jpg,,,,NDePinEsPeRG,ruslan-ponomariov,R-Ponomariov,12109,,Ponomariov,,UC7NuWtiPgwhXx-T0kpaMrtA,RuslanPonomariov,Ruslan.Ponomariov
2900165,"Popchev, Milko",BUL,M,GM,,1964,1998,false,,false,,,BUL,Plovdiv,BUL,https://upload.wikimedia.org/wikipedia/commons/thumb/c/ca/Milko_Popchev_2009.jpg/250px-Milko_Popchev_2009.jpg,,,,,milko-popchev,,17779,,,,,,
2809060,"Popilski, Gil",ISR,M,GM,,1993,2013,false,,false,,,ISR,,ISR,https://upload.wikimedia.org/wikipedia/commons/thumb/0/0f/Gil_Popilski_2013.jpg/250px-Gil_Popilski_2013.jpg,,Gil Popilski is an Israeli chess Grandmaster (2013).,https://en.wikipedia.org/wiki/Gil_Popilski,rookoco,gil-popilski,,118270,,,,,,
4170350,"Popov, Ivan",RUS,M,GM,,1990,2007,false,,false,,,RUS,Rostov-on-Don,RUS,https://upload.wikimedia.org/wikipedia/commons/thumb/3/39/Ivan_Popov.jpg/250px-Ivan_Popov.jpg,,,,POPOV_IVAN,ivan-popov,,103331,,,,,,
4119410,"Popov, Valerij",RUS,M,GM,,1974,1999,false,,false,,,RUS,Leningrad,RUS,https://upload.wikimedia.org/wikipedia/commons/thumb/6/6c/Valerij_Popov_2012.jpg/250px-Valerij_Popov_2012.jpg,,Valerij Sergeyevich Popov is a Russian chess player. He was awarded the title Grandmaster by FIDE in 1999.,https://en.wikipedia.org/wiki/Valerij_Popov,NewZorro,valery-popov,NewZorro,49075,,,,,,
927031,"Popovic, Dusan",SRB,M,GM,,1983,2007,false,,false,,,SRB,Sombor,SRB,,,,,dusanacns,dusan-popovic,,54597,,,,,,
900109,"Popovic, Petar",SRB,M,GM,,1959,1981,false,,false,,,SRB,Orlovat,SRB,https://upload.wikimedia.org/wikipedia/commons/thumb/6/63/PetarPopovic.jpg/250px-PetarPopovic.jpg,,,,,petar-popovic,,29843,,,,,,
700037,"Portisch, Lajos",HUN,M,GM,,1937,1961,false,,false,,,HUN,Zalaegerszeg,HUN,https://upload.wikimedia.org/wikipedia/commons/thumb/b/b2/Lajos_Portisch_1968color.jpg/250px-Lajos_Portisch_1968color.jpg,,,,,lajos-portisch,,14568,,,,,,
2804344,"Postny, Evgeny",ISR,M,GM,,1981,2002,false,,false,,,ISR,,ISR,https://upload.wikimedia.org/wikipedia/commons/thumb/9/91/Evgeny_Postny_at_2018_Andorra_open_%28cropped%29.jpg/250px-Evgeny_Postny_at_2018_Andorra_open_%28cropped%29.jpg,,Evgeny Postny is an Israeli chess player. He was awarded the title Grandmaster by FIDE in 2002. Postny was a member of the Israeli team which took the silver medal in the Chess Olympiad of 2008.,https://en.wikipedia.org/wiki/Evgeny_Postny,Evgeny81,evgeny-postny,EvgenyPostny,51579,,,,,,
4115074,"Potapov, Alexander",RUS,M,GM,,1969,2004,false,,false,,,RUS,,RUS,,,,,yamalchess,aleksandr-potarov,,51346,,,,,,
4169786,"Potapov, Pavel",RUS,M,GM,,1990,2016,false,,false,,,RUS,Korkino,RUS,,,,,potap1923,pavel-potapov,ElfenomenoR9,51700,,,,,,
4131061,"Potkin, Vladimir",RUS,M,GM,,1982,2001,false,,false,,,RUS,Rybinsk,RUS,https://upload.wikimedia.org/wikipedia/commons/thumb/9/99/Vladimir_Potkin_2013.jpg/250px-Vladimir_Potkin_2013.jpg,,,,VladimirPotkin,vladimir-potkin,,49040,,,,,,
12511412,"Pourramezanali, Amirreza",IRI,M,GM,,1992,2016,false,,false,,,IRI,Rasht,IRI,https://upload.wikimedia.org/wikipedia/commons/thumb/5/5e/%D8%A7%D8%B3%D8%AA%D8%A7%D8%AF_%D8%A8%D8%B2%D8%B1%DA%AF_%D8%A7%D9%85%DB%8C%D8%B1%D8%B1%D8%B6%D8%A7%D9%BE%D9%88%D8%B1%D8%B1%D9%85%D8%B6%D8%A7%D9%86%D8%B9%D9%84%DB%8C.jpg/250px-%D8%A7%D8%B3%D8%AA%D8%A7%D8%AF_%D8%A8%D8%B2%D8%B1%DA%AF_%D8%A7%D9%85%DB%8C%D8%B1%D8%B1%D8%B6%D8%A7%D9%BE%D9%88%D8%B1%D8%B1%D9%85%D8%B6%D8%A7%D9%86%D8%B9%D9%84%DB%8C.jpg,,"The following people have all been grandmasters (GM) of chess. The title has been awarded since 1950 to players who have met the standards required by the sport's governing body, FIDE. Other than world champion, it is the highest title a chess player can attain and is awarded for life, although FIDE regulations allow for the revocation of titles for cheating or fraud.",https://en.wikipedia.org/wiki/List_of_chess_grandmasters,Amirreza_p,amirreza-pourramezanali,Amirreza_p,114805,,,,,,
3507203,"Pozo Vera, Sandro",CUB,M,GM,,1987,2012,false,,false,,,CUB,Santa Clara,CUB,,,,,sandropozo,sandro-pozo-vera,,111473,,,,,,
25059530,Praggnanandhaa R,IND,M,GM,,2005,2018,false,,false,,,IND,Chennai,IND,https://upload.wikimedia.org/wikipedia/commons/thumb/8/85/Praggnanandhaa_in_2025.jpg/250px-Praggnanandhaa_in_2025.jpg,,,,rpragchess,praggnanandhaa-rameshbabu,Praggnanandhaachess,151629,,rpragchess,,,,rpragchess
46626786,Pranav Anand,IND,M,GM,,2006,2022,false,,false,,,IND,Tiruchirappalli,IND,https://upload.wikimedia.org/wikipedia/commons/thumb/f/f6/Pranav_Anand_2019_Karlsruhe.jpg/250px-Pranav_Anand_2019_Karlsruhe.jpg,,,,,pranav-anand,,156926,,,,,,
25060783,"Pranav, V",IND,M,GM,,2006,2022,false,,false,,,IND,Bengaluru,IND,https://upload.wikimedia.org/wikipedia/commons/thumb/c/c4/PranavVenkatesh_2022.jpg/250px-PranavVenkatesh_2022.jpg,,"Pranav Venkatesh, nicknamed as Buddy Pranav, is an Indian chess grandmaster and the 2025 World Junior Chess Champion.",https://en.wikipedia.org/wiki/Pranav_V,vi_pranav,v-pranav,,156243,,,,,,
35028600,Pranesh M,IND,M,GM,,2006,2023,false,,false,,,IND,Karaikudi,IND,,,Pranesh Munirethinam is an Indian chess grandmaster.,https://en.wikipedia.org/wiki/Pranesh_M,,m-pranesh,,161892,,,,,,
24107581,"Predke, Alexandr",SRB,M,GM,,1994,2016,false,,false,,,SRB,Dmitrovgrad,RUS|FID|SRB,https://upload.wikimedia.org/wikipedia/commons/thumb/3/32/AlexandrPredke23.jpg/250px-AlexandrPredke23.jpg,,,,Alexandr_Predke,alexandr-predke,,124558,,,,,,
930849,"Predojevic, Borki",BIH,M,GM,,1987,2005,false,,false,,,BIH,Teslić,YUG|BIH,https://upload.wikimedia.org/wikipedia/commons/thumb/5/5e/BorkiPredojevic17_%28cropped%29.jpg/250px-BorkiPredojevic17_%28cropped%29.jpg,,"Predojević is a Serbo-Croatian surname, a patronymic derived from the Old Serbian name Predoje. It is traditionally found in Herzegovina, borne by ethnic Serbs. The surname is found in Serbs in Ervenik, Croatia.",https://en.wikipedia.org/wiki/Predojevi%C4%87,kiborg1987,borki-predojevic,Kiborg1987,54653,,,,,,
2613280,"Preotu, Razvan",CAN,M,GM,,1999,2016,false,,false,,,CAN,Toronto,CAN,https://upload.wikimedia.org/wikipedia/commons/thumb/2/29/Razvan_Preotu_%28cropped%29.jpg/250px-Razvan_Preotu_%28cropped%29.jpg,,,,attack2mateU,razvan-preotu,,128720,,,,,,
7105029,"Priasmoro, Novendra",INA,M,GM,,1999,2020,false,,false,,,INA,Jakarta,INA,,,,,bocah_sakit,novendra-priasmoro,,150811,,,,,,
4127870,"Pridorozhni, Aleksei",RUS,M,GM,,1981,2011,false,,false,,,RUS,Surgut,RUS,,,,,Alexsur1981,aleksei-pridorozhni,,49035,,,,,,
600172,"Prie, Eric",FRA,M,GM,,1962,1995,false,,false,,,FRA,Paris,FRA,https://upload.wikimedia.org/wikipedia/commons/thumb/8/82/%C3%89ricPri%C3%A9Montpellier2008.jpg/250px-%C3%89ricPri%C3%A9Montpellier2008.jpg,,,,,eric-prie,,27454,,,,,,
1001566,"Prins, Lodewijk",NED,M,GM,,1913,1982,true,1999,false,,,NED,Amsterdam,NED,https://upload.wikimedia.org/wikipedia/commons/thumb/9/94/Lodewijk_Prins_1965.jpg/250px-Lodewijk_Prins_1965.jpg,,,,,,,,,,,,,
46618546,Prithu Gupta,IND,M,GM,,2004,2019,false,,false,,,IND,Delhi,IND,https://upload.wikimedia.org/wikipedia/commons/thumb/f/fa/Narendra_Modi_with_Prithu_Gupta%2C_2020_%28cropped%29.jpg/250px-Narendra_Modi_with_Prithu_Gupta%2C_2020_%28cropped%29.jpg,,,,gmpeter008,prithu-gupta,,156928,,,,,,
726265,"Prohaszka, Peter",HUN,M,GM,,1992,2010,false,,false,,,HUN,Vác,HUN,https://upload.wikimedia.org/wikipedia/commons/thumb/2/23/Peter_Prohaszka_2015_%28cropped%29.jpg/250px-Peter_Prohaszka_2015_%28cropped%29.jpg,,Péter Prohászka is a Hungarian chess grandmaster.,https://en.wikipedia.org/wiki/P%C3%A9ter_Proh%C3%A1szka,ChessSkool,peter-prohaszka,,99356,,,,,,
4120965,"Prokopchuk, Evgeny",RUS,M,GM,,1978,2001,false,,false,,,RUS,Tyumen,RUS,,,,,,evgeny-prokopchuk,,17253,,,,,,
46622373,Prraneeth Vuppala,IND,M,GM,,2007,2023,false,,false,,,IND,Alagadapa,IND,,,,,,prraneeth-vuppala,,,,,,,,
1013068,"Pruijssers, Roeland",NED,M,GM,,1989,2012,false,,false,,,NED,Hendrik-Ido-Ambacht,NED,https://upload.wikimedia.org/wikipedia/commons/thumb/d/d0/RoelandPruijssers12a.jpg/250px-RoelandPruijssers12a.jpg,,,,RoelandPruijssers,roeland-pruijssers,,90989,,,,,,
4642325,"Prusikin, Michael",GER,M,GM,,1978,2004,false,,false,,,UKR,Kharkov,GER,https://upload.wikimedia.org/wikipedia/commons/thumb/c/cc/MichaelPrusikin13.jpg/250px-MichaelPrusikin13.jpg,,,,,michael-prusikin,,83288,,,,,,
2800012,"Psakhis, Lev",ISR,M,GM,,1958,1982,false,,false,,,RUS,Kalinin,ISR,https://upload.wikimedia.org/wikipedia/commons/b/b6/Psakhis_Lev.jpg,,,,psakhislev,lev-psakhis,,11059,http://www.gmsquare.com/Psakhis/psakhis-buzz.html,,,,,
14600838,"Puc, Stojan",YUG,M,GM,,1921,1984,true,2004,false,,,SLO,Novo Mesto,YUG,https://upload.wikimedia.org/wikipedia/commons/1/1e/Stojan_Puc.jpg,,,,,,,,,,,,,
12809390,"Pultinevicius, Paulius",LTU,M,GM,,2001,2019,false,,false,,,LTU,,LTU,https://upload.wikimedia.org/wikipedia/commons/thumb/6/63/2021-Paulius-Pultinevicius_%28cropped%29.JPG/250px-2021-Paulius-Pultinevicius_%28cropped%29.JPG,,,,Nemegejas,paulius-pultinevicius,,155332,,,,,,
5061245,"Puranik, Abhimanyu",IND,M,GM,,2000,2017,false,,false,,,IND,Mumbai,IND,https://upload.wikimedia.org/wikipedia/commons/thumb/8/8d/Abhimanyu_Puranik_%282020%29_%28cropped%29.jpg/250px-Abhimanyu_Puranik_%282020%29_%28cropped%29.jpg,,,,abhidabhi,abhimanyu-puranik,,134922,,,,,,
4117131,"Pushkov, Nikolai",RUS,M,GM,,1946,1994,false,,false,,,RUS,Tambov,RUS,,,,,,nikolai-pushkov,,42034,,,,,,
30938279,"Putnam, Liam",USA,M,GM,,2008,2026,false,,false,,,,,USA,,,,,LiamPutnam2008,liam-putnam,LiamPutnam2008,,,,,,,
13600842,"Qashashvili, Alexandre",GEO,M,GM,,1975,2017,false,,false,,,GEO,,GEO,,,"The following people have all been grandmasters (GM) of chess. The title has been awarded since 1950 to players who have met the standards required by the sport's governing body, FIDE. Other than world champion, it is the highest title a chess player can attain and is awarded for life, although FIDE regulations allow for the revocation of titles for cheating or fraud.",https://en.wikipedia.org/wiki/List_of_chess_grandmasters,QashashviliAlexandre,alexandre-qashashvili,,91802,,,,,,
3520773,"Quesada Perez, Luis Ernesto",MEX,M,GM,,1999,2018,false,,false,,,CUB,Ciego de Ávila,CUB|MEX,,,,,LuisEQP,luis-ernesto-quesada-perez,,165441,,,,,,
3509362,"Quesada Perez, Yasser",CUB,M,GM,,1992,2017,false,,false,,,CUB,Villa Clara Province,CUB,,,,,YQPerez,yasser-quesada-perez,,133355,,,,,,
3504409,"Quesada Perez, Yuniesky",USA,M,GM,,1984,2005,false,,false,,,USA,Santa Clara,CUB|USA,https://upload.wikimedia.org/wikipedia/commons/thumb/4/47/Quezada_perez_yuniesky_20081119_olympiade_dresden.jpg/250px-Quezada_perez_yuniesky_20081119_olympiade_dresden.jpg,,,,TenisMaster,yuniesky-quesada-perez,,49093,,,,,,
100021,"Quinteros, Miguel A.",ARG,M,GM,,1947,1973,false,,false,,,ARG,Buenos Aires,ARG,https://upload.wikimedia.org/wikipedia/commons/thumb/4/4e/Miguel_Quinteros.JPG/250px-Miguel_Quinteros.JPG,,,,,miguel-a-quinteros,,16175,,,,,,
2117568,"Quintiliano, Renato R.",BRA,M,GM,,1992,2022,false,,false,,,BRA,São Paulo,BRA,,,,,QuintilianoR,renato-r-quintiliano-pinto,,151720,,,,,,
5217911,"Quizon, Daniel",PHI,M,GM,,2004,2024,false,,false,,,PHI,"Rizal, Philippines",PHI,https://upload.wikimedia.org/wikipedia/commons/thumb/d/d2/Daniel_Quizon_2024.jpg/250px-Daniel_Quizon_2024.jpg,,Daniel Quizon is a Filipino chess player and the current Philippine Chess Champion. He was awarded the title of Grandmaster (GM) by FIDE in 2024.,https://en.wikipedia.org/wiki/Daniel_Quizon,quizden37,daniel-quizon,,161895,,,,,,
13602250,"Quparadze, Giga",GEO,M,GM,,1987,2017,false,,false,,,GEO,Kutaisi,GEO,https://upload.wikimedia.org/wikipedia/commons/thumb/a/a2/GM_Giga_Quparadze_%D4%B1%D4%B9_01.jpg/250px-GM_Giga_Quparadze_%D4%B1%D4%B9_01.jpg,,,,GigaQuparadze,giga-quparadze,,126949,,,,,,
25035525,Raahul V S,IND,M,GM,,2003,2025,false,,false,,,IND,,IND,,,,,,raahul-v-s,,,,,,,,
4601475,"Rabiega, Robert",GER,M,GM,,1971,2002,false,,false,,,GER,Berlin,GER,https://upload.wikimedia.org/wikipedia/commons/thumb/b/b7/RRabiega10.jpg/250px-RRabiega10.jpg,,,,,robert-rabiega,,17878,,,,,,
13400924,"Radjabov, Teimour",AZE,M,GM,,1987,2001,false,,false,,,AZE,Baku,AZE,https://upload.wikimedia.org/wikipedia/commons/thumb/5/53/Teymur_R%C9%99c%C9%99bov.jpg/250px-Teymur_R%C9%99c%C9%99bov.jpg,,,,TRadjabov,teimour-radjabov,,49796,,rajachess,teimour.radjabov,UCgLfe_wehMOAdRyFZXmXp6g,,teimourradjabovofficial
2900300,"Radulov, Ivan",BUL,M,GM,,1939,1972,false,,false,,,BUL,Burgas,BUL,https://upload.wikimedia.org/wikipedia/commons/thumb/5/5b/IBM-schaaktoernooi%2C_afgebroken_partij_Spasski_%28links%29_tegen_Radulov%2C_Bestanddeelnr_926-5732.jpg/250px-IBM-schaaktoernooi%2C_afgebroken_partij_Spasski_%28links%29_tegen_Radulov%2C_Bestanddeelnr_926-5732.jpg,,,,,ivan-radulov,,14353,,,,,,
2901595,"Radulski, Julian",BUL,M,GM,,1972,2004,true,2013,false,,,BUL,Plovdiv,BUL,https://upload.wikimedia.org/wikipedia/commons/thumb/2/2c/Julian_Radulski_2010.JPG/250px-Julian_Radulski_2010.JPG,,,,,,,,,,,,,
4103203,"Raetsky, Alexander",FID,M,GM,,1961,2005,false,,false,,,RUS,Voronezh,RUS|FID,,,,,wrongking,alexander-raetsky,,17834,,,,,,
1610856,"Ragger, Markus",AUT,M,GM,,1988,2008,false,,false,,,AUT,Klagenfurt,AUT,https://upload.wikimedia.org/wikipedia/commons/thumb/f/ff/Ragger%2CMarkus_2016_Karlsruhe.jpeg/250px-Ragger%2CMarkus_2016_Karlsruhe.jpeg,,,,MarkusRagger,markus-ragger,,54675,,MarkusRagger,,,,
W6732379,"Ragozin, Viacheslav",URS,M,GM,,1908,1950,true,1962,false,,,RUS,Saint Petersburg,URS,,,,,,,,,,,,,,
10200037,"Rahman, Ziaur",BAN,M,GM,,1974,2002,true,2024,false,,,BAN,,BAN,,,,,Ziachess74,ziaur-rahman,,80120,,,,,,
25059653,Rahul Srivatshav P,IND,M,GM,,2002,2022,false,,false,,,IND,Guntur,IND,https://upload.wikimedia.org/wikipedia/commons/thumb/0/03/Chess_Team-R3.jpg/250px-Chess_Team-R3.jpg,,,,Nakachuk,rahul-srivatshav-p,,,,,,,,
900605,"Raicevic, Vladimir",SRB,M,GM,,1949,1976,false,,false,,,BIH,Travnik,SRB,https://upload.wikimedia.org/wikipedia/commons/thumb/3/3c/Vladimir_Raicevic_1975.jpg/250px-Vladimir_Raicevic_1975.jpg,,,,,vladimir-raicevic,,17532,,,,,,
5089000,Raja Harshit,IND,M,GM,,2001,2022,false,,false,,,IND,Pune,IND,https://upload.wikimedia.org/wikipedia/commons/thumb/b/b4/Raja_Harshit_2019_Karlsruhe.jpg/250px-Raja_Harshit_2019_Karlsruhe.jpg,,,,,raja-harshit,Johnking,151626,,,,,,
35007394,Raja Rithvik R,IND,M,GM,,2004,2022,false,,false,,,IND,Hyderabad,IND,https://upload.wikimedia.org/wikipedia/commons/2/27/Raja_rithvik_mugshot.jpg,,,,starworld123,raja-rithvik-r,,157956,,,,,,
900265,"Rajkovic, Dusan",SRB,M,GM,,1942,1977,false,,false,,,SRB,Kruševac,SRB,,,,,,dusan-rajkovic,,49485,,,,,,
4173708,"Rakhmanov, Aleksandr",FID,M,GM,,1989,2007,false,,false,,,RUS,Cherepovets,RUS|FID,https://upload.wikimedia.org/wikipedia/commons/thumb/9/98/Rakhmanov_Aleksandr.jpg/250px-Rakhmanov_Aleksandr.jpg,,,,Rakhmanov_Aleksandr,aleksandr-rakhmanov,,56727,,GMRakhmanov,,,,
20657307,"Rambaldi, Francesco",ITA,M,GM,,1999,2015,false,,false,,,ITA,Milan,FRA|ITA,https://upload.wikimedia.org/wikipedia/commons/thumb/b/b1/Rambaldi%2CFrancesco_2015_Wien_S.JPG/250px-Rambaldi%2CFrancesco_2015_Wien_S.JPG,,,,Kaphrep,francesco-rambaldi,,139773,,,,,,
5002109,Ramesh R B,IND,M,GM,,1976,2003,false,,false,,,IND,Chennai,IND,https://upload.wikimedia.org/wikipedia/commons/thumb/6/62/R._B._Ramesh_in_January_2024.jpg/250px-R._B._Ramesh_in_January_2024.jpg,,,,thalaiva,ramachandran-ramesh,,14571,,Rameshchess,,,,
6500617,"Ramirez, Alejandro",NON,M,GM,,1988,2004,false,,false,,,CRC,"San José, Costa Rica",CRC|USA|NON,https://upload.wikimedia.org/wikipedia/commons/thumb/8/81/Alejandro_Ramirez_%282020%29_%28cropped%29.jpg/250px-Alejandro_Ramirez_%282020%29_%28cropped%29.jpg,,,,LittlePeasant,alejandro-ramirez,LittlePeasant,49584,,GMLittlePeasant,,,,
500038,"Rantanen, Yrjö",FIN,M,GM,,1950,1981,true,2021,false,,,FIN,Tampere,FIN,https://upload.wikimedia.org/wikipedia/commons/thumb/5/54/Yrj%C3%B6_Rantanen_%28Schacholympiade_Luzern_1982%29.jpg/250px-Yrj%C3%B6_Rantanen_%28Schacholympiade_Luzern_1982%29.jpg,,,,,,,,,,,,,
738590,"Rapport, Richard",HUN,M,GM,,1996,2010,false,,false,,,HUN,Szombathely,HUN|ROU|HUN,https://upload.wikimedia.org/wikipedia/commons/thumb/1/1d/RichardRapport24a.jpg/250px-RichardRapport24a.jpg,,,,Lordillidan,richard-rapport,,123427,http://www.rapportrichard.hu,rjrapport,,,,
4100603,"Rashkovsky, Nukhim N.",URS,M,GM,,1946,1980,true,2023,false,,,RUS,Sverdlovsk,URS,,,,,,nukhim-n-rashkovsky,,15373,,,,,,
300306,"Rasik, Vitezslav",CZE,M,GM,,1973,2017,false,,false,,,CZE,,CZE,,,,,,vitezslav-rasik,,17747,,,,,,
1406000,"Rasmussen, Allan Stig",DEN,M,GM,,1983,2009,false,,false,,,DEN,Læsø,DEN,https://upload.wikimedia.org/wikipedia/commons/thumb/8/85/ASRasmussen11.jpg/250px-ASRasmussen11.jpg,,,,AllanStig,allan-stig-rasmussen,,105166,,,,,,
13402390,"Rasulov, Vugar",AZE,M,GM,,1991,2011,false,,false,,,AZE,Ganja,AZE,https://upload.wikimedia.org/wikipedia/commons/3/39/Vugar_Rasulov.jpg,,,,vugarrasulov,vugar-rasulov,,117801,,,,,,
914517,"Ratkovic, Miloje",SRB,M,GM,,1996,2021,false,,false,,,SRB,Pančevo,SRB,,,,,,miloje-ratkovic,,119794,,,,,,
914525,"Ratkovic, Milovan",SRB,M,GM,,1994,2026,false,,false,,,SRB,Pančevo,SRB,,,,,milovanratkovic,milovan-ratkovic,MilovanR,119677,,,,,,
2811154,"Raznikov, Danny",ISR,M,GM,,1993,2015,false,,false,,,ISR,Israel,ISR,,,,,danir29,danny-raznikov,,109568,,,,,,
4100301,"Razuvaev, Yuri",URS,M,GM,,1945,1976,true,2012,false,,,RUS,Moscow,URS,https://upload.wikimedia.org/wikipedia/commons/thumb/f/f3/Yuri_Razuvaev_1975.jpg/250px-Yuri_Razuvaev_1975.jpg,,,,,,,,,,,,,
2800047,"Rechlis, Gad",ISR,M,GM,,1967,1990,false,,false,,,ISR,,ISR,https://upload.wikimedia.org/wikipedia/commons/thumb/a/a7/Gad_Rechlis_2010.jpg/250px-Gad_Rechlis_2010.jpg,,Gad Rechlis is a Moldova born Israeli chess player who holds the title of Grandmaster (GM) (1992).,https://en.wikipedia.org/wiki/Gad_Rechlis,,gad-rechlis,,13839,,,,,,
1000098,"Ree, Hans",NED,M,GM,,1944,1980,false,,false,,,NED,Amsterdam,NED,https://upload.wikimedia.org/wikipedia/commons/thumb/9/98/Hans_Ree_2004.jpg/250px-Hans_Ree_2004.jpg,,,,koningsbaars,hans-ree,,14816,,,,,,
10200207,"Reefat, Bin-Sattar",BAN,M,GM,,1974,2006,false,,false,,,BAN,Barguna,BAN,https://upload.wikimedia.org/wikipedia/commons/thumb/f/f0/Reefat_Bin-Sattar_%282%29.jpg/250px-Reefat_Bin-Sattar_%282%29.jpg,,,,Tacticusbd,reefat-bin-sattar,,39683,,,,,,
1001302,"Reinderman, Dimitri",NED,M,GM,,1972,1998,false,,false,,,NED,Hoorn,NED,https://upload.wikimedia.org/wikipedia/commons/thumb/8/85/DimitriReinderman12.jpg/250px-DimitriReinderman12.jpg,,,,KingOfConvenience,dimitri-reinderman,,10920,,chessbookreview,,,,
600822,"Relange, Eloi",FRA,M,GM,,1976,1998,false,,false,,,FRA,,FRA,,,,,,eloi-relange,Eloi-Relange,26318,,,,,,
600040,"Renet, Olivier",FRA,M,GM,,1964,1990,false,,false,,,FRA,Paris,FRA,https://upload.wikimedia.org/wikipedia/commons/thumb/6/66/Olivier_Renet_%28cropped%29.jpeg/250px-Olivier_Renet_%28cropped%29.jpeg,,,,,olivier-renet,,14084,,,,,,
14918781,"Repka, Christopher",SVK,M,GM,,1998,2018,false,,false,,,SVK,Stará Ľubovňa,SVK,https://upload.wikimedia.org/wikipedia/commons/thumb/f/fc/Christopher_Repka_at_2018_Andorra_Open.jpg/250px-Christopher_Repka_at_2018_Andorra_Open.jpg,,,,IncredibleBubacik,christopher-repka,,151560,,,,,,
W7647587,"Reshevsky, Samuel",USA,M,GM,,1911,1950,true,1992,false,,,POL,Ozorków,USA,https://upload.wikimedia.org/wikipedia/commons/thumb/1/18/Samuel_Reshevsky_1964.jpg/250px-Samuel_Reshevsky_1964.jpg,,,,,,,,,,,,,
4125029,"Riazantsev, Alexander",RUS,M,GM,,1985,2001,false,,false,,,RUS,Moscow,RUS,https://upload.wikimedia.org/wikipedia/commons/thumb/9/93/Alexander_Riazantsev_World_Rapid_Chess_Championship.jpg/250px-Alexander_Riazantsev_World_Rapid_Chess_Championship.jpg,,,,,alexander-riazantsev,,18308,,,,,,
700010,"Ribli, Zoltan",HUN,M,GM,,1951,1973,false,,false,,,HUN,Mohács,HUN,https://upload.wikimedia.org/wikipedia/commons/thumb/b/b5/ZoltanRibli09.jpg/250px-ZoltanRibli09.jpg,,,,,zoltan-ribli,,11640,,,,,,
100242,"Ricardi, Pablo",ARG,M,GM,,1962,1997,false,,false,,,ARG,Buenos Aires,ARG,,,,,,pablo-ricardi,,14027,,,,,,
4618920,"Richter, Michael",GER,M,GM,,1978,2015,false,,false,,,GER,Berlin,GER,,,,,,michael-richter,,98713,,,,,,
611190,"Riff, Jean-Noel",FRA,M,GM,,1981,2014,false,,false,,,FRA,Mulhouse,FRA,https://upload.wikimedia.org/wikipedia/commons/thumb/9/9b/Jean-Noel_Riff_2013.jpg/250px-Jean-Noel_Riff_2013.jpg,,,,jncool68,jean-noel-riff,,106186,,ploppy68,,,,
208027,"Ringoir, Tanguy",BEL,M,GM,,1994,2015,false,,false,,,BEL,Wetteren,BEL,https://upload.wikimedia.org/wikipedia/commons/thumb/2/2f/Tanguy_Ringoir_2013.jpg/250px-Tanguy_Ringoir_2013.jpg,,,,,tanguy-ringoir,,110027,,,,,,
4403940,"Rios Gomez, Cristhian Camilo",COL,M,GM,,1993,2019,false,,false,,,COL,Tuluá,COL,,,,,,cristhian-camilo-rios,,127781,,,,,,
901318,"Ristic, Nenad",SRB,M,GM,,1958,1997,false,,false,,,SRB,Kragujevac,SRB,,,,,,nenad-ristic,,42051,,,,,,
2200058,"Rivas Pastor, Manuel",ESP,M,GM,,1960,1987,false,,false,,,ESP,Jaén,ESP,,,,,,manuel-rivas-pastor,,23111,,,,,,
7900309,"Rizouk, Aimen",ALG,M,GM,,1979,2007,false,,false,,,ALG,Algiers,ALG,,,Aimen Rizouk is an Algerian chess player born in Algiers. He was the first Algerian player to be awarded the title of Grandmaster (GM) by FIDE in 2007.,https://en.wikipedia.org/wiki/Aimen_Rizouk,,aimen-rizouk,,22025,,,,,,
1600052,"Robatsch, Karl",AUT,M,GM,,1929,1961,true,2000,false,,,AUT,Klagenfurt,AUT,https://upload.wikimedia.org/wikipedia/commons/thumb/a/a7/Karl_Robatsch_1961.jpg/250px-Karl_Robatsch_1961.jpg,,,,,,,,,,,,,
2023970,"Robson, Ray",USA,M,GM,,1994,2010,false,,false,,,USA,Guam,USA,https://upload.wikimedia.org/wikipedia/commons/thumb/b/b7/RRobson10.jpg/250px-RRobson10.jpg,,,,RayRobson,ray-robson,,93903,,RayShayRobson,,,,
2620049,"Rodrigue-Lemieux, Shawn",CAN,M,GM,,2004,2024,false,,false,,,CAN,Montreal,CAN,https://upload.wikimedia.org/wikipedia/commons/thumb/8/8d/ShawnRodrigueLemieux23a.jpg/250px-ShawnRodrigueLemieux23a.jpg,,,,fmshawnrl123,shawn-rodrigue-lemieux,,156059,,,,,,
3500039,"Rodriguez Cespedes, Amador",ESP,M,GM,,1956,1977,false,,false,,,CUB,"San Germán, Cuba",CUB|ESP,,,,,,amador-rodriguez-cespedes,,47080,,,,,,
2216892,"Rodriguez Guerrero, Enrique",ESP,M,GM,,1983,2007,false,,false,,,ESP,Granada,ESP,,,,,,enrique-rodriguez-guerrero,,88240,,,,,,
3000010,"Rodriguez Vila, Andres",URU,M,GM,,1973,1997,false,,false,,,URU,Montevideo,URU,,,,,andyrodri,andres-rodriguez-vila,,36794,,,,,,
2203189,"Rodríguez Vargas, Orestes",PER,M,GM,,1943,1978,true,2024,false,,,PER,Lima,PER,,,,,,orestes-rodriguez-vargas,,15584,,,,,,
2806851,"Rodshtein, Maxim",ISR,M,GM,,1989,2007,false,,false,,,RUS,Leningrad,ISR,https://upload.wikimedia.org/wikipedia/commons/thumb/2/22/MaximRodsthein14.jpg/250px-MaximRodsthein14.jpg,,,,ColErranMorad,maxim-rodshtein,,54702,,,,,,
937614,"Roganovic, Milos",SRB,M,GM,,1991,2017,false,,false,,,SRB,Vrbas,SRB,,,"The following people have all been grandmasters (GM) of chess. The title has been awarded since 1950 to players who have met the standards required by the sport's governing body, FIDE. Other than world champion, it is the highest title a chess player can attain and is awarded for life, although FIDE regulations allow for the revocation of titles for cheating or fraud.",https://en.wikipedia.org/wiki/List_of_chess_grandmasters,,milos-roganovic,,106677,,,,,,
3200019,"Rogers, Ian",AUS,M,GM,,1960,1985,false,,false,,,AUS,Hobart,AUS,https://upload.wikimedia.org/wikipedia/commons/thumb/6/67/Ian_Rogers_2010_Dortmund.jpg/250px-Ian_Rogers_2010_Dortmund.jpg,,,,GMIanRogers,ian-rogers,,15797,,GMIanRogers,,,,
14501228,"Rogic, Davor",CRO,M,GM,,1971,2006,false,,false,,,CRO,,CRO,,,,,Davor_Rogic,davor-rogic,Davor_Rogic,24745,,,,,,
2000237,"Rogoff, Kenneth",USA,M,GM,,1953,1978,false,,false,,,USA,"Rochester, New York",USA,https://upload.wikimedia.org/wikipedia/commons/thumb/a/af/ASSA_2026_-_Kenneth_Rogoff_01_%28cropped%29.jpg/250px-ASSA_2026_-_Kenneth_Rogoff_01_%28cropped%29.jpg,,,,,kenneth-rogoff,,44815,,krogoff,,,,
14101378,"Rogovski, Vladimir",UKR,M,GM,,1965,2005,false,,false,,,UKR,,UKR,,,,,viziruk,vladimir-rogovski,,24784,,,,,,
1210319,"Rogozenco, Dorian",ROU,M,GM,,1973,1995,false,,false,,,MDA,Kishinev,ROU,https://upload.wikimedia.org/wikipedia/commons/thumb/8/88/DorianRogozenco09.jpg/250px-DorianRogozenco09.jpg,,,,dorian2017,dorian-rogozenko,,25196,,,,,,
2000172,"Rohde, Michael",USA,M,GM,,1959,1988,false,,false,,,USA,New York City,USA,,,,,boo786,michael-rohde,,28215,,,,,,
46617051,Rohith Krishna S,IND,M,GM,,2005,2025,false,,false,,,IND,,IND,,,,,,s-rohith-krishna,,,,,,,,
2804158,"Roiz, Michael",ISR,M,GM,,1983,2003,false,,false,,,ISR,,ISR,https://upload.wikimedia.org/wikipedia/commons/thumb/0/09/Michael_Roiz_Dec_2008.jpg/250px-Michael_Roiz_Dec_2008.jpg,,,,MichaelRoiz,michael-roiz,,51137,http://www.chessbasic.com,,,,,
13502921,"Romanenko, Vladimir",BLR,M,GM,,1985,2011,false,,false,,,BLR,Minsk,BLR,,,,,Romanenko-MAN,vladimir-romanenko,,124557,,,,,,
14100088,"Romanishin, Oleg M",UKR,M,GM,,1952,1976,false,,false,,,UKR,Lviv,UKR,https://upload.wikimedia.org/wikipedia/commons/thumb/6/66/2019-Oleg-Romanishin.JPG/250px-2019-Oleg-Romanishin.JPG,,,,OlegRomanishin,oleg-romanishin,,14173,,,,,,
4148843,"Romanov, Evgeny",MKD,M,GM,,1988,2007,false,,false,,,RUS,Kaliningrad,RUS|NOR|MKD,https://upload.wikimedia.org/wikipedia/commons/thumb/a/a3/Evgeny_Romanov_2012_%28cropped%29.jpg/250px-Evgeny_Romanov_2012_%28cropped%29.jpg,,"Evgeny Romanov may refer to:Evgeny Romanov, Russian chess grandmaster Evgenyi Romanov, Russian heavyweight boxer",https://en.wikipedia.org/wiki/Evgeny_Romanov,EvgenyRomanov,evgeny-romanov,,95759,,,,,,
815837,"Rombaldoni, Axel",ITA,M,GM,,1992,2013,false,,false,,,ITA,Pesaro,ITA,,,,,GMAxel23,axel-rombaldoni,,112575,,XMaister23,,,,axel.rombaldoni
2200066,"Romero Holmes, Alfonso",ESP,M,GM,,1965,1995,false,,false,,,ESP,Barcelona,ESP,https://upload.wikimedia.org/wikipedia/commons/thumb/1/16/Alfonso_Romero_Holmes.jpg/250px-Alfonso_Romero_Holmes.jpg,,,,,alfonso-romero-holmes,,25893,,,,,,
100935,"Rossetto, Héctor",ARG,M,GM,,1922,1960,true,2009,false,,,ARG,Bahía Blanca,ARG,https://upload.wikimedia.org/wikipedia/commons/thumb/2/23/H%C3%A9ctor_Decio_Rossetto.jpg/250px-H%C3%A9ctor_Decio_Rossetto.jpg,,,,,,,,,,,,,
W5006541,"Rossolimo, Nicolas",USA,M,GM,,1910,1953,true,1975,false,,,UKR,Kyiv,USA,https://upload.wikimedia.org/wikipedia/commons/thumb/4/4a/Nicolas_Rossolimo_1950_%28cropped%29.jpg/250px-Nicolas_Rossolimo_1950_%28cropped%29.jpg,,,,,,,,,,,,,
4662997,"Rotstein, Arkadij",GER,M,GM,,1961,1994,false,,false,,,UKR,Lviv,GER,,,,,arkonada50,arkadi-rotstein,,24372,,,,,,
2603659,"Roussel-Roozmon, Thomas",CAN,M,GM,,1988,2010,false,,false,,,CAN,Laval,CAN,,,,,NNepenthes,thomas-roussel-roozmon,,51437,,,,,,
2400561,"Rowson, Jonathan",SCO,M,GM,,1977,1999,false,,false,,,SCO,Aberdeen,SCO,https://upload.wikimedia.org/wikipedia/commons/thumb/f/ff/Rowson_jonathan_20081120_olympiade_dresden.jpg/250px-Rowson_jonathan_20081120_olympiade_dresden.jpg,,,,,jonathan-rowson,,10949,,Jonathan_Rowson,,,,
5002974,"Roy Chowdhury, Saptarshi",IND,M,GM,,1982,2013,false,,false,,,IND,Kolkata,IND,,,,,Sevenstar82,saptarshi-roy-chowdhury,,17200,,,,,,
448869,"Royal, Shreyas",ENG,M,GM,,2009,2024,false,,false,,,ENG,,ENG,https://upload.wikimedia.org/wikipedia/commons/thumb/a/a3/ShreyasRoyal23.jpg/250px-ShreyasRoyal23.jpg,,,,mjray79,shreyas-royal,,162641,,,,,,
12800023,"Rozentalis, Eduardas",LTU,M,GM,,1963,1991,false,,false,,,LTU,Vilnius,LTU,https://upload.wikimedia.org/wikipedia/commons/thumb/f/fd/Rozentalis_Eduardas_2007.jpg/250px-Rozentalis_Eduardas_2007.jpg,,Eduardas Rozentalis is a Lithuanian chess grandmaster.,https://en.wikipedia.org/wiki/Eduardas_Rozentalis,,eduardas-rozentalis,,46215,,,,,,
24104272,"Rozum, Ivan",RUS,M,GM,,1991,2014,false,,false,,,RUS,Saint Petersburg,RUS,,,,,Rozum_Ivan,ivan-rozum,,117790,,,,,,
4100387,"Ruban, Vadim",RUS,M,GM,,1964,1991,false,,false,,,RUS,Novosibirsk,RUS,,,,,,vadim-ruban,,18100,,,,,,
W1135614,"Rubinstein, Akiba",POL,M,GM,,1880,1950,true,1961,false,,,POL,Stawiski,POL,https://upload.wikimedia.org/wikipedia/commons/thumb/2/2e/Akiba-RubinsteinC.jpg/250px-Akiba-RubinsteinC.jpg,,,,,,,,,,,,,
4115309,"Rublevsky, Sergei",RUS,M,GM,,1974,1994,false,,false,,,RUS,Kurgan,RUS,https://upload.wikimedia.org/wikipedia/commons/thumb/f/f5/Sergey_Rublevsky.jpg/250px-Sergey_Rublevsky.jpg,,,,,sergei-rublevsky,,18234,,,,,,
705713,"Ruck, Robert",HUN,M,GM,,1977,2000,false,,false,,,HUN,,HUN,https://upload.wikimedia.org/wikipedia/commons/thumb/4/43/Robert_Ruck_at_the_3rd_Al-Beruniy_Tashkent_2026_%282%29_%28cropped%29.jpg/250px-Robert_Ruck_at_the_3rd_Al-Beruniy_Tashkent_2026_%282%29_%28cropped%29.jpg,,,,,robert-ruck,,15262,,,,,,
4400704,"Ruiz Castillo, Joshua Daniel",COL,M,GM,,1997,2019,false,,false,,,COL,Bogotá,COL,https://upload.wikimedia.org/wikipedia/commons/thumb/5/54/Joshua_Ruiz_at_2019_Andorra_open.jpg/250px-Joshua_Ruiz_at_2019_Andorra_open.jpg,,,,joshdaruca,joshua-daniel-ruiz-castillo,,143125,,,,,,
2905434,"Rusev, Krasimir",BUL,M,GM,,1983,2008,false,,false,,,BUL,"Dimitrovgrad, Bulgaria",BUL,,,,,Krasimir_Rusev,krasimir-rusev,Krasimir_Rusev,48978,,,,,,
4119002,"Rustemov, Alexander",RUS,M,GM,,1973,1998,false,,false,,,RUS,Murmansk,RUS,https://upload.wikimedia.org/wikipedia/commons/thumb/2/21/AlexanderRustemov13.jpg/250px-AlexanderRustemov13.jpg,,,,alexrustemov,alexander-rustemov,,18284,,,,,,
12800104,"Ruzele, Darius",LTU,M,GM,,1968,1996,false,,false,,,LTU,,LTU,,,,,,darius-ruzele,,26197,,,,,,
4119932,"Rychagov, Andrey",RUS,M,GM,,1979,2006,false,,false,,,RUS,Moscow,RUS,https://upload.wikimedia.org/wikipedia/commons/thumb/2/2e/Andrey_Rychagov_at_the_11th_Gazi_Open_2015_%28cropped%29.jpg/250px-Andrey_Rychagov_at_the_11th_Gazi_Open_2015_%28cropped%29.jpg,,,,ftorodent,andrey-rychagov,,51623,,,,,,
4500040,"Rychagov, Mikhail",EST,M,GM,,1967,1997,false,,false,,,EST,Tallinn,EST,,,,,,mikhail-rychagov,,21975,,,,,,
35093487,"Sadhwani, Raunak",IND,M,GM,,2005,2020,false,,false,,,IND,Nagpur,IND,https://upload.wikimedia.org/wikipedia/commons/thumb/4/48/Raunak_Saadwani%2C_Chess_Grand-master.jpg/250px-Raunak_Saadwani%2C_Chess_Grand-master.jpg,,,,RaunakSadhwani2005,raunak-sadhwani,,155279,,sadhwani2005,,,,
13401416,"Sadikhov, Ulvi",AZE,M,GM,,1998,2019,false,,false,,,AZE,Azerbaijan,AZE|BEL|AZE,,,,,TheJoker64,ulvi-sadikhov,,138034,,,,,,
400173,"Sadler, Matthew D",ENG,M,GM,,1974,1993,false,,false,,,ENG,Chatham,ENG,https://upload.wikimedia.org/wikipedia/commons/thumb/e/e8/MatthewSadler17.jpg/250px-MatthewSadler17.jpg,,,,,matthew-sadler,,27493,https://matthewsadler.me.uk/,gmmds,,UCq06gd_5HTiG8IIu5-enWyA,,
5201268,"Sadorra, Julio Catalino",PHI,M,GM,,1986,2011,false,,false,,,PHI,Quezon City,PHI,,,,,SenseiJulio,julio-catalino-sadorra,,76910,,,,,,
13700464,"Sadvakasov, Darmen",KAZ,M,GM,,1979,1999,false,,false,,,KAZ,Astana,KAZ,,,,,,darmen-sadvakasov,,49142,,,,,,
1132253,"Sadzikowski, Daniel",POL,M,GM,,1994,2017,false,,false,,,POL,Chrzanów,POL,https://upload.wikimedia.org/wikipedia/commons/thumb/b/b2/2021-Daniel-Sadzikowski_%28cropped%29.JPG/250px-2021-Daniel-Sadzikowski_%28cropped%29.JPG,,,,chessdude,daniel-sadzikowski,,126592,,,,,,
13402129,"Safarli, Eltaj",AZE,M,GM,,1992,2008,false,,false,,,AZE,Baku,AZE,https://upload.wikimedia.org/wikipedia/commons/thumb/a/aa/Eltaj_Safarli_2018.jpg/250px-Eltaj_Safarli_2018.jpg,,,,Eltaj_Safarli,eltaj-safarli,,91832,,,,,,
14200147,"Safin, Shukhrat",UZB,M,GM,,1970,1999,true,2009,false,,,UZB,Samarkand,UZB,https://upload.wikimedia.org/wikipedia/commons/thumb/1/1e/Safin_shukhrat_20081120_olympiade_dresden.jpg/250px-Safin_shukhrat_20081120_olympiade_dresden.jpg,,,,,,,,,,,,,
2007916,"Sagalchik, Gennadij",USA,M,GM,,1969,1994,false,,false,,,USA,,USA,,,,,MaestroG,gennadij-sagalchik,,23398,,,,,,
4104226,"Sakaev, Konstantin",RUS,M,GM,,1974,1993,false,,false,,,RUS,Leningrad,RUS,,,,,,konstantin-sakaev,,16382,,,,,,
9301348,"Salem, A.R. Saleh",UAE,M,GM,,1993,2009,false,,false,,,UAE,Sharjah,UAE,https://upload.wikimedia.org/wikipedia/commons/thumb/1/1c/Salem_Saleh_in_2024_%28cropped%29.jpg/250px-Salem_Saleh_in_2024_%28cropped%29.jpg,,,,Salem-AR,saleh-salem,,84026,,salemarsaleh,salem_alhuwar,,,
2257327,"Salgado Lopez, Ivan",ESP,M,GM,,1991,2008,false,,false,,,ESP,Ourense,ESP,https://upload.wikimedia.org/wikipedia/commons/thumb/0/0a/Iv%C3%A1n_Salgado_L%C3%B3pez_2013.jpg/250px-Iv%C3%A1n_Salgado_L%C3%B3pez_2013.jpg,,,,SalgadoChess91,ivan-salgado-lopez,,92742,,,,,,
3407128,"Salinas Herrera, Pablo",CHI,M,GM,,1994,2019,false,,false,,,CHI,Concepción,CHI,,,,,XDPS,pablo-salinas-herrera,ChrolloL,124513,,,,,GMSalinas,
1509500,"Salomon, Johan",NOR,M,GM,,1997,2017,false,,false,,,NOR,Oslo,NOR,https://upload.wikimedia.org/wikipedia/commons/thumb/3/31/Johan_Salomon_%28cropped%29.jpg/250px-Johan_Salomon_%28cropped%29.jpg,,,,JohanSalomon,johan-salomon,,120970,,JohanSalomon,,,,
4100069,"Salov, Valery",RUS,M,GM,,1964,1986,false,,false,,,POL,Wrocław,RUS,https://upload.wikimedia.org/wikipedia/commons/thumb/f/f0/Valery_Salov_1989.jpg/250px-Valery_Salov_1989.jpg,,,,,valery-salov,,13983,,,,,,
14200058,"Saltaev, Mihail",UZB,M,GM,,1962,1995,false,,false,,,UZB,,UZB,https://upload.wikimedia.org/wikipedia/commons/thumb/3/3c/MihailSaltaev11.jpg/250px-MihailSaltaev11.jpg,,"Mihail Saltaev, is a Soviet and Uzbekistani chess Grandmaster (GM) (1995), Chess Olympiad team silver medalist (1992).",https://en.wikipedia.org/wiki/Mihail_Saltaev,,mihail-saltaev,,17037,,,,,,
5201047,"Salvador, Roland",PHI,M,GM,,1982,2010,false,,false,,,PHI,Manila,PHI,,,Roland Salvador is a Filipino chess grandmaster.,https://en.wikipedia.org/wiki/Roland_Salvador,,roland-salvador,,46928,,,,,,
35080580,Samant Aditya S,IND,M,GM,,2006,2023,false,,false,,,IND,,IND,,,,,,samant-aditya-s,,,,,,,,
4128290,"Sambuev, Bator",CAN,M,GM,,1980,2006,false,,false,,,RUS,Ulan-Ude,RUS|CAN,,,Bator Sambuev is a Russian-Canadian chess player who holds the FIDE title of Grandmaster. He is a four-time winner of the Canadian chess championship and has represented Canada twice at Chess Olympiads.,https://en.wikipedia.org/wiki/Bator_Sambuev,likemachine,bator-sambuev,,49721,,,,,,
14187086,"Samunenkov, Ihor",UKR,M,GM,,2009,2023,false,,false,,,UKR,Kyiv,UKR,https://upload.wikimedia.org/wikipedia/commons/thumb/c/ca/IhorSamunenkov23.jpg/250px-IhorSamunenkov23.jpg,,,,sokidze,ihor-samunenkov,,174415,,,,,,
2200082,"San Segundo Carrillo, Pablo",ESP,M,GM,,1970,1995,false,,false,,,ESP,Madrid,ESP,https://upload.wikimedia.org/wikipedia/commons/thumb/d/de/San_segundo_carrillo_pablo_20081119_olympiade_dresden.jpg/250px-San_segundo_carrillo_pablo_20081119_olympiade_dresden.jpg,,,,,pablo-san-segundo-carrillo,,89330,,,,,,
6300545,"Sanal, Vahap",TUR,M,GM,,1998,2016,false,,false,,,TUR,İzmir,TUR,https://upload.wikimedia.org/wikipedia/commons/thumb/c/c6/VahapSanal23a.jpg/250px-VahapSanal23a.jpg,,,,SantoBlue,vahap-sanal,BlueGreensun,129541,,,,,,
5201233,"Sanchez, Joseph",PHI,M,GM,,1970,2009,false,,false,,,PHI,Cebu City,PHI,,,,,,joseph-sanchez,,12472,,,,,,
13900161,"Sanduleac, Vasile",MDA,M,GM,,1971,2006,false,,false,,,MDA,Bălți,MDA,,,,,VSanduleac,vasile-sanduleac,,48937,,,,,,
100030,"Sanguineti, Raúl",ARG,M,GM,,1933,1982,true,2000,false,,,ARG,"Paraná, Buenos Aires",ARG,https://upload.wikimedia.org/wikipedia/commons/thumb/c/cc/Ra%C3%BAl_Sanguineti.JPG/250px-Ra%C3%BAl_Sanguineti.JPG,,,,,,,,,,,,,
13602608,"Sanikidze, Tornike",GEO,M,GM,,1989,2008,false,,false,,,GEO,Tbilisi,GEO,https://upload.wikimedia.org/wikipedia/commons/thumb/0/09/Sanikidze_Tornike_%2830217412256%29_%28cropped%29.jpg/250px-Sanikidze_Tornike_%2830217412256%29_%28cropped%29.jpg,,,,tornikesanikidze,tornike-sanikidse,,88258,,,,,,
5097010,Sankalp Gupta,IND,M,GM,,2003,2022,false,,false,,,IND,Nagpur,IND,,,,,Sankalp_Gupta2003,sankalp-gupta,,117450,,,,,,
2103877,"Santiago, Yago De Moura",BRA,M,GM,,1992,2017,false,,false,,,BRA,Recife,BRA,https://upload.wikimedia.org/wikipedia/commons/thumb/2/2c/MI_Yago_Santiago_MMA2012_003_%28cropped%29.jpg/250px-MI_Yago_Santiago_MMA2012_003_%28cropped%29.jpg,,,,Kira170,yago-de-moura-santiago,,124962,,,,,,
600083,"Santo-Roman, Marc",FRA,M,GM,,1960,1996,false,,false,,,FRA,Toulouse,FRA,,,,,,marc-santo-roman,,85854,,,,,,
2293307,"Santos Latasa, Jaime",ESP,M,GM,,1996,2018,false,,false,,,ESP,San Sebastián,ESP,https://upload.wikimedia.org/wikipedia/commons/thumb/3/38/JaimeSantosLatasa23.jpg/250px-JaimeSantosLatasa23.jpg,,,,,jaime-santos-latasa,,113371,,,,,,
22291482,"Santos Ruiz, Miguel",ESP,M,GM,,1999,2018,false,,false,,,ESP,Utrera,ESP,,,,,srMiguel99,miguel-santos-ruiz,,143198,,,,,,
5008980,"Saptarshi, Roy",IND,M,GM,,1986,2018,false,,false,,,IND,Kolkata,IND,https://upload.wikimedia.org/wikipedia/commons/thumb/c/ce/Saptarshi_roy.jpg/250px-Saptarshi_roy.jpg,,,,,roy-saptarshi,,117286,,,,,,
24133795,"Sarana, Alexey",SRB,M,GM,,2000,2017,false,,false,,,RUS,Moscow,RUS|FID|SRB,https://upload.wikimedia.org/wikipedia/commons/thumb/0/03/AlexeiSarana24.jpg/250px-AlexeiSarana24.jpg,,,,mishanick,alexey-sarana,may6enexttime,141456,,GMSarana,saranusik,,,
13300881,"Sargissian, Gabriel",ARM,M,GM,,1983,2002,false,,false,,,ARM,Yerevan,ARM,https://upload.wikimedia.org/wikipedia/commons/thumb/7/7e/GabrielSargissian23.jpg/250px-GabrielSargissian23.jpg,,,,Arm-Akiba,gabriel-sargissian,Arm-Akiba,49434,,,,,,
13306766,"Sargsyan, Shant",ARM,M,GM,,2002,2019,false,,false,,,ARM,Yerevan,ARM,https://upload.wikimedia.org/wikipedia/commons/thumb/9/94/ShantSargsyan23.jpg/250px-ShantSargsyan23.jpg,,,,Shant_Sargsyan,shant-sargsyan,Shant7777777,149281,,,,,,
14506254,"Saric, Ante",CRO,M,GM,,1984,2007,false,,false,,,CRO,Split,CRO,,,,,Mornar1951,ante-saric,,76728,,,,,,
14401290,"Saric, Ibro",BIH,M,GM,,1982,2007,false,,false,,,BIH,Cazin,BIH,,,,,ChessOnTheMat007,ibro-saric,,49223,,,,,,
14508150,"Saric, Ivan",CRO,M,GM,,1990,2008,false,,false,,,CRO,Split,CRO,https://upload.wikimedia.org/wikipedia/commons/thumb/0/05/IvanSaric23.jpg/250px-IvanSaric23.jpg,,,,dalmatinac101,ivan-saric,dalmatinac101,54689,,IvanSaricGM,,,,ivan.saric.146
5004985,"Sasikiran, Krishnan",IND,M,GM,,1981,2000,false,,false,,,IND,Chennai,IND,https://upload.wikimedia.org/wikipedia/commons/thumb/4/40/KrishnanSasikiran12.jpg/250px-KrishnanSasikiran12.jpg,,Krishnan Sasikiran is an Indian chess grandmaster.,https://en.wikipedia.org/wiki/Krishnan_Sasikiran,g3god,krishnan-sasikiran,,49247,,GMSasikiran,,,,
4147332,"Savchenko, Boris",RUS,M,GM,,1986,2007,false,,false,,,RUS,Krasnodar,RUS,,,,,tigra,boris-savchenko,pochtalionPechkin,69898,,,,,,
14101262,"Savchenko, Stanislav",UKR,M,GM,,1967,1993,false,,false,,,UKR,,UKR,https://upload.wikimedia.org/wikipedia/commons/2/26/Savchenko%2CStanislav_2005_Porz.jpg,,,,SS003,stanislav-savchenko,,17739,,,,,,
920479,"Savic, Miodrag R",SRB,M,GM,,1977,2003,false,,false,,,SRB,Banovići,SRB,,,"The following people have all been grandmasters (GM) of chess. The title has been awarded since 1950 to players who have met the standards required by the sport's governing body, FIDE. Other than world champion, it is the highest title a chess player can attain and is awarded for life, although FIDE regulations allow for the revocation of titles for cheating or fraud.",https://en.wikipedia.org/wiki/List_of_chess_grandmasters,mrsavic77,miodrag-r-savic,,49612,,,,,,
14100193,"Savon, Vladimir",URS,M,GM,,1940,1973,true,2005,false,,,UKR,Chernigov,URS,https://upload.wikimedia.org/wikipedia/commons/thumb/c/c3/Vladimir_Savon_1972.jpg/250px-Vladimir_Savon_1972.jpg,,,,,,,,,,,,,
700029,"Sax, Gyula",HUN,M,GM,,1951,1974,true,2014,false,,,HUN,Budapest,HUN,https://upload.wikimedia.org/wikipedia/commons/thumb/e/e5/AVRO-schaaktoernooi%2C_Sax%2C_Bestanddeelnr_926-4976_%28cropped%29.jpg/250px-AVRO-schaaktoernooi%2C_Sax%2C_Bestanddeelnr_926-4976_%28cropped%29.jpg,,,,,,,,,,,,,
1400070,"Schandorff, Lars",DEN,M,GM,,1965,1996,false,,false,,,DEN,Copenhagen,DEN,,,,,,lars-schandorff,,14319,,,,,,
4603338,"Schebler, Gerhard",GER,M,GM,,1969,2004,false,,false,,,GER,Duisburg,GER,,,,,Chesseducation4u,gerhard-schebler,,17794,,,,,,
13905465,"Schitco, Ivan",MDA,M,GM,,2003,2022,false,,false,,,MDA,Chișinău,MDA,https://upload.wikimedia.org/wikipedia/commons/thumb/e/ea/Schitco%2CIvan.jpg/250px-Schitco%2CIvan.jpg,,,,vanea_03,ivan-schitco,,154101,,,,,,
4600169,"Schlosser, Philipp",GER,M,GM,,1968,1992,false,,false,,,GER,Munich,GER,https://upload.wikimedia.org/wikipedia/commons/thumb/6/6d/PhilippSchlosser13.jpg/250px-PhilippSchlosser13.jpg,,,,,philipp-schlosser,,11689,,,,,,
4614054,"Schmaltz, Roland",GER,M,GM,,1974,2001,false,,false,,,GER,Mannheim,GER,https://upload.wikimedia.org/wikipedia/commons/thumb/3/37/RolandSchmaltz12.jpg/250px-RolandSchmaltz12.jpg,,,,,roland-schmaltz,Hawkeye,25935,,,,,,
4600061,"Schmid, Lothar",FRG,M,GM,,1928,1959,true,2013,false,,,GER,Dresden,FRG,https://upload.wikimedia.org/wikipedia/commons/thumb/0/06/Lothar_Schmid_1961_Oberhausen.jpg/250px-Lothar_Schmid_1961_Oberhausen.jpg,,,,,lothar-schmid,,15288,,,,,,
1100041,"Schmidt, Włodzimierz",POL,M,GM,,1943,1976,true,2023,false,,,POL,Poznań,POL,https://upload.wikimedia.org/wikipedia/commons/thumb/b/ba/2021-Schmidt-Wlodzimierz.JPG/250px-2021-Schmidt-Wlodzimierz.JPG,,,,,wlodzimierz-schmidt,,14872,,,,,,
4600096,"Schmittdiel, Eckhard",GER,M,GM,,1960,1994,false,,false,,,GER,Dortmund,GER,https://upload.wikimedia.org/wikipedia/commons/thumb/8/85/EckhardSchmittdiel11a.jpg/250px-EckhardSchmittdiel11a.jpg,,,,,eckhard-schmittdiel,EckhardSchmittdiel,14060,,,,,,
1046730,"Schoppen, Casper",NED,M,GM,,2002,2020,false,,false,,,NED,Utrecht,NED,https://upload.wikimedia.org/wikipedia/commons/thumb/9/90/Casper_Schoppen_Amsterdam_Chess_Open_2023_%28cropped%29.jpg/250px-Casper_Schoppen_Amsterdam_Chess_Open_2023_%28cropped%29.jpg,,,,,casper-schoppen,,156774,,,,,,
24662259,"Schroeder, Jan-Christian",GER,M,GM,,1998,2015,false,,false,,,GER,Limburg,GER,https://upload.wikimedia.org/wikipedia/commons/thumb/3/35/Schroeder%2CJan-Christian_2019_Karlsruhe.jpg/250px-Schroeder%2CJan-Christian_2019_Karlsruhe.jpg,,,,,jan-christian-schroeder,,134714,,,,,,
1700081,"Schussler, Harry",SWE,M,GM,,1957,1988,false,,false,,,SWE,Malmö,SWE,https://upload.wikimedia.org/wikipedia/commons/thumb/a/a8/Sch%C3%BCssler%2CHarry_1979_Dortmund.JPG/250px-Sch%C3%BCssler%2CHarry_1979_Dortmund.JPG,,,,,harry-schussler,HarrySweden,29770,,,,,,
2011255,"Schwartzman, Gabriel",USA,M,GM,,1976,1993,false,,false,,,ROU,Bucharest,USA,https://upload.wikimedia.org/wikipedia/commons/thumb/6/65/Schwartzman%2CGabriel_1992_Duisburg.jpg/250px-Schwartzman%2CGabriel_1992_Duisburg.jpg,,,,,gabriel-schwartzman,,19891,,,,,,
617822,"Sebag, Marie",FRA,F,GM,WGM,1986,2008,false,,false,,,FRA,Paris,FRA,https://upload.wikimedia.org/wikipedia/commons/thumb/1/11/MarieSebag19.jpg/250px-MarieSebag19.jpg,,,,Etoilegeniale,marie-sebag,,49255,,MarieSebag,,,,
14602296,"Sebenik, Matej",SLO,M,GM,,1983,2012,false,,false,,,SLO,Ljubljana,SLO,https://upload.wikimedia.org/wikipedia/commons/thumb/9/9f/Matej_%C5%A0ebenik_2024_09_21_45_Chess_Olympiad_Budapest_photo_by_Luka_Rifelj_%2864_of_169%29.jpg/250px-Matej_%C5%A0ebenik_2024_09_21_45_Chess_Olympiad_Budapest_photo_by_Luka_Rifelj_%2864_of_169%29.jpg,,Matej Šebenik is a Slovenian chess player. He was awarded the title of Grandmaster (GM) by FIDE in 2012. He won the Slovenian Chess Championship in 2014.,https://en.wikipedia.org/wiki/Matej_%C5%A0ebenik,RaphaeI,matej-sebenik,,50259,,,,,,
922900,"Sedlak, Nikola",SRB,M,GM,,1983,2003,false,,false,,,SRB,Subotica,SRB,https://upload.wikimedia.org/wikipedia/commons/thumb/b/b9/2019-Nikola-Sedlak.JPG/250px-2019-Nikola-Sedlak.JPG,,,,cody1983,nikola-sedlak,,49602,,,,,,
21874697,"Seemann, Jakub",POL,M,GM,,2008,2025,false,,false,,,POL,,POL,https://upload.wikimedia.org/wikipedia/commons/thumb/1/1b/2021-Jakub-Seemann_%28cropped%29.JPG/250px-2021-Jakub-Seemann_%28cropped%29.JPG,,,,,jakub-seemann,,,,,,,,
13301071,"Seferjan, Narek",ARM,M,GM,,1974,1998,false,,false,,,RUS,Moscow,ARM,https://upload.wikimedia.org/wikipedia/commons/thumb/c/c8/NSeferjan.jpg/250px-NSeferjan.jpg,,,,,narek-seferjan,,50566,,,,,,
2000032,"Seirawan, Yasser",USA,M,GM,,1960,1980,false,,false,,,USA,Damascus,USA,https://upload.wikimedia.org/wikipedia/commons/thumb/2/2a/Seirawan0301_137.jpg/250px-Seirawan0301_137.jpg,,,,GMYAZ,yasser-seirawan,yasser-seirawan,14075,,,,,,
1706993,"Semcesen, Daniel",SWE,M,GM,,1986,2014,false,,false,,,SWE,Sweden,SWE,,,,,Khaz_Modan,daniel-semcesen,,105186,,,,,,
5008352,"Sengupta, Deep",IND,M,GM,,1988,2010,false,,false,,,IND,Chakradharpur,IND,https://upload.wikimedia.org/wikipedia/commons/thumb/e/e9/Deep_Sengupta_2014_Basel.jpg/250px-Deep_Sengupta_2014_Basel.jpg,,Deep Sengupta is an Indian chess player. He is India's 22nd player to be awarded the title Grandmaster by FIDE. Sengupta competed in the FIDE World Cup in 2017.,https://en.wikipedia.org/wiki/Deep_Sengupta,deep306,deep-sengupta,,56773,,gmdeepsengupta,,,,
701254,"Seres, Lajos",HUN,M,GM,,1973,2003,false,,false,,,HUN,Kisköre,HUN,,,,,,lajos-seres,,10763,,,,,,
14101076,"Sergeev, Vladimir",UKR,M,GM,,1964,2007,false,,false,,,UKR,Kyiv,UKR,,,,,,vladimir-sergeev,,50832,,,,,,
14600714,"Sermek, Drazen",CRO,M,GM,,1969,1994,false,,false,,,CRO,Osijek,SLO|CRO,,,,,,drazen-sermek,,24720,,,,,,
2012642,"Serper, Grigory",USA,M,GM,,1969,1992,false,,false,,,UZB,Tashkent,USA,https://upload.wikimedia.org/wikipedia/commons/a/ab/Serperk.jpg,,,,Gserper,gregory-serper,,13854,,,,,,
5021596,"Sethuraman, S.P.",IND,M,GM,,1993,2011,false,,false,,,IND,Chennai,IND,https://upload.wikimedia.org/wikipedia/commons/thumb/a/aa/Sethuraman2017.png/250px-Sethuraman2017.png,,,,Sethu0025,s-p-sethuraman,,99254,,sethuramanchess,sethuramanchess,,,
13402463,"Sevdimaliyev, Urfan",AZE,M,GM,,1989,2015,false,,false,,,AZE,Nakhchivan,AZE,,,,,,urfan-sevdimaliyev,,147857,,,,,,
2040506,"Sevian, Samuel",USA,M,GM,,2000,2014,false,,false,,,USA,Corning,USA,https://upload.wikimedia.org/wikipedia/commons/thumb/e/e3/SamSevian23.jpg/250px-SamSevian23.jpg,,,,Konavets,sam-sevian,,128737,,SamSevian,,,,
5200156,"Sevillano, Enrico",USA,M,GM,,1968,2012,false,,false,,,PHI,Cebu City,PHI|USA,,,,,Taxidermist,enrico-sevillano,,85716,,,,,,
2008572,"Shabalov, Alexander",USA,M,GM,,1967,1991,false,,false,,,LAT,Riga,USA,https://upload.wikimedia.org/wikipedia/commons/thumb/a/a3/Shabalov0201_057.jpg/250px-Shabalov0201_057.jpg,,,,superblysse,alexander-shabalov,,17665,,,,,,
4103726,"Shabanov, Yuri",RUS,M,GM,,1937,2004,true,2010,false,,,RUS,Khabarovsk,RUS,https://upload.wikimedia.org/wikipedia/commons/thumb/7/7a/Shabanov_Yury_Fyodorovich%2C_1995.jpg/250px-Shabanov_Yury_Fyodorovich%2C_1995.jpg,,,,,,,,,,,,,
2007991,"Shaked, Tal",USA,M,GM,,1978,1997,false,,false,,,USA,Albuquerque,USA,,,,,,tal-shaked,,12119,http://talshaked.com,,,,,
4146042,"Shalnev, Nikolai",GER,M,GM,,1944,2001,false,,false,,,GER,,RUS|GER,,,,,,nikolai-shalnev,,30561,,,,,,
2000857,"Shamkovich, Leonid",URS,M,GM,,1923,1965,true,2005,false,,,RUS,Rostov-on-Don,URS,https://upload.wikimedia.org/wikipedia/commons/thumb/9/94/Leonid_Shamkovich_1980_Malta.jpg/250px-Leonid_Shamkovich_1980_Malta.jpg,,,,,,,,,,,,,
13601784,"Shanava, Konstantine",GEO,M,GM,,1985,2006,false,,false,,,GEO,,GEO,,,,,Killer-Kostya,konstantine-shanava,,50124,,,,,,
2004887,"Shankland, Sam",USA,M,GM,,1991,2011,false,,false,,,USA,Berkeley,USA,https://upload.wikimedia.org/wikipedia/commons/thumb/3/39/SamShankland23c.jpg/250px-SamShankland23c.jpg,,,,Shankland,sam-shankland,,114803,https://samshankland.com,GMShanky,,,,
4122232,"Shaposhnikov, Evgeny",RUS,M,GM,,1981,2004,false,,false,,,RUS,Saratov,RUS,,,,,,jewgeni-nikolajewitsch-schaposchnikow,E-Shaposhnikov,49076,,,,,,
14103133,"Sharapov, Yevhen",UKR,M,GM,,1981,2010,false,,false,,,UKR,,UKR,,,,,SharapovEvgeny,evgeny-sharapov,,54458,,,,,,
4900340,"Sharavdorj, Dashzegve",MGL,M,GM,,1974,1999,false,,false,,,MGL,,MGL,,,,,Shiirav,dashzegve-sharavdorj,,42802,,,,,,
4122747,"Shariyazdanov, Andrey",SRB,M,GM,,1976,1998,false,,false,,,SRB,,RUS|SRB,,,,,,andrey-shariyazdanov,,44771,,,,,,
2400553,"Shaw, John",SCO,M,GM,,1968,2006,false,,false,,,SCO,"Irvine, North Ayrshire",SCO,https://upload.wikimedia.org/wikipedia/commons/thumb/5/59/Shaw_rd6_4thEUIO.JPG/250px-Shaw_rd6_4thEUIO.JPG,,,,,john-shaw,,21966,,,,,,
4107730,"Shchekachev, Andrei",FRA,M,GM,,1972,1996,false,,false,,,FRA,,RUS|FRA,https://upload.wikimedia.org/wikipedia/commons/thumb/2/2a/Andrei_Shchekachev_World_Rapid_Chess_Championship.jpg_02.JPG/250px-Andrei_Shchekachev_World_Rapid_Chess_Championship.jpg_02.JPG,,,,,andrei-shchekachev,,67581,,,,,,
4102240,"Shcherbakov, Ruslan",RUS,M,GM,,1969,1993,false,,false,,,RUS,Borovichi,RUS,,,,,Chowman64,ruslan-shcherbakov,,21383,,,,,,
2057360,"Sheng, Joshua",USA,M,GM,,2000,2021,false,,false,,,USA,,USA,,,Joshua Sheng is an American chess grandmaster.,https://en.wikipedia.org/wiki/Joshua_Sheng,jjosu,joshua-sheng,,139693,,,,,,
13601270,"Shengelia, David",AUT,M,GM,,1980,2005,false,,false,,,GEO,Tbilisi,GEO|AUT,https://upload.wikimedia.org/wikipedia/commons/thumb/e/e7/Shengelia_David.jpg/250px-Shengelia_David.jpg,,David Shengelia is a Georgian-Austrian chess grandmaster.,https://en.wikipedia.org/wiki/David_Shengelia,,dawit-schengelia,,50092,,,,,,
2019574,"Sher, Miron",USA,M,GM,,1952,1992,true,2020,false,,,RUS,Kaliningrad,RUS|USA,,,,,,miron-sher,,27771,,,,,,
2000512,"Sherzer, Alex",USA,M,GM,,1971,1993,true,2022,false,,,USA,,USA,,,,,,alex-sherzer,,23381,,,,,,
14129574,"Shevchenko, Kirill",ROU,M,GM,,2002,2017,false,,true,2025,Caught cheating with smartphone at 2024 Spanish Team Championship; 3-year ban,ROU,,UKR|ROU,,,,,kirillshevchenko,kirill-shevchenko,Chesser22,154681,,Chesser_22,,,,
4198603,"Shimanov, Aleksandr",RUS,M,GM,,1992,2009,false,,false,,,RUS,Saint Petersburg,RUS,https://upload.wikimedia.org/wikipedia/commons/thumb/e/ed/Aleksandr_Shimanov_2012.jpg/250px-Aleksandr_Shimanov_2012.jpg,,,,ShimanovAlex,aleksandr-shimanov,Multibrendovyi,114534,,,,UCW7D0jKNvkd8C839wIwNJ8A,shiman4ik,
4113624,"Shipov, Sergei",RUS,M,GM,,1966,1996,false,,false,,,RUS,Murom,RUS,https://upload.wikimedia.org/wikipedia/commons/thumb/c/cf/Sergey_Shipov_Satka_2018.jpg/250px-Sergey_Shipov_Satka_2018.jpg,,,,GM_Crest,sergei-shipov,Crest64,21968,,crestbook64,crestbook,UCKU4AiWGEmXdf91rrj8BHRw,crestbook64,sergey.shipov.7
2209390,"Shirov, Alexei",ESP,M,GM,,1972,1990,false,,false,,,LAT,Riga,ESP|LAT|ESP,https://upload.wikimedia.org/wikipedia/commons/thumb/6/6b/AShirov10.jpg/250px-AShirov10.jpg,,Alexei Dmitrievich Shirov is a Latvian and Spanish chess player. Shirov was ranked number two in the world in 1994.,https://en.wikipedia.org/wiki/Alexei_Shirov,AlexeiShirov,alexei-shirov,,15809,,,,,,alexei.shirov.3
14101696,"Shishkin, Vadim",UKR,M,GM,,1969,2007,false,,false,,,UKR,Kyiv,UKR,https://upload.wikimedia.org/wikipedia/commons/thumb/a/a0/2018-Vadim-Shishkin.JPG/250px-2018-Vadim-Shishkin.JPG,,,,,vadim-chichkine,,58166,,,,,,
14108836,"Shkuro, Iuri",UKR,M,GM,,1982,2009,false,,false,,,UKR,Kherson,UKR,,,,,Iuri_Shkuro,youri-chkouro,,56644,https://chessno.com/,,,,,
14100045,"Shneider, Aleksandr",UKR,M,GM,,1962,1990,false,,false,,,UKR,Luhansk,UKR,,,,,,aleksandr-shneider,,17638,,,,,,
627143,"Shoker, Samy",EGY,M,GM,,1987,2014,false,,false,,,FRA,Asnières-sur-Seine,FRA|EGY,https://upload.wikimedia.org/wikipedia/commons/thumb/b/b4/Samy_Shoker_%28cropped%29.jpg/250px-Samy_Shoker_%28cropped%29.jpg,,,,samolo,samy-shoker,,51992,,,,,,
4135148,"Shomoev, Anton",RUS,M,GM,,1981,2002,false,,false,,,RUS,Ulan-Ude,RUS,,,"The following people have all been grandmasters (GM) of chess. The title has been awarded since 1950 to players who have met the standards required by the sport's governing body, FIDE. Other than world champion, it is the highest title a chess player can attain and is awarded for life, although FIDE regulations allow for the revocation of titles for cheating or fraud.",https://en.wikipedia.org/wiki/List_of_chess_grandmasters,AntonShomoev,anton-shomoev,,50320,,,,,,
400025,"Short, Nigel D",ENG,M,GM,,1965,1984,false,,false,,,ENG,Leigh,ENG,https://upload.wikimedia.org/wikipedia/commons/thumb/8/8c/Nigel_Short_%282018%29.jpg/250px-Nigel_Short_%282018%29.jpg,,,,NigelShort,nigel-short,,12181,,nigelshortchess,,,,
14113325,"Shtembuliak, Evgeny",UKR,M,GM,,1999,2019,false,,false,,,UKR,Illichivsk,UKR,,,,,Shtembuliak,evgeny-shtembuliak,,118240,,,,,,
4103351,"Shtyrenkov, Veniamen",RUS,M,GM,,1958,1999,false,,false,,,RUS,,RUS,,,,,,veniamen-shtyrenkov,,50142,,,,,,
34119962,"Shubin, Kirill",FID,M,GM,,2003,2026,false,,false,,,RUS,Vladivostok,RUS|FID,,,Kirill Eduardovich Shubin is a Russian chess grandmaster.,https://en.wikipedia.org/wiki/Kirill_Shubin,Shubinkirill2003,kirill-shubin,Batko2003,154099,,,,,,
13500520,"Shulman, Yury",USA,M,GM,,1975,1995,false,,false,,,BLR,Minsk,BLR|USA,https://upload.wikimedia.org/wikipedia/commons/thumb/c/c0/GM_Yury_Shulman_%28cropped%29.jpg/250px-GM_Yury_Shulman_%28cropped%29.jpg,,,,YuryShulman,yury-shulman,,28307,,,,,,
4500490,"Shvyrjov, Igor",EST,M,GM,,1955,2005,false,,false,,,UKR,Kyiv,EST,,,,,,igor-shvyrjov,,99039,,,,,,
5024218,Shyaam Nikhil P,IND,M,GM,,1992,2024,false,,false,,,IND,Thiruvananthapuram,IND,https://upload.wikimedia.org/wikipedia/commons/thumb/a/a4/Nikil_Shyam_2012.jpg/250px-Nikil_Shyam_2012.jpg,,,,,shyaamnikhil-p,,,,,,,,
5019141,"Shyam, Sundar M.",IND,M,GM,,1992,2013,false,,false,,,IND,Vellore,IND,https://upload.wikimedia.org/wikipedia/commons/thumb/5/58/Sundar_Shyam_2012.jpg/250px-Sundar_Shyam_2012.jpg,,,,shyam,sundar-m-shyam,,117314,,,,,,
812633,"Shytaj, Iart Luca",ITA,M,GM,,1986,2018,false,,false,,,ALB,Tirana,ITA,https://upload.wikimedia.org/wikipedia/commons/thumb/b/b4/Shytaj%2CLuca_2019_Radenci.jpg/250px-Shytaj%2CLuca_2019_Radenci.jpg,,,,,luca-shytaj,,86865,,,,,,
5818320,"Siddharth, Jagadeesh",SGP,M,GM,,2007,2024,false,,false,,,SGP,,SGP,,,,,SiddharthGMJagadeesh,jagadeesh-siddharth,,162542,,,,,,
4609352,"Siebrecht, Sebastian",GER,M,GM,,1973,2008,false,,false,,,GER,Herdecke,GER,https://upload.wikimedia.org/wikipedia/commons/thumb/0/07/SebastianSiebrecht12.jpg/250px-SebastianSiebrecht12.jpg,,,,,sebastian-siebrecht,,18222,,,,,,
2300079,"Sigurjonsson, Gudmundur",ISL,M,GM,,1947,1975,false,,false,,,ISL,Reykjavík,ISL,https://upload.wikimedia.org/wikipedia/commons/thumb/1/16/Hoogovenschaaktoernooi%2C_Wijk_aan_Zee_18%2C_19_Kurajica_in_aktie_en_4%2C_5_Sosonk%2C_Bestanddeelnr_928-9946.jpg/250px-Hoogovenschaaktoernooi%2C_Wijk_aan_Zee_18%2C_19_Kurajica_in_aktie_en_4%2C_5_Sosonk%2C_Bestanddeelnr_928-9946.jpg,,,,,gudmundur-sigurjonsson,,37448,,,,,,
14104911,"Sikula, Vaszilij",UKR,M,GM,,1981,2011,false,,false,,,UKR,Vynohradiv,UKR,,,,,,vaszilij-sikula,,56968,,,,,,
307165,"Simacek, Pavel",CZE,M,GM,,1979,2018,false,,false,,,CZE,,CZE,https://upload.wikimedia.org/wikipedia/commons/thumb/c/cd/Simacek_Pavel_Wroclaw2010.JPG/250px-Simacek_Pavel_Wroclaw2010.JPG,,,,,pavel-simacek,,51463,,,,,,
W6195109,"Simagin, Vladimir",URS,M,GM,,1919,1962,true,1968,false,,,RUS,Moscow,URS,,,,,,,,,,,,,,
14104555,"Simantsev, Mikhail",UKR,M,GM,,1978,2008,false,,false,,,UKR,Kharkiv,UKR,,,,,,mikhail-simantsev,,10887,,,,,,
900184,"Simić, Radoslav",YUG,M,GM,,1948,1984,true,2020,false,,,YUG,Mali Požarevac,YUG,,,,,,,,,,,,,,
13302337,"Simonian, Hrair",ARM,M,GM,,1991,2009,false,,false,,,ARM,Yerevan,ARM,https://upload.wikimedia.org/wikipedia/commons/thumb/0/04/Hrair_Simonian_2010.JPG/250px-Hrair_Simonian_2010.JPG,,,,,hrair-simonian,,105731,,,,,,
8700168,"Simutowe, Amon",ZAM,M,GM,,1982,2009,false,,false,,,ZAM,Ndola,ZAM,https://upload.wikimedia.org/wikipedia/commons/thumb/6/6f/Amon_Simutowe.jpg/250px-Amon_Simutowe.jpg,,,,,amon-simutowe,,49263,,,,,,
14205483,"Sindarov, Javokhir",UZB,M,GM,,2005,2019,false,,false,,,UZB,Tashkent,UZB,https://upload.wikimedia.org/wikipedia/commons/thumb/6/61/Javokhir_Sindarov_%28cropped%29.jpg/250px-Javokhir_Sindarov_%28cropped%29.jpg,,,,,javokhir-sindarov,,155744,https://sindarov.com/,,,,,
5100020,"Sisniega Campbell, Marcel",MEX,M,GM,,1959,1992,true,2013,false,,,USA,Chicago,MEX,,,,,,,,,,,,,,
14116502,"Sivuk, Vitaly",SWE,M,GM,,1992,2014,false,,false,,,SWE,,UKR|SWE,https://upload.wikimedia.org/wikipedia/commons/thumb/8/8c/VitalySivuk2025.jpg/250px-VitalySivuk2025.jpg,,,,,vitaly-sivuk,,113390,,,,,,
4189302,"Sjugirov, Sanan",HUN,M,GM,,1993,2008,false,,false,,,RUS,Elista,RUS|HUN,https://upload.wikimedia.org/wikipedia/commons/thumb/2/26/SananSjugirov19.jpg/250px-SananSjugirov19.jpg,,,,Sanan_Sjugirov,sanan-sjugirov,,95905,,,,,,
4121848,"Skatchkov, Pavel",RUS,M,GM,,1979,2007,false,,false,,,RUS,Togliatti,RUS,,,,,pavel_skatchkov,pavel-skatchkov,,49700,,,,,,
4200020,"Skembris, Spyridon",GRE,M,GM,,1958,1990,false,,false,,,GRE,"Mandouki, Corfu",GRE,https://upload.wikimedia.org/wikipedia/commons/thumb/7/79/Spyridon_Skembris.jpg/250px-Spyridon_Skembris.jpg,,,,,spyridon-skembris,,20808,,,,,,
14604299,"Skoberne, Jure",SLO,M,GM,,1987,2010,false,,false,,,SLO,Šempeter pri Gorici,SLO,https://upload.wikimedia.org/wikipedia/commons/thumb/f/f0/Jure_%C5%A0koberne_2013.jpg/250px-Jure_%C5%A0koberne_2013.jpg,,,,L3on4rdo,jure-skoberne,,35981,,,,,,
4131029,"Skorchenko, Dmitriy",RUS,M,GM,,1983,2007,false,,false,,,RUS,Pyatigorsk,RUS,,,,,,dmitriy-skorchenko,,50193,,,,,,
100250,"Slipak, Sergio",ARG,M,GM,,1965,2001,false,,false,,,ARG,Buenos Aires,ARG,,,,,Slipak,sergio-slipak,,26902,,,,,,
4617347,"Slobodjan, Roman",GER,M,GM,,1975,1996,false,,false,,,GER,Potsdam,GER,https://upload.wikimedia.org/wikipedia/commons/thumb/e/eb/RomanSlobodjan11.jpg/250px-RomanSlobodjan11.jpg,,,,,roman-slobodjan,,11661,,,,,,
4100425,"Smagin, Sergey",RUS,M,GM,,1958,1987,false,,false,,,RUS,Norilsk,RUS,https://upload.wikimedia.org/wikipedia/commons/thumb/d/d5/SergeySmagin.jpg/250px-SergeySmagin.jpg,,,,,sergey-smagin,,16704,,,,,,
1007246,"Smeets, Jan",NED,M,GM,,1985,2004,false,,false,,,NED,Leiden,NED,https://upload.wikimedia.org/wikipedia/commons/thumb/7/77/Jan_Smeets_2013.jpg/250px-Jan_Smeets_2013.jpg,,,,JanSmeets,jan-smeets,,35886,,,,,,
300020,"Smejkal, Jan",CZE,M,GM,,1946,1972,false,,false,,,CZE,Lanškroun,CZE,https://upload.wikimedia.org/wikipedia/commons/thumb/c/c0/Jan_Smejkal_%28Tsjech%29%2C_Bestanddeelnr_928-0394.jpg/250px-Jan_Smejkal_%28Tsjech%29%2C_Bestanddeelnr_928-0394.jpg,,,,,jan-smejkal,,29727,,,,,,
3202305,"Smerdon, David C",AUS,M,GM,,1984,2009,false,,false,,,AUS,Brisbane,AUS,https://upload.wikimedia.org/wikipedia/commons/thumb/4/48/Smerdon_David_%2829002963974%29_%28cropped2%29.jpg/250px-Smerdon_David_%2829002963974%29_%28cropped2%29.jpg,,David Craig Smerdon is an Australian chess player and economist who holds the FIDE title of Grandmaster (GM). He is the seventh highest ranked chess player of Australia. Smerdon has played for the Australian team in the Chess Olympiad since 2004.,https://en.wikipedia.org/wiki/David_Smerdon,smurfo,david-c-smerdon,,58830,https://www.davidsmerdon.com/,dsmerdon,,,,
2801990,"Smirin, Ilia",ISR,M,GM,,1968,1990,false,,false,,,BLR,Vitebsk,ISR,https://upload.wikimedia.org/wikipedia/commons/thumb/b/bb/Smirin_Ilia.jpg/250px-Smirin_Ilia.jpg,,"The following people have all been grandmasters (GM) of chess. The title has been awarded since 1950 to players who have met the standards required by the sport's governing body, FIDE. Other than world champion, it is the highest title a chess player can attain and is awarded for life, although FIDE regulations allow for the revocation of titles for cheating or fraud.",https://en.wikipedia.org/wiki/List_of_chess_grandmasters,Tapuah,ilya-smirin,,14149,,,,,,
3208923,"Smirnov, Anton",AUS,M,GM,,2001,2017,false,,false,,,AUS,Canberra,AUS,https://upload.wikimedia.org/wikipedia/commons/thumb/6/61/TataSteelChess2020-1_%28cropped%29.jpg/250px-TataSteelChess2020-1_%28cropped%29.jpg,,,,AntonSmirnov,anton-smirnov,Crew12,130817,,,,,,
14110482,"Smirnov, Igor",UKR,M,GM,,1987,2008,false,,false,,,UKR,Sevastopol,UKR,,,,,GM_Igor_Smirnov,igor-smirnov,,65764,,,,,,
4123425,"Smirnov, Pavel",RUS,M,GM,,1982,2003,false,,false,,,RUS,Mezhdurechensk,RUS,,,,,Smirnov_Pavel,pavel-smirnov,,49030,,,,,,
1707930,"Smith, Axel",SWE,M,GM,,1986,2016,false,,false,,,SWE,Ystad,SWE,https://upload.wikimedia.org/wikipedia/commons/thumb/0/06/Axel_Smith.jpg/250px-Axel_Smith.jpg,,,,,axel-smith,,106309,,,,,,
2017083,"Smith, Bryan",USA,M,GM,,1980,2013,false,,false,,,USA,California,USA,,,,,BryanSmith,bryan-g-smith,,10169,,,,,,
4100310,"Smyslov, Vasily",URS,M,GM,,1921,1950,true,2010,false,,,RUS,Moscow,URS,https://upload.wikimedia.org/wikipedia/commons/thumb/5/5d/Interpolisschaaktoernooi_Tilburg_1819_Smyslov_aan_zet%2C_Bestanddeelnr_929-3630.jpg/250px-Interpolisschaaktoernooi_Tilburg_1819_Smyslov_aan_zet%2C_Bestanddeelnr_929-3630.jpg,,,,,,,,,,,,,
5202213,"So, Wesley",USA,M,GM,,1993,2008,false,,false,,,PHI,Bacoor,PHI|USA,https://upload.wikimedia.org/wikipedia/commons/thumb/d/dc/Wesley_So_in_2023.jpg/250px-Wesley_So_in_2023.jpg,,"Wesley Barbossa So is a Filipino-American chess grandmaster, a three-time U.S. Chess Champion, and the first World Fischer Random Chess Champion. He is also a three-time Philippine Chess Champion.",https://en.wikipedia.org/wiki/Wesley_So,GMWSO,wesley-so,,95915,https://www.wesleyso.com,,,,,wesleyso
662569,"Sochacki, Christophe",FRA,M,GM,,1994,2022,false,,false,,,FRA,Paris,FRA,,,,,LaStreetCmaMaison,christophe-sochacki,,117705,,,,,,
1107038,"Socko, Bartosz",POL,M,GM,,1978,1999,false,,false,,,POL,Piaseczno,POL,https://upload.wikimedia.org/wikipedia/commons/thumb/7/7d/2021-Bartosz-Socko_%28cropped%29.JPG/250px-2021-Bartosz-Socko_%28cropped%29.JPG,,,,BartoszSocko,bartosz-socko,BartoszSocko,34659,,,,,,
1106619,"Socko, Monika",POL,F,GM,WGM,1978,2008,false,,false,,,POL,Warsaw,POL,https://upload.wikimedia.org/wikipedia/commons/thumb/1/13/2022-Monika-Socko.JPG/250px-2022-Monika-Socko.JPG,,,,gliglu,monika-socko,,51452,,,,,,monika.socko.10
2800101,"Soffer, Ram",ISR,M,GM,,1965,1994,false,,false,,,ISR,,ISR,,,,,,ram-soffer,,27698,,,,,,
627089,"Sokolov, Andrei",FRA,M,GM,,1963,1984,false,,false,,,RUS,Vorkuta,FRA,https://upload.wikimedia.org/wikipedia/commons/thumb/0/0d/AndreiSokolov09.jpg/250px-AndreiSokolov09.jpg,,,,,andrei-sokolov,,11701,http://a.sokolov.free.fr,,,,,
14400030,"Sokolov, Ivan",NED,M,GM,,1968,1987,false,,false,,,NED,Jajce,BIH|NED|BIH|NED,https://upload.wikimedia.org/wikipedia/commons/thumb/5/5b/IvanSokolov2023_%28cropped%29.jpg/250px-IvanSokolov2023_%28cropped%29.jpg,,"Ivan Sokolov may refer to:Ivan Sokolov, a Dutch chess grandmaster Ivan Sokolov (composer), a Russian composer Ivan Sokolov (painter) (1823–1918), a Russian painter Ivan Sokolov, a Russian Greco-Roman wrestler from Buriki One fighting game",https://en.wikipedia.org/wiki/Ivan_Sokolov,vegasicilia,ivan-sokolov,,10992,,,,,,
2820242,"Sokolovsky, Yahli",ISR,M,GM,,2006,2024,false,,false,,,ISR,,ISR,https://upload.wikimedia.org/wikipedia/commons/thumb/1/1d/Yahli_Sokolovsky_%28ISR%29_%2835415509823%29.jpg/250px-Yahli_Sokolovsky_%28ISR%29_%2835415509823%29.jpg,,,,Sokoloco,yahli-sokolovsky,,156298,,,,,,
916811,"Solak, Dragan",TUR,M,GM,,1980,2001,false,,false,,,SRB,Vrbas,SRB|TUR,https://upload.wikimedia.org/wikipedia/commons/thumb/3/3f/Solak_Dragan_%2830169314045%29_%28cropped%29.jpg/250px-Solak_Dragan_%2830169314045%29_%28cropped%29.jpg,,,,DraganSolak,dragan-solak,,49488,,dragansolak,,,,
1005286,"Solleveld, Maarten",NED,M,GM,,1979,2012,false,,false,,,NED,Amsterdam,NED,,,,,MaartenSolleveld,maarten-solleveld,,49112,,,,,,
14104369,"Solodovnichenko, Yuri",UKR,M,GM,,1978,2007,false,,false,,,UKR,Kherson,UKR,https://upload.wikimedia.org/wikipedia/commons/thumb/3/35/Yuri_Solodovnichenko_2006.jpg/250px-Yuri_Solodovnichenko_2006.jpg,,,,,youri-solodovnitchenko,,76787,,,,,,
14300192,"Solomon, Kenneth Terence",RSA,M,GM,,1979,2015,false,,false,,,RSA,,RSA,https://upload.wikimedia.org/wikipedia/commons/thumb/a/ac/KennySolomon19.jpg/250px-KennySolomon19.jpg,,,,underdogchss,kenny-solomon,,51154,http://kennysolomon.co.za/,,,,,
4102266,"Solozhenkin, Evgeniy",RUS,M,GM,,1966,1993,false,,false,,,RUS,Leningrad,RUS,https://upload.wikimedia.org/wikipedia/commons/2/23/Solozhenkin.jpg,,,,,evgeniy-solozhenkin,,18154,,,,,,
2000741,"Soltis, Andrew",USA,M,GM,,1947,1980,false,,false,,,USA,"Hazleton, Pennsylvania",USA,https://upload.wikimedia.org/wikipedia/commons/thumb/c/c4/Andy_Soltis_2015.jpeg/250px-Andy_Soltis_2015.jpeg,,,,,andrew-soltis,,37439,,,,,,
3203824,"Song, Raymond",TPE,M,GM,,1994,2023,false,,false,,,TPE,,AUS|TPE,,,,,,raymond-song,,101746,,,,,,
895733,"Sonis, Francesco",ITA,M,GM,,2002,2021,false,,false,,,ITA,Genoa,ITA,https://upload.wikimedia.org/wikipedia/commons/thumb/8/84/Sonis%2CFrancesco_2019_Radenci.jpg/250px-Sonis%2CFrancesco_2019_Radenci.jpg,,,,,francesco-sonis,,155910,,,,,,
100196,"Sorin, Ariel",ARG,M,GM,,1967,1995,false,,false,,,ARG,Buenos Aires,ARG,,,,,A_Sorin,ariel-sorin,,19906,,,,,,
24176460,"Sorokin, Aleksey",RUS,M,GM,,2000,2021,false,,false,,,RUS,Barnaul,RUS,,,,,Aleksey_Sorokin,aleksey-sorokin,AVS2000,150516,,,,,,
108928,"Sorokin, Maxim",RUS,M,GM,,1968,1992,true,2007,false,,,RUS,,ARG|RUS,,,,,,,,,,,,,,
121576,"Sosa, Tomas",ARG,M,GM,,1998,2022,false,,false,,,ARG,Buenos Aires,ARG,,,,,Sosat98,tomas-valentin-sosa,,153896,,,,,,
1000039,"Sosonko, Gennadi",NED,M,GM,,1943,1976,false,,false,,,RUS,Troitsk,NED,https://upload.wikimedia.org/wikipedia/commons/thumb/2/2d/Sosonko.jpg/250px-Sosonko.jpg,,,,Genna1943,genna-sosonko,,23985,,,,,,
101966,"Spangenberg, Hugo",ARG,M,GM,,1975,1996,false,,false,,,ARG,Buenos Aires,ARG,,,,,hugospangenberg,hugo-spangenberg,,14588,,,,,,
2900041,"Spasov, Vasil",BUL,M,GM,,1971,1990,false,,false,,,BUL,Varna,BUL,,,,,,vasil-spasov,,37893,,,,,,
600024,"Spassky, Boris V.",RUS,M,GM,,1937,1955,true,2025,false,,,RUS,Leningrad,FRA|RUS,https://upload.wikimedia.org/wikipedia/commons/thumb/4/47/Dhr._Boris_Spassky%2C_Bestanddeelnr_932-7320.jpg/250px-Dhr._Boris_Spassky%2C_Bestanddeelnr_932-7320.jpg,,,,,boris-spassky,,21136,,,,,,
2900220,"Spassov, Liuben",BUL,M,GM,,1943,1976,true,2023,false,,,BUL,Sofia,BUL,,,,,,liuben-spassov,,67486,,,,,,
400033,"Speelman, Jon S",ENG,M,GM,,1956,1980,false,,false,,,ENG,London,ENG,https://upload.wikimedia.org/wikipedia/commons/thumb/f/f0/JonSpeelman24.jpg/250px-JonSpeelman24.jpg,,,,jon_speelman,jon-s-speelman,Jon_Speelman,27451,,JonSpeelman,,,JonSpeelman,
2900238,"Spiridonov, Nikola",BUL,M,GM,,1938,1979,true,2021,false,,,BUL,Pleven,BUL,https://upload.wikimedia.org/wikipedia/commons/thumb/7/7d/Nikola_spiridonov.jpg/250px-Nikola_spiridonov.jpg,,,,,nikola-spiridonov,,71469,,,,,,
1010891,"Spoelman, Wouter",NED,M,GM,,1990,2009,false,,false,,,NED,Zwolle,NED,https://upload.wikimedia.org/wikipedia/commons/thumb/c/c5/Wouter_Spoelman_%28cropped%29.jpg/250px-Wouter_Spoelman_%28cropped%29.jpg,,,,Mr_Dynamic,wouter-spoelman,,65795,,,,,,
2600013,"Spraggett, Kevin",CAN,M,GM,,1954,1985,false,,false,,,CAN,Montreal,CAN,https://upload.wikimedia.org/wikipedia/commons/thumb/5/50/Kevin_Spraggett_2010.jpg/250px-Kevin_Spraggett_2010.jpg,,,,,kevin-spraggett,,21784,,,,,,
4646258,"Sprenger, Jan Michael, Dr.",GER,M,GM,,1982,2018,false,,false,,,GER,Cologne,GER,https://upload.wikimedia.org/wikipedia/commons/thumb/b/b3/Gallipoli2016.jpg/250px-Gallipoli2016.jpg,,,,,dr-jan-michael-sprenger,,36815,https://www.laeuferpaar.de,,,,,
46617116,Srihari L R,IND,M,GM,,2005,2025,false,,false,,,IND,,IND,,,Srihari L. Ravi is an Indian chess grandmaster.,https://en.wikipedia.org/wiki/Srihari_L._R.,blitzking1729,l-r-srihari,,162079,,,,,,
5001668,"Sriram, Jha",IND,M,GM,,1976,2010,false,,false,,,IND,Madhubani,IND,https://upload.wikimedia.org/wikipedia/commons/thumb/1/11/Sriram_Jha_19th_Bangkok_Chess_Club_Open.jpg/250px-Sriram_Jha_19th_Bangkok_Chess_Club_Open.jpg,,,,DelhiGM,sriram-jha,,49541,,,,,,
1601776,"Stanec, Nikolaus",AUT,M,GM,,1968,2003,false,,false,,,AUT,Vienna,AUT,https://upload.wikimedia.org/wikipedia/commons/thumb/8/8f/Stanec%2CNikolaus_2015_Wien.JPG/250px-Stanec%2CNikolaus_2015_Wien.JPG,,,,,nikolaus-stanec,,19847,,,,,,
4600274,"Stangl, Markus",GER,M,GM,,1969,1993,true,2020,false,,,GER,,GER,https://upload.wikimedia.org/wikipedia/commons/thumb/e/eb/MStangl09.jpg/250px-MStangl09.jpg,,,,,,,,,,,,,
15000257,"Stanojoski, Zvonko",MKD,M,GM,,1964,2004,false,,false,,,MKD,Prilep,MKD,https://upload.wikimedia.org/wikipedia/commons/thumb/9/93/Zvonko_Stanojoski_2013.jpg/250px-Zvonko_Stanojoski_2013.jpg,,,,Ucitelot,zvonko-stanojoski,,44759,,,,,,
5029104,"Stany, G.A.",IND,M,GM,,1993,2019,false,,false,,,IND,"Bhadravati, Karnataka",IND,https://upload.wikimedia.org/wikipedia/commons/thumb/0/04/Stanyga.jpg/250px-Stanyga.jpg,,"Stany George Anthony is an Indian chess player and a chess grandmaster. In 2012, he became Karnataka's youngest international master at the time after completing his final norm in Rethymno International Open, Greece. In December 2018 he completed his final grand master norm in National Senior Chess Championship, Jammu and became India's fifty-eighth and Karnataka's second grandmaster.",https://en.wikipedia.org/wiki/Stany_G.A.,stanyga,g-a-stany,,131275,,Stany0122,,,,
11600748,"Starostits, Ilmars",LAT,M,GM,,1979,2010,false,,false,,,LAT,Rēzekne,LAT,https://upload.wikimedia.org/wikipedia/commons/thumb/b/b0/Ilmars_Starostits_2011_%28cropped%29.JPG/250px-Ilmars_Starostits_2011_%28cropped%29.JPG,,,,,ilmars-starostits,,55519,,,,,,
400130,"Stean, Michael F",ENG,M,GM,,1953,1977,false,,false,,,ENG,London,ENG,https://upload.wikimedia.org/wikipedia/commons/thumb/5/58/Michael_Stean_%281978%29.jpg/250px-Michael_Stean_%281978%29.jpg,,,,,michael-f-stean,,37449,,,,,,
2902257,"Stefanova, Antoaneta",BUL,F,GM,,1979,2002,false,,false,,,BUL,Sofia,BUL,https://upload.wikimedia.org/wikipedia/commons/thumb/0/02/2022-Antoaneta-Stefanova.JPG/250px-2022-Antoaneta-Stefanova.JPG,,,,GMStefanova,antoaneta-stefanova,AntoanetaStefanova79,44272,,,,,,
2300087,"Stefansson, Hannes",ISL,M,GM,,1972,1993,false,,false,,,ISL,,ISL,https://upload.wikimedia.org/wikipedia/commons/thumb/8/86/Hannes_Stefansson.jpg/250px-Hannes_Stefansson.jpg,,,,TheRobot72,hannes-stefansson,,13793,,,,,,
2308649,"Stefansson, Vignir Vatnar",ISL,M,GM,,2003,2023,false,,false,,,ISL,,ISL,,,,,,vignir-vatnar-stefansson,,129027,,,,,,
W5180919,"Stein, Leonid",URS,M,GM,,1934,1962,true,1973,false,,,URS,Kamenets-Podolskiy,URS,https://upload.wikimedia.org/wikipedia/commons/thumb/5/53/Leonid_Stein_1969.jpg/250px-Leonid_Stein_1969.jpg,,,,,,,,,,,,,
2801795,"Steinberg, Nitzan",ISR,M,GM,,1998,2017,false,,false,,,ISR,,ISR,,,,,Nitzan_Steinberg,nitzan-steinberg,,134693,,,,,,
2300117,"Steingrimsson, Hedinn",ISL,M,GM,,1975,2007,false,,false,,,ISL,Reykjavík,ISL,https://upload.wikimedia.org/wikipedia/commons/thumb/1/14/Hedinn_Steingrimsson_%28ISL%29.jpg/250px-Hedinn_Steingrimsson_%28ISL%29.jpg,,Héðinn Steingrímsson is an Icelandic chess grandmaster. He is a three-time Icelandic Chess Champion and was World U12 Chess Champion in 1987. He is the No. 2 ranked Icelandic player as of January 2025.,https://en.wikipedia.org/wiki/H%C3%A9%C3%B0inn_Steingr%C3%ADmsson,Hedinn,hedinn-steingrimsson,,29157,,,,,,
827061,"Stella, Andrea",ITA,M,GM,,1993,2017,false,,false,,,ITA,Cremona,ITA,,,,,Superetual,andrea-stella,,118220,,,,,,
1006673,"Stellwagen, Daniel",NED,M,GM,,1987,2004,false,,false,,,GER,Soest,NED,https://upload.wikimedia.org/wikipedia/commons/thumb/8/88/DanielStellwagen13.jpg/250px-DanielStellwagen13.jpg,,,,,daniel-stellwagen,,50906,,,,,,
4611799,"Stern, Rene",GER,M,GM,,1972,2014,false,,false,,,GER,Dresden,GER,,,,,,rene-stern,,17888,,,,,,
14502569,"Stevic, Hrvoje",CRO,M,GM,,1980,2002,false,,false,,,CRO,Osijek,CRO,https://upload.wikimedia.org/wikipedia/commons/thumb/3/3d/Hrvoje_Stevi%C4%87_2013%282%29.jpg/250px-Hrvoje_Stevi%C4%87_2013%282%29.jpg,,,,Art_Vandelay1980,hrvoje-stevic,,24742,,,,,,
304760,"Stocek, Jiri",CZE,M,GM,,1977,1998,false,,false,,,CZE,,CZE,https://upload.wikimedia.org/wikipedia/commons/thumb/6/6d/Jiri_Stocek_2011.jpg/250px-Jiri_Stocek_2011.jpg,,,,KruHor,jiri-stocek,,19861,,,,,,
14900025,"Stohl, Igor",SVK,M,GM,,1964,1992,false,,false,,,SVK,Bratislava,SVK,https://upload.wikimedia.org/wikipedia/commons/thumb/b/b7/Stohl_igor_20061119_berlin_bundesliga.jpg/250px-Stohl_igor_20061119_berlin_bundesliga.jpg,,,,,igor-stohl,,11703,,,,,,
922692,"Stojanovic, Dalibor",BIH,M,GM,,1983,2012,false,,false,,,BIH,Bijeljina,SCG|BIH,,,,,,dalibor-stojanovic,,53030,,,,,,
916366,"Stojanovic, Mihajlo",SRB,M,GM,,1977,2007,false,,false,,,SRB,Belgrade,SRB,,,,,Bentsfriend,mihajlo-stojanovic,,26740,,,,,,
W2253270,"Stoltz, Gösta",SWE,M,GM,,1904,1954,true,1963,false,,,SWE,Stockholm,SWE,,,,,,,,,,,,,,
1119591,"Stopa, Jacek",POL,M,GM,,1987,2015,false,,false,,,POL,Wrocław,POL,,,,,Leeroy275,jacek-stopa,,95963,,,,,,
12804444,"Stremavicius, Titas",LTU,M,GM,,1998,2020,false,,false,,,LTU,Kaunas,LTU,https://upload.wikimedia.org/wikipedia/commons/e/e2/Titas_Stremavi%C4%8Dius_Palanga_2014_%28cropped%29.JPG,,,,,titas-stremavicius,,134815,,,,,,
900150,"Strikovic, Aleksa",SRB,M,GM,,1961,1996,false,,false,,,MKD,Skopje,SRB,https://upload.wikimedia.org/wikipedia/commons/thumb/b/b2/Aleksa_Strikovic.jpg/250px-Aleksa_Strikovic.jpg,,,,lestri,aleksa-strikovic,,13997,,,,,,
2015315,"Stripunsky, Alexander",USA,M,GM,,1970,1998,false,,false,,,USA,,USA,https://upload.wikimedia.org/wikipedia/commons/9/9b/Alexander_Stripunsky.jpg,,,,Alex_Stripunsky,alexander-stripunsky,,17205,,,,,,
1319620,"Studer, Noel",SUI,M,GM,,1996,2017,false,,false,,,SUI,Bern,SUI,https://upload.wikimedia.org/wikipedia/commons/thumb/4/4b/Studer%2CNoel_2019_Radenci.jpg/250px-Studer%2CNoel_2019_Radenci.jpg,,,,swisspower96,noel-studer,,134838,,NoelStuder,,,,
24107131,"Stukopin, Andrey",RUS,M,GM,,1994,2014,false,,false,,,RUS,Rostov-on-Don,RUS,,,,,andreystukopin,andrey-stukopin,,119969,,,,,,
13503758,"Stupak, Kirill",BLR,M,GM,,1990,2011,false,,false,,,BLR,Minsk,BLR,https://upload.wikimedia.org/wikipedia/commons/thumb/b/b5/Kirill_Stupak_2013.JPG/250px-Kirill_Stupak_2013.JPG,,,,S2PAc,kirill-stupak,,95990,,,,,,
2007304,"Sturt, Raven",USA,M,GM,,1993,2022,false,,false,,,USA,"Sedona, Arizona",USA,,,,,chessathletic,raven-m-sturt,,124657,,,,,,
13600095,"Sturua, Zurab",GEO,M,GM,,1959,1991,false,,false,,,GEO,Tbilisi,GEO,,,,,,zurab-sturua,,16904,,,,,,
W1665246,"Ståhlberg, Gideon",SWE,M,GM,,1908,1950,true,1967,false,,,SWE,Angered,SWE,https://upload.wikimedia.org/wikipedia/commons/thumb/e/e7/Gideon_Stahlberg_1961.jpg/250px-Gideon_Stahlberg_1961.jpg,,,,,,,,,,,,,
1203363,"Suba, Mihai",ESP,M,GM,,1947,1978,true,2025,false,,,ROU,Bucharest,ROU|ESP,https://upload.wikimedia.org/wikipedia/commons/thumb/0/0f/Suba_Mihai.jpg/250px-Suba_Mihai.jpg,,,,mihaisuba,mihai-suba,,15401,,,,,,
14618583,"Subelj, Jan",SLO,M,GM,,2004,2023,false,,false,,,SLO,Ljubljana,SLO,https://upload.wikimedia.org/wikipedia/commons/thumb/1/12/Jan_%C5%A0ubelj_2024_09_45_Chess_Olympiad_Budapest_photo_by_Luka_Rifelj_%28203_of_316%29_%28cropped%29.jpg/250px-Jan_%C5%A0ubelj_2024_09_45_Chess_Olympiad_Budapest_photo_by_Luka_Rifelj_%28203_of_316%29_%28cropped%29.jpg,,,,js20000,jan-subelj,,156041,,,,,,
4104668,"Suetin, Alexey",RUS,M,GM,,1926,1965,true,2001,false,,,UKR,Kirovograd,RUS,https://upload.wikimedia.org/wikipedia/commons/thumb/8/83/Suetin_1995_Bad_Liebenzell.jpg/250px-Suetin_1995_Bad_Liebenzell.jpg,,,,,,,,,,,,,
13413937,"Suleymanli, Aydin",AZE,M,GM,,2005,2021,false,,false,,,AZE,Baku,AZE,https://upload.wikimedia.org/wikipedia/commons/thumb/8/8f/Aydin_Suleymanli_2023.jpg/250px-Aydin_Suleymanli_2023.jpg,,,,LastGladiator1,aydin-suleymanli,,154733,,,,,,
13707833,"Suleymenov, Alisher",KAZ,M,GM,,2000,2023,false,,false,,,KAZ,Pavlodar,KAZ,,,Älışer Ermekūly Süleimenov is a Kazakh chess player who received the Grandmaster (GM) title in 2023. He had an upset victory over Magnus Carlsen in the second round game of the 2023 Qatar Masters.,https://en.wikipedia.org/wiki/Alisher_Suleymenov,alishersuleymenov,alisher-suleymenov,Alisher_Suleymenov,155955,,,,,,
12800112,"Sulskis, Sarunas",LTU,M,GM,,1972,1996,false,,false,,,LTU,Kėdainiai,LTU,https://upload.wikimedia.org/wikipedia/commons/thumb/0/00/Sulskis_Sarunas.jpg/250px-Sulskis_Sarunas.jpg,,,,MargirisKaunas,sarunas-sulskis,,35787,,,,,,
14100487,"Sulypa, Oleksandr",UKR,M,GM,,1972,2000,false,,false,,,UKR,Lviv,UKR,,,,,Flycont,oleksandr-sulypa,,49435,,Flycont,,,,
14105500,"Sumets, Andrey",UKR,M,GM,,1980,2006,false,,false,,,UKR,Odesa,UKR,,,"The following people have all been grandmasters (GM) of chess. The title has been awarded since 1950 to players who have met the standards required by the sport's governing body, FIDE. Other than world champion, it is the highest title a chess player can attain and is awarded for life, although FIDE regulations allow for the revocation of titles for cheating or fraud.",https://en.wikipedia.org/wiki/List_of_chess_grandmasters,diokletian,andrey-sumets,Odessacoach,52055,,,,,,
400980,"Summerscale, Aaron P",ENG,M,GM,,1969,1997,false,,false,,,ENG,London,ENG,https://upload.wikimedia.org/wikipedia/commons/thumb/a/a3/London_Chess_Classic_2010_Summerscale_01.jpg/250px-London_Chess_Classic_2010_Summerscale_01.jpg,,,,airgun1,aaron-p-summerscale,,13772,,,,,,aaron.summerscale
5005370,"Sundararajan, Kidambi",IND,M,GM,,1982,2009,false,,false,,,IND,Chennai,IND,,,,,Sundarkidambi,kidambi-sundararajan,,11567,,KidambiGm,,,,
2100037,"Sunye Neto, Jaime",BRA,M,GM,,1957,1986,false,,false,,,BRA,Curitiba,BRA,https://upload.wikimedia.org/wikipedia/commons/thumb/7/73/Jaime_Suny%C3%A9_Neto_1984_Thessaloniki.jpg/250px-Jaime_Suny%C3%A9_Neto_1984_Thessaloniki.jpg,,,,,jaime-sunye-neto,,15457,,,,,,
2106388,"Supi, Luis Paulo",BRA,M,GM,,1996,2018,false,,false,,,BRA,Catanduva,BRA,https://upload.wikimedia.org/wikipedia/commons/thumb/1/1a/Luis_Paulo_Supi.jpg/250px-Luis_Paulo_Supi.jpg,,,,LPSupi,luis-paulo-supi,,149239,,,gmsupi,UCpiJhNVDJoKDhShQeC7tN4A,gmsupi,
7100167,"Suradiradja, Herman",INA,M,GM,,1947,1978,true,2016,false,,,INA,Sukabumi,INA,,,,,,,,,,,,,,
2802007,"Sutovsky, Emil",ISR,M,GM,,1977,1996,false,,false,,,AZE,Baku,ISR,https://upload.wikimedia.org/wikipedia/commons/thumb/3/3a/EmilSutovsky23.jpg/250px-EmilSutovsky23.jpg,,,,,emil-sutovsky,,10836,,EmilSutovsky,,,,
2600056,"Suttles, Duncan",CAN,M,GM,,1945,1973,false,,false,,,USA,San Francisco,CAN,,,,,,duncan-suttles,,16142,,,,,,
14210495,"Suyarov, Mukhammadzokhid",UZB,M,GM,,2009,2026,false,,false,,,,,UZB,https://upload.wikimedia.org/wikipedia/commons/5/56/Mukhammadzokhid_Suyarov_in_August_2026_%281%29.jpg?utm_source=en.wikipedia.org&utm_campaign=api&utm_content=thumbnail_unscaled,https://en.wikipedia.org/wiki/Mukhammadzokhid_Suyarov,Mukhammadzokhid Suyarov is an Uzbekistani chess grandmaster.,https://en.wikipedia.org/wiki/Mukhammadzokhid_Suyarov,,,,,,,,,,
12923044,"Svane, Frederik",GER,M,GM,,2004,2022,false,,false,,,GER,Lübeck,GER,https://upload.wikimedia.org/wikipedia/commons/thumb/c/c6/FrederikSvane23c.jpg/250px-FrederikSvane23c.jpg,,,,frederiksvane,frederik-svane,Chessfis,150644,,GMFrederikSvane,,,gmfrederiksvane,
4657101,"Svane, Rasmus",GER,M,GM,,1997,2016,false,,false,,,DEN,Allerød Municipality,GER,https://upload.wikimedia.org/wikipedia/commons/thumb/3/3c/RasmusSvane23b.jpg/250px-RasmusSvane23b.jpg,,,,rasmussvane,rasmus-svane,sumsar42,118157,,GMRasmusSvane,,UC2XtMJKnr8SCaj3aU2jgaDg,gmrasmussvane,
4100638,"Sveshnikov, Evgeny",URS,M,GM,,1950,1977,true,2021,false,,,RUS,Chelyabinsk,LAT|RUS|URS,https://upload.wikimedia.org/wikipedia/commons/thumb/9/9b/Jevgeni_Svesjnikov_%281981%29.jpg/250px-Jevgeni_Svesjnikov_%281981%29.jpg,,,,,evgeny-sveshnikov,,44139,,,,,,
13900463,"Svetushkin, Dmitry",MDA,M,GM,,1980,2002,true,2020,false,,,MDA,,MDA,https://upload.wikimedia.org/wikipedia/commons/thumb/3/32/Svetushkin_Dmitry_%2829642551915%29.jpg/250px-Svetushkin_Dmitry_%2829642551915%29.jpg,,,,,,,,,,,,,
4102142,"Svidler, Peter",FID,M,GM,,1976,1994,false,,false,,,RUS,Leningrad,RUS|FID,https://upload.wikimedia.org/wikipedia/commons/thumb/2/20/Svidler_in_2019_%282%29.jpg/250px-Svidler_in_2019_%282%29.jpg,,,,PSvidler,peter-svidler,Moose959,79968,,polborta,,,,peter.svidler.3
5019184,"Swapnil, S. Dhopade",IND,M,GM,,1990,2016,false,,false,,,IND,Nagpur,IND,,,,,swapchess90,s-dhopade-swapnil,,117291,,,,,,
5028183,"Swayams, Mishra",IND,M,GM,,1992,2019,false,,false,,,IND,Cuttack,IND,,,,,swayamsm,mishra-swayams,,131265,,,,,,
1126881,"Swiercz, Dariusz",USA,M,GM,,1994,2009,false,,false,,,POL,Tarnowskie Góry,POL|USA,https://upload.wikimedia.org/wikipedia/commons/thumb/e/e2/Swiercz_Dariusz_%2829079958724%29_%28cropped%29.jpg/250px-Swiercz_Dariusz_%2829079958724%29_%28cropped%29.jpg,,,,daro94,dariusz-swiercz,,54770,,,,,,
1010824,"Swinkels, Robin",NED,M,GM,,1989,2009,false,,false,,,NED,Asten,NED,https://upload.wikimedia.org/wikipedia/commons/thumb/0/03/RobinSwinkels23.jpg/250px-RobinSwinkels23.jpg,,Robin Swinkels is a Dutch chess grandmaster.,https://en.wikipedia.org/wiki/Robin_Swinkels,RobinSwinkels,robin-swinkels,,54705,,,,,,
4114060,"Sychev, Klementy",FID,M,GM,,1996,2019,false,,false,,,FID,,RUS|FID,,,,,Sychev_Klementy,klementy-sychev,venajalainen,141633,,,,UCf8-mSW5HG38Ae3NJfR5qvg,,
1205064,"Szabo, Gergely-Andras-Gyula",ROU,M,GM,,1983,2010,false,,false,,,ROU,Bucharest,ROU,https://upload.wikimedia.org/wikipedia/commons/thumb/4/49/Gergely-Andras-Gyula_Szabo_2013.jpg/250px-Gergely-Andras-Gyula_Szabo_2013.jpg,,,,Anaconda1983,gergely-andras-gyula-szabo,,17294,,,,,,
722901,"Szabo, Krisztian",HUN,M,GM,,1989,2010,false,,false,,,HUN,Székesfehérvár,HUN,https://upload.wikimedia.org/wikipedia/commons/thumb/3/3a/KrisztianSzabo.jpg/250px-KrisztianSzabo.jpg,,,,GMSzabo,krisztian-szabo,,74289,,,,,,
W4410252,"Szabó, László",HUN,M,GM,,1917,1950,true,1998,false,,,HUN,Budapest,HUN,https://upload.wikimedia.org/wikipedia/commons/thumb/3/33/L%C3%A1szl%C3%B3_Szab%C3%B3_1966.jpg/250px-L%C3%A1szl%C3%B3_Szab%C3%B3_1966.jpg,,,,,,,,,,,,,
1184989,"Szpar, Milosz",POL,M,GM,,2002,2025,false,,false,,,POL,,POL,https://upload.wikimedia.org/wikipedia/commons/thumb/7/7e/2022-Milosz-Szpar.JPG/250px-2022-Milosz-Szpar.JPG,,,,Szparu,milosz-szpar,,157992,,,,,,
700258,"Székely, Péter",HUN,M,GM,,1955,1994,true,2003,false,,,HUN,Budapest,HUN,,,,,,,,,,,,,,
W4052526,"Sämisch, Friedrich",FRG,M,GM,,1896,1950,true,1975,false,,,GER,Berlin,FRG,https://upload.wikimedia.org/wikipedia/commons/thumb/5/51/Friedrich_Saemisch_%28chess_player%29.jpg/250px-Friedrich_Saemisch_%28chess_player%29.jpg,,,,,,,,,,,,,
12521213,"Tabatabaei, M. Amin",IRI,M,GM,,2001,2018,false,,false,,,IRI,Tehran,IRI,https://upload.wikimedia.org/wikipedia/commons/thumb/3/32/AminTabatabaei23.jpg/250px-AminTabatabaei23.jpg,,,,amintabatabaei,amin-tabatabaei,,142947,,,amin_____tb,,,
916412,"Tadic, Branko",SRB,M,GM,,1973,2010,false,,false,,,SRB,Belgrade,SRB,,,,,,branko-tadic,Branko_Tadic,49478,,,,,,
13401661,"Tahirov, Farhad",AZE,M,GM,,1987,2002,false,,false,,,AZE,,AZE,,,,,,farhad-tahirov,,50084,,,,,,
4100760,"Taimanov, Mark",URS,M,GM,,1926,1952,true,2016,false,,,UKR,Kharkov,URS,https://upload.wikimedia.org/wikipedia/commons/thumb/5/59/Hoogovens_Schaaktoernooi.%2C_Bestanddeelnr_923-1804.jpg/250px-Hoogovens_Schaaktoernooi.%2C_Bestanddeelnr_923-1804.jpg,,,,,,,,,,,,,
W3620910,"Tal, Mikhail",URS,M,GM,,1936,1957,true,1992,false,,,LAT,Riga,URS,https://upload.wikimedia.org/wikipedia/commons/thumb/4/4e/Mikhail_Tal_1962.jpg/250px-Mikhail_Tal_1962.jpg,,,,,,,,,,,,,
9300201,"Taleb, Moussa",UAE,M,GM,,1978,2004,false,,false,,,UAE,Dubai,UAE,,,,,,taleb-moussa,,47159,,,,,,
303445,"Talla, Vladimir",CZE,M,GM,,1973,2010,false,,false,,,CZE,Ostrava,CZE,,,,,,vladimir-talla,,51461,,,,,,
3206882,"Tan, Justin",AUS,M,GM,,1997,2018,false,,false,,,WLS,Cardiff,AUS,https://upload.wikimedia.org/wikipedia/commons/thumb/8/84/Tan%2CJustin_2015_Wien.JPG/250px-Tan%2CJustin_2015_Wien.JPG,,,,justantan,justin-tan,,134352,,,,,,
8603642,"Tan, Zhongyi",CHN,F,GM,WGM,1991,2017,false,,false,,,CHN,Chongqing,CHN,https://upload.wikimedia.org/wikipedia/commons/thumb/9/9a/TanZhongyi23.jpg/250px-TanZhongyi23.jpg,,,,daika91,tan-zhongyi,,51565,,,,,,
2059630,"Tang, Andrew",USA,M,GM,,1999,2018,false,,false,,,USA,Naperville,USA,https://upload.wikimedia.org/wikipedia/commons/thumb/b/be/AndrewTang_%28cropped%29.png/250px-AndrewTang_%28cropped%29.png,,,,penguingm1,andrew-tang,,153470,,penguingm1,andrewtang1_,UCcJxY7NovRrYCsxyl6qaFLA,penguingm1,
34544712,"Tarhan, Adar",TUR,M,GM,,2007,2026,false,,false,,,,,TUR,,,"The following people have all been grandmasters (GM) of chess. The title has been awarded since 1950 to players who have met the standards required by the sport's governing body, FIDE. Other than world champion, it is the highest title a chess player can attain and is awarded for life, although FIDE regulations allow for the revocation of titles for cheating or fraud.",https://en.wikipedia.org/wiki/List_of_chess_grandmasters,,adar-tarhan,,,,,,,,
1510045,"Tari, Aryan",NOR,M,GM,,1999,2016,false,,false,,,NOR,Stavanger,NOR,https://upload.wikimedia.org/wikipedia/commons/thumb/8/87/AryanTari23.jpg/250px-AryanTari23.jpg,,,,AryanTari,aryan-tari,,122590,,aryan_tari,aryan.tari,,,
2000180,"Tarjan, James",USA,M,GM,,1952,1976,false,,false,,,USA,"Pomona, California",USA,,,,,Tirantes,james-tarjan,,23094,,,,,,
14114089,"Tarlev, Konstantin",UKR,M,GM,,1987,2013,false,,false,,,UKR,,UKR,,,,,Tarlev_Konstantin,konstantin-tarlev,Konstantin_Tarlev,76825,,,,,,
W5633468,"Tartakower, Savielly",FRA,M,GM,,1887,1950,true,1956,false,,,RUS,Rostov-on-Don,FRA,https://upload.wikimedia.org/wikipedia/commons/f/ff/Ksawery_Tartakower.jpg,,,,,,,,,,,,,
1122452,"Tazbir, Marcin",POL,M,GM,,1988,2013,false,,false,,,POL,Piotrków Trybunalski,POL,https://upload.wikimedia.org/wikipedia/commons/thumb/0/0d/2021-Marcin-Tazbir_%28cropped%29.JPG/250px-2021-Marcin-Tazbir_%28cropped%29.JPG,,,,GMTazbir,marcin-tazbir,,54472,,,,,,
1185934,"Teclaf, Pawel",POL,M,GM,,2003,2023,false,,false,,,POL,,POL,https://upload.wikimedia.org/wikipedia/commons/thumb/f/fb/2021-Pawel-Teclaf.JPG/250px-2021-Pawel-Teclaf.JPG,,,,Yarebore2003,pawel-teclaf,,157967,,,,,,
13700022,"Temirbayev, Serikbay",KAZ,M,GM,,1961,1995,false,,false,,,KAZ,,KAZ,,,,,,serikbay-temirbayev,,41905,,,,,,
1026356,"Ten Hertog, Hugo",NED,M,GM,,1994,2020,false,,false,,,NED,Utrecht,NED,https://upload.wikimedia.org/wikipedia/commons/thumb/9/99/HugotenHertog2016.jpg/250px-HugotenHertog2016.jpg,,,,Federtiu,hugo-ten-hertog,,102264,,,,,,
13302531,"Ter-Sahakyan, Samvel",ARM,M,GM,,1993,2009,false,,false,,,ARM,,ARM,https://upload.wikimedia.org/wikipedia/commons/thumb/7/7c/Samvel_Ter-Sahakyan_%28cropped%29.jpg/250px-Samvel_Ter-Sahakyan_%28cropped%29.jpg,,Samvel Ter-Sahakyan is an Armenian chess grandmaster.,https://en.wikipedia.org/wiki/Samvel_Ter-Sahakyan,Sam_ChessMood,samvel-ter-sahakyan,,95921,,,,,,
4603850,"Teschner, Rudolf",FRG,M,GM,,1922,1992,true,2006,false,,,GER,Potsdam,FRG,https://upload.wikimedia.org/wikipedia/commons/thumb/f/f0/Rudolf_Teschner_%281960%29.jpg/250px-Rudolf_Teschner_%281960%29.jpg,,,,,,,,,,,,,
4611500,"Teske, Henrik",GER,M,GM,,1968,1996,false,,false,,,GER,,GER,,,,,,henrik-teske,,18083,,,,,,
13501429,"Teterev, Vitaly",BLR,M,GM,,1983,2007,false,,false,,,BLR,Novopolotsk,BLR,https://upload.wikimedia.org/wikipedia/commons/thumb/7/72/Vitaly_Teterev_2013_%28cropped%29.jpg/250px-Vitaly_Teterev_2013_%28cropped%29.jpg,,,,,vitaly-teterev,Lastpartisan,54498,,,,,,
5009154,"Thejkumar, M. S.",IND,M,GM,,1981,2017,false,,false,,,IND,Mysore,IND,,,,,Thej11,m-s-thejkumar,,102338,,,,,,
4262875,"Theodorou, Nikolas",GRE,M,GM,,2000,2021,false,,false,,,GRE,,GRE,https://upload.wikimedia.org/wikipedia/commons/thumb/7/74/Nikolas_Theodorou_Uzchess_cup_3_masters_%28cropped%29.jpg/250px-Nikolas_Theodorou_Uzchess_cup_3_masters_%28cropped%29.jpg,,,,NikoTheodorou,nikolas-theodorou,Nikotheo,139868,,,,,,100004384051909
5000033,"Thipsay, Praveen M",IND,M,GM,,1959,1997,false,,false,,,IND,Mumbai,IND,https://upload.wikimedia.org/wikipedia/commons/thumb/2/22/Pravin_Thipsay.jpg/250px-Pravin_Thipsay.jpg,,,,Thipsay,praveen-m-thipsay,,12239,,,,,,
2300958,"Thorfinnsson, Bragi",ISL,M,GM,,1981,2018,false,,false,,,ISL,Reykjavík,ISL,https://upload.wikimedia.org/wikipedia/commons/thumb/f/f0/Thorfinnsson%2CBragi_2016_Dresden.jpeg/250px-Thorfinnsson%2CBragi_2016_Dresden.jpeg,,,,B-man,bragi-thorfinnsson,FerdinandBardamu,49470,,,,,,
2300109,"Thorhallsson, Throstur",ISL,M,GM,,1969,1996,false,,false,,,ISL,,ISL,https://upload.wikimedia.org/wikipedia/commons/thumb/3/35/London_Chess_Classic_2010_Thorhallsson_02.jpg/250px-London_Chess_Classic_2010_Thorhallsson_02.jpg,,,,,throstur-thorhallsson,,11020,,,,,,
1438832,"Thybo, Jesper Sondergaard",DEN,M,GM,,1999,2020,false,,false,,,DEN,,DEN,https://upload.wikimedia.org/wikipedia/commons/thumb/4/41/Jesper_Sondergaard_Thybo_at_2019_Andorra_open_02.jpg/250px-Jesper_Sondergaard_Thybo_at_2019_Andorra_open_02.jpg,,,,,jesper-sondergaard-thybo,,147393,,,,,,
2087456,"Tiglon, Bryce",USA,M,GM,,2000,2024,false,,false,,,USA,,USA,,,,,,bryce-tiglon,,157431,,,,,,
13500325,"Tihonov, Jurij",BLR,M,GM,,1978,2006,false,,false,,,BLR,Minsk,BLR,,,,,,jurij-tihonov,,38766,,,,,,
1706446,"Tikkanen, Hans",SWE,M,GM,,1985,2010,false,,false,,,SWE,Karlstad,SWE,https://upload.wikimedia.org/wikipedia/commons/thumb/e/ed/HansTikkanen.jpg/250px-HansTikkanen.jpg,,,,brainwolf,hans-tikkanen,,56571,,,,,,
24114928,"Tilicheev, Viacheslav",SRB,M,GM,,1994,2020,false,,false,,,RUS,Krasnoyarsk,RUS|FID|SRB,,,,,MrMotley,viacheslav-tilicheev,,117714,,,,,,
1000012,"Timman, Jan H.",NED,M,GM,,1951,1974,true,2026,false,,,NED,Amsterdam,NED,https://upload.wikimedia.org/wikipedia/commons/thumb/a/ae/Jan_Timman_1984_Saloniki.jpg/250px-Jan_Timman_1984_Saloniki.jpg,,,,,jan-timman,,14220,,,,,,
4140419,"Timofeev, Artyom",RUS,M,GM,,1985,2003,false,,false,,,RUS,Kazan,RUS,https://upload.wikimedia.org/wikipedia/commons/b/b5/Artyom_Timofeev_%28chess_player%29.jpg,,Artyom Valerievich Timofeev is a Russian chess player. He was awarded the title of Grandmaster by FIDE in 2003. Timofeev was born in Kazan.,https://en.wikipedia.org/wiki/Artyom_Timofeev_(chess_player),TimofeevAr,artyom-timofeev,,49038,,,,,,
14901536,"Timoscenko, Gennadij",SVK,M,GM,,1949,1980,false,,false,,,RUS,Cheliabinsk,SVK,,,,,,gennadi-timoshchenko,,16902,,,,,,
14100118,"Timoshenko, Georgy",UKR,M,GM,,1966,1994,false,,false,,,UKR,Kyiv,UKR,,,,,,georgi-timochenko,,47194,,,,,,
5804418,"Tin, Jingyao",SGP,M,GM,,2000,2022,false,,false,,,SGP,,SGP,,,,,tjychess,jingyao-tin,,143086,,,,,,
4611322,"Tischbierek, Raj",GER,M,GM,,1962,1990,false,,false,,,GER,Leipzig,GER,https://upload.wikimedia.org/wikipedia/commons/thumb/1/1d/Tischbierek_raj_20080914_berlin_hauptbahnhof.jpg/250px-Tischbierek_raj_20080914_berlin_hauptbahnhof.jpg,,,,,raj-tischbierek,,17697,,,,,,
1500066,"Tisdall, Jonathan D",NOR,M,GM,,1958,1993,false,,false,,,USA,Buffalo,NOR,,,,,JonathanTisdall,jonathan-d-tisdall,,13939,,,,,,
4130057,"Tishin, Petr",RUS,M,GM,,1976,2002,false,,false,,,RUS,,RUS,,,,,,petr-tishin,,49704,,,,,,
1008013,"Tiviakov, Sergei",NED,M,GM,,1973,1991,false,,false,,,RUS,Krasnodar,NED,https://upload.wikimedia.org/wikipedia/commons/thumb/4/40/Sergei_Tiviakov_vienna_%28cropped%29.jpg/250px-Sergei_Tiviakov_vienna_%28cropped%29.jpg,,,,Tiviakov,sergei-tiviakov,,14003,,Tiviakov,,,,
618438,"Tkachiev, Vladislav",FRA,M,GM,,1973,1995,false,,false,,,RUS,Moscow,FRA,https://upload.wikimedia.org/wikipedia/commons/thumb/a/a7/Vladislav_Tkachiev_2012.jpg/250px-Vladislav_Tkachiev_2012.jpg,,,,vladislavtkachev,vladislav-tkachiev,,14240,,,,,,
900060,"Todorcevic Antic, Miodrag",ESP,M,GM,,1940,1989,false,,false,,,SRB,Belgrade,YUG|ESP,,,,,,miodrag-todorcevic-antic,,15090,,,,,,
2903237,"Todorov, Todor",BEL,M,GM,,1974,2006,false,,false,,,BUL,Varna,FID|BEL,,,,,gmtodorov,todor-todorov,,51340,,,,,,
900168,"Todorovic, Goran M",SRB,M,GM,,1963,1997,false,,false,,,SRB,,SRB,,,,,,goran-m-todorovic,,49607,,,,,,
700126,"Tolnai, Tibor",HUN,M,GM,,1964,1990,false,,false,,,HUN,Hódmezővásárhely,HUN,,,,,,tibor-tolnai,,12211,,,,,,
W4890596,"Tolush, Alexander",URS,M,GM,,1910,1953,true,1969,false,,,RUS,Saint Petersburg,URS,,,,,,,,,,,,,,
4147235,"Tomashevsky, Evgeny",RUS,M,GM,,1987,2005,false,,false,,,RUS,Saratov,RUS,https://upload.wikimedia.org/wikipedia/commons/thumb/2/22/Evgeny_Tomashevsky_Satka_2018.jpg/250px-Evgeny_Tomashevsky_Satka_2018.jpg,,,,EvgenyT,evgeny-tomashevsky,MetaBreaker,49039,,,,,,
1124668,"Tomczak, Jacek",POL,M,GM,,1990,2012,false,,false,,,POL,Śrem,POL,https://upload.wikimedia.org/wikipedia/commons/thumb/5/52/Jacek_Tomczak_2023_%28cropped%29.jpg/250px-Jacek_Tomczak_2023_%28cropped%29.jpg,,Jacek Tomczak is a Polish chess Grandmaster (2012).,https://en.wikipedia.org/wiki/Jacek_Tomczak_(chess_player),Som2310,jacek-tomczak,,95991,,,,,,
2900084,"Topalov, Veselin",BUL,M,GM,,1975,1992,false,,false,,,BUL,Ruse,BUL,https://upload.wikimedia.org/wikipedia/commons/thumb/9/97/Veselin_Topalov_2013.jpg/250px-Veselin_Topalov_2013.jpg,,,,VESELINTOPALOV359,veselin-topalov,,12089,,,veselin_topalov,,,
W9467300,"Torre Repetto, Carlos",MEX,M,GM,,1904,1977,true,1978,false,,,MEX,"Mérida, Yucatán",MEX,https://upload.wikimedia.org/wikipedia/commons/thumb/b/bc/Carlostorrerepetto.jpg/250px-Carlostorrerepetto.jpg,,,,,,,,,,,,,
5200016,"Torre, Eugenio",PHI,M,GM,,1951,1974,false,,false,,,PHI,Iloilo City,PHI,https://upload.wikimedia.org/wikipedia/commons/thumb/9/9e/Hoogovenschaaktoernooi%2C_1e_ronde_Cugerrio_Torre_Documentnummer_932-8312_Fot%2C_Bestanddeelnr_932-8312.jpg/250px-Hoogovenschaaktoernooi%2C_1e_ronde_Cugerrio_Torre_Documentnummer_932-8312_Fot%2C_Bestanddeelnr_932-8312.jpg,,,,batolovic,eugenio-torre,,15793,,,,,,
4115228,"Totsky, Leonid",RUS,M,GM,,1967,2000,false,,false,,,RUS,,RUS,,,,,,leonid-totsky,,44436,,,,,,
12503592,"Toufighi, Homayoon",IRI,M,GM,,1990,2010,false,,false,,,IRI,Rasht,IRI,,,,,HomayoonTofighi,homayoon-toufighi,,95994,,,,,,
900460,"Tošić, Miroslav",SCG,M,GM,,1960,1998,true,2019,false,,,SCG,Svrljig,SCG,,,,,,,,,,,,,,
915874,"Trajković, Predrag",SRB,M,GM,,1970,2008,true,2019,false,,,KOS,Gnjilane,SRB,,,,,,,,,,,,,,
12401820,"Tran, Tuan Minh",VIE,M,GM,,1997,2017,false,,false,,,VIE,,VIE,https://upload.wikimedia.org/wikipedia/commons/thumb/2/2c/GM_Tran_Tuan_Minh.jpg/250px-GM_Tran_Tuan_Minh.jpg,,,,TranJMinh,tuan-minh-tran,,120856,,,,,,
14600684,"Tratar, Marko",SLO,M,GM,,1974,2006,false,,false,,,SLO,Ljubljana,SLO,,,,,,marko-tratar,,19756,,,,,,
4115341,"Tregubov, Pavel V.",FRA,M,GM,,1971,1994,false,,false,,,RUS,Krasnodar,RUS|FID|FRA,https://upload.wikimedia.org/wikipedia/commons/thumb/5/5b/PavelTregubov13.jpg/250px-PavelTregubov13.jpg,,Pavel Vladimirovich Tregubov is a Russian chess player who represents France. He was awarded the title Grandmaster by FIDE in 1994. Tregubov was European champion in 2000.,https://en.wikipedia.org/wiki/Pavel_Tregubov,TregubovP,pavel-v-tregubov,,18184,,,,,,
W0252198,"Trifunović, Petar",YUG,M,GM,,1910,1953,true,1980,false,,,CRO,Dubrovnik,YUG,https://upload.wikimedia.org/wikipedia/commons/thumb/7/77/Petar_Trifunovi%C4%87_1962.jpg/250px-Petar_Trifunovi%C4%87_1962.jpg,,,,,,,,,,,,,
2900203,"Tringov, Georgi",BUL,M,GM,,1937,1963,true,2000,false,,,BUL,Plovdiv,BUL,https://upload.wikimedia.org/wikipedia/commons/thumb/7/7d/Georgi_Tringov_aan_het_schaakbord%2C_Bestanddeelnr_919-5573_%28cropped%29.jpg/250px-Georgi_Tringov_aan_het_schaakbord%2C_Bestanddeelnr_919-5573_%28cropped%29.jpg,,,,,,,,,,,,,
113816,"Tristan, Leonardo",ARG,M,GM,,1989,2020,false,,false,,,ARG,Necochea,ARG,,,,,Rodalquilar,leonardo-tristan,,56842,,,,,,
2047896,"Troff, Kayden",USA,M,GM,,1998,2014,false,,false,,,USA,"Murray, Utah",USA,,,,,KaydenTroffChess,kayden-troff,,128276,,,,,,
13511173,"Tsaruk, Maksim",FID,M,GM,,2005,2025,false,,false,,,BLR,Svyetlahorsk,BLR|FID,,,,,tsaruk_maks,maksim-tsaruk,,,,,,,,
2800128,"Tseitlin, Mark D",ISR,M,GM,,1943,1997,true,2022,false,,,RUS,Leningrad,ISR,https://upload.wikimedia.org/wikipedia/commons/thumb/4/44/Tseitlin_65_2.jpg/250px-Tseitlin_65_2.jpg,,,,,mark-d-tseitlin,,37413,,,,,,
4100921,"Tseshkovsky, Vitaly",URS,M,GM,,1944,1975,true,2011,false,,,RUS,Omsk,URS,https://upload.wikimedia.org/wikipedia/commons/thumb/c/c3/Vitaly_Tseshkovsky2.jpg/250px-Vitaly_Tseshkovsky2.jpg,,,,,,,,,,,,,
4108566,"Tsydypov, Zhamsaran",RUS,M,GM,,1996,2019,false,,false,,,RUS,Ulan-Ude,RUS,,,,,Zhuu96,zhamsaran-tsydypov,Chesstoday,141393,,,,,,
12400076,"Tu, Hoang Thong",VIE,M,GM,,1972,1999,false,,false,,,VIE,Ho Chi Minh City,VIE,https://upload.wikimedia.org/wikipedia/commons/thumb/9/9e/Tu_Hoang_Thong_2013.jpg/250px-Tu_Hoang_Thong_2013.jpg,,,,NguyenXi,hoang-thong-tu,,89106,,,,,,
14109476,"Tukhaev, Adam",UKR,M,GM,,1988,2007,false,,false,,,UKR,Kerch,UKR,,,,,,adam-tukhaev,,95761,,,,,,
14100096,"Tukmakov, Vladimir B",UKR,M,GM,,1946,1972,false,,false,,,UKR,Odesa,UKR,https://upload.wikimedia.org/wikipedia/commons/thumb/4/4a/Vladimir_Tukmakov_2009.jpg/250px-Vladimir_Tukmakov_2009.jpg,,,,,vladimir-b-tukmakov,,15330,,,,,,
4101219,"Tunik, Gennady",RUS,M,GM,,1953,2002,false,,false,,,RUS,Magadan,RUS,,,,,,guennadi-tounik,,17079,,,,,,
402893,"Turner, Matthew J",SCO,M,GM,,1975,2002,false,,false,,,SCO,,ENG|SCO,https://upload.wikimedia.org/wikipedia/commons/thumb/7/7f/London_Chess_Classic_2016_Day9-12_%2831500422830%29.jpg/250px-London_Chess_Classic_2016_Day9-12_%2831500422830%29.jpg,,,,Immatt64,matthew-j-turner,,25032,,,,,,
4120086,"Turov, Maxim",RUS,M,GM,,1979,1999,false,,false,,,RUS,Gukovo,RUS,https://upload.wikimedia.org/wikipedia/commons/thumb/3/3c/MaximTurov12.jpg/250px-MaximTurov12.jpg,,,,,maxim-turov,MTurov,49029,,,,,,
2803089,"Tyomkin, Dimitri",ISR,M,GM,,1977,2001,false,,false,,,ISR,,ISR|CAN|ISR,,,Dimitri Tyomkin is an Israeli chess grandmaster (2001).,https://en.wikipedia.org/wiki/Dimitri_Tyomkin,,dimitri-tyomkin,,29872,,,,,,
2824493,"Tzidkiya, Yeshaayahu",ISR,M,GM,,2003,2026,false,,false,,,ISR,,ISR,,,"The following people have all been grandmasters (GM) of chess. The title has been awarded since 1950 to players who have met the standards required by the sport's governing body, FIDE. Other than world champion, it is the highest title a chess player can attain and is awarded for life, although FIDE regulations allow for the revocation of titles for cheating or fraud.",https://en.wikipedia.org/wiki/List_of_chess_grandmasters,,yeshaayahu-tzidkiya,,,,,,,,
13600052,"Ubilava, Elizbar",ESP,M,GM,,1950,1988,false,,false,,,GEO,Tbilisi,GEO|ESP,,,,,,elizbar-ubilava,,16901,,,,,,
W3254679,"Udovčić, Mijo",YUG,M,GM,,1920,1962,true,1984,false,,,YUG,Stara Jošava,YUG,https://upload.wikimedia.org/wikipedia/commons/thumb/d/d4/Mijo_Udovcic_1963.jpg/250px-Mijo_Udovcic_1963.jpg,,,,,,,,,,,,,
4611284,"Uhlmann, Wolfgang",GDR,M,GM,,1935,1959,true,2020,false,,,GER,Dresden,GDR,https://upload.wikimedia.org/wikipedia/commons/thumb/c/cd/WolfgangUhlmannPolanicaZdroj19670809_31.jpg/250px-WolfgangUhlmannPolanicaZdroj19670809_31.jpg,,,,,,,,,,,,,
4101405,"Ulybin, Mikhail",RUS,M,GM,,1971,1991,false,,false,,,RUS,Sverdlovsk,RUS,https://upload.wikimedia.org/wikipedia/commons/thumb/e/e6/Mikhail_Ulibin_Rilton_Cup_2009.jpg/250px-Mikhail_Ulibin_Rilton_Cup_2009.jpg,,,,,mikhail-ulibin,,14002,,,,,,
4600126,"Unzicker, Wolfgang",FRG,M,GM,,1925,1954,true,2006,false,,,GER,Pirmasens,FRG,https://upload.wikimedia.org/wikipedia/commons/thumb/9/90/Fotothek_df_roe-neg_0006543_017_Wolfgang_Unzicker_konzentriert_auf_das_Spielbret.jpg/250px-Fotothek_df_roe-neg_0006543_017_Wolfgang_Unzicker_konzentriert_auf_das_Spielbret.jpg,,,,,,,,,,,,,
3800032,"Urday, Henry",PER,M,GM,,1967,1992,false,,false,,,PER,Lima,PER,,,,,,henry-urday,,17010,,,,,,
1506102,"Urkedal, Frode Olav Olsen",NOR,M,GM,,1993,2016,false,,false,,,NOR,Oslo,NOR,https://upload.wikimedia.org/wikipedia/commons/thumb/2/23/Frode_Urkedal_2012.jpg/250px-Frode_Urkedal_2012.jpg,,"Frode Olav Olsen Urkedal is a Norwegian chess player. He holds the title of Grandmaster, and is the 2012 and 2014 Norwegian champion.",https://en.wikipedia.org/wiki/Frode_Urkedal,Daat,frode-olav-olsen-urkedal,,105264,,,,,,
14110911,"Ushenina, Anna",UKR,F,GM,WGM,1985,2012,false,,false,,,UKR,Kharkiv,UKR,https://upload.wikimedia.org/wikipedia/commons/thumb/d/d4/Ushenina_Anna_%2830273298782%29_%28cropped%29.jpg/250px-Ushenina_Anna_%2830273298782%29_%28cropped%29.jpg,,Anna Yuriyivna Ushenina is a Ukrainian chess grandmaster who was Women's World Chess Champion from November 2012 to September 2013.,https://en.wikipedia.org/wiki/Anna_Ushenina,Enki007,anna-ushenina,Enki007,76809,http://www.ushenina.com,SweetyCat10,,,,
34254854,"Uskov, Artem",FID,M,GM,,2010,2025,false,,false,,,FID,,RUS|FID,,,,,,artem-uskov,chess-art-us,182368,,,,,,
623539,"Vachier-Lagrave, Maxime",FRA,M,GM,,1990,2005,false,,false,,,FRA,Nogent-sur-Marne,FRA,https://upload.wikimedia.org/wikipedia/commons/thumb/e/e6/Maxime_Vachier-Lagrave_au_tournoi_des_candidats_%28cropped%29.jpg/250px-Maxime_Vachier-Lagrave_au_tournoi_des_candidats_%28cropped%29.jpg,,,,LyonBeast,maxime-vachier-lagrave,avalongamemaster,56798,https://www.mvlchess.com/,Vachier_Lagrave,mvl_chess,,,
700401,"Vadász, László",HUN,M,GM,,1948,1976,true,2005,false,,,HUN,Kiskunfélegyháza,HUN,https://upload.wikimedia.org/wikipedia/commons/thumb/d/df/Internationaal_Jeugd_Schaaktoernooi_te_Groningen%2C_Laszlo_Vadars_%28Hongarije%29_en_H%2C_Bestanddeelnr_918-6102.jpg/250px-Internationaal_Jeugd_Schaaktoernooi_te_Groningen%2C_Laszlo_Vadars_%28Hongarije%29_en_H%2C_Bestanddeelnr_918-6102.jpg,,,,,,,,,,,,,
13300016,"Vaganian, Rafael A",ARM,M,GM,,1951,1971,false,,false,,,ARM,Yerevan,ARM,https://upload.wikimedia.org/wikipedia/commons/thumb/5/50/Waganjan_rafael_20061029_berlin_bundesliga_%28cropped%29.jpg/250px-Waganjan_rafael_20061029_berlin_bundesliga_%28cropped%29.jpg,,,,,rafael-vaganian,,13989,,,,,,
14200155,"Vahidov, Tair",UZB,M,GM,,1963,2009,false,,false,,,UZB,Samarkand,UZB,,,,,Uzbektiger1963,tahir-vahidov,,42807,,,,,,
5045185,"Vaibhav, Suri",IND,M,GM,,1997,2012,false,,false,,,IND,New Delhi,IND,,,Vaibhav Suri is an Indian chess grandmaster.,https://en.wikipedia.org/wiki/Vaibhav_Suri,obliviate12,suri-vaibhav,,117419,,,,,,
5091756,"Vaishali, Rameshbabu",IND,F,GM,WGM,2001,2024,false,,false,,,IND,Chennai,IND,https://upload.wikimedia.org/wikipedia/commons/thumb/5/51/Vaishali_in_2025_%28cropped%29.jpg/250px-Vaishali_in_2025_%28cropped%29.jpg,,"Vaishali Rameshbabu is an Indian chess grandmaster. She is a two-time champion of the FIDE Women's Grand Swiss Tournament, winning consecutively in 2023 and 2025. Having played in two editions of the Women's Candidates Tournament in 2024 and 2026, she won the latter tournament to earn the right to challenge Ju Wenjun for the title of Women's World Chess Champion.",https://en.wikipedia.org/wiki/Vaishali_Rameshbabu,vaishali2001,vaishali-r,vaishali2001,151571,,,,,,
603252,"Vaisser, Anatoli",FRA,M,GM,,1949,1985,false,,false,,,FRA,Alma Ata,FRA,https://upload.wikimedia.org/wikipedia/commons/thumb/e/e8/Vaisser%2CAnatoly_2016_Marienbad.jpeg/250px-Vaisser%2CAnatoly_2016_Marienbad.jpeg,,,,snavr,anatoly-vaisser,,14218,,,,,,
1203975,"Vajda, Levente",ROU,M,GM,,1981,2001,false,,false,,,ROU,Odorheiu Secuiesc,ROU,https://upload.wikimedia.org/wikipedia/commons/thumb/a/a2/Vajda_levente_20081119_olympiade_dresden.jpg/250px-Vajda_levente_20081119_olympiade_dresden.jpg,,,,Trankuilizer,levente-vajda,Trankuilizer,11592,,,,,GM_Trankuilizer,
14201801,"Vakhidov, Jakhongir",UZB,M,GM,,1995,2014,false,,false,,,UZB,Samarkand,UZB,https://upload.wikimedia.org/wikipedia/commons/thumb/b/b4/Jakhongir_Vakhidov_%28cropped%29.jpg/250px-Jakhongir_Vakhidov_%28cropped%29.jpg,,,,,jakhongir-vakhidov,,119994,,,,,,
100587,"Valerga, Diego",ARG,M,GM,,1971,2009,false,,false,,,ARG,Buenos Aires,ARG,,,,,,diego-valerga,DHVJonSnow,36035,,,,,,
2205530,"Vallejo Pons, Francisco",ESP,M,GM,,1982,1999,false,,false,,,ESP,Mahón,ESP,https://upload.wikimedia.org/wikipedia/commons/thumb/1/11/Francisco_Vallejo_Pons_2013.jpg/250px-Francisco_Vallejo_Pons_2013.jpg,,,,GMVallejo,francisco-vallejo-pons,GMVallejo,49085,http://www.gmvallejo.com/vallejopons.html,chessidharta,,,,francisco.vallejopons
818860,"Valsecchi, Alessio",ITA,M,GM,,1992,2019,false,,false,,,ITA,Bergamo,ITA,,,,,Dragonflow,alessio-valsecchi,,112560,,,,,,
1003720,"Van den Doel, Erik",NED,M,GM,,1979,1998,false,,false,,,NED,Leiden,NED,https://upload.wikimedia.org/wikipedia/commons/thumb/b/be/Van_den_Doel_Erik.jpg/250px-Van_den_Doel_Erik.jpg,,,,DudeDoel,erik-van-den-doel,,42404,,,,,,
1000071,"Van der Sterren, Paul",NED,M,GM,,1956,1989,false,,false,,,NED,Venlo,NED,https://upload.wikimedia.org/wikipedia/commons/thumb/d/d5/Paul_van_der_Sterren_Amsterdam_Chess_Open_2023.jpg/250px-Paul_van_der_Sterren_Amsterdam_Chess_Open_2023.jpg,,,,,paul-van-der-sterren,,37462,,,,,,
1003143,"Van der Weide, Karel",NED,M,GM,,1973,2004,false,,false,,,NED,Amsterdam,NED,https://upload.wikimedia.org/wikipedia/commons/thumb/8/8b/Vanderweide.jpg/250px-Vanderweide.jpg,,,,,karel-van-der-weide,,43145,,,,,,
1000020,"Van der Wiel, John T.H.",NED,M,GM,,1959,1982,false,,false,,,NED,Leiden,NED,https://upload.wikimedia.org/wikipedia/commons/thumb/6/68/Van_der_Wiel_John.jpg/250px-Van_der_Wiel_John.jpg,,,,,john-t-h-van-der-wiel,,16254,,,,,,
1039784,"Van Foreest, Jorden",NED,M,GM,,1999,2016,false,,false,,,NED,Groningen,NED,https://upload.wikimedia.org/wikipedia/commons/thumb/2/2f/Jorden_van_Foreest_in_2025_%28cropped%29.jpg/250px-Jorden_van_Foreest_in_2025_%28cropped%29.jpg,,,,joppie2,jorden-van-foreest,,131179,https://vanforeest.com/jorden,jordenvforeest,jordenvforeest,,,
1039792,"Van Foreest, Lucas",NED,M,GM,,2001,2018,false,,false,,,NED,Groningen,NED,https://upload.wikimedia.org/wikipedia/commons/thumb/e/ec/LucasvanForeestTata2025.jpg/250px-LucasvanForeestTata2025.jpg,,,,,lucas-van-foreest,,133502,,LucasvanForeest,,,,
1020854,"Van Kampen, Robin",NED,M,GM,,1994,2011,false,,false,,,NED,Blaricum,NED,https://upload.wikimedia.org/wikipedia/commons/thumb/d/da/Van_Kampen_in_der_Bundesliga-Endrunde_30-4-2018.jpg/250px-Van_Kampen_in_der_Bundesliga-Endrunde_30-4-2018.jpg,,,,Kempsy,robin-van-kampen,,113403,http://vankampenchess.com,,,,,
1000268,"Van Wely, Loek",NED,M,GM,,1972,1993,false,,false,,,NED,Heesch,NED,https://upload.wikimedia.org/wikipedia/commons/thumb/c/c4/Loek_van_Wely_2022_%2852157330498%29_%28cropped%29.jpg/250px-Loek_van_Wely_2022_%2852157330498%29_%28cropped%29.jpg,,,,KingLoek,loek-van-wely,,11733,,loekvanwely,,,,
4101766,"Varavin, Viktor",RUS,M,GM,,1967,1995,false,,false,,,RUS,,RUS,,,,,,viktor-varavin,,19837,,,,,,
700509,"Varga, Zoltan",HUN,M,GM,,1970,1995,false,,false,,,HUN,,HUN,https://upload.wikimedia.org/wikipedia/commons/1/10/Varga%2CZoltan_2001_Dortmund.jpg,,,,,zoltan-varga,,12206,,,,,,
2903628,"Vasilev, Milen",BUL,M,GM,,1978,2009,false,,false,,,BUL,Burgas,BUL,,,,,,milen-vasilev,,48982,,,,,,
4100522,"Vasiukov, Evgeni",RUS,M,GM,,1933,1961,true,2018,false,,,RUS,Moscow,RUS,https://upload.wikimedia.org/wikipedia/commons/thumb/5/51/Vasjukov_1995_Bad_Liebenzell.jpg/250px-Vasjukov_1995_Bad_Liebenzell.jpg,,,,,,,,,,,,,
3400042,"Vasquez Schroeder, Rodrigo",CHI,M,GM,,1969,2004,false,,false,,,CHI,,CHI,,,,,K_A_S_T_O_R,rodrigo-vasquez-schroeder,Kastorcito,16442,,,,,,
4101634,"Vaulin, Alexander",RUS,M,GM,,1957,1994,true,2008,false,,,RUS,,RUS,,,,,,,,,,,,,,
4169530,"Vavulin, Maxim",GER,M,GM,,1998,2018,false,,false,,,RUS,Moscow,RUS|FID|GER,https://upload.wikimedia.org/wikipedia/commons/thumb/e/ef/Maxim_Vavulin_at_2019_Andorra_open.jpg/250px-Maxim_Vavulin_at_2019_Andorra_open.jpg,,,,MaxVavulin,maksim-vavulin,,141420,,,,,,
3503054,"Vazquez Igarza, Renier",CUB,M,GM,,1979,2007,false,,false,,,CUB,,CUB|ESP|CUB,https://upload.wikimedia.org/wikipedia/commons/thumb/3/3a/Renier_V%C3%A1zquez_at_2015_Andorra_open_%28cropped%29.jpg/250px-Renier_V%C3%A1zquez_at_2015_Andorra_open_%28cropped%29.jpg,,,,Renier07,renier-vazquez-igarza,,13288,,,,,,
3702308,"Vazquez, Guillermo",PAR,M,GM,,1997,2022,false,,false,,,PAR,Asunción,PAR,,,,,gena217,guillermo-vazquez,gsvc,127207,,,,,,
300659,"Velicka, Petr",CZE,M,GM,,1967,2007,false,,false,,,CZE,Frýdek-Místek,CZE,https://upload.wikimedia.org/wikipedia/commons/thumb/7/75/Petr_Velicka.jpg/250px-Petr_Velicka.jpg,,,,PetrVelicka,petr-velicka,,19866,,,,,,
2900149,"Velikov, Petar",BUL,M,GM,,1951,1982,false,,false,,,BUL,Tolbukhin,BUL,,,,,,petar-velikov,,17609,,,,,,
900079,"Velimirović, Dragoljub",YUG,M,GM,,1942,1973,true,2014,false,,,SRB,Valjevo,YUG,https://upload.wikimedia.org/wikipedia/commons/thumb/3/36/Dragoljub_Velimirovi%C4%87_1966.jpg/250px-Dragoljub_Velimirovi%C4%87_1966.jpg,,,,,,,,,,,,,
681091,"Velten, Paul",FRA,M,GM,,1993,2018,false,,false,,,VIE,Hanoi,FRA,https://upload.wikimedia.org/wikipedia/commons/thumb/2/2c/Velten_1003779.jpg/250px-Velten_1003779.jpg,,,,PaulVelten,paul-velten,Elda64,132247,,,,,,
5005779,"Venkatesh, M.R.",IND,M,GM,,1985,2012,false,,false,,,IND,Chennai,IND,,,,,MrVenky,marani-rajendran-venkatesh,,51262,,,,,,
3500055,"Vera Gonzalez-Quevedo, Reynaldo",CUB,M,GM,,1961,1988,false,,false,,,CUB,Unión de Reyes,CUB,https://upload.wikimedia.org/wikipedia/commons/thumb/f/fc/Reynaldo_Vera.jpg/250px-Reynaldo_Vera.jpg,,,,,reynaldo-vera-gonzalez-quevedo,Bucheplome,16260,,,,,,
3804623,"Vera Siguenas, Deivy",PER,M,GM,,1992,2020,false,,false,,,PER,Chicama,PER,https://upload.wikimedia.org/wikipedia/commons/thumb/a/af/Contigperu_%28cropped%29.jpg/250px-Contigperu_%28cropped%29.jpg,,,,NuidisVulko,deivy-vera-siguenas,,140217,,,,,,
633046,"Vernay, Clovis",SUI,M,GM,,1989,2022,false,,false,,,FRA,Saint-Chamond,FRA|SUI,,,,,,clovis-vernay,,96024,,,,,,
2100789,"Vescovi, Giovanni",BRA,M,GM,,1978,1998,false,,false,,,BRA,Porto Alegre,BRA,https://upload.wikimedia.org/wikipedia/commons/thumb/7/71/Giovanni_Vescovi_2008.jpg/250px-Giovanni_Vescovi_2008.jpg,,,,,giovanni-vescovi,,16789,,,,,,
44144474,"Vetokhin, Savva",FID,M,GM,,2009,2024,false,,false,,,FID,,RUS|FID,https://upload.wikimedia.org/wikipedia/commons/thumb/9/9f/Savva_Vetokhin_vs_Artem_Uskov_3_%28cropped%29_%28cropped%29.jpg/250px-Savva_Vetokhin_vs_Artem_Uskov_3_%28cropped%29_%28cropped%29.jpg,,,,Savva09022009,savva-vetokhin,,,,,,,,
14122480,"Vetoshko, Volodymyr",UKR,M,GM,,1998,2017,false,,false,,,UKR,Horodok,UKR,,,,,Incognito_Knight,volodymyr-vetoshko,,134700,,,,,,
5029465,"Vidit, Santosh Gujrathi",IND,M,GM,,1994,2013,false,,false,,,IND,Nashik,IND,https://upload.wikimedia.org/wikipedia/commons/thumb/9/98/Vidit_Gujrathi_Uzchess_cup_3_%28cropped%29.jpg/250px-Vidit_Gujrathi_Uzchess_cup_3_%28cropped%29.jpg,,,,viditchess,vidit-santosh-gujrathi,,117302,https://viditgujrathi.com,viditchess,,UCpjTx5WsF4yqyvGIYY8nuVg,,vidit.sports
W0066711,"Vidmar, Milan",YUG,M,GM,,1885,1950,true,1962,false,,,SLO,Ljubljana,YUG,https://upload.wikimedia.org/wikipedia/commons/thumb/f/f4/Milan_Vidmar_1930s.jpg/250px-Milan_Vidmar_1930s.jpg,,,,,,,,,,,,,
25012215,Vignesh N R,IND,M,GM,,1998,2023,false,,false,,,IND,Thiruvananthapuram,IND,,,Vignesh Narayanan Rajeshwari is an Indian chess grandmaster.,https://en.wikipedia.org/wiki/Vignesh_N._R.,nrvignesh,vignesh-n-r,,,,,,,,
2261090,"Vila Gazquez, Xavier",ESP,M,GM,,1990,2011,false,,false,,,ESP,Barcelona,ESP,https://upload.wikimedia.org/wikipedia/commons/thumb/c/cc/Xavier_Vila_at_the_2012_Andorra_Open.jpg/250px-Xavier_Vila_at_the_2012_Andorra_Open.jpg,,,,,xavier-vila-gazquez,,88076,,,,,,
5200393,"Villamayor, Buenaventura",SGP,M,GM,,1967,2000,false,,false,,,PHI,Mauban,PHI|SGP,https://upload.wikimedia.org/wikipedia/commons/thumb/1/1d/Villamayor_buenaventura_20081120_olympiade_dresden.jpg/250px-Villamayor_buenaventura_20081120_olympiade_dresden.jpg,,,,,buenaventura-villamayor,,46934,,,,,,
25012223,Visakh N R,IND,M,GM,,1999,2019,false,,false,,,IND,Nagercoil,IND,,,,,nrvisakh,visakh-n-r,,131314,,,,,,
5030692,Vishnu Prasanna. V,IND,M,GM,,1989,2013,false,,false,,,IND,Chennai,IND,,,,,VishnuPrasanna,vishnu-prasanna-vasanthan,,115569,,,,,,
1000578,"Visser, Yge",NED,M,GM,,1963,2006,false,,false,,,NED,Sneek,NED,https://upload.wikimedia.org/wikipedia/commons/thumb/1/15/Visser.jpg/250px-Visser.jpg,,,,,yge-visser,,10929,,,,,,
4152956,"Vitiugov, Nikita",ENG,M,GM,,1987,2007,false,,false,,,RUS,Leningrad,RUS|FID|ENG,https://upload.wikimedia.org/wikipedia/commons/thumb/9/91/Nikita_Vitiugov%2C_Gibraltar_%282019%29.jpg/250px-Nikita_Vitiugov%2C_Gibraltar_%282019%29.jpg,,Nikita Kirillovich Vitiugov is a Russian chess grandmaster who has represented England since 2023. He changed federations in response to the Russian invasion of Ukraine. He was a member of the victorious Russian team at the World Team Chess Championship in 2009 and 2013.,https://en.wikipedia.org/wiki/Nikita_Vitiugov,Colchonero64,nikita-vitiugov,Colchonero64,54643,,N_Vitiugov,,,,vitiugov.nikita
13700014,"Vladimirov, Yevgeniy",KAZ,M,GM,,1957,1989,false,,false,,,KAZ,Alma Ata,KAZ,,,,,,evgeny-vladimirov,,15815,,,,,,
813192,"Vocaturo, Daniele",ITA,M,GM,,1989,2009,false,,false,,,ITA,Rome,ITA,https://upload.wikimedia.org/wikipedia/commons/thumb/f/f9/Daniele_Vocaturo_2015_%28cropped%29.jpg/250px-Daniele_Vocaturo_2015_%28cropped%29.jpg,,,,Diwi89,daniele-vocaturo,,95812,,,,,,
12908088,"Vogel, Roven",GER,M,GM,,2000,2024,false,,false,,,GER,Oschatz,GER,https://upload.wikimedia.org/wikipedia/commons/thumb/f/f0/RovenVogel24a.jpg/250px-RovenVogel24a.jpg,,,,,roven-vogel,,153785,,,,,,
4611292,"Vogt, Lothar",GER,M,GM,,1952,1976,false,,false,,,GER,Görlitz,GER,https://upload.wikimedia.org/wikipedia/commons/thumb/8/8c/LVogt10.jpg/250px-LVogt10.jpg,,,,,lothar-vogt,,11663,,,,,,
4113470,"Voitsekhovsky, Stanislav",RUS,M,GM,,1964,1999,false,,false,,,RUS,,RUS,,,,,,stanislav-voitsekhovsky,,26119,,,,,,
4119711,"Vokarev, Sergey",RUS,M,GM,,1970,2008,false,,false,,,RUS,Yekaterinburg,RUS,,,,,Monmoransy,sergey-vokarev,,49064,,,,,,
14204223,"Vokhidov, Shamsiddin",UZB,M,GM,,2002,2020,false,,false,,,UZB,,UZB,https://upload.wikimedia.org/wikipedia/commons/thumb/0/08/Shamsiddin_Vokhidov_at_UzChess_Cup_2026.jpg/250px-Shamsiddin_Vokhidov_at_UzChess_Cup_2026.jpg,,,,Shield12,shamsiddin-vokhidov,,149948,,,,,,
300101,"Vokáč, Marek",CZE,M,GM,,1958,1999,true,2021,false,,,CZE,Prague,CZE,https://upload.wikimedia.org/wikipedia/commons/thumb/7/7a/Marek_Vokac_2009.jpg/250px-Marek_Vokac_2009.jpg,,,,,marek-vokac,,19670,,,,,,
4122763,"Volkov, Sergey",RUS,M,GM,,1974,1998,false,,false,,,RUS,Saransk,RUS,https://upload.wikimedia.org/wikipedia/commons/thumb/d/d7/Volkov%2CSergey_2017_Karlsruhe_a.jpeg/250px-Volkov%2CSergey_2017_Karlsruhe_a.jpeg,,,,VSERGUEI,sergey-volkov,,42782,,,,,,
4501950,"Volodin, Aleksandr",EST,M,GM,,1990,2011,false,,false,,,EST,Kohtla-Järve,EST,https://upload.wikimedia.org/wikipedia/commons/thumb/e/e1/Wolodin_alexander_20081120_olympiade_dresden.jpg/250px-Wolodin_alexander_20081120_olympiade_dresden.jpg,,"Aleksandr Volodin is an Estonian chess grandmaster (2011), and four-times Estonian Chess Championships winner.",https://en.wikipedia.org/wiki/Aleksandr_Volodin_(chess_player),AVolodin,aleksandr-volodin,,95993,,,,,,
14107090,"Volokitin, Andrei",UKR,M,GM,,1986,2001,false,,false,,,UKR,Lviv,UKR,https://upload.wikimedia.org/wikipedia/commons/thumb/3/38/Volokitin_Andrei_%2829957897030%29_%28cropped%29.jpg/250px-Volokitin_Andrei_%2829957897030%29_%28cropped%29.jpg,,,,,andrei-volokitin,,49244,,,,,,
311111,"Volosin, Leon",CZE,M,GM,,1964,2003,false,,false,,,RUS,Kazan,CZE,,,,,,leonid-voloshin,,29151,,,,,,
4115031,"Volzhin, Alexander",RUS,M,GM,,1971,1997,false,,false,,,RUS,Makhachkala,RUS,,,,,,alexander-volzhin,,27721,,,,,,
4121341,"Vorobiov, Evgeny E.",RUS,M,GM,,1976,2000,false,,false,,,RUS,,RUS,,,,,,evgeny-e-vorobiov,,49687,,,,,,
14116367,"Vorontsov, Pavlo",UKR,M,GM,,1998,2017,false,,false,,,UKR,Kyiv,UKR,,,"The following people have all been grandmasters (GM) of chess. The title has been awarded since 1950 to players who have met the standards required by the sport's governing body, FIDE. Other than world champion, it is the highest title a chess player can attain and is awarded for life, although FIDE regulations allow for the revocation of titles for cheating or fraud.",https://en.wikipedia.org/wiki/List_of_chess_grandmasters,PVorontsov,pavel-vorontsov,Pavel-Vorontsov,118140,,,,,,
4103009,"Vorotnikov, Vladislav V",RUS,M,GM,,1947,2005,false,,false,,,RUS,Leningrad,RUS,,,,,,vladislav-v-vorotnikov,,102929,,,,,,
300535,"Votava, Jan",CZE,M,GM,,1974,1999,false,,false,,,CZE,,CZE,,,"The following people have all been grandmasters (GM) of chess. The title has been awarded since 1950 to players who have met the standards required by the sport's governing body, FIDE. Other than world champion, it is the highest title a chess player can attain and is awarded for life, although FIDE regulations allow for the revocation of titles for cheating or fraud.",https://en.wikipedia.org/wiki/List_of_chess_grandmasters,,jan-votava,,19782,,,,,,
14114470,"Vovk, Andriy",UKR,M,GM,,1991,2009,false,,false,,,UKR,Lviv,UKR,https://upload.wikimedia.org/wikipedia/commons/thumb/e/e6/Andrey_Vovk_2013.jpg/250px-Andrey_Vovk_2013.jpg,,,,VovAn1991,andrey-vovk,,99223,,,,,,
14113171,"Vovk, Yuri",UKR,M,GM,,1988,2008,false,,false,,,UKR,Lviv,UKR,https://upload.wikimedia.org/wikipedia/commons/thumb/1/1b/Vovk_Yuri.JPG/250px-Vovk_Yuri.JPG,,,,vovkcoach,yuri-vovk,,98711,,,,,,
1048333,"Vrolijk, Liam",NED,M,GM,,2002,2022,false,,false,,,NED,Capelle aan den IJssel,NED,https://upload.wikimedia.org/wikipedia/commons/thumb/c/cb/LiamVrolijk2023.jpg/250px-LiamVrolijk2023.jpg,,,,,liam-vrolijk,GekkeLeon,158069,,,,,,
922277,"Vuckovic, Bojan",SRB,M,GM,,1980,2001,false,,false,,,SRB,Belgrade,SRB,https://upload.wikimedia.org/wikipedia/commons/thumb/0/02/Vuckovic_bojan_20081120_olympiade_dresden.jpg/250px-Vuckovic_bojan_20081120_olympiade_dresden.jpg,,,,,bojan-vuckovic,,52149,,,,,,
900273,"Vukic, Milan",BIH,M,GM,,1942,1975,false,,false,,,BIH,Sanski Most,BIH,,,,,,milan-vukic,,14954,,,,,,
4104307,"Vul, Arkadi Eremeevich",RUS,M,GM,,1953,2003,false,,false,,,RUS,,RUS,,,,,,arkadi-eremeevich-vul,,33713,,,,,,
14103516,"Vysochin, Spartak",UKR,M,GM,,1975,2001,false,,false,,,UKR,Kyiv,UKR,https://upload.wikimedia.org/wikipedia/commons/thumb/e/e9/Spartak_Vysochin_2010_%28cropped%29.JPG/250px-Spartak_Vysochin_2010_%28cropped%29.JPG,,,,Spartakus1975,spartak-vysochin,,39808,,,,,,
4100190,"Vyzmanavin, Alexey",RUS,M,GM,,1960,1989,true,2000,false,,,RUS,Moscow,RUS,,,,,,,,,,,,,,
415804,"Wadsworth, Matthew J",ENG,M,GM,,2000,2025,false,,false,,,ENG,Ascot,ENG,,,,,wadsy27,matthew-j-wadsworth,,138948,,,,,,
24650684,"Wagner, Dennis",GER,M,GM,,1997,2015,false,,false,,,GER,Kassel,GER,https://upload.wikimedia.org/wikipedia/commons/thumb/d/da/DennisWagner23a.jpg/250px-DennisWagner23a.jpg,,,,chessdjw,dennis-wagner,Invictus_2015,129294,,,,,,
7100019,"Wahjuwidajat, Utut Adianto",INA,M,GM,,1965,1986,false,,false,,,INA,Jakarta,INA,https://upload.wikimedia.org/wikipedia/commons/thumb/f/f6/KPU_Utut_Adianto.jpg/250px-KPU_Utut_Adianto.jpg,,,,,utut-adianto,,16249,,,,,,
4600070,"Wahls, Matthias",GER,M,GM,,1968,1989,false,,false,,,GER,Hamburg,GER,https://upload.wikimedia.org/wikipedia/commons/thumb/f/fb/Matthias_Wahls_20200301_Seminar_%28cropped%29.jpg/250px-Matthias_Wahls_20200301_Seminar_%28cropped%29.jpg,,,,,matthias-wahls,,22720,,,,,,
8603189,"Wan, Yunguo",CHN,M,GM,,1990,2016,false,,false,,,CHN,Shandong,CHN,https://upload.wikimedia.org/wikipedia/commons/thumb/5/57/Wan_Yunguo_Barcelona_2016.jpg/250px-Wan_Yunguo_Barcelona_2016.jpg,,"The following people have all been grandmasters (GM) of chess. The title has been awarded since 1950 to players who have met the standards required by the sport's governing body, FIDE. Other than world champion, it is the highest title a chess player can attain and is awarded for life, although FIDE regulations allow for the revocation of titles for cheating or fraud.",https://en.wikipedia.org/wiki/List_of_chess_grandmasters,tk161,wan-yunguo,,114771,,,,,,
8602883,"Wang, Hao",CHN,M,GM,,1989,2005,false,,false,,,CHN,Harbin,CHN,https://upload.wikimedia.org/wikipedia/commons/thumb/d/d2/Hao%2CWang_2018_Karlsruhe.jpg/250px-Hao%2CWang_2018_Karlsruhe.jpg,,,,Aoitsukibluemoon,wang-hao,,78863,,,,,,
8601003,"Wang, Rui",CHN,M,GM,,1978,2009,false,,false,,,CHN,Hebei,CHN,,,,,,wang-rui,,47323,,,,,,
8601429,"Wang, Yue",CHN,M,GM,,1987,2004,false,,false,,,CHN,Taiyuan,CHN,https://upload.wikimedia.org/wikipedia/commons/thumb/2/2e/Wang_Yue_%28chess%29_%28cropped%29.jpg/250px-Wang_Yue_%28chess%29_%28cropped%29.jpg,,,,chesswy,wang-yue,,52672,,,,,,
8600023,"Wang, Zili",CHN,M,GM,,1968,1995,false,,false,,,CHN,,CHN,,,,,,wang-zili,,10839,,,,,,
1124552,"Warakomski, Tomasz",POL,M,GM,,1989,2017,false,,false,,,POL,Suwałki,POL,https://upload.wikimedia.org/wikipedia/commons/thumb/d/de/2022-Tomasz-Warakomski.JPG/250px-2022-Tomasz-Warakomski.JPG,,,,Wraku89,tomasz-warakomski,,54714,,,,,,
400203,"Ward, Chris G",ENG,M,GM,,1968,1996,false,,false,,,ENG,London,ENG,,,,,,chris-g-ward,,14224,,,,,,
1048104,"Warmerdam, Max",NED,M,GM,,2000,2021,false,,false,,,NED,Tegelen,NED,https://upload.wikimedia.org/wikipedia/commons/thumb/a/a5/Max_Warmerdam_in_2025_%28cropped%29_%28cropped%29.jpg/250px-Max_Warmerdam_in_2025_%28cropped%29_%28cropped%29.jpg,,,,xamax2000,max-warmerdam,xamax2000,157318,,max_warmerdam,,,,
400157,"Watson, William N",ENG,M,GM,,1962,1990,false,,false,,,IRQ,Baghdad,ENG,,,,,,william-n-watson,,13958,,,,,,
1700073,"Wedberg, Tom",SWE,M,GM,,1953,1990,false,,false,,,SWE,Stockholm,SWE,https://upload.wikimedia.org/wikipedia/commons/thumb/b/bc/Tom_Wedberg_1984.jpg/250px-Tom_Wedberg_1984.jpg,,,,WasaWarrior1,tom-wedberg,,14340,,,,,,
8603405,"Wei, Yi",CHN,M,GM,,1999,2013,false,,false,,,CHN,Wuxi,CHN,https://upload.wikimedia.org/wikipedia/commons/thumb/d/d3/Wei_Yi_in_2025_%28cropped%29.jpg/250px-Wei_Yi_in_2025_%28cropped%29.jpg,,,,LOVEVAE,wei-yi,,130615,,,,,,
400327,"Wells, Peter K",ENG,M,GM,,1965,1994,false,,false,,,ENG,Portsmouth,ENG,https://upload.wikimedia.org/wikipedia/commons/thumb/2/2a/London_Chess_Classic_2016_Day8-10_%2831500186320%29.jpg/250px-London_Chess_Classic_2016_Day8-10_%2831500186320%29.jpg,,,,,peter-k-wells,,13896,,,,,,
8602956,"Wen, Yang",CHN,M,GM,,1988,2008,false,,false,,,CHN,Shandong,CHN,https://upload.wikimedia.org/wikipedia/commons/thumb/4/47/Wen_Yang.jpg/250px-Wen_Yang.jpg,,,,BabeGroot,wen-yang,,52646,,,,,,
1006088,"Werle, Jan",NED,M,GM,,1984,2006,false,,false,,,NED,Warnsveld,NED,https://upload.wikimedia.org/wikipedia/commons/thumb/1/18/Werle%2CJan_2019_Karlsruhe.jpg/250px-Werle%2CJan_2019_Karlsruhe.jpg,,,,janwerle,jan-werle,,41010,,,,,,
1701754,"Westerberg, Jonathan",SWE,M,GM,,1994,2021,false,,false,,,SWE,,SWE,https://upload.wikimedia.org/wikipedia/commons/thumb/3/30/Jonathan_Westerberg-2016_%28cropped%29.jpg/250px-Jonathan_Westerberg-2016_%28cropped%29.jpg,,,,jonathanwesterberg,jonathan-westerberg,,141599,,,,,,
500020,"Westerinen, Heikki M.J.",FIN,M,GM,,1944,1975,false,,false,,,FIN,Helsinki,FIN,https://upload.wikimedia.org/wikipedia/commons/thumb/9/90/Westerinen%2CHeikki_1987_Altensteig.jpeg/250px-Westerinen%2CHeikki_1987_Altensteig.jpeg,,,,,heikki-m-j-westerinen,,79807,,,,,,
1133950,"Wieczorek, Oskar",POL,M,GM,,1994,2019,false,,false,,,POL,Wrocław,POL,https://upload.wikimedia.org/wikipedia/commons/thumb/c/ce/2021-Oskar-Wieczorek_%28cropped%29.JPG/250px-2021-Oskar-Wieczorek_%28cropped%29.JPG,,,,oskariot,oskar-wieczorek,Midnight_Chess,117701,,,,,,
2000130,"Wilder, Michael",USA,M,GM,,1962,1988,false,,false,,,USA,Philadelphia,USA,,,,,,michael-wilder,,15434,,,,,,
404454,"Williams, Simon K",ENG,M,GM,,1979,2008,false,,false,,,ENG,Guildford,ENG,https://upload.wikimedia.org/wikipedia/commons/thumb/8/8e/Simon_Williams_%28born_1979%29_-_Flickr_image_31063871063.jpg/250px-Simon_Williams_%28born_1979%29_-_Flickr_image_31063871063.jpg,,,,Ginger_GM,simon-williams,,48986,,ginger_gm,ginger__gm,,,
200018,"Winants, Luc",BEL,M,GM,,1963,1998,true,2023,false,,,BEL,Brussels,BEL,,,,,,,,,,,,,,
615013,"Wirig, Anthony",FRA,M,GM,,1983,2011,false,,false,,,FRA,Thionville,FRA,https://upload.wikimedia.org/wikipedia/commons/thumb/6/64/Wirig%2CAnthony_2016_Baden-Baden.jpeg/250px-Wirig%2CAnthony_2016_Baden-Baden.jpeg,,,,AnthonyWirig,anthony-wirig,,50661,,,,,,
1118358,"Wojtaszek, Radoslaw",POL,M,GM,,1987,2005,false,,false,,,POL,Elbląg,POL,https://upload.wikimedia.org/wikipedia/commons/thumb/3/33/RadoslawWojtasek23a.jpg/250px-RadoslawWojtasek23a.jpg,,,,Radzio1987,radoslaw-wojtaszek,,54492,,Radek_Wojtaszek,,,,
1100025,"Wojtkiewicz, Aleksander",POL,M,GM,,1963,1990,true,2006,false,,,LAT,Riga,POL|USA|POL,https://upload.wikimedia.org/wikipedia/commons/thumb/2/2e/Aleksander_Wojtkiewicz_2005.jpg/250px-Aleksander_Wojtkiewicz_2005.jpg,,,,,,,,,,,,,
2000148,"Wolff, Patrick G",USA,M,GM,,1968,1990,false,,false,,,USA,New York City,USA,https://upload.wikimedia.org/wikipedia/commons/thumb/a/a8/WolffDailey1992.JPG/250px-WolffDailey1992.JPG,,,,PGW-in-SF,patrick-wolff,,15542,,,,,,
4611390,"Womacka, Mathias",GER,M,GM,,1966,2010,false,,false,,,GER,Karl-Marx-Stadt,GER,,,,,MathiasWomacka,mathias-womacka,,24662,,,,,,
5800030,"Wong, Meng Kong",SGP,M,GM,,1963,1999,false,,false,,,SGP,Singapore,SGP,,,,,,wong-meng-kong,,88773,,,,,,
30953499,"Woodward, Andy",USA,M,GM,,2010,2024,false,,false,,,USA,,USA,https://upload.wikimedia.org/wikipedia/commons/thumb/e/e7/TataSteelChess2026-10_%28cropped%29.jpg/250px-TataSteelChess2026-10_%28cropped%29.jpg,,Andy Austin Woodward is an American chess grandmaster and prodigy.,https://en.wikipedia.org/wiki/Andy_Woodward_(chess_player),,andy-woodward,,164321,,,,,,
5800714,"Wu, Shaobin",SGP,M,GM,,1969,1998,false,,false,,,SGP,,SGP,,,,,,wu-shaobin,,10838,,,,,,
8600716,"Wu, Wenjin",CHN,M,GM,,1976,2000,false,,false,,,CHN,,CHN,,,,,,wu-wenjin,,47218,,,,,,
8622388,"Xiao, Tong(QD)",CHN,M,GM,,2008,2024,false,,false,,,CHN,,CHN,,,,,xiaotong2008,tong-xiao,,199785,,,,,,
8600147,"Xie, Jun",CHN,F,GM,WIM,1970,1993,false,,false,,,CHN,Baoding,CHN,https://upload.wikimedia.org/wikipedia/commons/thumb/5/5a/Xie_Jun_1993.jpg/250px-Xie_Jun_1993.jpg,,,,,xie-jun,,11045,,,,,,
2047640,"Xiong, Jeffery",USA,M,GM,,2000,2015,false,,false,,,USA,Plano,USA,https://upload.wikimedia.org/wikipedia/commons/thumb/0/00/JefferyXiong23a.jpg/250px-JefferyXiong23a.jpg,,,,,jeffery-xiong,,139955,,,,,,
8603693,"Xiu, Deshun",CHN,M,GM,,1989,2011,false,,false,,,CHN,Qingdao,CHN,https://upload.wikimedia.org/wikipedia/commons/thumb/2/25/Xiu_Deshun.jpg/250px-Xiu_Deshun.jpg,,,,,xiu-deshun,,98958,,,,,,
8600031,"Xu, Jun",CHN,M,GM,,1962,1994,false,,false,,,CHN,Suzhou,CHN,,,,,,xu-jun,,28330,,,,,,
8608288,"Xu, Xiangyu",CHN,M,GM,,1999,2017,false,,false,,,CHN,Taiyuan,CHN,,,,,xxysoul6,xu-xiangyu,,145638,,,,,,
8605564,"Xu, Yi",CHN,M,GM,,1998,2019,false,,false,,,CHN,Shanghai,CHN,,,,,ActorXu,xu-yi,,134924,,,,,,
8604940,"Xu, Yinglun",CHN,M,GM,,1996,2017,false,,false,,,CHN,Harbin,CHN,,,,,,xu-yinglun,,149137,,,,,,
8600635,"Xu, Yuhua",CHN,F,GM,WGM,1976,2007,false,,false,,,CHN,Jinhua,CHN,https://upload.wikimedia.org/wikipedia/commons/thumb/e/e8/Xu_Yuhua_2008.jpg/250px-Xu_Yuhua_2008.jpg,,,,,xu-yuhua,,49535,,,,,,
8611572,"Xu, Zhihang",CHN,M,GM,,2001,2026,false,,false,,,,,CHN,,,Xu Zhihang is a Chinese chess grandmaster.,https://en.wikipedia.org/wiki/Xu_Zhihang,Floatingdream1,zhihang-xu,,158720,,,,,,
8625492,"Xue, Haowen",CHN,M,GM,,2008,2025,false,,false,,,CHN,,CHN,,,,,,,Dr_Tiger,,,,,,,
4113632,"Yagupov, Igor",RUS,M,GM,,1965,2003,false,,false,,,RUS,Tula,RUS,,,,,,igor-iagoupov,,18309,,,,,,yagu.igor
4100654,"Yakovich, Yuri",RUS,M,GM,,1962,1990,false,,false,,,RUS,Kuybyshev,RUS,https://upload.wikimedia.org/wikipedia/commons/thumb/9/9c/Yuri_Yakovich_2012.jpg/250px-Yuri_Yakovich_2012.jpg,,,,Yuri202062,yuri-yakovich,,15942,,,,,,
14203987,"Yakubboev, Nodirbek",UZB,M,GM,,2002,2019,false,,false,,,UZB,,UZB,https://upload.wikimedia.org/wikipedia/commons/thumb/6/67/Nodirbek_Yakkuboev_at_UzChess_Cup_2026.jpg/250px-Nodirbek_Yakkuboev_at_UzChess_Cup_2026.jpg,,,,hanzo_hasashi1,nodirbek-yakubboev,,154820,,NodirbekYakubb1,nodirbekyakubboev,,,NodirbekYakubboev
4102622,"Yandemirov, Valeri",RUS,M,GM,,1963,1997,true,2017,false,,,RUS,Kazan,RUS,,,,,,,,,,,,,,
2029111,"Yang, Darwin",USA,M,GM,,1996,2016,false,,false,,,USA,Dallas,USA,,,,,SMTheWeirdOne,darwin-yang,,109874,,,,,,
8604398,"Yang, Kaiqi",CAN,M,GM,,1988,2019,false,,false,,,CAN,Heilongjiang,CHN|CAN,,,,,yobdc,yang-kaiqi,,118902,https://kaiqichess.ca/,,,UCHwBMRq2Am9Tm3_aFW5mqqg,,
24684074,"Yankelevich, Lev",GER,M,GM,,1997,2022,false,,false,,,IRI,"Kasan, Iran",GER,,,,,Kazan28,lev-yankelevich,,139521,,,,,,
2600080,"Yanofsky, Daniel",CAN,M,GM,,1925,1964,true,2000,false,,,UKR,Brody,CAN,,,,,,,,,,,,,,
8600040,"Ye, Jiangchuan",CHN,M,GM,,1960,1993,false,,false,,,CHN,Shanxi,CHN,https://upload.wikimedia.org/wikipedia/commons/thumb/9/9b/Ye_Jiangchuan.jpg/250px-Ye_Jiangchuan.jpg,,,,,jiangchuan-ye,,10758,,,,,,
8600015,"Ye, Rongguang",CHN,M,GM,,1963,1990,false,,false,,,CHN,Wenzhou,CHN,,,,,,ye-rongguang,,13985,,,,,,
13300520,"Yegiazarian, Arsen",ARM,M,GM,,1970,2001,true,2020,false,,,ARM,Yerevan,ARM,https://upload.wikimedia.org/wikipedia/commons/thumb/2/23/Arsen_Yegiazarian_Yerevan_2013_%28cropped%29.jpg/250px-Arsen_Yegiazarian_Yerevan_2013_%28cropped%29.jpg,,,,,,,,,,,,,
4113217,"Yemelin, Vasily",RUS,M,GM,,1976,1994,false,,false,,,RUS,Leningrad,RUS,https://upload.wikimedia.org/wikipedia/commons/thumb/2/27/Yemelin%2CVasily_2011_Deizisau-a.JPG/250px-Yemelin%2CVasily_2011_Deizisau-a.JPG,,,,,vasily-yemelin,,24781,,,,,,
5702895,"Yeoh, Li Tian",MAS,M,GM,,1999,2025,false,,false,,,MAS,,MAS,https://upload.wikimedia.org/wikipedia/commons/thumb/c/cb/Yeoh_Li_Tian_WTRBCC2026_R9.jpg/3840px-Yeoh_Li_Tian_WTRBCC2026_R9.jpg?utm_source=en.wikipedia.org&utm_campaign=api&utm_content=thumbnail,https://en.wikipedia.org/wiki/Yeoh_Li_Tian,Yeoh Li Tian is a Malaysian chess grandmaster (GM) and a two-time Malaysian Chess Champion. He is the first Malaysian chess player to earn the Grandmaster title.,https://en.wikipedia.org/wiki/Yeoh_Li_Tian,,yeoh-li-tian,,140133,,,,,,
2005492,"Yermolinsky, Alex",USA,M,GM,,1958,1992,false,,false,,,RUS,Leningrad,USA,https://upload.wikimedia.org/wikipedia/commons/thumb/3/3a/Yermo0301_040.jpg/250px-Yermo0301_040.jpg,,,,AlexYermo,alex-yermolinsky,,12166,,,,,,
4126378,"Yevseev, Denis",RUS,M,GM,,1973,2003,false,,false,,,RUS,Murmansk,RUS,https://upload.wikimedia.org/wikipedia/commons/thumb/e/ea/Denis_Yevseev.jpg/250px-Denis_Yevseev.jpg,,,,,denis-yevseev,,49678,,,,,,
6302718,"Yilmaz, Mustafa",TUR,M,GM,,1992,2012,false,,false,,,TUR,Kastamonu,TUR,https://upload.wikimedia.org/wikipedia/commons/thumb/f/fa/MustafaYilmaz23.jpg/250px-MustafaYilmaz23.jpg,,Mustafa Yılmaz is a Turkish chess player who received the FIDE title of Grandmaster (GM) in September 2012. He is a three-time Turkish Chess Champion.,https://en.wikipedia.org/wiki/Mustafa_Y%C4%B1lmaz,Chopper1905,mustafa-yilmaz,Chopper1905,118208,,,gmmustafayilmaz,,,
6305962,"Yilmazyerli, Mert",TUR,M,GM,,1992,2022,false,,false,,,TUR,Bornova,TUR,,,,,,mert-yilmazyerli,,113244,,,,,,
30909694,"Yoo, Christopher Woojin",USA,M,GM,,2006,2022,false,,false,,,USA,"Fremont, California",USA,,,,,ChristopherYoo,christopher-yoo,,156262,,,,,,
500011,"Yrjola, Jouni",FIN,M,GM,,1959,1990,false,,false,,,FIN,Vilppula,FIN,,,,,,jouni-yrjola,,27442,,,,,,
8603090,"Yu, Ruiyuan",CHN,M,GM,,1991,2012,false,,false,,,CHN,Guangdong,CHN,,,,,duanlian,yu-ruiyuan,,52669,,,,,,
8600660,"Yu, Shaoteng",CHN,M,GM,,1979,2004,false,,false,,,CHN,Guangzhou,CHN,,,,,,yu-shaoteng,,47180,,,,,,
8603820,"Yu, Yangyi",CHN,M,GM,,1994,2009,false,,false,,,CHN,Hubei,CHN,https://upload.wikimedia.org/wikipedia/commons/thumb/f/ff/Yu_Yangyi_taqdirlsh_marosimida_%28cropped%29.jpg/250px-Yu_Yangyi_taqdirlsh_marosimida_%28cropped%29.jpg,,,,chesspanda123,yu-yangyi,,112240,,,,,,
2802341,"Yudasin, Leonid",ISR,M,GM,,1959,1990,false,,false,,,RUS,Leningrad,ISR,https://upload.wikimedia.org/wikipedia/commons/7/73/Judassin_Leonid_Grigorjewitsch.jpg,,,,besmall,leonid-yudasin,,21620,,,,,,
4159659,"Yudin, Sergei",RUS,M,GM,,1986,2009,false,,false,,,RUS,Novosibirsk,RUS,,,,,dhoine,sergei-yudin,dhoine98,50304,,,,,,
24131423,"Yuffa, Daniil",ESP,M,GM,,1997,2016,false,,false,,,RUS,Tyumen,RUS|ESP,https://upload.wikimedia.org/wikipedia/commons/thumb/f/f8/2019-Daniil-Yuffa.JPG/250px-2019-Daniil-Yuffa.JPG,,,,danyuffa,daniil-yuffa,,117642,,,,,,
13800019,"Yurtaev, Leonid",KGZ,M,GM,,1959,1996,true,2011,false,,,KGZ,Frunze,KGZ,,,,,,,,17121,,,,,,
4131606,"Zablotsky, Sergei",RUS,M,GM,,1982,2010,false,,false,,,RUS,Krasnoyarsk,RUS,,,,,Zablotsky,sergei-zablotsky,,50336,,,,,,
12800120,"Zagorskis, Darius",LTU,M,GM,,1969,2013,false,,false,,,LTU,Kaunas,LTU,https://upload.wikimedia.org/wikipedia/commons/thumb/0/01/Zagorskis_darius_20081120_olympiade_dresden.jpg/250px-Zagorskis_darius_20081120_olympiade_dresden.jpg,,,,,darius-zagorskis,,26336,,,,,,
14200040,"Zagrebelny, Sergey",UZB,M,GM,,1965,1993,false,,false,,,UZB,,UZB,,,,,,sergey-zagrebelny,,18891,,,,,,
5500796,"Zaibi, Amir",TUN,M,GM,,1988,2020,false,,false,,,TUN,,TUN,,,,,amir-zaibi,amir-zaibi,,140137,,,,,,
13600109,"Zaichik, Gennadi",USA,M,GM,,1957,1984,false,,false,,,GEO,Tbilisi,GEO|USA,,,,,,gennadi-zaichik,,15709,,,,,,
4164490,"Zaitsev, Alexander",RUS,M,GM,,1985,2017,false,,false,,,RUS,Tula,RUS,,,,,,alexander-zaitsev,,67110,,,,,,
W7285256,"Zaitsev, Alexander",URS,M,GM,,1935,,true,1971,false,,,RUS,Vladivostok,URS,,,,,,,,,,,,,,
4103017,"Zaitsev, Igor A",RUS,M,GM,,1937,1976,false,,false,,,RUS,Ramenskoye,RUS,,,,,,igor-a-zaitsev,,18985,,,,,,
14500450,"Zaja, Ivan",CRO,M,GM,,1965,2001,false,,false,,,CRO,Aržano,CRO,,,"The following people have all been grandmasters (GM) of chess. The title has been awarded since 1950 to players who have met the standards required by the sport's governing body, FIDE. Other than world champion, it is the highest title a chess player can attain and is awarded for life, although FIDE regulations allow for the revocation of titles for cheating or fraud.",https://en.wikipedia.org/wiki/List_of_chess_grandmasters,,ivan-zaja,,49165,,,,,,
912336,"Zajic, Milan",SRB,M,GM,,1999,2016,false,,false,,,SRB,Kruševac,SRB,,,,,MilanZajic,milan-zajic,,140031,,,,,,
4107969,"Zakharevich, Igor",RUS,M,GM,,1963,2000,true,2008,false,,,RUS,,RUS,,,,,,,,,,,,,,
4115333,"Zakhartsov, Viacheslav V.",FID,M,GM,,1968,2007,false,,false,,,RUS,Omsk,RUS|FID,https://upload.wikimedia.org/wikipedia/commons/thumb/4/4c/Viacheslav_Zakhartsov_2009.jpg/250px-Viacheslav_Zakhartsov_2009.jpg,,,,,viacheslav-v-zakhartsov,,81235,,,,,,
4145097,"Zakhartsov, Vladimir",RUS,M,GM,,1997,2019,false,,false,,,RUS,Rostov-on-Don,RUS,,,,,,vladimir-zakhartsov,,110191,,,,,,
3300200,"Zambrana, Osvaldo",BOL,M,GM,,1981,2007,false,,false,,,BOL,Sucre,BOL,https://upload.wikimedia.org/wikipedia/commons/thumb/c/c5/Zambrana_oswaldo_20081119_olympiade_dresden.jpg/250px-Zambrana_oswaldo_20081119_olympiade_dresden.jpg,,,,locotito77,oswaldo-zambrana,,51311,,,,,,
24101940,"Zanan, Evgeny",ISR,M,GM,,1998,2020,false,,false,,,RUS,Russia,RUS|ISR,https://upload.wikimedia.org/wikipedia/commons/thumb/e/ed/Evgeny_Zanan_at_2017_Andorra_open_%28cropped%29.jpg/250px-Evgeny_Zanan_at_2017_Andorra_open_%28cropped%29.jpg,,,,,evgeny-zanan,Next_Touch,124568,,,,,,evgeny.zanan.9
4400011,"Zapata, Alonso",COL,M,GM,,1958,1984,false,,false,,,COL,Pereira,COL,https://upload.wikimedia.org/wikipedia/commons/thumb/5/5c/Zapata_Alonso.jpg/250px-Zapata_Alonso.jpg,,,,GMazapata,alonso-zapata,,14235,,,,,,
4655192,"Zaragatski, Ilja",GER,M,GM,,1985,2013,false,,false,,,RUS,Leningrad,GER,,,,,IljaZaragatski,ilja-zaragatski,,50223,,IljaZaragatski,,,,
100137,"Zarnicki, Pablo",ARG,M,GM,,1972,1994,false,,false,,,ARG,Bulnes,ARG,,,,,PabloZarnicki,pablo-zarnicki,PabloZarnicki,14586,,,,,,
13000098,Zaw Win Lay,MYA,M,GM,,1963,2000,true,2014,false,,,MYA,Mandalay,MYA,https://upload.wikimedia.org/wikipedia/commons/thumb/7/7f/%E1%80%80%E1%80%AD%E1%80%AF%E1%80%87%E1%80%B1%E1%80%AC%E1%80%BA%E1%80%9D%E1%80%84%E1%80%BA%E1%80%B8%E1%80%9C%E1%80%B1%E1%80%B8.jpg/250px-%E1%80%80%E1%80%AD%E1%80%AF%E1%80%87%E1%80%B1%E1%80%AC%E1%80%BA%E1%80%9D%E1%80%84%E1%80%BA%E1%80%B8%E1%80%9C%E1%80%B1%E1%80%B8.jpg,,,,,,,,,,,,,
4655060,"Zeitlein, Michael",GER,M,GM,,1947,1987,false,,false,,,BLR,Babruysk,GER,,,,,,michael-zeitlein,,42004,,,,,,
14500310,"Zelcic, Robert",CRO,M,GM,,1965,1997,false,,false,,,CRO,Zagreb,CRO,https://upload.wikimedia.org/wikipedia/commons/thumb/9/9b/Zelcic_Robert.jpg/250px-Zelcic_Robert.jpg,,"The following people have all been grandmasters (GM) of chess. The title has been awarded since 1950 to players who have met the standards required by the sport's governing body, FIDE. Other than world champion, it is the highest title a chess player can attain and is awarded for life, although FIDE regulations allow for the revocation of titles for cheating or fraud.",https://en.wikipedia.org/wiki/List_of_chess_grandmasters,,robert-zelcic,,19797,,,,,,
W1194640,"Zemgalis, Elmārs",LAT,M,GM,,1923,2003,true,2014,false,,,LAT,Riga,LAT,,,,,,,,,,,,,,
24249971,"Zemlyanskii, Ivan",RUS,M,GM,,2010,2024,false,,false,,,RUS,,RUS,https://upload.wikimedia.org/wikipedia/commons/b/b8/%D0%98%D0%B2%D0%B0%D0%BD_%D0%97%D0%B5%D0%BC%D0%BB%D1%8F%D0%BD%D1%81%D0%BA%D0%B8%D0%B9_%28%D0%BC%D0%B0%D0%B9_2025%29_%28cropped%29.jpg,,,,,ivan-zemlyanskii,,178398,,,,,,
8603847,"Zeng, Chongsheng",CHN,M,GM,,1993,2013,false,,false,,,CHN,Guangdong,CHN,https://upload.wikimedia.org/wikipedia/commons/thumb/b/b7/20260215_3rd_Al-Beruniy_Tashkent_2026_Zeng_Chongsheng_%28cropped%29.jpg/250px-20260215_3rd_Al-Beruniy_Tashkent_2026_Zeng_Chongsheng_%28cropped%29.jpg,,,,lonelyzeng,zeng-chongsheng,,126205,,,,,,
13500147,"Zezulkin, Jurij",POL,M,GM,,1971,1999,false,,false,,,POL,Minsk,BLR|POL,https://upload.wikimedia.org/wikipedia/commons/thumb/f/f8/Zezulkin_Jurij.jpg/250px-Zezulkin_Jurij.jpg,,,,,jurij-zezulkin,,54434,,,,,,
13706357,"Zhalmakhanov, Ramazan",KAZ,M,GM,,2002,2024,false,,false,,,KAZ,,KAZ,https://upload.wikimedia.org/wikipedia/commons/thumb/8/8c/RamazanZhalmakhanov23b.jpg/250px-RamazanZhalmakhanov23b.jpg,,,,,ramazan-zhalmakhanov,,149950,,,,,,
8600970,"Zhang, Pengxiang",CHN,M,GM,,1980,2001,false,,false,,,CHN,Tianjin,CHN,https://upload.wikimedia.org/wikipedia/commons/thumb/9/9e/Zhang_Pengxiang.jpg/250px-Zhang_Pengxiang.jpg,,,,,zhang-pengxiang,,51558,,,,,,
8600694,"Zhang, Zhong",CHN,M,GM,,1978,1998,false,,false,,,CHN,Chongqing,CHN|SIN|CHN,https://upload.wikimedia.org/wikipedia/commons/7/79/Zhang_Zhong.jpg,,,,,zhang-zhong,,57666,,,,,,
8611513,"Zhao, Chenxi",CHN,M,GM,,2002,2025,false,,false,,,CHN,,CHN,,,,,,,,,,,,,,
8602522,"Zhao, Jun",CHN,M,GM,,1986,2005,false,,false,,,CHN,Jinan,CHN,https://upload.wikimedia.org/wikipedia/commons/thumb/5/5a/Zhao_Jun_2019.jpg/250px-Zhao_Jun_2019.jpg,,"Zhao Jun is a Chinese chess player. He was awarded the title Grandmaster (GM) by FIDE in 2005, the 19th from China.",https://en.wikipedia.org/wiki/Zhao_Jun_(chess_player),chessfatbear,zhao-jun,,51560,,,,,,
8601283,"Zhao, Xue",CHN,F,GM,WGM,1985,2008,false,,false,,,CHN,Jinan,CHN,https://upload.wikimedia.org/wikipedia/commons/thumb/9/91/Xue_Zhao_%28cropped%29.jpg/250px-Xue_Zhao_%28cropped%29.jpg,,,,PKCLUB,zhao-xue,,49245,,,,,,
8609497,"Zhao, Yuanhe",CHN,M,GM,,2000,2026,false,,false,,,,,CHN,,,,,,zhao-yuanhe,,153852,,,,,,
3202534,"Zhao, Zong-Yuan",AUS,M,GM,,1986,2008,false,,false,,,CHN,Beijing,AUS,https://upload.wikimedia.org/wikipedia/commons/thumb/9/96/Zong-yuan_zhao_20081119_olympiade_dresden2.jpg/250px-Zong-yuan_zhao_20081119_olympiade_dresden2.jpg,,"Zhao Zong-Yuan is an Australian chess Grandmaster. As of September 2019, he was the third-ranked active chess player in Australia.",https://en.wikipedia.org/wiki/Zhao_Zong-Yuan,Megazz,zhao-zong-yuan,,12082,,,,,,
14116804,"Zherebukh, Yaroslav",USA,M,GM,,1993,2009,false,,false,,,UKR,Lviv,UKR|USA,https://upload.wikimedia.org/wikipedia/commons/thumb/f/f8/Yaroslav_Zherebukh_2012.jpg/250px-Yaroslav_Zherebukh_2012.jpg,,,,Cruel_Yaro,yaroslav-zherebukh,Cruel_Yaro,107320,https://yzchess.com/,,,,,
13502247,"Zhigalko, Andrey",BLR,M,GM,,1985,2006,false,,false,,,BLR,Minsk,BLR,https://upload.wikimedia.org/wikipedia/commons/thumb/c/cc/Andrey_Zhigalko_2013.jpg/250px-Andrey_Zhigalko_2013.jpg,,,,,andrey-zhigalko,,52974,,,,,,
13502956,"Zhigalko, Sergei",BLR,M,GM,,1989,2007,false,,false,,,BLR,Minsk,BLR,https://upload.wikimedia.org/wikipedia/commons/thumb/e/ec/Sergei_Zhigalko_2013.jpg/250px-Sergei_Zhigalko_2013.jpg,,,,Zhigalko_Sergei,sergei-zhigalko,Zhigalko_Sergei,54429,,,zhigalko_sergei,UCGrGLVn9PcP-mrDy3smR3xQ,chess_zhigalko_sergei,sergei.zhigalko
8603537,"Zhou, Jianchao",USA,M,GM,,1988,2006,false,,false,,,CHN,Shanghai,CHN|USA,https://upload.wikimedia.org/wikipedia/commons/thumb/6/63/Zhou_Jianchao1.jpg/250px-Zhou_Jianchao1.jpg,,,,cruise999,zhou-jianchao,,97891,,,,,,
8601674,"Zhou, Weiqi",CHN,M,GM,,1986,2009,false,,false,,,CHN,Changzhou,CHN,,,,,,zhou-weiqi,,51561,,,,,,
8600546,"Zhu, Chen",QAT,F,GM,,1976,2001,false,,false,,,CHN,Wenzhou,CHI|QAT,https://upload.wikimedia.org/wikipedia/commons/thumb/b/b0/Zhu_Chen_2011.jpg/250px-Zhu_Chen_2011.jpg,,,,,zhu-chen,,10837,,GMzhuchen,,,,
8608059,"Zhu, Jiner",CHN,F,GM,WGM,2002,2023,false,,false,,,CHN,Jiaxing,CHN,https://upload.wikimedia.org/wikipedia/commons/thumb/8/85/Zhu_Jiner_2026_Norway_Chess.jpg/250px-Zhu_Jiner_2026_Norway_Chess.jpg,,,,jinbojinbo,zhu-jiner,,153849,,,,,,
14101513,"Zhukova, Natalia",UKR,F,GM,WGM,1979,2010,false,,false,,,GER,Dresden,UKR,https://upload.wikimedia.org/wikipedia/commons/thumb/3/3c/Zhukova_Natalia_%2830148036255%29_%28cropped%29_%28cropped%29.jpg/250px-Zhukova_Natalia_%2830148036255%29_%28cropped%29_%28cropped%29.jpg,,,,Tashik,natalia-zhukova,,25172,,,,,,natalia.zhukova.9
2015323,"Ziatdinov, Raset",USA,M,GM,,1958,2005,false,,false,,,USA,,USA,,,,,gm_rashid,raset-ziatdinow,,14033,,,,,,gmrashid
2034255,"Zierk, Steven",USA,M,GM,,1993,2018,false,,false,,,USA,"Mountain View, California",USA,https://upload.wikimedia.org/wikipedia/commons/thumb/5/57/Steven_Zierk_2010.jpg/250px-Steven_Zierk_2010.jpg,,,,,steven-zierk,,121903,,,,,,
2800659,"Zifroni, Dov",ISR,M,GM,,1976,1999,false,,false,,,ISR,,ISR,,,,,,dov-zifroni,,29877,,,,,,
2801612,"Zilberman, Yaacov",ISR,M,GM,,1954,1998,false,,false,,,ISR,,ISR,https://upload.wikimedia.org/wikipedia/commons/thumb/9/9b/Yaacov_Zilberman_2010.jpg/250px-Yaacov_Zilberman_2010.jpg,,,,,yaacov-zilberman,,14046,,,,,,
315303,"Zilka, Stepan",CZE,M,GM,,1988,2014,false,,false,,,CZE,Litovel,CZE,https://upload.wikimedia.org/wikipedia/commons/thumb/d/db/2021-Stepan-Zilka_%28cropped%29.JPG/250px-2021-Stepan-Zilka_%28cropped%29.JPG,,,,hoacin,stepan-zilka,,51894,,,,,,
14110547,"Zinchenko, Yaroslav",UKR,M,GM,,1987,2006,false,,false,,,UKR,Dniepropetrovsk,UKR,https://upload.wikimedia.org/wikipedia/commons/thumb/d/d8/London_Chess_Classic_2016_Day9-6_%2831873494725%29_%28cropped%29.jpg/250px-London_Chess_Classic_2016_Day9-6_%2831873494725%29_%28cropped%29.jpg,,,,,yaroslav-zintchenko,,67988,,,,,,
7200595,"Ziska, Helgi Dam",FAI,M,GM,,1990,2017,false,,false,,,FAI,Tórshavn,FAI,https://upload.wikimedia.org/wikipedia/commons/thumb/b/bb/Helgi_Dam_Ziska.jpg/250px-Helgi_Dam_Ziska.jpg,,,,,helgi-dam-ziska,,98761,,,,,,
811424,"Zlochevskij, Alexander",RUS,M,GM,,1963,1994,false,,false,,,RUS,Moscow,RUS,,,,,,alexander-zlochevskij,,16983,,,,,,
2800705,"Zoler, Dan",ISR,M,GM,,1974,2011,false,,false,,,ISR,,ISR,https://upload.wikimedia.org/wikipedia/commons/thumb/0/0c/Dan_Zoler_at_the_2012_Andorra_Open.jpg/250px-Dan_Zoler_at_the_2012_Andorra_Open.jpg,,,,,dan-zoler,,16377,,,,,,
14101130,"Zontakh, Andrey",UKR,M,GM,,1970,1997,false,,false,,,UKR,,UKR,,,,,,andrey-zontakh,,26726,,,,,,
14104385,"Zubarev, Alexander",UKR,M,GM,,1979,2002,false,,false,,,UKR,,UKR,https://upload.wikimedia.org/wikipedia/commons/thumb/f/f4/Zubarev%2CAlexander_2011_Bad_W%C3%B6rishofen.jpg/250px-Zubarev%2CAlexander_2011_Bad_W%C3%B6rishofen.jpg,,,,zubridis,alexander-zubarev-1,A-Zubarev,10864,,,,,,
14109409,"Zubov, Alexander",UKR,M,GM,,1983,2011,false,,false,,,UKR,,UKR,https://upload.wikimedia.org/wikipedia/commons/thumb/b/b6/Alexander_Zubov_2014.jpg/250px-Alexander_Zubov_2014.jpg,,,,Alexander_Zubov,oleksandr-zoubov,Alexander_Zubov,54530,,,,,,
4113403,"Zvjaginsev, Vadim",RUS,M,GM,,1976,1994,false,,false,,,RUS,Moscow,RUS,https://upload.wikimedia.org/wikipedia/commons/thumb/8/86/VSvjaginzev09.jpg/250px-VSvjaginzev09.jpg,,,,,vadim-zvjaginsev,,14245,,,,,,
2300052,"Ólafsson, Friðrik",ISL,M,GM,,1935,1958,true,2025,false,,,ISL,Reykjavík,ISL,https://upload.wikimedia.org/wikipedia/commons/thumb/2/2c/Fridrik_Olafsson.jpg/250px-Fridrik_Olafsson.jpg,,,,,fridrik-olafsson,,22955,,,,,,
901431,"Čirić, Dragoljub",YUG,M,GM,,1935,1965,true,2014,false,,,SRB,Novi Sad,YUG,https://upload.wikimedia.org/wikipedia/commons/thumb/a/a7/Hoogovenschaaktoernooi%2C_D._Ciric_%28Yugo-Slavie%29%2C_Bestanddeelnr_920-9848.jpg/250px-Hoogovenschaaktoernooi%2C_D._Ciric_%28Yugo-Slavie%29%2C_Bestanddeelnr_920-9848.jpg,,,,,,,,,,,,,
1102290,"Śliwa, Bogdan",POL,M,GM,,1922,1987,true,2003,false,,,POL,Wieliczka,POL,https://upload.wikimedia.org/wikipedia/commons/thumb/a/a1/Zone-schaaktoernooi_te_Berg_en_Dal_%2C_29._B._J._Withuis_31_%2B_33_B._Sliwa_en_dr._M%2C_Bestanddeelnr_911-8007.jpg/250px-Zone-schaaktoernooi_te_Berg_en_Dal_%2C_29._B._J._Withuis_31_%2B_33_B._Sliwa_en_dr._M%2C_Bestanddeelnr_911-8007.jpg,,,,,,,,,,,,,
901644,"Šahović, Dragutin",YUG,M,GM,,1940,1978,true,2005,false,,,SRB,Kraljevo,YUG,,,,,,,,,,,,,,
W3290766,"Šajtar, Jaroslav",TCH,M,GM,,1921,1985,true,2003,false,,,CZE,Ostrava,TCH,,,,,,,,,,,,,,
14500205,"Šulava, Nenad",CRO,M,GM,,1962,2000,true,2019,false,,,CRO,Osijek,CRO|MNC|CRO,,,,,,,,,,,,,,
